Analysis & Synthesis report for MKRVIDOR4000
Sun Jun 07 10:12:37 2026
Quartus Prime Version 18.1.0 Build 625 09/12/2018 SJ Lite Edition


---------------------
; Table of Contents ;
---------------------
  1. Legal Notice
  2. Analysis & Synthesis Summary
  3. Analysis & Synthesis Settings
  4. Parallel Compilation
  5. Analysis & Synthesis Source Files Read
  6. Analysis & Synthesis Resource Usage Summary
  7. Analysis & Synthesis Resource Utilization by Entity
  8. Analysis & Synthesis IP Cores Summary
  9. Registers Removed During Synthesis
 10. Removed Registers Triggering Further Register Optimizations
 11. General Register Statistics
 12. Inverted Register Statistics
 13. Physical Synthesis Netlist Optimizations
 14. Multiplexer Restructuring Statistics (No Restructuring Performed)
 15. Parameter Settings for User Entity Instance: SYSTEM_PLL:PLL_inst|altpll:altpll_component
 16. Parameter Settings for User Entity Instance: eco_nn_top:uut|neuron:hidden_layer[0].h_neuron
 17. Parameter Settings for User Entity Instance: eco_nn_top:uut|neuron:hidden_layer[1].h_neuron
 18. Parameter Settings for User Entity Instance: eco_nn_top:uut|neuron:hidden_layer[2].h_neuron
 19. Parameter Settings for User Entity Instance: eco_nn_top:uut|neuron:hidden_layer[3].h_neuron
 20. Parameter Settings for User Entity Instance: eco_nn_top:uut|neuron:hidden_layer[4].h_neuron
 21. Parameter Settings for User Entity Instance: eco_nn_top:uut|neuron:hidden_layer[5].h_neuron
 22. Parameter Settings for User Entity Instance: eco_nn_top:uut|neuron:hidden_layer[6].h_neuron
 23. Parameter Settings for User Entity Instance: eco_nn_top:uut|neuron:hidden_layer[7].h_neuron
 24. Parameter Settings for User Entity Instance: eco_nn_top:uut|neuron:hidden_layer[8].h_neuron
 25. Parameter Settings for User Entity Instance: eco_nn_top:uut|neuron:hidden_layer[9].h_neuron
 26. Parameter Settings for User Entity Instance: eco_nn_top:uut|neuron:hidden_layer[10].h_neuron
 27. Parameter Settings for User Entity Instance: eco_nn_top:uut|neuron:hidden_layer[11].h_neuron
 28. Parameter Settings for User Entity Instance: eco_nn_top:uut|neuron:hidden_layer[12].h_neuron
 29. Parameter Settings for User Entity Instance: eco_nn_top:uut|neuron:hidden_layer[13].h_neuron
 30. Parameter Settings for User Entity Instance: eco_nn_top:uut|neuron:hidden_layer[14].h_neuron
 31. Parameter Settings for User Entity Instance: eco_nn_top:uut|neuron:hidden_layer[15].h_neuron
 32. Parameter Settings for User Entity Instance: eco_nn_top:uut|neuron:output_layer[0].final_neuron
 33. Parameter Settings for User Entity Instance: eco_nn_top:uut|neuron:output_layer[1].final_neuron
 34. Parameter Settings for User Entity Instance: jtag_interface:interfacejtag
 35. Parameter Settings for User Entity Instance: jtag_interface:interfacejtag|sld_virtual_jtag:jtag
 36. Parameter Settings for User Entity Instance: jtag_interface:interfacejtag|jtag_memory:memory
 37. Parameter Settings for Inferred Entity Instance: eco_nn_top:uut|neuron:output_layer[0].final_neuron|lpm_mult:Mult15
 38. Parameter Settings for Inferred Entity Instance: eco_nn_top:uut|neuron:output_layer[0].final_neuron|lpm_mult:Mult2
 39. Parameter Settings for Inferred Entity Instance: eco_nn_top:uut|neuron:output_layer[0].final_neuron|lpm_mult:Mult14
 40. Parameter Settings for Inferred Entity Instance: eco_nn_top:uut|neuron:output_layer[0].final_neuron|lpm_mult:Mult11
 41. Parameter Settings for Inferred Entity Instance: eco_nn_top:uut|neuron:output_layer[1].final_neuron|lpm_mult:Mult5
 42. Parameter Settings for Inferred Entity Instance: eco_nn_top:uut|neuron:output_layer[1].final_neuron|lpm_mult:Mult7
 43. Parameter Settings for Inferred Entity Instance: eco_nn_top:uut|neuron:output_layer[1].final_neuron|lpm_mult:Mult8
 44. Parameter Settings for Inferred Entity Instance: eco_nn_top:uut|neuron:output_layer[1].final_neuron|lpm_mult:Mult10
 45. Parameter Settings for Inferred Entity Instance: eco_nn_top:uut|neuron:output_layer[1].final_neuron|lpm_mult:Mult13
 46. Parameter Settings for Inferred Entity Instance: eco_nn_top:uut|neuron:output_layer[1].final_neuron|lpm_mult:Mult14
 47. Parameter Settings for Inferred Entity Instance: eco_nn_top:uut|neuron:output_layer[1].final_neuron|lpm_mult:Mult3
 48. Parameter Settings for Inferred Entity Instance: eco_nn_top:uut|neuron:output_layer[1].final_neuron|lpm_mult:Mult4
 49. Parameter Settings for Inferred Entity Instance: eco_nn_top:uut|neuron:output_layer[1].final_neuron|lpm_mult:Mult0
 50. Parameter Settings for Inferred Entity Instance: eco_nn_top:uut|neuron:output_layer[1].final_neuron|lpm_mult:Mult1
 51. Parameter Settings for Inferred Entity Instance: eco_nn_top:uut|neuron:output_layer[0].final_neuron|lpm_mult:Mult0
 52. Parameter Settings for Inferred Entity Instance: eco_nn_top:uut|neuron:output_layer[0].final_neuron|lpm_mult:Mult1
 53. Parameter Settings for Inferred Entity Instance: eco_nn_top:uut|neuron:output_layer[0].final_neuron|lpm_mult:Mult3
 54. Parameter Settings for Inferred Entity Instance: eco_nn_top:uut|neuron:output_layer[0].final_neuron|lpm_mult:Mult7
 55. Parameter Settings for Inferred Entity Instance: eco_nn_top:uut|neuron:output_layer[0].final_neuron|lpm_mult:Mult8
 56. Parameter Settings for Inferred Entity Instance: eco_nn_top:uut|neuron:output_layer[0].final_neuron|lpm_mult:Mult9
 57. Parameter Settings for Inferred Entity Instance: eco_nn_top:uut|neuron:hidden_layer[2].h_neuron|lpm_mult:Mult2
 58. Parameter Settings for Inferred Entity Instance: eco_nn_top:uut|neuron:hidden_layer[0].h_neuron|lpm_mult:Mult6
 59. Parameter Settings for Inferred Entity Instance: eco_nn_top:uut|neuron:hidden_layer[4].h_neuron|lpm_mult:Mult2
 60. Parameter Settings for Inferred Entity Instance: eco_nn_top:uut|neuron:hidden_layer[15].h_neuron|lpm_mult:Mult3
 61. Parameter Settings for Inferred Entity Instance: eco_nn_top:uut|neuron:hidden_layer[4].h_neuron|lpm_mult:Mult7
 62. Parameter Settings for Inferred Entity Instance: eco_nn_top:uut|neuron:hidden_layer[14].h_neuron|lpm_mult:Mult6
 63. Parameter Settings for Inferred Entity Instance: eco_nn_top:uut|neuron:hidden_layer[15].h_neuron|lpm_mult:Mult1
 64. Parameter Settings for Inferred Entity Instance: eco_nn_top:uut|neuron:hidden_layer[0].h_neuron|lpm_mult:Mult5
 65. Parameter Settings for Inferred Entity Instance: eco_nn_top:uut|neuron:hidden_layer[13].h_neuron|lpm_mult:Mult3
 66. Parameter Settings for Inferred Entity Instance: eco_nn_top:uut|neuron:hidden_layer[1].h_neuron|lpm_mult:Mult3
 67. Parameter Settings for Inferred Entity Instance: eco_nn_top:uut|neuron:hidden_layer[3].h_neuron|lpm_mult:Mult2
 68. Parameter Settings for Inferred Entity Instance: eco_nn_top:uut|neuron:hidden_layer[11].h_neuron|lpm_mult:Mult7
 69. Parameter Settings for Inferred Entity Instance: eco_nn_top:uut|neuron:hidden_layer[9].h_neuron|lpm_mult:Mult5
 70. Parameter Settings for Inferred Entity Instance: eco_nn_top:uut|neuron:hidden_layer[1].h_neuron|lpm_mult:Mult6
 71. Parameter Settings for Inferred Entity Instance: eco_nn_top:uut|neuron:hidden_layer[7].h_neuron|lpm_mult:Mult7
 72. Parameter Settings for Inferred Entity Instance: eco_nn_top:uut|neuron:hidden_layer[9].h_neuron|lpm_mult:Mult6
 73. Parameter Settings for Inferred Entity Instance: eco_nn_top:uut|neuron:hidden_layer[14].h_neuron|lpm_mult:Mult0
 74. Parameter Settings for Inferred Entity Instance: eco_nn_top:uut|neuron:hidden_layer[0].h_neuron|lpm_mult:Mult1
 75. Parameter Settings for Inferred Entity Instance: eco_nn_top:uut|neuron:hidden_layer[3].h_neuron|lpm_mult:Mult3
 76. Parameter Settings for Inferred Entity Instance: eco_nn_top:uut|neuron:hidden_layer[0].h_neuron|lpm_mult:Mult2
 77. Parameter Settings for Inferred Entity Instance: eco_nn_top:uut|neuron:hidden_layer[0].h_neuron|lpm_mult:Mult7
 78. Parameter Settings for Inferred Entity Instance: eco_nn_top:uut|neuron:hidden_layer[1].h_neuron|lpm_mult:Mult7
 79. Parameter Settings for Inferred Entity Instance: eco_nn_top:uut|neuron:hidden_layer[1].h_neuron|lpm_mult:Mult2
 80. Parameter Settings for Inferred Entity Instance: eco_nn_top:uut|neuron:hidden_layer[2].h_neuron|lpm_mult:Mult0
 81. Parameter Settings for Inferred Entity Instance: eco_nn_top:uut|neuron:hidden_layer[3].h_neuron|lpm_mult:Mult1
 82. Parameter Settings for Inferred Entity Instance: eco_nn_top:uut|neuron:hidden_layer[8].h_neuron|lpm_mult:Mult4
 83. Parameter Settings for Inferred Entity Instance: eco_nn_top:uut|neuron:hidden_layer[5].h_neuron|lpm_mult:Mult2
 84. Parameter Settings for Inferred Entity Instance: eco_nn_top:uut|neuron:hidden_layer[14].h_neuron|lpm_mult:Mult5
 85. Parameter Settings for Inferred Entity Instance: eco_nn_top:uut|neuron:hidden_layer[1].h_neuron|lpm_mult:Mult4
 86. Parameter Settings for Inferred Entity Instance: eco_nn_top:uut|neuron:hidden_layer[13].h_neuron|lpm_mult:Mult7
 87. Parameter Settings for Inferred Entity Instance: eco_nn_top:uut|neuron:hidden_layer[13].h_neuron|lpm_mult:Mult1
 88. Parameter Settings for Inferred Entity Instance: eco_nn_top:uut|neuron:hidden_layer[13].h_neuron|lpm_mult:Mult2
 89. Parameter Settings for Inferred Entity Instance: eco_nn_top:uut|neuron:hidden_layer[14].h_neuron|lpm_mult:Mult4
 90. Parameter Settings for Inferred Entity Instance: eco_nn_top:uut|neuron:hidden_layer[8].h_neuron|lpm_mult:Mult5
 91. Parameter Settings for Inferred Entity Instance: eco_nn_top:uut|neuron:hidden_layer[7].h_neuron|lpm_mult:Mult3
 92. Parameter Settings for Inferred Entity Instance: eco_nn_top:uut|neuron:hidden_layer[4].h_neuron|lpm_mult:Mult4
 93. Parameter Settings for Inferred Entity Instance: eco_nn_top:uut|neuron:hidden_layer[8].h_neuron|lpm_mult:Mult6
 94. Parameter Settings for Inferred Entity Instance: eco_nn_top:uut|neuron:hidden_layer[9].h_neuron|lpm_mult:Mult3
 95. Parameter Settings for Inferred Entity Instance: eco_nn_top:uut|neuron:hidden_layer[4].h_neuron|lpm_mult:Mult5
 96. Parameter Settings for Inferred Entity Instance: eco_nn_top:uut|neuron:hidden_layer[12].h_neuron|lpm_mult:Mult3
 97. Parameter Settings for Inferred Entity Instance: eco_nn_top:uut|neuron:hidden_layer[12].h_neuron|lpm_mult:Mult4
 98. Parameter Settings for Inferred Entity Instance: eco_nn_top:uut|neuron:hidden_layer[3].h_neuron|lpm_mult:Mult4
 99. Parameter Settings for Inferred Entity Instance: eco_nn_top:uut|neuron:hidden_layer[3].h_neuron|lpm_mult:Mult7
100. Parameter Settings for Inferred Entity Instance: eco_nn_top:uut|neuron:hidden_layer[4].h_neuron|lpm_mult:Mult1
101. Parameter Settings for Inferred Entity Instance: eco_nn_top:uut|neuron:hidden_layer[5].h_neuron|lpm_mult:Mult1
102. Parameter Settings for Inferred Entity Instance: eco_nn_top:uut|neuron:hidden_layer[14].h_neuron|lpm_mult:Mult1
103. Parameter Settings for Inferred Entity Instance: eco_nn_top:uut|neuron:hidden_layer[11].h_neuron|lpm_mult:Mult1
104. Parameter Settings for Inferred Entity Instance: eco_nn_top:uut|neuron:hidden_layer[11].h_neuron|lpm_mult:Mult3
105. Parameter Settings for Inferred Entity Instance: eco_nn_top:uut|neuron:hidden_layer[6].h_neuron|lpm_mult:Mult0
106. Parameter Settings for Inferred Entity Instance: eco_nn_top:uut|neuron:hidden_layer[1].h_neuron|lpm_mult:Mult0
107. Parameter Settings for Inferred Entity Instance: eco_nn_top:uut|neuron:hidden_layer[10].h_neuron|lpm_mult:Mult1
108. Parameter Settings for Inferred Entity Instance: eco_nn_top:uut|neuron:hidden_layer[4].h_neuron|lpm_mult:Mult6
109. Parameter Settings for Inferred Entity Instance: eco_nn_top:uut|neuron:hidden_layer[4].h_neuron|lpm_mult:Mult3
110. Parameter Settings for Inferred Entity Instance: eco_nn_top:uut|neuron:hidden_layer[0].h_neuron|lpm_mult:Mult0
111. Parameter Settings for Inferred Entity Instance: eco_nn_top:uut|neuron:hidden_layer[0].h_neuron|lpm_mult:Mult4
112. Parameter Settings for Inferred Entity Instance: eco_nn_top:uut|neuron:hidden_layer[1].h_neuron|lpm_mult:Mult5
113. altpll Parameter Settings by Entity Instance
114. lpm_mult Parameter Settings by Entity Instance
115. Port Connectivity Checks: "jtag_interface:interfacejtag|sld_virtual_jtag:jtag"
116. Port Connectivity Checks: "jtag_interface:interfacejtag"
117. Port Connectivity Checks: "eco_nn_top:uut|neuron:output_layer[1].final_neuron"
118. Port Connectivity Checks: "eco_nn_top:uut|neuron:output_layer[0].final_neuron"
119. Port Connectivity Checks: "eco_nn_top:uut|neuron:hidden_layer[15].h_neuron"
120. Port Connectivity Checks: "eco_nn_top:uut|neuron:hidden_layer[14].h_neuron"
121. Port Connectivity Checks: "eco_nn_top:uut|neuron:hidden_layer[13].h_neuron"
122. Port Connectivity Checks: "eco_nn_top:uut|neuron:hidden_layer[12].h_neuron"
123. Port Connectivity Checks: "eco_nn_top:uut|neuron:hidden_layer[11].h_neuron"
124. Port Connectivity Checks: "eco_nn_top:uut|neuron:hidden_layer[10].h_neuron"
125. Port Connectivity Checks: "eco_nn_top:uut|neuron:hidden_layer[9].h_neuron"
126. Port Connectivity Checks: "eco_nn_top:uut|neuron:hidden_layer[8].h_neuron"
127. Port Connectivity Checks: "eco_nn_top:uut|neuron:hidden_layer[7].h_neuron"
128. Port Connectivity Checks: "eco_nn_top:uut|neuron:hidden_layer[6].h_neuron"
129. Port Connectivity Checks: "eco_nn_top:uut|neuron:hidden_layer[5].h_neuron"
130. Port Connectivity Checks: "eco_nn_top:uut|neuron:hidden_layer[4].h_neuron"
131. Port Connectivity Checks: "eco_nn_top:uut|neuron:hidden_layer[3].h_neuron"
132. Port Connectivity Checks: "eco_nn_top:uut|neuron:hidden_layer[2].h_neuron"
133. Port Connectivity Checks: "eco_nn_top:uut|neuron:hidden_layer[1].h_neuron"
134. Port Connectivity Checks: "eco_nn_top:uut|neuron:hidden_layer[0].h_neuron"
135. Port Connectivity Checks: "SYSTEM_PLL:PLL_inst"
136. Virtual JTAG Settings
137. Post-Synthesis Netlist Statistics for Top Partition
138. Elapsed Time Per Partition
139. Analysis & Synthesis Messages
140. Analysis & Synthesis Suppressed Messages



----------------
; Legal Notice ;
----------------
Copyright (C) 2018  Intel Corporation. All rights reserved.
Your use of Intel Corporation's design tools, logic functions 
and other software and tools, and its AMPP partner logic 
functions, and any output files from any of the foregoing 
(including device programming or simulation files), and any 
associated documentation or information are expressly subject 
to the terms and conditions of the Intel Program License 
Subscription Agreement, the Intel Quartus Prime License Agreement,
the Intel FPGA IP License Agreement, or other applicable license
agreement, including, without limitation, that your use is for
the sole purpose of programming logic devices manufactured by
Intel and sold by Intel or its authorized distributors.  Please
refer to the applicable agreement for further details.



+----------------------------------------------------------------------------------+
; Analysis & Synthesis Summary                                                     ;
+------------------------------------+---------------------------------------------+
; Analysis & Synthesis Status        ; Successful - Sun Jun 07 10:12:37 2026       ;
; Quartus Prime Version              ; 18.1.0 Build 625 09/12/2018 SJ Lite Edition ;
; Revision Name                      ; MKRVIDOR4000                                ;
; Top-level Entity Name              ; MKRVIDOR4000_top                            ;
; Family                             ; Cyclone 10 LP                               ;
; Total logic elements               ; 2,750                                       ;
;     Total combinational functions  ; 2,700                                       ;
;     Dedicated logic registers      ; 349                                         ;
; Total registers                    ; 349                                         ;
; Total pins                         ; 131                                         ;
; Total virtual pins                 ; 0                                           ;
; Total memory bits                  ; 0                                           ;
; Embedded Multiplier 9-bit elements ; 0                                           ;
; Total PLLs                         ; 1                                           ;
+------------------------------------+---------------------------------------------+


+------------------------------------------------------------------------------------------------------------+
; Analysis & Synthesis Settings                                                                              ;
+------------------------------------------------------------------+--------------------+--------------------+
; Option                                                           ; Setting            ; Default Value      ;
+------------------------------------------------------------------+--------------------+--------------------+
; Device                                                           ; 10CL016YU256C8G    ;                    ;
; Top-level entity name                                            ; MKRVIDOR4000_top   ; MKRVIDOR4000       ;
; Family name                                                      ; Cyclone 10 LP      ; Cyclone V          ;
; Maximum processors allowed for parallel compilation              ; All                ;                    ;
; Restructure Multiplexers                                         ; Off                ; Auto               ;
; Verilog Show LMF Mapping Messages                                ; Off                ;                    ;
; Verilog Version                                                  ; SystemVerilog_2005 ; Verilog_2001       ;
; Use smart compilation                                            ; Off                ; Off                ;
; Enable parallel Assembler and Timing Analyzer during compilation ; On                 ; On                 ;
; Enable compact report table                                      ; Off                ; Off                ;
; Create Debugging Nodes for IP Cores                              ; Off                ; Off                ;
; Preserve fewer node names                                        ; On                 ; On                 ;
; Intel FPGA IP Evaluation Mode                                    ; Enable             ; Enable             ;
; VHDL Version                                                     ; VHDL_1993          ; VHDL_1993          ;
; State Machine Processing                                         ; Auto               ; Auto               ;
; Safe State Machine                                               ; Off                ; Off                ;
; Extract Verilog State Machines                                   ; On                 ; On                 ;
; Extract VHDL State Machines                                      ; On                 ; On                 ;
; Ignore Verilog initial constructs                                ; Off                ; Off                ;
; Iteration limit for constant Verilog loops                       ; 5000               ; 5000               ;
; Iteration limit for non-constant Verilog loops                   ; 250                ; 250                ;
; Add Pass-Through Logic to Inferred RAMs                          ; On                 ; On                 ;
; Infer RAMs from Raw Logic                                        ; On                 ; On                 ;
; Parallel Synthesis                                               ; On                 ; On                 ;
; DSP Block Balancing                                              ; Auto               ; Auto               ;
; NOT Gate Push-Back                                               ; On                 ; On                 ;
; Power-Up Don't Care                                              ; On                 ; On                 ;
; Remove Redundant Logic Cells                                     ; Off                ; Off                ;
; Remove Duplicate Registers                                       ; On                 ; On                 ;
; Ignore CARRY Buffers                                             ; Off                ; Off                ;
; Ignore CASCADE Buffers                                           ; Off                ; Off                ;
; Ignore GLOBAL Buffers                                            ; Off                ; Off                ;
; Ignore ROW GLOBAL Buffers                                        ; Off                ; Off                ;
; Ignore LCELL Buffers                                             ; Off                ; Off                ;
; Ignore SOFT Buffers                                              ; On                 ; On                 ;
; Limit AHDL Integers to 32 Bits                                   ; Off                ; Off                ;
; Optimization Technique                                           ; Balanced           ; Balanced           ;
; Carry Chain Length                                               ; 70                 ; 70                 ;
; Auto Carry Chains                                                ; On                 ; On                 ;
; Auto Open-Drain Pins                                             ; On                 ; On                 ;
; Perform WYSIWYG Primitive Resynthesis                            ; Off                ; Off                ;
; Auto ROM Replacement                                             ; On                 ; On                 ;
; Auto RAM Replacement                                             ; On                 ; On                 ;
; Auto DSP Block Replacement                                       ; On                 ; On                 ;
; Auto Shift Register Replacement                                  ; Auto               ; Auto               ;
; Allow Shift Register Merging across Hierarchies                  ; Auto               ; Auto               ;
; Auto Clock Enable Replacement                                    ; On                 ; On                 ;
; Strict RAM Replacement                                           ; Off                ; Off                ;
; Allow Synchronous Control Signals                                ; On                 ; On                 ;
; Force Use of Synchronous Clear Signals                           ; Off                ; Off                ;
; Auto RAM Block Balancing                                         ; On                 ; On                 ;
; Auto RAM to Logic Cell Conversion                                ; Off                ; Off                ;
; Auto Resource Sharing                                            ; Off                ; Off                ;
; Allow Any RAM Size For Recognition                               ; Off                ; Off                ;
; Allow Any ROM Size For Recognition                               ; Off                ; Off                ;
; Allow Any Shift Register Size For Recognition                    ; Off                ; Off                ;
; Use LogicLock Constraints during Resource Balancing              ; On                 ; On                 ;
; Ignore translate_off and synthesis_off directives                ; Off                ; Off                ;
; Timing-Driven Synthesis                                          ; On                 ; On                 ;
; Report Parameter Settings                                        ; On                 ; On                 ;
; Report Source Assignments                                        ; On                 ; On                 ;
; Report Connectivity Checks                                       ; On                 ; On                 ;
; Ignore Maximum Fan-Out Assignments                               ; Off                ; Off                ;
; Synchronization Register Chain Length                            ; 2                  ; 2                  ;
; Power Optimization During Synthesis                              ; Normal compilation ; Normal compilation ;
; HDL message level                                                ; Level2             ; Level2             ;
; Suppress Register Optimization Related Messages                  ; Off                ; Off                ;
; Number of Removed Registers Reported in Synthesis Report         ; 5000               ; 5000               ;
; Number of Swept Nodes Reported in Synthesis Report               ; 5000               ; 5000               ;
; Number of Inverted Registers Reported in Synthesis Report        ; 100                ; 100                ;
; Clock MUX Protection                                             ; On                 ; On                 ;
; Auto Gated Clock Conversion                                      ; Off                ; Off                ;
; Block Design Naming                                              ; Auto               ; Auto               ;
; SDC constraint protection                                        ; Off                ; Off                ;
; Synthesis Effort                                                 ; Auto               ; Auto               ;
; Shift Register Replacement - Allow Asynchronous Clear Signal     ; On                 ; On                 ;
; Pre-Mapping Resynthesis Optimization                             ; Off                ; Off                ;
; Analysis & Synthesis Message Level                               ; Medium             ; Medium             ;
; Disable Register Merging Across Hierarchies                      ; Auto               ; Auto               ;
; Resource Aware Inference For Block RAM                           ; On                 ; On                 ;
+------------------------------------------------------------------+--------------------+--------------------+


+------------------------------------------+
; Parallel Compilation                     ;
+----------------------------+-------------+
; Processors                 ; Number      ;
+----------------------------+-------------+
; Number detected on machine ; 12          ;
; Maximum allowed            ; 12          ;
;                            ;             ;
; Average used               ; 1.02        ;
; Maximum used               ; 12          ;
;                            ;             ;
; Usage by Processor         ; % Time Used ;
;     Processor 1            ; 100.0%      ;
;     Processor 2            ;   0.2%      ;
;     Processor 3            ;   0.2%      ;
;     Processor 4            ;   0.2%      ;
;     Processor 5            ;   0.2%      ;
;     Processor 6            ;   0.2%      ;
;     Processor 7            ;   0.2%      ;
;     Processor 8            ;   0.2%      ;
;     Processors 9-12        ;   0.2%      ;
+----------------------------+-------------+


+---------------------------------------------------------------------------------------------------------------------------------------------------------------------------------------------------------------------------------------------------------------------------------------------------------------------------------+
; Analysis & Synthesis Source Files Read                                                                                                                                                                                                                                                                                          ;
+--------------------------------------------------------------------+-----------------+----------------------------------------------+-----------------------------------------------------------------------------------------------------------------------------------------------------------------------------+-------------+
; File Name with User-Entered Path                                   ; Used in Netlist ; File Type                                    ; File Name with Absolute Path                                                                                                                                                ; Library     ;
+--------------------------------------------------------------------+-----------------+----------------------------------------------+-----------------------------------------------------------------------------------------------------------------------------------------------------------------------------+-------------+
; ../../ip/SYSTEM_PLL/SYSTEM_PLL.v                                   ; yes             ; User Wizard-Generated File                   ; C:/Users/chani/Desktop/Tesi/a_Projet_progress/Temperature_LightQ4.4_ANN/template/ip/SYSTEM_PLL/SYSTEM_PLL.v                                                                 ;             ;
; jtag_synchronizer.bdf                                              ; yes             ; User Block Diagram/Schematic File            ; C:/Users/chani/Desktop/Tesi/a_Projet_progress/Temperature_LightQ4.4_ANN/template/projects/Neural_Network/jtag_synchronizer.bdf                                              ;             ;
; MKRVIDOR4000_top.v                                                 ; yes             ; User Verilog HDL File                        ; C:/Users/chani/Desktop/Tesi/a_Projet_progress/Temperature_LightQ4.4_ANN/template/projects/Neural_Network/MKRVIDOR4000_top.v                                                 ;             ;
; jtag_synchronizer_basic.v                                          ; yes             ; User Verilog HDL File                        ; C:/Users/chani/Desktop/Tesi/a_Projet_progress/Temperature_LightQ4.4_ANN/template/projects/Neural_Network/jtag_synchronizer_basic.v                                          ;             ;
; jtag_memory.v                                                      ; yes             ; User Verilog HDL File                        ; C:/Users/chani/Desktop/Tesi/a_Projet_progress/Temperature_LightQ4.4_ANN/template/projects/Neural_Network/jtag_memory.v                                                      ;             ;
; jtag_interface.v                                                   ; yes             ; User Verilog HDL File                        ; C:/Users/chani/Desktop/Tesi/a_Projet_progress/Temperature_LightQ4.4_ANN/template/projects/Neural_Network/jtag_interface.v                                                   ;             ;
; neuron.v                                                           ; yes             ; User Verilog HDL File                        ; C:/Users/chani/Desktop/Tesi/a_Projet_progress/Temperature_LightQ4.4_ANN/template/projects/Neural_Network/neuron.v                                                           ;             ;
; eco_nn_top.v                                                       ; yes             ; User Verilog HDL File                        ; C:/Users/chani/Desktop/Tesi/a_Projet_progress/Temperature_LightQ4.4_ANN/template/projects/Neural_Network/eco_nn_top.v                                                       ;             ;
; altpll.tdf                                                         ; yes             ; Megafunction                                 ; c:/intelfpga_lite/18.1/quartus/libraries/megafunctions/altpll.tdf                                                                                                           ;             ;
; aglobal181.inc                                                     ; yes             ; Megafunction                                 ; c:/intelfpga_lite/18.1/quartus/libraries/megafunctions/aglobal181.inc                                                                                                       ;             ;
; stratix_pll.inc                                                    ; yes             ; Megafunction                                 ; c:/intelfpga_lite/18.1/quartus/libraries/megafunctions/stratix_pll.inc                                                                                                      ;             ;
; stratixii_pll.inc                                                  ; yes             ; Megafunction                                 ; c:/intelfpga_lite/18.1/quartus/libraries/megafunctions/stratixii_pll.inc                                                                                                    ;             ;
; cycloneii_pll.inc                                                  ; yes             ; Megafunction                                 ; c:/intelfpga_lite/18.1/quartus/libraries/megafunctions/cycloneii_pll.inc                                                                                                    ;             ;
; db/system_pll_altpll.v                                             ; yes             ; Auto-Generated Megafunction                  ; C:/Users/chani/Desktop/Tesi/a_Projet_progress/Temperature_LightQ4.4_ANN/template/projects/Neural_Network/db/system_pll_altpll.v                                             ;             ;
; sld_virtual_jtag.v                                                 ; yes             ; Megafunction                                 ; c:/intelfpga_lite/18.1/quartus/libraries/megafunctions/sld_virtual_jtag.v                                                                                                   ;             ;
; sld_virtual_jtag_basic.v                                           ; yes             ; Megafunction                                 ; c:/intelfpga_lite/18.1/quartus/libraries/megafunctions/sld_virtual_jtag_basic.v                                                                                             ;             ;
; sld_jtag_endpoint_adapter.vhd                                      ; yes             ; Encrypted Megafunction                       ; c:/intelfpga_lite/18.1/quartus/libraries/megafunctions/sld_jtag_endpoint_adapter.vhd                                                                                        ;             ;
; sld_jtag_endpoint_adapter_impl.sv                                  ; yes             ; Encrypted Megafunction                       ; c:/intelfpga_lite/18.1/quartus/libraries/megafunctions/sld_jtag_endpoint_adapter_impl.sv                                                                                    ;             ;
; sld_hub.vhd                                                        ; yes             ; Encrypted Megafunction                       ; c:/intelfpga_lite/18.1/quartus/libraries/megafunctions/sld_hub.vhd                                                                                                          ; altera_sld  ;
; db/ip/slda46de5ad/alt_sld_fab.v                                    ; yes             ; Encrypted Auto-Found Verilog HDL File        ; C:/Users/chani/Desktop/Tesi/a_Projet_progress/Temperature_LightQ4.4_ANN/template/projects/Neural_Network/db/ip/slda46de5ad/alt_sld_fab.v                                    ; alt_sld_fab ;
; db/ip/slda46de5ad/submodules/alt_sld_fab_alt_sld_fab.v             ; yes             ; Encrypted Auto-Found Verilog HDL File        ; C:/Users/chani/Desktop/Tesi/a_Projet_progress/Temperature_LightQ4.4_ANN/template/projects/Neural_Network/db/ip/slda46de5ad/submodules/alt_sld_fab_alt_sld_fab.v             ; alt_sld_fab ;
; db/ip/slda46de5ad/submodules/alt_sld_fab_alt_sld_fab_ident.sv      ; yes             ; Auto-Found SystemVerilog HDL File            ; C:/Users/chani/Desktop/Tesi/a_Projet_progress/Temperature_LightQ4.4_ANN/template/projects/Neural_Network/db/ip/slda46de5ad/submodules/alt_sld_fab_alt_sld_fab_ident.sv      ; alt_sld_fab ;
; db/ip/slda46de5ad/submodules/alt_sld_fab_alt_sld_fab_presplit.sv   ; yes             ; Encrypted Auto-Found SystemVerilog HDL File  ; C:/Users/chani/Desktop/Tesi/a_Projet_progress/Temperature_LightQ4.4_ANN/template/projects/Neural_Network/db/ip/slda46de5ad/submodules/alt_sld_fab_alt_sld_fab_presplit.sv   ; alt_sld_fab ;
; db/ip/slda46de5ad/submodules/alt_sld_fab_alt_sld_fab_sldfabric.vhd ; yes             ; Encrypted Auto-Found VHDL File               ; C:/Users/chani/Desktop/Tesi/a_Projet_progress/Temperature_LightQ4.4_ANN/template/projects/Neural_Network/db/ip/slda46de5ad/submodules/alt_sld_fab_alt_sld_fab_sldfabric.vhd ; alt_sld_fab ;
; db/ip/slda46de5ad/submodules/alt_sld_fab_alt_sld_fab_splitter.sv   ; yes             ; Encrypted Auto-Found SystemVerilog HDL File  ; C:/Users/chani/Desktop/Tesi/a_Projet_progress/Temperature_LightQ4.4_ANN/template/projects/Neural_Network/db/ip/slda46de5ad/submodules/alt_sld_fab_alt_sld_fab_splitter.sv   ; alt_sld_fab ;
; sld_jtag_hub.vhd                                                   ; yes             ; Encrypted Megafunction                       ; c:/intelfpga_lite/18.1/quartus/libraries/megafunctions/sld_jtag_hub.vhd                                                                                                     ;             ;
; sld_rom_sr.vhd                                                     ; yes             ; Encrypted Megafunction                       ; c:/intelfpga_lite/18.1/quartus/libraries/megafunctions/sld_rom_sr.vhd                                                                                                       ;             ;
; lpm_mult.tdf                                                       ; yes             ; Megafunction                                 ; c:/intelfpga_lite/18.1/quartus/libraries/megafunctions/lpm_mult.tdf                                                                                                         ;             ;
; lpm_add_sub.inc                                                    ; yes             ; Megafunction                                 ; c:/intelfpga_lite/18.1/quartus/libraries/megafunctions/lpm_add_sub.inc                                                                                                      ;             ;
; multcore.inc                                                       ; yes             ; Megafunction                                 ; c:/intelfpga_lite/18.1/quartus/libraries/megafunctions/multcore.inc                                                                                                         ;             ;
; bypassff.inc                                                       ; yes             ; Megafunction                                 ; c:/intelfpga_lite/18.1/quartus/libraries/megafunctions/bypassff.inc                                                                                                         ;             ;
; altshift.inc                                                       ; yes             ; Megafunction                                 ; c:/intelfpga_lite/18.1/quartus/libraries/megafunctions/altshift.inc                                                                                                         ;             ;
; multcore.tdf                                                       ; yes             ; Megafunction                                 ; c:/intelfpga_lite/18.1/quartus/libraries/megafunctions/multcore.tdf                                                                                                         ;             ;
; csa_add.inc                                                        ; yes             ; Megafunction                                 ; c:/intelfpga_lite/18.1/quartus/libraries/megafunctions/csa_add.inc                                                                                                          ;             ;
; mpar_add.inc                                                       ; yes             ; Megafunction                                 ; c:/intelfpga_lite/18.1/quartus/libraries/megafunctions/mpar_add.inc                                                                                                         ;             ;
; muleabz.inc                                                        ; yes             ; Megafunction                                 ; c:/intelfpga_lite/18.1/quartus/libraries/megafunctions/muleabz.inc                                                                                                          ;             ;
; mul_lfrg.inc                                                       ; yes             ; Megafunction                                 ; c:/intelfpga_lite/18.1/quartus/libraries/megafunctions/mul_lfrg.inc                                                                                                         ;             ;
; mul_boothc.inc                                                     ; yes             ; Megafunction                                 ; c:/intelfpga_lite/18.1/quartus/libraries/megafunctions/mul_boothc.inc                                                                                                       ;             ;
; alt_ded_mult.inc                                                   ; yes             ; Megafunction                                 ; c:/intelfpga_lite/18.1/quartus/libraries/megafunctions/alt_ded_mult.inc                                                                                                     ;             ;
; alt_ded_mult_y.inc                                                 ; yes             ; Megafunction                                 ; c:/intelfpga_lite/18.1/quartus/libraries/megafunctions/alt_ded_mult_y.inc                                                                                                   ;             ;
; dffpipe.inc                                                        ; yes             ; Megafunction                                 ; c:/intelfpga_lite/18.1/quartus/libraries/megafunctions/dffpipe.inc                                                                                                          ;             ;
; mpar_add.tdf                                                       ; yes             ; Megafunction                                 ; c:/intelfpga_lite/18.1/quartus/libraries/megafunctions/mpar_add.tdf                                                                                                         ;             ;
; lpm_add_sub.tdf                                                    ; yes             ; Megafunction                                 ; c:/intelfpga_lite/18.1/quartus/libraries/megafunctions/lpm_add_sub.tdf                                                                                                      ;             ;
; addcore.inc                                                        ; yes             ; Megafunction                                 ; c:/intelfpga_lite/18.1/quartus/libraries/megafunctions/addcore.inc                                                                                                          ;             ;
; look_add.inc                                                       ; yes             ; Megafunction                                 ; c:/intelfpga_lite/18.1/quartus/libraries/megafunctions/look_add.inc                                                                                                         ;             ;
; alt_stratix_add_sub.inc                                            ; yes             ; Megafunction                                 ; c:/intelfpga_lite/18.1/quartus/libraries/megafunctions/alt_stratix_add_sub.inc                                                                                              ;             ;
; db/add_sub_qih.tdf                                                 ; yes             ; Auto-Generated Megafunction                  ; C:/Users/chani/Desktop/Tesi/a_Projet_progress/Temperature_LightQ4.4_ANN/template/projects/Neural_Network/db/add_sub_qih.tdf                                                 ;             ;
; altshift.tdf                                                       ; yes             ; Megafunction                                 ; c:/intelfpga_lite/18.1/quartus/libraries/megafunctions/altshift.tdf                                                                                                         ;             ;
; db/add_sub_rih.tdf                                                 ; yes             ; Auto-Generated Megafunction                  ; C:/Users/chani/Desktop/Tesi/a_Projet_progress/Temperature_LightQ4.4_ANN/template/projects/Neural_Network/db/add_sub_rih.tdf                                                 ;             ;
; db/add_sub_oih.tdf                                                 ; yes             ; Auto-Generated Megafunction                  ; C:/Users/chani/Desktop/Tesi/a_Projet_progress/Temperature_LightQ4.4_ANN/template/projects/Neural_Network/db/add_sub_oih.tdf                                                 ;             ;
; db/add_sub_pih.tdf                                                 ; yes             ; Auto-Generated Megafunction                  ; C:/Users/chani/Desktop/Tesi/a_Projet_progress/Temperature_LightQ4.4_ANN/template/projects/Neural_Network/db/add_sub_pih.tdf                                                 ;             ;
; db/add_sub_18h.tdf                                                 ; yes             ; Auto-Generated Megafunction                  ; C:/Users/chani/Desktop/Tesi/a_Projet_progress/Temperature_LightQ4.4_ANN/template/projects/Neural_Network/db/add_sub_18h.tdf                                                 ;             ;
; db/add_sub_6kh.tdf                                                 ; yes             ; Auto-Generated Megafunction                  ; C:/Users/chani/Desktop/Tesi/a_Projet_progress/Temperature_LightQ4.4_ANN/template/projects/Neural_Network/db/add_sub_6kh.tdf                                                 ;             ;
; db/add_sub_c9h.tdf                                                 ; yes             ; Auto-Generated Megafunction                  ; C:/Users/chani/Desktop/Tesi/a_Projet_progress/Temperature_LightQ4.4_ANN/template/projects/Neural_Network/db/add_sub_c9h.tdf                                                 ;             ;
; db/add_sub_akh.tdf                                                 ; yes             ; Auto-Generated Megafunction                  ; C:/Users/chani/Desktop/Tesi/a_Projet_progress/Temperature_LightQ4.4_ANN/template/projects/Neural_Network/db/add_sub_akh.tdf                                                 ;             ;
; db/add_sub_4kh.tdf                                                 ; yes             ; Auto-Generated Megafunction                  ; C:/Users/chani/Desktop/Tesi/a_Projet_progress/Temperature_LightQ4.4_ANN/template/projects/Neural_Network/db/add_sub_4kh.tdf                                                 ;             ;
; db/add_sub_a9h.tdf                                                 ; yes             ; Auto-Generated Megafunction                  ; C:/Users/chani/Desktop/Tesi/a_Projet_progress/Temperature_LightQ4.4_ANN/template/projects/Neural_Network/db/add_sub_a9h.tdf                                                 ;             ;
; db/add_sub_8kh.tdf                                                 ; yes             ; Auto-Generated Megafunction                  ; C:/Users/chani/Desktop/Tesi/a_Projet_progress/Temperature_LightQ4.4_ANN/template/projects/Neural_Network/db/add_sub_8kh.tdf                                                 ;             ;
; db/add_sub_5kh.tdf                                                 ; yes             ; Auto-Generated Megafunction                  ; C:/Users/chani/Desktop/Tesi/a_Projet_progress/Temperature_LightQ4.4_ANN/template/projects/Neural_Network/db/add_sub_5kh.tdf                                                 ;             ;
; db/add_sub_b9h.tdf                                                 ; yes             ; Auto-Generated Megafunction                  ; C:/Users/chani/Desktop/Tesi/a_Projet_progress/Temperature_LightQ4.4_ANN/template/projects/Neural_Network/db/add_sub_b9h.tdf                                                 ;             ;
; db/add_sub_9kh.tdf                                                 ; yes             ; Auto-Generated Megafunction                  ; C:/Users/chani/Desktop/Tesi/a_Projet_progress/Temperature_LightQ4.4_ANN/template/projects/Neural_Network/db/add_sub_9kh.tdf                                                 ;             ;
; db/add_sub_3kh.tdf                                                 ; yes             ; Auto-Generated Megafunction                  ; C:/Users/chani/Desktop/Tesi/a_Projet_progress/Temperature_LightQ4.4_ANN/template/projects/Neural_Network/db/add_sub_3kh.tdf                                                 ;             ;
; db/add_sub_99h.tdf                                                 ; yes             ; Auto-Generated Megafunction                  ; C:/Users/chani/Desktop/Tesi/a_Projet_progress/Temperature_LightQ4.4_ANN/template/projects/Neural_Network/db/add_sub_99h.tdf                                                 ;             ;
; db/add_sub_7kh.tdf                                                 ; yes             ; Auto-Generated Megafunction                  ; C:/Users/chani/Desktop/Tesi/a_Projet_progress/Temperature_LightQ4.4_ANN/template/projects/Neural_Network/db/add_sub_7kh.tdf                                                 ;             ;
; db/add_sub_08h.tdf                                                 ; yes             ; Auto-Generated Megafunction                  ; C:/Users/chani/Desktop/Tesi/a_Projet_progress/Temperature_LightQ4.4_ANN/template/projects/Neural_Network/db/add_sub_08h.tdf                                                 ;             ;
; db/add_sub_v7h.tdf                                                 ; yes             ; Auto-Generated Megafunction                  ; C:/Users/chani/Desktop/Tesi/a_Projet_progress/Temperature_LightQ4.4_ANN/template/projects/Neural_Network/db/add_sub_v7h.tdf                                                 ;             ;
+--------------------------------------------------------------------+-----------------+----------------------------------------------+-----------------------------------------------------------------------------------------------------------------------------------------------------------------------------+-------------+


+---------------------------------------------------------------------------------------------------------------------------------------------+
; Analysis & Synthesis Resource Usage Summary                                                                                                 ;
+---------------------------------------------+-----------------------------------------------------------------------------------------------+
; Resource                                    ; Usage                                                                                         ;
+---------------------------------------------+-----------------------------------------------------------------------------------------------+
; Estimated Total logic elements              ; 2,750                                                                                         ;
;                                             ;                                                                                               ;
; Total combinational functions               ; 2700                                                                                          ;
; Logic element usage by number of LUT inputs ;                                                                                               ;
;     -- 4 input functions                    ; 405                                                                                           ;
;     -- 3 input functions                    ; 1588                                                                                          ;
;     -- <=2 input functions                  ; 707                                                                                           ;
;                                             ;                                                                                               ;
; Logic elements by mode                      ;                                                                                               ;
;     -- normal mode                          ; 993                                                                                           ;
;     -- arithmetic mode                      ; 1707                                                                                          ;
;                                             ;                                                                                               ;
; Total registers                             ; 349                                                                                           ;
;     -- Dedicated logic registers            ; 349                                                                                           ;
;     -- I/O registers                        ; 0                                                                                             ;
;                                             ;                                                                                               ;
; I/O pins                                    ; 131                                                                                           ;
;                                             ;                                                                                               ;
; Embedded Multiplier 9-bit elements          ; 0                                                                                             ;
;                                             ;                                                                                               ;
; Total PLLs                                  ; 1                                                                                             ;
;     -- PLLs                                 ; 1                                                                                             ;
;                                             ;                                                                                               ;
; Maximum fan-out node                        ; SYSTEM_PLL:PLL_inst|altpll:altpll_component|SYSTEM_PLL_altpll:auto_generated|wire_pll1_clk[0] ;
; Maximum fan-out                             ; 218                                                                                           ;
; Total fan-out                               ; 9002                                                                                          ;
; Average fan-out                             ; 2.64                                                                                          ;
+---------------------------------------------+-----------------------------------------------------------------------------------------------+


+--------------------------------------------------------------------------------------------------------------------------------------------------------------------------------------------------------------------------------------------------------------------------------------------------------------------------------------------------------------------------------------------------------------------------------------------------------------------------------------------------------------------------------------------------------------------------------------------------------------------------------------------------------------------------------------+
; Analysis & Synthesis Resource Utilization by Entity                                                                                                                                                                                                                                                                                                                                                                                                                                                                                                                                                                                                                                  ;
+-----------------------------------------------------------------------------------------------------------------------------------------+---------------------+---------------------------+-------------+--------------+---------+-----------+------+--------------+--------------------------------------------------------------------------------------------------------------------------------------------------------------------------------------------------------------------------------------------------------------------------------------------------------------------------------------------------------------+-----------------------------------+--------------+
; Compilation Hierarchy Node                                                                                                              ; Combinational ALUTs ; Dedicated Logic Registers ; Memory Bits ; DSP Elements ; DSP 9x9 ; DSP 18x18 ; Pins ; Virtual Pins ; Full Hierarchy Name                                                                                                                                                                                                                                                                                                                                          ; Entity Name                       ; Library Name ;
+-----------------------------------------------------------------------------------------------------------------------------------------+---------------------+---------------------------+-------------+--------------+---------+-----------+------+--------------+--------------------------------------------------------------------------------------------------------------------------------------------------------------------------------------------------------------------------------------------------------------------------------------------------------------------------------------------------------------+-----------------------------------+--------------+
; |MKRVIDOR4000_top                                                                                                                       ; 2700 (2)            ; 349 (0)                   ; 0           ; 0            ; 0       ; 0         ; 131  ; 0            ; |MKRVIDOR4000_top                                                                                                                                                                                                                                                                                                                                            ; MKRVIDOR4000_top                  ; work         ;
;    |SYSTEM_PLL:PLL_inst|                                                                                                                ; 0 (0)               ; 0 (0)                     ; 0           ; 0            ; 0       ; 0         ; 0    ; 0            ; |MKRVIDOR4000_top|SYSTEM_PLL:PLL_inst                                                                                                                                                                                                                                                                                                                        ; SYSTEM_PLL                        ; work         ;
;       |altpll:altpll_component|                                                                                                         ; 0 (0)               ; 0 (0)                     ; 0           ; 0            ; 0       ; 0         ; 0    ; 0            ; |MKRVIDOR4000_top|SYSTEM_PLL:PLL_inst|altpll:altpll_component                                                                                                                                                                                                                                                                                                ; altpll                            ; work         ;
;          |SYSTEM_PLL_altpll:auto_generated|                                                                                             ; 0 (0)               ; 0 (0)                     ; 0           ; 0            ; 0       ; 0         ; 0    ; 0            ; |MKRVIDOR4000_top|SYSTEM_PLL:PLL_inst|altpll:altpll_component|SYSTEM_PLL_altpll:auto_generated                                                                                                                                                                                                                                                               ; SYSTEM_PLL_altpll                 ; work         ;
;    |eco_nn_top:uut|                                                                                                                     ; 2525 (66)           ; 204 (64)                  ; 0           ; 0            ; 0       ; 0         ; 0    ; 0            ; |MKRVIDOR4000_top|eco_nn_top:uut                                                                                                                                                                                                                                                                                                                             ; eco_nn_top                        ; work         ;
;       |neuron:hidden_layer[0].h_neuron|                                                                                                 ; 164 (89)            ; 8 (8)                     ; 0           ; 0            ; 0       ; 0         ; 0    ; 0            ; |MKRVIDOR4000_top|eco_nn_top:uut|neuron:hidden_layer[0].h_neuron                                                                                                                                                                                                                                                                                             ; neuron                            ; work         ;
;          |lpm_mult:Mult0|                                                                                                               ; 16 (0)              ; 0 (0)                     ; 0           ; 0            ; 0       ; 0         ; 0    ; 0            ; |MKRVIDOR4000_top|eco_nn_top:uut|neuron:hidden_layer[0].h_neuron|lpm_mult:Mult0                                                                                                                                                                                                                                                                              ; lpm_mult                          ; work         ;
;             |multcore:mult_core|                                                                                                        ; 16 (8)              ; 0 (0)                     ; 0           ; 0            ; 0       ; 0         ; 0    ; 0            ; |MKRVIDOR4000_top|eco_nn_top:uut|neuron:hidden_layer[0].h_neuron|lpm_mult:Mult0|multcore:mult_core                                                                                                                                                                                                                                                           ; multcore                          ; work         ;
;                |mpar_add:padder|                                                                                                        ; 8 (0)               ; 0 (0)                     ; 0           ; 0            ; 0       ; 0         ; 0    ; 0            ; |MKRVIDOR4000_top|eco_nn_top:uut|neuron:hidden_layer[0].h_neuron|lpm_mult:Mult0|multcore:mult_core|mpar_add:padder                                                                                                                                                                                                                                           ; mpar_add                          ; work         ;
;                   |lpm_add_sub:adder[0]|                                                                                                ; 8 (0)               ; 0 (0)                     ; 0           ; 0            ; 0       ; 0         ; 0    ; 0            ; |MKRVIDOR4000_top|eco_nn_top:uut|neuron:hidden_layer[0].h_neuron|lpm_mult:Mult0|multcore:mult_core|mpar_add:padder|lpm_add_sub:adder[0]                                                                                                                                                                                                                      ; lpm_add_sub                       ; work         ;
;                      |add_sub_qih:auto_generated|                                                                                       ; 8 (8)               ; 0 (0)                     ; 0           ; 0            ; 0       ; 0         ; 0    ; 0            ; |MKRVIDOR4000_top|eco_nn_top:uut|neuron:hidden_layer[0].h_neuron|lpm_mult:Mult0|multcore:mult_core|mpar_add:padder|lpm_add_sub:adder[0]|add_sub_qih:auto_generated                                                                                                                                                                                           ; add_sub_qih                       ; work         ;
;          |lpm_mult:Mult1|                                                                                                               ; 11 (0)              ; 0 (0)                     ; 0           ; 0            ; 0       ; 0         ; 0    ; 0            ; |MKRVIDOR4000_top|eco_nn_top:uut|neuron:hidden_layer[0].h_neuron|lpm_mult:Mult1                                                                                                                                                                                                                                                                              ; lpm_mult                          ; work         ;
;             |multcore:mult_core|                                                                                                        ; 11 (4)              ; 0 (0)                     ; 0           ; 0            ; 0       ; 0         ; 0    ; 0            ; |MKRVIDOR4000_top|eco_nn_top:uut|neuron:hidden_layer[0].h_neuron|lpm_mult:Mult1|multcore:mult_core                                                                                                                                                                                                                                                           ; multcore                          ; work         ;
;                |mpar_add:padder|                                                                                                        ; 7 (0)               ; 0 (0)                     ; 0           ; 0            ; 0       ; 0         ; 0    ; 0            ; |MKRVIDOR4000_top|eco_nn_top:uut|neuron:hidden_layer[0].h_neuron|lpm_mult:Mult1|multcore:mult_core|mpar_add:padder                                                                                                                                                                                                                                           ; mpar_add                          ; work         ;
;                   |lpm_add_sub:adder[0]|                                                                                                ; 7 (0)               ; 0 (0)                     ; 0           ; 0            ; 0       ; 0         ; 0    ; 0            ; |MKRVIDOR4000_top|eco_nn_top:uut|neuron:hidden_layer[0].h_neuron|lpm_mult:Mult1|multcore:mult_core|mpar_add:padder|lpm_add_sub:adder[0]                                                                                                                                                                                                                      ; lpm_add_sub                       ; work         ;
;                      |add_sub_pih:auto_generated|                                                                                       ; 7 (7)               ; 0 (0)                     ; 0           ; 0            ; 0       ; 0         ; 0    ; 0            ; |MKRVIDOR4000_top|eco_nn_top:uut|neuron:hidden_layer[0].h_neuron|lpm_mult:Mult1|multcore:mult_core|mpar_add:padder|lpm_add_sub:adder[0]|add_sub_pih:auto_generated                                                                                                                                                                                           ; add_sub_pih                       ; work         ;
;          |lpm_mult:Mult2|                                                                                                               ; 16 (0)              ; 0 (0)                     ; 0           ; 0            ; 0       ; 0         ; 0    ; 0            ; |MKRVIDOR4000_top|eco_nn_top:uut|neuron:hidden_layer[0].h_neuron|lpm_mult:Mult2                                                                                                                                                                                                                                                                              ; lpm_mult                          ; work         ;
;             |multcore:mult_core|                                                                                                        ; 16 (7)              ; 0 (0)                     ; 0           ; 0            ; 0       ; 0         ; 0    ; 0            ; |MKRVIDOR4000_top|eco_nn_top:uut|neuron:hidden_layer[0].h_neuron|lpm_mult:Mult2|multcore:mult_core                                                                                                                                                                                                                                                           ; multcore                          ; work         ;
;                |mpar_add:padder|                                                                                                        ; 9 (0)               ; 0 (0)                     ; 0           ; 0            ; 0       ; 0         ; 0    ; 0            ; |MKRVIDOR4000_top|eco_nn_top:uut|neuron:hidden_layer[0].h_neuron|lpm_mult:Mult2|multcore:mult_core|mpar_add:padder                                                                                                                                                                                                                                           ; mpar_add                          ; work         ;
;                   |lpm_add_sub:adder[0]|                                                                                                ; 9 (0)               ; 0 (0)                     ; 0           ; 0            ; 0       ; 0         ; 0    ; 0            ; |MKRVIDOR4000_top|eco_nn_top:uut|neuron:hidden_layer[0].h_neuron|lpm_mult:Mult2|multcore:mult_core|mpar_add:padder|lpm_add_sub:adder[0]                                                                                                                                                                                                                      ; lpm_add_sub                       ; work         ;
;                      |add_sub_rih:auto_generated|                                                                                       ; 9 (9)               ; 0 (0)                     ; 0           ; 0            ; 0       ; 0         ; 0    ; 0            ; |MKRVIDOR4000_top|eco_nn_top:uut|neuron:hidden_layer[0].h_neuron|lpm_mult:Mult2|multcore:mult_core|mpar_add:padder|lpm_add_sub:adder[0]|add_sub_rih:auto_generated                                                                                                                                                                                           ; add_sub_rih                       ; work         ;
;          |lpm_mult:Mult4|                                                                                                               ; 8 (0)               ; 0 (0)                     ; 0           ; 0            ; 0       ; 0         ; 0    ; 0            ; |MKRVIDOR4000_top|eco_nn_top:uut|neuron:hidden_layer[0].h_neuron|lpm_mult:Mult4                                                                                                                                                                                                                                                                              ; lpm_mult                          ; work         ;
;             |multcore:mult_core|                                                                                                        ; 8 (0)               ; 0 (0)                     ; 0           ; 0            ; 0       ; 0         ; 0    ; 0            ; |MKRVIDOR4000_top|eco_nn_top:uut|neuron:hidden_layer[0].h_neuron|lpm_mult:Mult4|multcore:mult_core                                                                                                                                                                                                                                                           ; multcore                          ; work         ;
;                |lpm_add_sub:adder|                                                                                                      ; 8 (0)               ; 0 (0)                     ; 0           ; 0            ; 0       ; 0         ; 0    ; 0            ; |MKRVIDOR4000_top|eco_nn_top:uut|neuron:hidden_layer[0].h_neuron|lpm_mult:Mult4|multcore:mult_core|lpm_add_sub:adder                                                                                                                                                                                                                                         ; lpm_add_sub                       ; work         ;
;                   |add_sub_18h:auto_generated|                                                                                          ; 8 (8)               ; 0 (0)                     ; 0           ; 0            ; 0       ; 0         ; 0    ; 0            ; |MKRVIDOR4000_top|eco_nn_top:uut|neuron:hidden_layer[0].h_neuron|lpm_mult:Mult4|multcore:mult_core|lpm_add_sub:adder|add_sub_18h:auto_generated                                                                                                                                                                                                              ; add_sub_18h                       ; work         ;
;          |lpm_mult:Mult5|                                                                                                               ; 8 (0)               ; 0 (0)                     ; 0           ; 0            ; 0       ; 0         ; 0    ; 0            ; |MKRVIDOR4000_top|eco_nn_top:uut|neuron:hidden_layer[0].h_neuron|lpm_mult:Mult5                                                                                                                                                                                                                                                                              ; lpm_mult                          ; work         ;
;             |multcore:mult_core|                                                                                                        ; 8 (0)               ; 0 (0)                     ; 0           ; 0            ; 0       ; 0         ; 0    ; 0            ; |MKRVIDOR4000_top|eco_nn_top:uut|neuron:hidden_layer[0].h_neuron|lpm_mult:Mult5|multcore:mult_core                                                                                                                                                                                                                                                           ; multcore                          ; work         ;
;                |lpm_add_sub:adder|                                                                                                      ; 8 (0)               ; 0 (0)                     ; 0           ; 0            ; 0       ; 0         ; 0    ; 0            ; |MKRVIDOR4000_top|eco_nn_top:uut|neuron:hidden_layer[0].h_neuron|lpm_mult:Mult5|multcore:mult_core|lpm_add_sub:adder                                                                                                                                                                                                                                         ; lpm_add_sub                       ; work         ;
;                   |add_sub_18h:auto_generated|                                                                                          ; 8 (8)               ; 0 (0)                     ; 0           ; 0            ; 0       ; 0         ; 0    ; 0            ; |MKRVIDOR4000_top|eco_nn_top:uut|neuron:hidden_layer[0].h_neuron|lpm_mult:Mult5|multcore:mult_core|lpm_add_sub:adder|add_sub_18h:auto_generated                                                                                                                                                                                                              ; add_sub_18h                       ; work         ;
;          |lpm_mult:Mult6|                                                                                                               ; 8 (0)               ; 0 (0)                     ; 0           ; 0            ; 0       ; 0         ; 0    ; 0            ; |MKRVIDOR4000_top|eco_nn_top:uut|neuron:hidden_layer[0].h_neuron|lpm_mult:Mult6                                                                                                                                                                                                                                                                              ; lpm_mult                          ; work         ;
;             |multcore:mult_core|                                                                                                        ; 8 (0)               ; 0 (0)                     ; 0           ; 0            ; 0       ; 0         ; 0    ; 0            ; |MKRVIDOR4000_top|eco_nn_top:uut|neuron:hidden_layer[0].h_neuron|lpm_mult:Mult6|multcore:mult_core                                                                                                                                                                                                                                                           ; multcore                          ; work         ;
;                |lpm_add_sub:adder|                                                                                                      ; 8 (0)               ; 0 (0)                     ; 0           ; 0            ; 0       ; 0         ; 0    ; 0            ; |MKRVIDOR4000_top|eco_nn_top:uut|neuron:hidden_layer[0].h_neuron|lpm_mult:Mult6|multcore:mult_core|lpm_add_sub:adder                                                                                                                                                                                                                                         ; lpm_add_sub                       ; work         ;
;                   |add_sub_18h:auto_generated|                                                                                          ; 8 (8)               ; 0 (0)                     ; 0           ; 0            ; 0       ; 0         ; 0    ; 0            ; |MKRVIDOR4000_top|eco_nn_top:uut|neuron:hidden_layer[0].h_neuron|lpm_mult:Mult6|multcore:mult_core|lpm_add_sub:adder|add_sub_18h:auto_generated                                                                                                                                                                                                              ; add_sub_18h                       ; work         ;
;          |lpm_mult:Mult7|                                                                                                               ; 8 (0)               ; 0 (0)                     ; 0           ; 0            ; 0       ; 0         ; 0    ; 0            ; |MKRVIDOR4000_top|eco_nn_top:uut|neuron:hidden_layer[0].h_neuron|lpm_mult:Mult7                                                                                                                                                                                                                                                                              ; lpm_mult                          ; work         ;
;             |multcore:mult_core|                                                                                                        ; 8 (3)               ; 0 (0)                     ; 0           ; 0            ; 0       ; 0         ; 0    ; 0            ; |MKRVIDOR4000_top|eco_nn_top:uut|neuron:hidden_layer[0].h_neuron|lpm_mult:Mult7|multcore:mult_core                                                                                                                                                                                                                                                           ; multcore                          ; work         ;
;                |mpar_add:padder|                                                                                                        ; 5 (0)               ; 0 (0)                     ; 0           ; 0            ; 0       ; 0         ; 0    ; 0            ; |MKRVIDOR4000_top|eco_nn_top:uut|neuron:hidden_layer[0].h_neuron|lpm_mult:Mult7|multcore:mult_core|mpar_add:padder                                                                                                                                                                                                                                           ; mpar_add                          ; work         ;
;                   |lpm_add_sub:adder[0]|                                                                                                ; 5 (0)               ; 0 (0)                     ; 0           ; 0            ; 0       ; 0         ; 0    ; 0            ; |MKRVIDOR4000_top|eco_nn_top:uut|neuron:hidden_layer[0].h_neuron|lpm_mult:Mult7|multcore:mult_core|mpar_add:padder|lpm_add_sub:adder[0]                                                                                                                                                                                                                      ; lpm_add_sub                       ; work         ;
;                      |add_sub_oih:auto_generated|                                                                                       ; 5 (5)               ; 0 (0)                     ; 0           ; 0            ; 0       ; 0         ; 0    ; 0            ; |MKRVIDOR4000_top|eco_nn_top:uut|neuron:hidden_layer[0].h_neuron|lpm_mult:Mult7|multcore:mult_core|mpar_add:padder|lpm_add_sub:adder[0]|add_sub_oih:auto_generated                                                                                                                                                                                           ; add_sub_oih                       ; work         ;
;       |neuron:hidden_layer[10].h_neuron|                                                                                                ; 73 (65)             ; 8 (8)                     ; 0           ; 0            ; 0       ; 0         ; 0    ; 0            ; |MKRVIDOR4000_top|eco_nn_top:uut|neuron:hidden_layer[10].h_neuron                                                                                                                                                                                                                                                                                            ; neuron                            ; work         ;
;          |lpm_mult:Mult1|                                                                                                               ; 8 (0)               ; 0 (0)                     ; 0           ; 0            ; 0       ; 0         ; 0    ; 0            ; |MKRVIDOR4000_top|eco_nn_top:uut|neuron:hidden_layer[10].h_neuron|lpm_mult:Mult1                                                                                                                                                                                                                                                                             ; lpm_mult                          ; work         ;
;             |multcore:mult_core|                                                                                                        ; 8 (0)               ; 0 (0)                     ; 0           ; 0            ; 0       ; 0         ; 0    ; 0            ; |MKRVIDOR4000_top|eco_nn_top:uut|neuron:hidden_layer[10].h_neuron|lpm_mult:Mult1|multcore:mult_core                                                                                                                                                                                                                                                          ; multcore                          ; work         ;
;                |lpm_add_sub:adder|                                                                                                      ; 8 (0)               ; 0 (0)                     ; 0           ; 0            ; 0       ; 0         ; 0    ; 0            ; |MKRVIDOR4000_top|eco_nn_top:uut|neuron:hidden_layer[10].h_neuron|lpm_mult:Mult1|multcore:mult_core|lpm_add_sub:adder                                                                                                                                                                                                                                        ; lpm_add_sub                       ; work         ;
;                   |add_sub_18h:auto_generated|                                                                                          ; 8 (8)               ; 0 (0)                     ; 0           ; 0            ; 0       ; 0         ; 0    ; 0            ; |MKRVIDOR4000_top|eco_nn_top:uut|neuron:hidden_layer[10].h_neuron|lpm_mult:Mult1|multcore:mult_core|lpm_add_sub:adder|add_sub_18h:auto_generated                                                                                                                                                                                                             ; add_sub_18h                       ; work         ;
;       |neuron:hidden_layer[11].h_neuron|                                                                                                ; 128 (93)            ; 8 (8)                     ; 0           ; 0            ; 0       ; 0         ; 0    ; 0            ; |MKRVIDOR4000_top|eco_nn_top:uut|neuron:hidden_layer[11].h_neuron                                                                                                                                                                                                                                                                                            ; neuron                            ; work         ;
;          |lpm_mult:Mult1|                                                                                                               ; 15 (0)              ; 0 (0)                     ; 0           ; 0            ; 0       ; 0         ; 0    ; 0            ; |MKRVIDOR4000_top|eco_nn_top:uut|neuron:hidden_layer[11].h_neuron|lpm_mult:Mult1                                                                                                                                                                                                                                                                             ; lpm_mult                          ; work         ;
;             |multcore:mult_core|                                                                                                        ; 15 (7)              ; 0 (0)                     ; 0           ; 0            ; 0       ; 0         ; 0    ; 0            ; |MKRVIDOR4000_top|eco_nn_top:uut|neuron:hidden_layer[11].h_neuron|lpm_mult:Mult1|multcore:mult_core                                                                                                                                                                                                                                                          ; multcore                          ; work         ;
;                |mpar_add:padder|                                                                                                        ; 8 (0)               ; 0 (0)                     ; 0           ; 0            ; 0       ; 0         ; 0    ; 0            ; |MKRVIDOR4000_top|eco_nn_top:uut|neuron:hidden_layer[11].h_neuron|lpm_mult:Mult1|multcore:mult_core|mpar_add:padder                                                                                                                                                                                                                                          ; mpar_add                          ; work         ;
;                   |lpm_add_sub:adder[0]|                                                                                                ; 8 (0)               ; 0 (0)                     ; 0           ; 0            ; 0       ; 0         ; 0    ; 0            ; |MKRVIDOR4000_top|eco_nn_top:uut|neuron:hidden_layer[11].h_neuron|lpm_mult:Mult1|multcore:mult_core|mpar_add:padder|lpm_add_sub:adder[0]                                                                                                                                                                                                                     ; lpm_add_sub                       ; work         ;
;                      |add_sub_qih:auto_generated|                                                                                       ; 8 (8)               ; 0 (0)                     ; 0           ; 0            ; 0       ; 0         ; 0    ; 0            ; |MKRVIDOR4000_top|eco_nn_top:uut|neuron:hidden_layer[11].h_neuron|lpm_mult:Mult1|multcore:mult_core|mpar_add:padder|lpm_add_sub:adder[0]|add_sub_qih:auto_generated                                                                                                                                                                                          ; add_sub_qih                       ; work         ;
;          |lpm_mult:Mult3|                                                                                                               ; 13 (0)              ; 0 (0)                     ; 0           ; 0            ; 0       ; 0         ; 0    ; 0            ; |MKRVIDOR4000_top|eco_nn_top:uut|neuron:hidden_layer[11].h_neuron|lpm_mult:Mult3                                                                                                                                                                                                                                                                             ; lpm_mult                          ; work         ;
;             |multcore:mult_core|                                                                                                        ; 13 (6)              ; 0 (0)                     ; 0           ; 0            ; 0       ; 0         ; 0    ; 0            ; |MKRVIDOR4000_top|eco_nn_top:uut|neuron:hidden_layer[11].h_neuron|lpm_mult:Mult3|multcore:mult_core                                                                                                                                                                                                                                                          ; multcore                          ; work         ;
;                |mpar_add:padder|                                                                                                        ; 7 (0)               ; 0 (0)                     ; 0           ; 0            ; 0       ; 0         ; 0    ; 0            ; |MKRVIDOR4000_top|eco_nn_top:uut|neuron:hidden_layer[11].h_neuron|lpm_mult:Mult3|multcore:mult_core|mpar_add:padder                                                                                                                                                                                                                                          ; mpar_add                          ; work         ;
;                   |lpm_add_sub:adder[0]|                                                                                                ; 7 (0)               ; 0 (0)                     ; 0           ; 0            ; 0       ; 0         ; 0    ; 0            ; |MKRVIDOR4000_top|eco_nn_top:uut|neuron:hidden_layer[11].h_neuron|lpm_mult:Mult3|multcore:mult_core|mpar_add:padder|lpm_add_sub:adder[0]                                                                                                                                                                                                                     ; lpm_add_sub                       ; work         ;
;                      |add_sub_qih:auto_generated|                                                                                       ; 7 (7)               ; 0 (0)                     ; 0           ; 0            ; 0       ; 0         ; 0    ; 0            ; |MKRVIDOR4000_top|eco_nn_top:uut|neuron:hidden_layer[11].h_neuron|lpm_mult:Mult3|multcore:mult_core|mpar_add:padder|lpm_add_sub:adder[0]|add_sub_qih:auto_generated                                                                                                                                                                                          ; add_sub_qih                       ; work         ;
;          |lpm_mult:Mult7|                                                                                                               ; 7 (0)               ; 0 (0)                     ; 0           ; 0            ; 0       ; 0         ; 0    ; 0            ; |MKRVIDOR4000_top|eco_nn_top:uut|neuron:hidden_layer[11].h_neuron|lpm_mult:Mult7                                                                                                                                                                                                                                                                             ; lpm_mult                          ; work         ;
;             |multcore:mult_core|                                                                                                        ; 7 (0)               ; 0 (0)                     ; 0           ; 0            ; 0       ; 0         ; 0    ; 0            ; |MKRVIDOR4000_top|eco_nn_top:uut|neuron:hidden_layer[11].h_neuron|lpm_mult:Mult7|multcore:mult_core                                                                                                                                                                                                                                                          ; multcore                          ; work         ;
;                |mpar_add:padder|                                                                                                        ; 7 (0)               ; 0 (0)                     ; 0           ; 0            ; 0       ; 0         ; 0    ; 0            ; |MKRVIDOR4000_top|eco_nn_top:uut|neuron:hidden_layer[11].h_neuron|lpm_mult:Mult7|multcore:mult_core|mpar_add:padder                                                                                                                                                                                                                                          ; mpar_add                          ; work         ;
;                   |lpm_add_sub:adder[0]|                                                                                                ; 7 (0)               ; 0 (0)                     ; 0           ; 0            ; 0       ; 0         ; 0    ; 0            ; |MKRVIDOR4000_top|eco_nn_top:uut|neuron:hidden_layer[11].h_neuron|lpm_mult:Mult7|multcore:mult_core|mpar_add:padder|lpm_add_sub:adder[0]                                                                                                                                                                                                                     ; lpm_add_sub                       ; work         ;
;                      |add_sub_pih:auto_generated|                                                                                       ; 7 (7)               ; 0 (0)                     ; 0           ; 0            ; 0       ; 0         ; 0    ; 0            ; |MKRVIDOR4000_top|eco_nn_top:uut|neuron:hidden_layer[11].h_neuron|lpm_mult:Mult7|multcore:mult_core|mpar_add:padder|lpm_add_sub:adder[0]|add_sub_pih:auto_generated                                                                                                                                                                                          ; add_sub_pih                       ; work         ;
;       |neuron:hidden_layer[12].h_neuron|                                                                                                ; 108 (89)            ; 6 (6)                     ; 0           ; 0            ; 0       ; 0         ; 0    ; 0            ; |MKRVIDOR4000_top|eco_nn_top:uut|neuron:hidden_layer[12].h_neuron                                                                                                                                                                                                                                                                                            ; neuron                            ; work         ;
;          |lpm_mult:Mult3|                                                                                                               ; 6 (0)               ; 0 (0)                     ; 0           ; 0            ; 0       ; 0         ; 0    ; 0            ; |MKRVIDOR4000_top|eco_nn_top:uut|neuron:hidden_layer[12].h_neuron|lpm_mult:Mult3                                                                                                                                                                                                                                                                             ; lpm_mult                          ; work         ;
;             |multcore:mult_core|                                                                                                        ; 6 (1)               ; 0 (0)                     ; 0           ; 0            ; 0       ; 0         ; 0    ; 0            ; |MKRVIDOR4000_top|eco_nn_top:uut|neuron:hidden_layer[12].h_neuron|lpm_mult:Mult3|multcore:mult_core                                                                                                                                                                                                                                                          ; multcore                          ; work         ;
;                |mpar_add:padder|                                                                                                        ; 5 (0)               ; 0 (0)                     ; 0           ; 0            ; 0       ; 0         ; 0    ; 0            ; |MKRVIDOR4000_top|eco_nn_top:uut|neuron:hidden_layer[12].h_neuron|lpm_mult:Mult3|multcore:mult_core|mpar_add:padder                                                                                                                                                                                                                                          ; mpar_add                          ; work         ;
;                   |lpm_add_sub:adder[0]|                                                                                                ; 5 (0)               ; 0 (0)                     ; 0           ; 0            ; 0       ; 0         ; 0    ; 0            ; |MKRVIDOR4000_top|eco_nn_top:uut|neuron:hidden_layer[12].h_neuron|lpm_mult:Mult3|multcore:mult_core|mpar_add:padder|lpm_add_sub:adder[0]                                                                                                                                                                                                                     ; lpm_add_sub                       ; work         ;
;                      |add_sub_qih:auto_generated|                                                                                       ; 5 (5)               ; 0 (0)                     ; 0           ; 0            ; 0       ; 0         ; 0    ; 0            ; |MKRVIDOR4000_top|eco_nn_top:uut|neuron:hidden_layer[12].h_neuron|lpm_mult:Mult3|multcore:mult_core|mpar_add:padder|lpm_add_sub:adder[0]|add_sub_qih:auto_generated                                                                                                                                                                                          ; add_sub_qih                       ; work         ;
;          |lpm_mult:Mult4|                                                                                                               ; 13 (0)              ; 0 (0)                     ; 0           ; 0            ; 0       ; 0         ; 0    ; 0            ; |MKRVIDOR4000_top|eco_nn_top:uut|neuron:hidden_layer[12].h_neuron|lpm_mult:Mult4                                                                                                                                                                                                                                                                             ; lpm_mult                          ; work         ;
;             |multcore:mult_core|                                                                                                        ; 13 (5)              ; 0 (0)                     ; 0           ; 0            ; 0       ; 0         ; 0    ; 0            ; |MKRVIDOR4000_top|eco_nn_top:uut|neuron:hidden_layer[12].h_neuron|lpm_mult:Mult4|multcore:mult_core                                                                                                                                                                                                                                                          ; multcore                          ; work         ;
;                |mpar_add:padder|                                                                                                        ; 8 (0)               ; 0 (0)                     ; 0           ; 0            ; 0       ; 0         ; 0    ; 0            ; |MKRVIDOR4000_top|eco_nn_top:uut|neuron:hidden_layer[12].h_neuron|lpm_mult:Mult4|multcore:mult_core|mpar_add:padder                                                                                                                                                                                                                                          ; mpar_add                          ; work         ;
;                   |lpm_add_sub:adder[0]|                                                                                                ; 8 (0)               ; 0 (0)                     ; 0           ; 0            ; 0       ; 0         ; 0    ; 0            ; |MKRVIDOR4000_top|eco_nn_top:uut|neuron:hidden_layer[12].h_neuron|lpm_mult:Mult4|multcore:mult_core|mpar_add:padder|lpm_add_sub:adder[0]                                                                                                                                                                                                                     ; lpm_add_sub                       ; work         ;
;                      |add_sub_qih:auto_generated|                                                                                       ; 8 (8)               ; 0 (0)                     ; 0           ; 0            ; 0       ; 0         ; 0    ; 0            ; |MKRVIDOR4000_top|eco_nn_top:uut|neuron:hidden_layer[12].h_neuron|lpm_mult:Mult4|multcore:mult_core|mpar_add:padder|lpm_add_sub:adder[0]|add_sub_qih:auto_generated                                                                                                                                                                                          ; add_sub_qih                       ; work         ;
;       |neuron:hidden_layer[13].h_neuron|                                                                                                ; 104 (59)            ; 8 (8)                     ; 0           ; 0            ; 0       ; 0         ; 0    ; 0            ; |MKRVIDOR4000_top|eco_nn_top:uut|neuron:hidden_layer[13].h_neuron                                                                                                                                                                                                                                                                                            ; neuron                            ; work         ;
;          |lpm_mult:Mult1|                                                                                                               ; 8 (0)               ; 0 (0)                     ; 0           ; 0            ; 0       ; 0         ; 0    ; 0            ; |MKRVIDOR4000_top|eco_nn_top:uut|neuron:hidden_layer[13].h_neuron|lpm_mult:Mult1                                                                                                                                                                                                                                                                             ; lpm_mult                          ; work         ;
;             |multcore:mult_core|                                                                                                        ; 8 (1)               ; 0 (0)                     ; 0           ; 0            ; 0       ; 0         ; 0    ; 0            ; |MKRVIDOR4000_top|eco_nn_top:uut|neuron:hidden_layer[13].h_neuron|lpm_mult:Mult1|multcore:mult_core                                                                                                                                                                                                                                                          ; multcore                          ; work         ;
;                |mpar_add:padder|                                                                                                        ; 7 (0)               ; 0 (0)                     ; 0           ; 0            ; 0       ; 0         ; 0    ; 0            ; |MKRVIDOR4000_top|eco_nn_top:uut|neuron:hidden_layer[13].h_neuron|lpm_mult:Mult1|multcore:mult_core|mpar_add:padder                                                                                                                                                                                                                                          ; mpar_add                          ; work         ;
;                   |lpm_add_sub:adder[0]|                                                                                                ; 7 (0)               ; 0 (0)                     ; 0           ; 0            ; 0       ; 0         ; 0    ; 0            ; |MKRVIDOR4000_top|eco_nn_top:uut|neuron:hidden_layer[13].h_neuron|lpm_mult:Mult1|multcore:mult_core|mpar_add:padder|lpm_add_sub:adder[0]                                                                                                                                                                                                                     ; lpm_add_sub                       ; work         ;
;                      |add_sub_qih:auto_generated|                                                                                       ; 7 (7)               ; 0 (0)                     ; 0           ; 0            ; 0       ; 0         ; 0    ; 0            ; |MKRVIDOR4000_top|eco_nn_top:uut|neuron:hidden_layer[13].h_neuron|lpm_mult:Mult1|multcore:mult_core|mpar_add:padder|lpm_add_sub:adder[0]|add_sub_qih:auto_generated                                                                                                                                                                                          ; add_sub_qih                       ; work         ;
;          |lpm_mult:Mult2|                                                                                                               ; 8 (0)               ; 0 (0)                     ; 0           ; 0            ; 0       ; 0         ; 0    ; 0            ; |MKRVIDOR4000_top|eco_nn_top:uut|neuron:hidden_layer[13].h_neuron|lpm_mult:Mult2                                                                                                                                                                                                                                                                             ; lpm_mult                          ; work         ;
;             |multcore:mult_core|                                                                                                        ; 8 (1)               ; 0 (0)                     ; 0           ; 0            ; 0       ; 0         ; 0    ; 0            ; |MKRVIDOR4000_top|eco_nn_top:uut|neuron:hidden_layer[13].h_neuron|lpm_mult:Mult2|multcore:mult_core                                                                                                                                                                                                                                                          ; multcore                          ; work         ;
;                |mpar_add:padder|                                                                                                        ; 7 (0)               ; 0 (0)                     ; 0           ; 0            ; 0       ; 0         ; 0    ; 0            ; |MKRVIDOR4000_top|eco_nn_top:uut|neuron:hidden_layer[13].h_neuron|lpm_mult:Mult2|multcore:mult_core|mpar_add:padder                                                                                                                                                                                                                                          ; mpar_add                          ; work         ;
;                   |lpm_add_sub:adder[0]|                                                                                                ; 7 (0)               ; 0 (0)                     ; 0           ; 0            ; 0       ; 0         ; 0    ; 0            ; |MKRVIDOR4000_top|eco_nn_top:uut|neuron:hidden_layer[13].h_neuron|lpm_mult:Mult2|multcore:mult_core|mpar_add:padder|lpm_add_sub:adder[0]                                                                                                                                                                                                                     ; lpm_add_sub                       ; work         ;
;                      |add_sub_qih:auto_generated|                                                                                       ; 7 (7)               ; 0 (0)                     ; 0           ; 0            ; 0       ; 0         ; 0    ; 0            ; |MKRVIDOR4000_top|eco_nn_top:uut|neuron:hidden_layer[13].h_neuron|lpm_mult:Mult2|multcore:mult_core|mpar_add:padder|lpm_add_sub:adder[0]|add_sub_qih:auto_generated                                                                                                                                                                                          ; add_sub_qih                       ; work         ;
;          |lpm_mult:Mult3|                                                                                                               ; 15 (0)              ; 0 (0)                     ; 0           ; 0            ; 0       ; 0         ; 0    ; 0            ; |MKRVIDOR4000_top|eco_nn_top:uut|neuron:hidden_layer[13].h_neuron|lpm_mult:Mult3                                                                                                                                                                                                                                                                             ; lpm_mult                          ; work         ;
;             |multcore:mult_core|                                                                                                        ; 15 (7)              ; 0 (0)                     ; 0           ; 0            ; 0       ; 0         ; 0    ; 0            ; |MKRVIDOR4000_top|eco_nn_top:uut|neuron:hidden_layer[13].h_neuron|lpm_mult:Mult3|multcore:mult_core                                                                                                                                                                                                                                                          ; multcore                          ; work         ;
;                |mpar_add:padder|                                                                                                        ; 8 (0)               ; 0 (0)                     ; 0           ; 0            ; 0       ; 0         ; 0    ; 0            ; |MKRVIDOR4000_top|eco_nn_top:uut|neuron:hidden_layer[13].h_neuron|lpm_mult:Mult3|multcore:mult_core|mpar_add:padder                                                                                                                                                                                                                                          ; mpar_add                          ; work         ;
;                   |lpm_add_sub:adder[0]|                                                                                                ; 8 (0)               ; 0 (0)                     ; 0           ; 0            ; 0       ; 0         ; 0    ; 0            ; |MKRVIDOR4000_top|eco_nn_top:uut|neuron:hidden_layer[13].h_neuron|lpm_mult:Mult3|multcore:mult_core|mpar_add:padder|lpm_add_sub:adder[0]                                                                                                                                                                                                                     ; lpm_add_sub                       ; work         ;
;                      |add_sub_qih:auto_generated|                                                                                       ; 8 (8)               ; 0 (0)                     ; 0           ; 0            ; 0       ; 0         ; 0    ; 0            ; |MKRVIDOR4000_top|eco_nn_top:uut|neuron:hidden_layer[13].h_neuron|lpm_mult:Mult3|multcore:mult_core|mpar_add:padder|lpm_add_sub:adder[0]|add_sub_qih:auto_generated                                                                                                                                                                                          ; add_sub_qih                       ; work         ;
;          |lpm_mult:Mult7|                                                                                                               ; 14 (0)              ; 0 (0)                     ; 0           ; 0            ; 0       ; 0         ; 0    ; 0            ; |MKRVIDOR4000_top|eco_nn_top:uut|neuron:hidden_layer[13].h_neuron|lpm_mult:Mult7                                                                                                                                                                                                                                                                             ; lpm_mult                          ; work         ;
;             |multcore:mult_core|                                                                                                        ; 14 (7)              ; 0 (0)                     ; 0           ; 0            ; 0       ; 0         ; 0    ; 0            ; |MKRVIDOR4000_top|eco_nn_top:uut|neuron:hidden_layer[13].h_neuron|lpm_mult:Mult7|multcore:mult_core                                                                                                                                                                                                                                                          ; multcore                          ; work         ;
;                |mpar_add:padder|                                                                                                        ; 7 (0)               ; 0 (0)                     ; 0           ; 0            ; 0       ; 0         ; 0    ; 0            ; |MKRVIDOR4000_top|eco_nn_top:uut|neuron:hidden_layer[13].h_neuron|lpm_mult:Mult7|multcore:mult_core|mpar_add:padder                                                                                                                                                                                                                                          ; mpar_add                          ; work         ;
;                   |lpm_add_sub:adder[0]|                                                                                                ; 7 (0)               ; 0 (0)                     ; 0           ; 0            ; 0       ; 0         ; 0    ; 0            ; |MKRVIDOR4000_top|eco_nn_top:uut|neuron:hidden_layer[13].h_neuron|lpm_mult:Mult7|multcore:mult_core|mpar_add:padder|lpm_add_sub:adder[0]                                                                                                                                                                                                                     ; lpm_add_sub                       ; work         ;
;                      |add_sub_qih:auto_generated|                                                                                       ; 7 (7)               ; 0 (0)                     ; 0           ; 0            ; 0       ; 0         ; 0    ; 0            ; |MKRVIDOR4000_top|eco_nn_top:uut|neuron:hidden_layer[13].h_neuron|lpm_mult:Mult7|multcore:mult_core|mpar_add:padder|lpm_add_sub:adder[0]|add_sub_qih:auto_generated                                                                                                                                                                                          ; add_sub_qih                       ; work         ;
;       |neuron:hidden_layer[14].h_neuron|                                                                                                ; 131 (79)            ; 8 (8)                     ; 0           ; 0            ; 0       ; 0         ; 0    ; 0            ; |MKRVIDOR4000_top|eco_nn_top:uut|neuron:hidden_layer[14].h_neuron                                                                                                                                                                                                                                                                                            ; neuron                            ; work         ;
;          |lpm_mult:Mult0|                                                                                                               ; 13 (0)              ; 0 (0)                     ; 0           ; 0            ; 0       ; 0         ; 0    ; 0            ; |MKRVIDOR4000_top|eco_nn_top:uut|neuron:hidden_layer[14].h_neuron|lpm_mult:Mult0                                                                                                                                                                                                                                                                             ; lpm_mult                          ; work         ;
;             |multcore:mult_core|                                                                                                        ; 13 (5)              ; 0 (0)                     ; 0           ; 0            ; 0       ; 0         ; 0    ; 0            ; |MKRVIDOR4000_top|eco_nn_top:uut|neuron:hidden_layer[14].h_neuron|lpm_mult:Mult0|multcore:mult_core                                                                                                                                                                                                                                                          ; multcore                          ; work         ;
;                |mpar_add:padder|                                                                                                        ; 8 (0)               ; 0 (0)                     ; 0           ; 0            ; 0       ; 0         ; 0    ; 0            ; |MKRVIDOR4000_top|eco_nn_top:uut|neuron:hidden_layer[14].h_neuron|lpm_mult:Mult0|multcore:mult_core|mpar_add:padder                                                                                                                                                                                                                                          ; mpar_add                          ; work         ;
;                   |lpm_add_sub:adder[0]|                                                                                                ; 8 (0)               ; 0 (0)                     ; 0           ; 0            ; 0       ; 0         ; 0    ; 0            ; |MKRVIDOR4000_top|eco_nn_top:uut|neuron:hidden_layer[14].h_neuron|lpm_mult:Mult0|multcore:mult_core|mpar_add:padder|lpm_add_sub:adder[0]                                                                                                                                                                                                                     ; lpm_add_sub                       ; work         ;
;                      |add_sub_qih:auto_generated|                                                                                       ; 8 (8)               ; 0 (0)                     ; 0           ; 0            ; 0       ; 0         ; 0    ; 0            ; |MKRVIDOR4000_top|eco_nn_top:uut|neuron:hidden_layer[14].h_neuron|lpm_mult:Mult0|multcore:mult_core|mpar_add:padder|lpm_add_sub:adder[0]|add_sub_qih:auto_generated                                                                                                                                                                                          ; add_sub_qih                       ; work         ;
;          |lpm_mult:Mult1|                                                                                                               ; 8 (0)               ; 0 (0)                     ; 0           ; 0            ; 0       ; 0         ; 0    ; 0            ; |MKRVIDOR4000_top|eco_nn_top:uut|neuron:hidden_layer[14].h_neuron|lpm_mult:Mult1                                                                                                                                                                                                                                                                             ; lpm_mult                          ; work         ;
;             |multcore:mult_core|                                                                                                        ; 8 (1)               ; 0 (0)                     ; 0           ; 0            ; 0       ; 0         ; 0    ; 0            ; |MKRVIDOR4000_top|eco_nn_top:uut|neuron:hidden_layer[14].h_neuron|lpm_mult:Mult1|multcore:mult_core                                                                                                                                                                                                                                                          ; multcore                          ; work         ;
;                |mpar_add:padder|                                                                                                        ; 7 (0)               ; 0 (0)                     ; 0           ; 0            ; 0       ; 0         ; 0    ; 0            ; |MKRVIDOR4000_top|eco_nn_top:uut|neuron:hidden_layer[14].h_neuron|lpm_mult:Mult1|multcore:mult_core|mpar_add:padder                                                                                                                                                                                                                                          ; mpar_add                          ; work         ;
;                   |lpm_add_sub:adder[0]|                                                                                                ; 7 (0)               ; 0 (0)                     ; 0           ; 0            ; 0       ; 0         ; 0    ; 0            ; |MKRVIDOR4000_top|eco_nn_top:uut|neuron:hidden_layer[14].h_neuron|lpm_mult:Mult1|multcore:mult_core|mpar_add:padder|lpm_add_sub:adder[0]                                                                                                                                                                                                                     ; lpm_add_sub                       ; work         ;
;                      |add_sub_qih:auto_generated|                                                                                       ; 7 (7)               ; 0 (0)                     ; 0           ; 0            ; 0       ; 0         ; 0    ; 0            ; |MKRVIDOR4000_top|eco_nn_top:uut|neuron:hidden_layer[14].h_neuron|lpm_mult:Mult1|multcore:mult_core|mpar_add:padder|lpm_add_sub:adder[0]|add_sub_qih:auto_generated                                                                                                                                                                                          ; add_sub_qih                       ; work         ;
;          |lpm_mult:Mult4|                                                                                                               ; 6 (0)               ; 0 (0)                     ; 0           ; 0            ; 0       ; 0         ; 0    ; 0            ; |MKRVIDOR4000_top|eco_nn_top:uut|neuron:hidden_layer[14].h_neuron|lpm_mult:Mult4                                                                                                                                                                                                                                                                             ; lpm_mult                          ; work         ;
;             |multcore:mult_core|                                                                                                        ; 6 (1)               ; 0 (0)                     ; 0           ; 0            ; 0       ; 0         ; 0    ; 0            ; |MKRVIDOR4000_top|eco_nn_top:uut|neuron:hidden_layer[14].h_neuron|lpm_mult:Mult4|multcore:mult_core                                                                                                                                                                                                                                                          ; multcore                          ; work         ;
;                |mpar_add:padder|                                                                                                        ; 5 (0)               ; 0 (0)                     ; 0           ; 0            ; 0       ; 0         ; 0    ; 0            ; |MKRVIDOR4000_top|eco_nn_top:uut|neuron:hidden_layer[14].h_neuron|lpm_mult:Mult4|multcore:mult_core|mpar_add:padder                                                                                                                                                                                                                                          ; mpar_add                          ; work         ;
;                   |lpm_add_sub:adder[0]|                                                                                                ; 5 (0)               ; 0 (0)                     ; 0           ; 0            ; 0       ; 0         ; 0    ; 0            ; |MKRVIDOR4000_top|eco_nn_top:uut|neuron:hidden_layer[14].h_neuron|lpm_mult:Mult4|multcore:mult_core|mpar_add:padder|lpm_add_sub:adder[0]                                                                                                                                                                                                                     ; lpm_add_sub                       ; work         ;
;                      |add_sub_pih:auto_generated|                                                                                       ; 5 (5)               ; 0 (0)                     ; 0           ; 0            ; 0       ; 0         ; 0    ; 0            ; |MKRVIDOR4000_top|eco_nn_top:uut|neuron:hidden_layer[14].h_neuron|lpm_mult:Mult4|multcore:mult_core|mpar_add:padder|lpm_add_sub:adder[0]|add_sub_pih:auto_generated                                                                                                                                                                                          ; add_sub_pih                       ; work         ;
;          |lpm_mult:Mult5|                                                                                                               ; 14 (0)              ; 0 (0)                     ; 0           ; 0            ; 0       ; 0         ; 0    ; 0            ; |MKRVIDOR4000_top|eco_nn_top:uut|neuron:hidden_layer[14].h_neuron|lpm_mult:Mult5                                                                                                                                                                                                                                                                             ; lpm_mult                          ; work         ;
;             |multcore:mult_core|                                                                                                        ; 14 (7)              ; 0 (0)                     ; 0           ; 0            ; 0       ; 0         ; 0    ; 0            ; |MKRVIDOR4000_top|eco_nn_top:uut|neuron:hidden_layer[14].h_neuron|lpm_mult:Mult5|multcore:mult_core                                                                                                                                                                                                                                                          ; multcore                          ; work         ;
;                |mpar_add:padder|                                                                                                        ; 7 (0)               ; 0 (0)                     ; 0           ; 0            ; 0       ; 0         ; 0    ; 0            ; |MKRVIDOR4000_top|eco_nn_top:uut|neuron:hidden_layer[14].h_neuron|lpm_mult:Mult5|multcore:mult_core|mpar_add:padder                                                                                                                                                                                                                                          ; mpar_add                          ; work         ;
;                   |lpm_add_sub:adder[0]|                                                                                                ; 7 (0)               ; 0 (0)                     ; 0           ; 0            ; 0       ; 0         ; 0    ; 0            ; |MKRVIDOR4000_top|eco_nn_top:uut|neuron:hidden_layer[14].h_neuron|lpm_mult:Mult5|multcore:mult_core|mpar_add:padder|lpm_add_sub:adder[0]                                                                                                                                                                                                                     ; lpm_add_sub                       ; work         ;
;                      |add_sub_qih:auto_generated|                                                                                       ; 7 (7)               ; 0 (0)                     ; 0           ; 0            ; 0       ; 0         ; 0    ; 0            ; |MKRVIDOR4000_top|eco_nn_top:uut|neuron:hidden_layer[14].h_neuron|lpm_mult:Mult5|multcore:mult_core|mpar_add:padder|lpm_add_sub:adder[0]|add_sub_qih:auto_generated                                                                                                                                                                                          ; add_sub_qih                       ; work         ;
;          |lpm_mult:Mult6|                                                                                                               ; 11 (0)              ; 0 (0)                     ; 0           ; 0            ; 0       ; 0         ; 0    ; 0            ; |MKRVIDOR4000_top|eco_nn_top:uut|neuron:hidden_layer[14].h_neuron|lpm_mult:Mult6                                                                                                                                                                                                                                                                             ; lpm_mult                          ; work         ;
;             |multcore:mult_core|                                                                                                        ; 11 (6)              ; 0 (0)                     ; 0           ; 0            ; 0       ; 0         ; 0    ; 0            ; |MKRVIDOR4000_top|eco_nn_top:uut|neuron:hidden_layer[14].h_neuron|lpm_mult:Mult6|multcore:mult_core                                                                                                                                                                                                                                                          ; multcore                          ; work         ;
;                |mpar_add:padder|                                                                                                        ; 5 (0)               ; 0 (0)                     ; 0           ; 0            ; 0       ; 0         ; 0    ; 0            ; |MKRVIDOR4000_top|eco_nn_top:uut|neuron:hidden_layer[14].h_neuron|lpm_mult:Mult6|multcore:mult_core|mpar_add:padder                                                                                                                                                                                                                                          ; mpar_add                          ; work         ;
;                   |lpm_add_sub:adder[0]|                                                                                                ; 5 (0)               ; 0 (0)                     ; 0           ; 0            ; 0       ; 0         ; 0    ; 0            ; |MKRVIDOR4000_top|eco_nn_top:uut|neuron:hidden_layer[14].h_neuron|lpm_mult:Mult6|multcore:mult_core|mpar_add:padder|lpm_add_sub:adder[0]                                                                                                                                                                                                                     ; lpm_add_sub                       ; work         ;
;                      |add_sub_oih:auto_generated|                                                                                       ; 5 (5)               ; 0 (0)                     ; 0           ; 0            ; 0       ; 0         ; 0    ; 0            ; |MKRVIDOR4000_top|eco_nn_top:uut|neuron:hidden_layer[14].h_neuron|lpm_mult:Mult6|multcore:mult_core|mpar_add:padder|lpm_add_sub:adder[0]|add_sub_oih:auto_generated                                                                                                                                                                                          ; add_sub_oih                       ; work         ;
;       |neuron:hidden_layer[15].h_neuron|                                                                                                ; 101 (75)            ; 8 (8)                     ; 0           ; 0            ; 0       ; 0         ; 0    ; 0            ; |MKRVIDOR4000_top|eco_nn_top:uut|neuron:hidden_layer[15].h_neuron                                                                                                                                                                                                                                                                                            ; neuron                            ; work         ;
;          |lpm_mult:Mult1|                                                                                                               ; 15 (0)              ; 0 (0)                     ; 0           ; 0            ; 0       ; 0         ; 0    ; 0            ; |MKRVIDOR4000_top|eco_nn_top:uut|neuron:hidden_layer[15].h_neuron|lpm_mult:Mult1                                                                                                                                                                                                                                                                             ; lpm_mult                          ; work         ;
;             |multcore:mult_core|                                                                                                        ; 15 (7)              ; 0 (0)                     ; 0           ; 0            ; 0       ; 0         ; 0    ; 0            ; |MKRVIDOR4000_top|eco_nn_top:uut|neuron:hidden_layer[15].h_neuron|lpm_mult:Mult1|multcore:mult_core                                                                                                                                                                                                                                                          ; multcore                          ; work         ;
;                |mpar_add:padder|                                                                                                        ; 8 (0)               ; 0 (0)                     ; 0           ; 0            ; 0       ; 0         ; 0    ; 0            ; |MKRVIDOR4000_top|eco_nn_top:uut|neuron:hidden_layer[15].h_neuron|lpm_mult:Mult1|multcore:mult_core|mpar_add:padder                                                                                                                                                                                                                                          ; mpar_add                          ; work         ;
;                   |lpm_add_sub:adder[0]|                                                                                                ; 8 (0)               ; 0 (0)                     ; 0           ; 0            ; 0       ; 0         ; 0    ; 0            ; |MKRVIDOR4000_top|eco_nn_top:uut|neuron:hidden_layer[15].h_neuron|lpm_mult:Mult1|multcore:mult_core|mpar_add:padder|lpm_add_sub:adder[0]                                                                                                                                                                                                                     ; lpm_add_sub                       ; work         ;
;                      |add_sub_qih:auto_generated|                                                                                       ; 8 (8)               ; 0 (0)                     ; 0           ; 0            ; 0       ; 0         ; 0    ; 0            ; |MKRVIDOR4000_top|eco_nn_top:uut|neuron:hidden_layer[15].h_neuron|lpm_mult:Mult1|multcore:mult_core|mpar_add:padder|lpm_add_sub:adder[0]|add_sub_qih:auto_generated                                                                                                                                                                                          ; add_sub_qih                       ; work         ;
;          |lpm_mult:Mult3|                                                                                                               ; 11 (0)              ; 0 (0)                     ; 0           ; 0            ; 0       ; 0         ; 0    ; 0            ; |MKRVIDOR4000_top|eco_nn_top:uut|neuron:hidden_layer[15].h_neuron|lpm_mult:Mult3                                                                                                                                                                                                                                                                             ; lpm_mult                          ; work         ;
;             |multcore:mult_core|                                                                                                        ; 11 (4)              ; 0 (0)                     ; 0           ; 0            ; 0       ; 0         ; 0    ; 0            ; |MKRVIDOR4000_top|eco_nn_top:uut|neuron:hidden_layer[15].h_neuron|lpm_mult:Mult3|multcore:mult_core                                                                                                                                                                                                                                                          ; multcore                          ; work         ;
;                |mpar_add:padder|                                                                                                        ; 7 (0)               ; 0 (0)                     ; 0           ; 0            ; 0       ; 0         ; 0    ; 0            ; |MKRVIDOR4000_top|eco_nn_top:uut|neuron:hidden_layer[15].h_neuron|lpm_mult:Mult3|multcore:mult_core|mpar_add:padder                                                                                                                                                                                                                                          ; mpar_add                          ; work         ;
;                   |lpm_add_sub:adder[0]|                                                                                                ; 7 (0)               ; 0 (0)                     ; 0           ; 0            ; 0       ; 0         ; 0    ; 0            ; |MKRVIDOR4000_top|eco_nn_top:uut|neuron:hidden_layer[15].h_neuron|lpm_mult:Mult3|multcore:mult_core|mpar_add:padder|lpm_add_sub:adder[0]                                                                                                                                                                                                                     ; lpm_add_sub                       ; work         ;
;                      |add_sub_pih:auto_generated|                                                                                       ; 7 (7)               ; 0 (0)                     ; 0           ; 0            ; 0       ; 0         ; 0    ; 0            ; |MKRVIDOR4000_top|eco_nn_top:uut|neuron:hidden_layer[15].h_neuron|lpm_mult:Mult3|multcore:mult_core|mpar_add:padder|lpm_add_sub:adder[0]|add_sub_pih:auto_generated                                                                                                                                                                                          ; add_sub_pih                       ; work         ;
;       |neuron:hidden_layer[1].h_neuron|                                                                                                 ; 164 (89)            ; 8 (8)                     ; 0           ; 0            ; 0       ; 0         ; 0    ; 0            ; |MKRVIDOR4000_top|eco_nn_top:uut|neuron:hidden_layer[1].h_neuron                                                                                                                                                                                                                                                                                             ; neuron                            ; work         ;
;          |lpm_mult:Mult0|                                                                                                               ; 14 (0)              ; 0 (0)                     ; 0           ; 0            ; 0       ; 0         ; 0    ; 0            ; |MKRVIDOR4000_top|eco_nn_top:uut|neuron:hidden_layer[1].h_neuron|lpm_mult:Mult0                                                                                                                                                                                                                                                                              ; lpm_mult                          ; work         ;
;             |multcore:mult_core|                                                                                                        ; 14 (7)              ; 0 (0)                     ; 0           ; 0            ; 0       ; 0         ; 0    ; 0            ; |MKRVIDOR4000_top|eco_nn_top:uut|neuron:hidden_layer[1].h_neuron|lpm_mult:Mult0|multcore:mult_core                                                                                                                                                                                                                                                           ; multcore                          ; work         ;
;                |mpar_add:padder|                                                                                                        ; 7 (0)               ; 0 (0)                     ; 0           ; 0            ; 0       ; 0         ; 0    ; 0            ; |MKRVIDOR4000_top|eco_nn_top:uut|neuron:hidden_layer[1].h_neuron|lpm_mult:Mult0|multcore:mult_core|mpar_add:padder                                                                                                                                                                                                                                           ; mpar_add                          ; work         ;
;                   |lpm_add_sub:adder[0]|                                                                                                ; 7 (0)               ; 0 (0)                     ; 0           ; 0            ; 0       ; 0         ; 0    ; 0            ; |MKRVIDOR4000_top|eco_nn_top:uut|neuron:hidden_layer[1].h_neuron|lpm_mult:Mult0|multcore:mult_core|mpar_add:padder|lpm_add_sub:adder[0]                                                                                                                                                                                                                      ; lpm_add_sub                       ; work         ;
;                      |add_sub_pih:auto_generated|                                                                                       ; 7 (7)               ; 0 (0)                     ; 0           ; 0            ; 0       ; 0         ; 0    ; 0            ; |MKRVIDOR4000_top|eco_nn_top:uut|neuron:hidden_layer[1].h_neuron|lpm_mult:Mult0|multcore:mult_core|mpar_add:padder|lpm_add_sub:adder[0]|add_sub_pih:auto_generated                                                                                                                                                                                           ; add_sub_pih                       ; work         ;
;          |lpm_mult:Mult2|                                                                                                               ; 5 (0)               ; 0 (0)                     ; 0           ; 0            ; 0       ; 0         ; 0    ; 0            ; |MKRVIDOR4000_top|eco_nn_top:uut|neuron:hidden_layer[1].h_neuron|lpm_mult:Mult2                                                                                                                                                                                                                                                                              ; lpm_mult                          ; work         ;
;             |multcore:mult_core|                                                                                                        ; 5 (0)               ; 0 (0)                     ; 0           ; 0            ; 0       ; 0         ; 0    ; 0            ; |MKRVIDOR4000_top|eco_nn_top:uut|neuron:hidden_layer[1].h_neuron|lpm_mult:Mult2|multcore:mult_core                                                                                                                                                                                                                                                           ; multcore                          ; work         ;
;                |mpar_add:padder|                                                                                                        ; 5 (0)               ; 0 (0)                     ; 0           ; 0            ; 0       ; 0         ; 0    ; 0            ; |MKRVIDOR4000_top|eco_nn_top:uut|neuron:hidden_layer[1].h_neuron|lpm_mult:Mult2|multcore:mult_core|mpar_add:padder                                                                                                                                                                                                                                           ; mpar_add                          ; work         ;
;                   |lpm_add_sub:adder[0]|                                                                                                ; 5 (0)               ; 0 (0)                     ; 0           ; 0            ; 0       ; 0         ; 0    ; 0            ; |MKRVIDOR4000_top|eco_nn_top:uut|neuron:hidden_layer[1].h_neuron|lpm_mult:Mult2|multcore:mult_core|mpar_add:padder|lpm_add_sub:adder[0]                                                                                                                                                                                                                      ; lpm_add_sub                       ; work         ;
;                      |add_sub_oih:auto_generated|                                                                                       ; 5 (5)               ; 0 (0)                     ; 0           ; 0            ; 0       ; 0         ; 0    ; 0            ; |MKRVIDOR4000_top|eco_nn_top:uut|neuron:hidden_layer[1].h_neuron|lpm_mult:Mult2|multcore:mult_core|mpar_add:padder|lpm_add_sub:adder[0]|add_sub_oih:auto_generated                                                                                                                                                                                           ; add_sub_oih                       ; work         ;
;          |lpm_mult:Mult3|                                                                                                               ; 14 (0)              ; 0 (0)                     ; 0           ; 0            ; 0       ; 0         ; 0    ; 0            ; |MKRVIDOR4000_top|eco_nn_top:uut|neuron:hidden_layer[1].h_neuron|lpm_mult:Mult3                                                                                                                                                                                                                                                                              ; lpm_mult                          ; work         ;
;             |multcore:mult_core|                                                                                                        ; 14 (6)              ; 0 (0)                     ; 0           ; 0            ; 0       ; 0         ; 0    ; 0            ; |MKRVIDOR4000_top|eco_nn_top:uut|neuron:hidden_layer[1].h_neuron|lpm_mult:Mult3|multcore:mult_core                                                                                                                                                                                                                                                           ; multcore                          ; work         ;
;                |mpar_add:padder|                                                                                                        ; 8 (0)               ; 0 (0)                     ; 0           ; 0            ; 0       ; 0         ; 0    ; 0            ; |MKRVIDOR4000_top|eco_nn_top:uut|neuron:hidden_layer[1].h_neuron|lpm_mult:Mult3|multcore:mult_core|mpar_add:padder                                                                                                                                                                                                                                           ; mpar_add                          ; work         ;
;                   |lpm_add_sub:adder[0]|                                                                                                ; 8 (0)               ; 0 (0)                     ; 0           ; 0            ; 0       ; 0         ; 0    ; 0            ; |MKRVIDOR4000_top|eco_nn_top:uut|neuron:hidden_layer[1].h_neuron|lpm_mult:Mult3|multcore:mult_core|mpar_add:padder|lpm_add_sub:adder[0]                                                                                                                                                                                                                      ; lpm_add_sub                       ; work         ;
;                      |add_sub_qih:auto_generated|                                                                                       ; 8 (8)               ; 0 (0)                     ; 0           ; 0            ; 0       ; 0         ; 0    ; 0            ; |MKRVIDOR4000_top|eco_nn_top:uut|neuron:hidden_layer[1].h_neuron|lpm_mult:Mult3|multcore:mult_core|mpar_add:padder|lpm_add_sub:adder[0]|add_sub_qih:auto_generated                                                                                                                                                                                           ; add_sub_qih                       ; work         ;
;          |lpm_mult:Mult4|                                                                                                               ; 14 (0)              ; 0 (0)                     ; 0           ; 0            ; 0       ; 0         ; 0    ; 0            ; |MKRVIDOR4000_top|eco_nn_top:uut|neuron:hidden_layer[1].h_neuron|lpm_mult:Mult4                                                                                                                                                                                                                                                                              ; lpm_mult                          ; work         ;
;             |multcore:mult_core|                                                                                                        ; 14 (6)              ; 0 (0)                     ; 0           ; 0            ; 0       ; 0         ; 0    ; 0            ; |MKRVIDOR4000_top|eco_nn_top:uut|neuron:hidden_layer[1].h_neuron|lpm_mult:Mult4|multcore:mult_core                                                                                                                                                                                                                                                           ; multcore                          ; work         ;
;                |mpar_add:padder|                                                                                                        ; 8 (0)               ; 0 (0)                     ; 0           ; 0            ; 0       ; 0         ; 0    ; 0            ; |MKRVIDOR4000_top|eco_nn_top:uut|neuron:hidden_layer[1].h_neuron|lpm_mult:Mult4|multcore:mult_core|mpar_add:padder                                                                                                                                                                                                                                           ; mpar_add                          ; work         ;
;                   |lpm_add_sub:adder[0]|                                                                                                ; 8 (0)               ; 0 (0)                     ; 0           ; 0            ; 0       ; 0         ; 0    ; 0            ; |MKRVIDOR4000_top|eco_nn_top:uut|neuron:hidden_layer[1].h_neuron|lpm_mult:Mult4|multcore:mult_core|mpar_add:padder|lpm_add_sub:adder[0]                                                                                                                                                                                                                      ; lpm_add_sub                       ; work         ;
;                      |add_sub_qih:auto_generated|                                                                                       ; 8 (8)               ; 0 (0)                     ; 0           ; 0            ; 0       ; 0         ; 0    ; 0            ; |MKRVIDOR4000_top|eco_nn_top:uut|neuron:hidden_layer[1].h_neuron|lpm_mult:Mult4|multcore:mult_core|mpar_add:padder|lpm_add_sub:adder[0]|add_sub_qih:auto_generated                                                                                                                                                                                           ; add_sub_qih                       ; work         ;
;          |lpm_mult:Mult5|                                                                                                               ; 15 (0)              ; 0 (0)                     ; 0           ; 0            ; 0       ; 0         ; 0    ; 0            ; |MKRVIDOR4000_top|eco_nn_top:uut|neuron:hidden_layer[1].h_neuron|lpm_mult:Mult5                                                                                                                                                                                                                                                                              ; lpm_mult                          ; work         ;
;             |multcore:mult_core|                                                                                                        ; 15 (7)              ; 0 (0)                     ; 0           ; 0            ; 0       ; 0         ; 0    ; 0            ; |MKRVIDOR4000_top|eco_nn_top:uut|neuron:hidden_layer[1].h_neuron|lpm_mult:Mult5|multcore:mult_core                                                                                                                                                                                                                                                           ; multcore                          ; work         ;
;                |mpar_add:padder|                                                                                                        ; 8 (0)               ; 0 (0)                     ; 0           ; 0            ; 0       ; 0         ; 0    ; 0            ; |MKRVIDOR4000_top|eco_nn_top:uut|neuron:hidden_layer[1].h_neuron|lpm_mult:Mult5|multcore:mult_core|mpar_add:padder                                                                                                                                                                                                                                           ; mpar_add                          ; work         ;
;                   |lpm_add_sub:adder[0]|                                                                                                ; 8 (0)               ; 0 (0)                     ; 0           ; 0            ; 0       ; 0         ; 0    ; 0            ; |MKRVIDOR4000_top|eco_nn_top:uut|neuron:hidden_layer[1].h_neuron|lpm_mult:Mult5|multcore:mult_core|mpar_add:padder|lpm_add_sub:adder[0]                                                                                                                                                                                                                      ; lpm_add_sub                       ; work         ;
;                      |add_sub_qih:auto_generated|                                                                                       ; 8 (8)               ; 0 (0)                     ; 0           ; 0            ; 0       ; 0         ; 0    ; 0            ; |MKRVIDOR4000_top|eco_nn_top:uut|neuron:hidden_layer[1].h_neuron|lpm_mult:Mult5|multcore:mult_core|mpar_add:padder|lpm_add_sub:adder[0]|add_sub_qih:auto_generated                                                                                                                                                                                           ; add_sub_qih                       ; work         ;
;          |lpm_mult:Mult6|                                                                                                               ; 7 (0)               ; 0 (0)                     ; 0           ; 0            ; 0       ; 0         ; 0    ; 0            ; |MKRVIDOR4000_top|eco_nn_top:uut|neuron:hidden_layer[1].h_neuron|lpm_mult:Mult6                                                                                                                                                                                                                                                                              ; lpm_mult                          ; work         ;
;             |multcore:mult_core|                                                                                                        ; 7 (0)               ; 0 (0)                     ; 0           ; 0            ; 0       ; 0         ; 0    ; 0            ; |MKRVIDOR4000_top|eco_nn_top:uut|neuron:hidden_layer[1].h_neuron|lpm_mult:Mult6|multcore:mult_core                                                                                                                                                                                                                                                           ; multcore                          ; work         ;
;                |mpar_add:padder|                                                                                                        ; 7 (0)               ; 0 (0)                     ; 0           ; 0            ; 0       ; 0         ; 0    ; 0            ; |MKRVIDOR4000_top|eco_nn_top:uut|neuron:hidden_layer[1].h_neuron|lpm_mult:Mult6|multcore:mult_core|mpar_add:padder                                                                                                                                                                                                                                           ; mpar_add                          ; work         ;
;                   |lpm_add_sub:adder[0]|                                                                                                ; 7 (0)               ; 0 (0)                     ; 0           ; 0            ; 0       ; 0         ; 0    ; 0            ; |MKRVIDOR4000_top|eco_nn_top:uut|neuron:hidden_layer[1].h_neuron|lpm_mult:Mult6|multcore:mult_core|mpar_add:padder|lpm_add_sub:adder[0]                                                                                                                                                                                                                      ; lpm_add_sub                       ; work         ;
;                      |add_sub_pih:auto_generated|                                                                                       ; 7 (7)               ; 0 (0)                     ; 0           ; 0            ; 0       ; 0         ; 0    ; 0            ; |MKRVIDOR4000_top|eco_nn_top:uut|neuron:hidden_layer[1].h_neuron|lpm_mult:Mult6|multcore:mult_core|mpar_add:padder|lpm_add_sub:adder[0]|add_sub_pih:auto_generated                                                                                                                                                                                           ; add_sub_pih                       ; work         ;
;          |lpm_mult:Mult7|                                                                                                               ; 6 (0)               ; 0 (0)                     ; 0           ; 0            ; 0       ; 0         ; 0    ; 0            ; |MKRVIDOR4000_top|eco_nn_top:uut|neuron:hidden_layer[1].h_neuron|lpm_mult:Mult7                                                                                                                                                                                                                                                                              ; lpm_mult                          ; work         ;
;             |multcore:mult_core|                                                                                                        ; 6 (1)               ; 0 (0)                     ; 0           ; 0            ; 0       ; 0         ; 0    ; 0            ; |MKRVIDOR4000_top|eco_nn_top:uut|neuron:hidden_layer[1].h_neuron|lpm_mult:Mult7|multcore:mult_core                                                                                                                                                                                                                                                           ; multcore                          ; work         ;
;                |mpar_add:padder|                                                                                                        ; 5 (0)               ; 0 (0)                     ; 0           ; 0            ; 0       ; 0         ; 0    ; 0            ; |MKRVIDOR4000_top|eco_nn_top:uut|neuron:hidden_layer[1].h_neuron|lpm_mult:Mult7|multcore:mult_core|mpar_add:padder                                                                                                                                                                                                                                           ; mpar_add                          ; work         ;
;                   |lpm_add_sub:adder[0]|                                                                                                ; 5 (0)               ; 0 (0)                     ; 0           ; 0            ; 0       ; 0         ; 0    ; 0            ; |MKRVIDOR4000_top|eco_nn_top:uut|neuron:hidden_layer[1].h_neuron|lpm_mult:Mult7|multcore:mult_core|mpar_add:padder|lpm_add_sub:adder[0]                                                                                                                                                                                                                      ; lpm_add_sub                       ; work         ;
;                      |add_sub_pih:auto_generated|                                                                                       ; 5 (5)               ; 0 (0)                     ; 0           ; 0            ; 0       ; 0         ; 0    ; 0            ; |MKRVIDOR4000_top|eco_nn_top:uut|neuron:hidden_layer[1].h_neuron|lpm_mult:Mult7|multcore:mult_core|mpar_add:padder|lpm_add_sub:adder[0]|add_sub_pih:auto_generated                                                                                                                                                                                           ; add_sub_pih                       ; work         ;
;       |neuron:hidden_layer[2].h_neuron|                                                                                                 ; 110 (81)            ; 8 (8)                     ; 0           ; 0            ; 0       ; 0         ; 0    ; 0            ; |MKRVIDOR4000_top|eco_nn_top:uut|neuron:hidden_layer[2].h_neuron                                                                                                                                                                                                                                                                                             ; neuron                            ; work         ;
;          |lpm_mult:Mult0|                                                                                                               ; 16 (0)              ; 0 (0)                     ; 0           ; 0            ; 0       ; 0         ; 0    ; 0            ; |MKRVIDOR4000_top|eco_nn_top:uut|neuron:hidden_layer[2].h_neuron|lpm_mult:Mult0                                                                                                                                                                                                                                                                              ; lpm_mult                          ; work         ;
;             |multcore:mult_core|                                                                                                        ; 16 (8)              ; 0 (0)                     ; 0           ; 0            ; 0       ; 0         ; 0    ; 0            ; |MKRVIDOR4000_top|eco_nn_top:uut|neuron:hidden_layer[2].h_neuron|lpm_mult:Mult0|multcore:mult_core                                                                                                                                                                                                                                                           ; multcore                          ; work         ;
;                |mpar_add:padder|                                                                                                        ; 8 (0)               ; 0 (0)                     ; 0           ; 0            ; 0       ; 0         ; 0    ; 0            ; |MKRVIDOR4000_top|eco_nn_top:uut|neuron:hidden_layer[2].h_neuron|lpm_mult:Mult0|multcore:mult_core|mpar_add:padder                                                                                                                                                                                                                                           ; mpar_add                          ; work         ;
;                   |lpm_add_sub:adder[0]|                                                                                                ; 8 (0)               ; 0 (0)                     ; 0           ; 0            ; 0       ; 0         ; 0    ; 0            ; |MKRVIDOR4000_top|eco_nn_top:uut|neuron:hidden_layer[2].h_neuron|lpm_mult:Mult0|multcore:mult_core|mpar_add:padder|lpm_add_sub:adder[0]                                                                                                                                                                                                                      ; lpm_add_sub                       ; work         ;
;                      |add_sub_qih:auto_generated|                                                                                       ; 8 (8)               ; 0 (0)                     ; 0           ; 0            ; 0       ; 0         ; 0    ; 0            ; |MKRVIDOR4000_top|eco_nn_top:uut|neuron:hidden_layer[2].h_neuron|lpm_mult:Mult0|multcore:mult_core|mpar_add:padder|lpm_add_sub:adder[0]|add_sub_qih:auto_generated                                                                                                                                                                                           ; add_sub_qih                       ; work         ;
;          |lpm_mult:Mult2|                                                                                                               ; 13 (0)              ; 0 (0)                     ; 0           ; 0            ; 0       ; 0         ; 0    ; 0            ; |MKRVIDOR4000_top|eco_nn_top:uut|neuron:hidden_layer[2].h_neuron|lpm_mult:Mult2                                                                                                                                                                                                                                                                              ; lpm_mult                          ; work         ;
;             |multcore:mult_core|                                                                                                        ; 13 (6)              ; 0 (0)                     ; 0           ; 0            ; 0       ; 0         ; 0    ; 0            ; |MKRVIDOR4000_top|eco_nn_top:uut|neuron:hidden_layer[2].h_neuron|lpm_mult:Mult2|multcore:mult_core                                                                                                                                                                                                                                                           ; multcore                          ; work         ;
;                |mpar_add:padder|                                                                                                        ; 7 (0)               ; 0 (0)                     ; 0           ; 0            ; 0       ; 0         ; 0    ; 0            ; |MKRVIDOR4000_top|eco_nn_top:uut|neuron:hidden_layer[2].h_neuron|lpm_mult:Mult2|multcore:mult_core|mpar_add:padder                                                                                                                                                                                                                                           ; mpar_add                          ; work         ;
;                   |lpm_add_sub:adder[0]|                                                                                                ; 7 (0)               ; 0 (0)                     ; 0           ; 0            ; 0       ; 0         ; 0    ; 0            ; |MKRVIDOR4000_top|eco_nn_top:uut|neuron:hidden_layer[2].h_neuron|lpm_mult:Mult2|multcore:mult_core|mpar_add:padder|lpm_add_sub:adder[0]                                                                                                                                                                                                                      ; lpm_add_sub                       ; work         ;
;                      |add_sub_pih:auto_generated|                                                                                       ; 7 (7)               ; 0 (0)                     ; 0           ; 0            ; 0       ; 0         ; 0    ; 0            ; |MKRVIDOR4000_top|eco_nn_top:uut|neuron:hidden_layer[2].h_neuron|lpm_mult:Mult2|multcore:mult_core|mpar_add:padder|lpm_add_sub:adder[0]|add_sub_pih:auto_generated                                                                                                                                                                                           ; add_sub_pih                       ; work         ;
;       |neuron:hidden_layer[3].h_neuron|                                                                                                 ; 144 (78)            ; 8 (8)                     ; 0           ; 0            ; 0       ; 0         ; 0    ; 0            ; |MKRVIDOR4000_top|eco_nn_top:uut|neuron:hidden_layer[3].h_neuron                                                                                                                                                                                                                                                                                             ; neuron                            ; work         ;
;          |lpm_mult:Mult1|                                                                                                               ; 14 (0)              ; 0 (0)                     ; 0           ; 0            ; 0       ; 0         ; 0    ; 0            ; |MKRVIDOR4000_top|eco_nn_top:uut|neuron:hidden_layer[3].h_neuron|lpm_mult:Mult1                                                                                                                                                                                                                                                                              ; lpm_mult                          ; work         ;
;             |multcore:mult_core|                                                                                                        ; 14 (6)              ; 0 (0)                     ; 0           ; 0            ; 0       ; 0         ; 0    ; 0            ; |MKRVIDOR4000_top|eco_nn_top:uut|neuron:hidden_layer[3].h_neuron|lpm_mult:Mult1|multcore:mult_core                                                                                                                                                                                                                                                           ; multcore                          ; work         ;
;                |mpar_add:padder|                                                                                                        ; 8 (0)               ; 0 (0)                     ; 0           ; 0            ; 0       ; 0         ; 0    ; 0            ; |MKRVIDOR4000_top|eco_nn_top:uut|neuron:hidden_layer[3].h_neuron|lpm_mult:Mult1|multcore:mult_core|mpar_add:padder                                                                                                                                                                                                                                           ; mpar_add                          ; work         ;
;                   |lpm_add_sub:adder[0]|                                                                                                ; 8 (0)               ; 0 (0)                     ; 0           ; 0            ; 0       ; 0         ; 0    ; 0            ; |MKRVIDOR4000_top|eco_nn_top:uut|neuron:hidden_layer[3].h_neuron|lpm_mult:Mult1|multcore:mult_core|mpar_add:padder|lpm_add_sub:adder[0]                                                                                                                                                                                                                      ; lpm_add_sub                       ; work         ;
;                      |add_sub_qih:auto_generated|                                                                                       ; 8 (8)               ; 0 (0)                     ; 0           ; 0            ; 0       ; 0         ; 0    ; 0            ; |MKRVIDOR4000_top|eco_nn_top:uut|neuron:hidden_layer[3].h_neuron|lpm_mult:Mult1|multcore:mult_core|mpar_add:padder|lpm_add_sub:adder[0]|add_sub_qih:auto_generated                                                                                                                                                                                           ; add_sub_qih                       ; work         ;
;          |lpm_mult:Mult2|                                                                                                               ; 14 (0)              ; 0 (0)                     ; 0           ; 0            ; 0       ; 0         ; 0    ; 0            ; |MKRVIDOR4000_top|eco_nn_top:uut|neuron:hidden_layer[3].h_neuron|lpm_mult:Mult2                                                                                                                                                                                                                                                                              ; lpm_mult                          ; work         ;
;             |multcore:mult_core|                                                                                                        ; 14 (6)              ; 0 (0)                     ; 0           ; 0            ; 0       ; 0         ; 0    ; 0            ; |MKRVIDOR4000_top|eco_nn_top:uut|neuron:hidden_layer[3].h_neuron|lpm_mult:Mult2|multcore:mult_core                                                                                                                                                                                                                                                           ; multcore                          ; work         ;
;                |mpar_add:padder|                                                                                                        ; 8 (0)               ; 0 (0)                     ; 0           ; 0            ; 0       ; 0         ; 0    ; 0            ; |MKRVIDOR4000_top|eco_nn_top:uut|neuron:hidden_layer[3].h_neuron|lpm_mult:Mult2|multcore:mult_core|mpar_add:padder                                                                                                                                                                                                                                           ; mpar_add                          ; work         ;
;                   |lpm_add_sub:adder[0]|                                                                                                ; 8 (0)               ; 0 (0)                     ; 0           ; 0            ; 0       ; 0         ; 0    ; 0            ; |MKRVIDOR4000_top|eco_nn_top:uut|neuron:hidden_layer[3].h_neuron|lpm_mult:Mult2|multcore:mult_core|mpar_add:padder|lpm_add_sub:adder[0]                                                                                                                                                                                                                      ; lpm_add_sub                       ; work         ;
;                      |add_sub_qih:auto_generated|                                                                                       ; 8 (8)               ; 0 (0)                     ; 0           ; 0            ; 0       ; 0         ; 0    ; 0            ; |MKRVIDOR4000_top|eco_nn_top:uut|neuron:hidden_layer[3].h_neuron|lpm_mult:Mult2|multcore:mult_core|mpar_add:padder|lpm_add_sub:adder[0]|add_sub_qih:auto_generated                                                                                                                                                                                           ; add_sub_qih                       ; work         ;
;          |lpm_mult:Mult3|                                                                                                               ; 14 (0)              ; 0 (0)                     ; 0           ; 0            ; 0       ; 0         ; 0    ; 0            ; |MKRVIDOR4000_top|eco_nn_top:uut|neuron:hidden_layer[3].h_neuron|lpm_mult:Mult3                                                                                                                                                                                                                                                                              ; lpm_mult                          ; work         ;
;             |multcore:mult_core|                                                                                                        ; 14 (6)              ; 0 (0)                     ; 0           ; 0            ; 0       ; 0         ; 0    ; 0            ; |MKRVIDOR4000_top|eco_nn_top:uut|neuron:hidden_layer[3].h_neuron|lpm_mult:Mult3|multcore:mult_core                                                                                                                                                                                                                                                           ; multcore                          ; work         ;
;                |mpar_add:padder|                                                                                                        ; 8 (0)               ; 0 (0)                     ; 0           ; 0            ; 0       ; 0         ; 0    ; 0            ; |MKRVIDOR4000_top|eco_nn_top:uut|neuron:hidden_layer[3].h_neuron|lpm_mult:Mult3|multcore:mult_core|mpar_add:padder                                                                                                                                                                                                                                           ; mpar_add                          ; work         ;
;                   |lpm_add_sub:adder[0]|                                                                                                ; 8 (0)               ; 0 (0)                     ; 0           ; 0            ; 0       ; 0         ; 0    ; 0            ; |MKRVIDOR4000_top|eco_nn_top:uut|neuron:hidden_layer[3].h_neuron|lpm_mult:Mult3|multcore:mult_core|mpar_add:padder|lpm_add_sub:adder[0]                                                                                                                                                                                                                      ; lpm_add_sub                       ; work         ;
;                      |add_sub_qih:auto_generated|                                                                                       ; 8 (8)               ; 0 (0)                     ; 0           ; 0            ; 0       ; 0         ; 0    ; 0            ; |MKRVIDOR4000_top|eco_nn_top:uut|neuron:hidden_layer[3].h_neuron|lpm_mult:Mult3|multcore:mult_core|mpar_add:padder|lpm_add_sub:adder[0]|add_sub_qih:auto_generated                                                                                                                                                                                           ; add_sub_qih                       ; work         ;
;          |lpm_mult:Mult4|                                                                                                               ; 16 (0)              ; 0 (0)                     ; 0           ; 0            ; 0       ; 0         ; 0    ; 0            ; |MKRVIDOR4000_top|eco_nn_top:uut|neuron:hidden_layer[3].h_neuron|lpm_mult:Mult4                                                                                                                                                                                                                                                                              ; lpm_mult                          ; work         ;
;             |multcore:mult_core|                                                                                                        ; 16 (8)              ; 0 (0)                     ; 0           ; 0            ; 0       ; 0         ; 0    ; 0            ; |MKRVIDOR4000_top|eco_nn_top:uut|neuron:hidden_layer[3].h_neuron|lpm_mult:Mult4|multcore:mult_core                                                                                                                                                                                                                                                           ; multcore                          ; work         ;
;                |mpar_add:padder|                                                                                                        ; 8 (0)               ; 0 (0)                     ; 0           ; 0            ; 0       ; 0         ; 0    ; 0            ; |MKRVIDOR4000_top|eco_nn_top:uut|neuron:hidden_layer[3].h_neuron|lpm_mult:Mult4|multcore:mult_core|mpar_add:padder                                                                                                                                                                                                                                           ; mpar_add                          ; work         ;
;                   |lpm_add_sub:adder[0]|                                                                                                ; 8 (0)               ; 0 (0)                     ; 0           ; 0            ; 0       ; 0         ; 0    ; 0            ; |MKRVIDOR4000_top|eco_nn_top:uut|neuron:hidden_layer[3].h_neuron|lpm_mult:Mult4|multcore:mult_core|mpar_add:padder|lpm_add_sub:adder[0]                                                                                                                                                                                                                      ; lpm_add_sub                       ; work         ;
;                      |add_sub_qih:auto_generated|                                                                                       ; 8 (8)               ; 0 (0)                     ; 0           ; 0            ; 0       ; 0         ; 0    ; 0            ; |MKRVIDOR4000_top|eco_nn_top:uut|neuron:hidden_layer[3].h_neuron|lpm_mult:Mult4|multcore:mult_core|mpar_add:padder|lpm_add_sub:adder[0]|add_sub_qih:auto_generated                                                                                                                                                                                           ; add_sub_qih                       ; work         ;
;          |lpm_mult:Mult7|                                                                                                               ; 8 (0)               ; 0 (0)                     ; 0           ; 0            ; 0       ; 0         ; 0    ; 0            ; |MKRVIDOR4000_top|eco_nn_top:uut|neuron:hidden_layer[3].h_neuron|lpm_mult:Mult7                                                                                                                                                                                                                                                                              ; lpm_mult                          ; work         ;
;             |multcore:mult_core|                                                                                                        ; 8 (0)               ; 0 (0)                     ; 0           ; 0            ; 0       ; 0         ; 0    ; 0            ; |MKRVIDOR4000_top|eco_nn_top:uut|neuron:hidden_layer[3].h_neuron|lpm_mult:Mult7|multcore:mult_core                                                                                                                                                                                                                                                           ; multcore                          ; work         ;
;                |lpm_add_sub:adder|                                                                                                      ; 8 (0)               ; 0 (0)                     ; 0           ; 0            ; 0       ; 0         ; 0    ; 0            ; |MKRVIDOR4000_top|eco_nn_top:uut|neuron:hidden_layer[3].h_neuron|lpm_mult:Mult7|multcore:mult_core|lpm_add_sub:adder                                                                                                                                                                                                                                         ; lpm_add_sub                       ; work         ;
;                   |add_sub_18h:auto_generated|                                                                                          ; 8 (8)               ; 0 (0)                     ; 0           ; 0            ; 0       ; 0         ; 0    ; 0            ; |MKRVIDOR4000_top|eco_nn_top:uut|neuron:hidden_layer[3].h_neuron|lpm_mult:Mult7|multcore:mult_core|lpm_add_sub:adder|add_sub_18h:auto_generated                                                                                                                                                                                                              ; add_sub_18h                       ; work         ;
;       |neuron:hidden_layer[4].h_neuron|                                                                                                 ; 183 (87)            ; 8 (8)                     ; 0           ; 0            ; 0       ; 0         ; 0    ; 0            ; |MKRVIDOR4000_top|eco_nn_top:uut|neuron:hidden_layer[4].h_neuron                                                                                                                                                                                                                                                                                             ; neuron                            ; work         ;
;          |lpm_mult:Mult1|                                                                                                               ; 14 (0)              ; 0 (0)                     ; 0           ; 0            ; 0       ; 0         ; 0    ; 0            ; |MKRVIDOR4000_top|eco_nn_top:uut|neuron:hidden_layer[4].h_neuron|lpm_mult:Mult1                                                                                                                                                                                                                                                                              ; lpm_mult                          ; work         ;
;             |multcore:mult_core|                                                                                                        ; 14 (7)              ; 0 (0)                     ; 0           ; 0            ; 0       ; 0         ; 0    ; 0            ; |MKRVIDOR4000_top|eco_nn_top:uut|neuron:hidden_layer[4].h_neuron|lpm_mult:Mult1|multcore:mult_core                                                                                                                                                                                                                                                           ; multcore                          ; work         ;
;                |mpar_add:padder|                                                                                                        ; 7 (0)               ; 0 (0)                     ; 0           ; 0            ; 0       ; 0         ; 0    ; 0            ; |MKRVIDOR4000_top|eco_nn_top:uut|neuron:hidden_layer[4].h_neuron|lpm_mult:Mult1|multcore:mult_core|mpar_add:padder                                                                                                                                                                                                                                           ; mpar_add                          ; work         ;
;                   |lpm_add_sub:adder[0]|                                                                                                ; 7 (0)               ; 0 (0)                     ; 0           ; 0            ; 0       ; 0         ; 0    ; 0            ; |MKRVIDOR4000_top|eco_nn_top:uut|neuron:hidden_layer[4].h_neuron|lpm_mult:Mult1|multcore:mult_core|mpar_add:padder|lpm_add_sub:adder[0]                                                                                                                                                                                                                      ; lpm_add_sub                       ; work         ;
;                      |add_sub_pih:auto_generated|                                                                                       ; 7 (7)               ; 0 (0)                     ; 0           ; 0            ; 0       ; 0         ; 0    ; 0            ; |MKRVIDOR4000_top|eco_nn_top:uut|neuron:hidden_layer[4].h_neuron|lpm_mult:Mult1|multcore:mult_core|mpar_add:padder|lpm_add_sub:adder[0]|add_sub_pih:auto_generated                                                                                                                                                                                           ; add_sub_pih                       ; work         ;
;          |lpm_mult:Mult2|                                                                                                               ; 15 (0)              ; 0 (0)                     ; 0           ; 0            ; 0       ; 0         ; 0    ; 0            ; |MKRVIDOR4000_top|eco_nn_top:uut|neuron:hidden_layer[4].h_neuron|lpm_mult:Mult2                                                                                                                                                                                                                                                                              ; lpm_mult                          ; work         ;
;             |multcore:mult_core|                                                                                                        ; 15 (8)              ; 0 (0)                     ; 0           ; 0            ; 0       ; 0         ; 0    ; 0            ; |MKRVIDOR4000_top|eco_nn_top:uut|neuron:hidden_layer[4].h_neuron|lpm_mult:Mult2|multcore:mult_core                                                                                                                                                                                                                                                           ; multcore                          ; work         ;
;                |mpar_add:padder|                                                                                                        ; 7 (0)               ; 0 (0)                     ; 0           ; 0            ; 0       ; 0         ; 0    ; 0            ; |MKRVIDOR4000_top|eco_nn_top:uut|neuron:hidden_layer[4].h_neuron|lpm_mult:Mult2|multcore:mult_core|mpar_add:padder                                                                                                                                                                                                                                           ; mpar_add                          ; work         ;
;                   |lpm_add_sub:adder[0]|                                                                                                ; 7 (0)               ; 0 (0)                     ; 0           ; 0            ; 0       ; 0         ; 0    ; 0            ; |MKRVIDOR4000_top|eco_nn_top:uut|neuron:hidden_layer[4].h_neuron|lpm_mult:Mult2|multcore:mult_core|mpar_add:padder|lpm_add_sub:adder[0]                                                                                                                                                                                                                      ; lpm_add_sub                       ; work         ;
;                      |add_sub_pih:auto_generated|                                                                                       ; 7 (7)               ; 0 (0)                     ; 0           ; 0            ; 0       ; 0         ; 0    ; 0            ; |MKRVIDOR4000_top|eco_nn_top:uut|neuron:hidden_layer[4].h_neuron|lpm_mult:Mult2|multcore:mult_core|mpar_add:padder|lpm_add_sub:adder[0]|add_sub_pih:auto_generated                                                                                                                                                                                           ; add_sub_pih                       ; work         ;
;          |lpm_mult:Mult3|                                                                                                               ; 11 (0)              ; 0 (0)                     ; 0           ; 0            ; 0       ; 0         ; 0    ; 0            ; |MKRVIDOR4000_top|eco_nn_top:uut|neuron:hidden_layer[4].h_neuron|lpm_mult:Mult3                                                                                                                                                                                                                                                                              ; lpm_mult                          ; work         ;
;             |multcore:mult_core|                                                                                                        ; 11 (6)              ; 0 (0)                     ; 0           ; 0            ; 0       ; 0         ; 0    ; 0            ; |MKRVIDOR4000_top|eco_nn_top:uut|neuron:hidden_layer[4].h_neuron|lpm_mult:Mult3|multcore:mult_core                                                                                                                                                                                                                                                           ; multcore                          ; work         ;
;                |mpar_add:padder|                                                                                                        ; 5 (0)               ; 0 (0)                     ; 0           ; 0            ; 0       ; 0         ; 0    ; 0            ; |MKRVIDOR4000_top|eco_nn_top:uut|neuron:hidden_layer[4].h_neuron|lpm_mult:Mult3|multcore:mult_core|mpar_add:padder                                                                                                                                                                                                                                           ; mpar_add                          ; work         ;
;                   |lpm_add_sub:adder[0]|                                                                                                ; 5 (0)               ; 0 (0)                     ; 0           ; 0            ; 0       ; 0         ; 0    ; 0            ; |MKRVIDOR4000_top|eco_nn_top:uut|neuron:hidden_layer[4].h_neuron|lpm_mult:Mult3|multcore:mult_core|mpar_add:padder|lpm_add_sub:adder[0]                                                                                                                                                                                                                      ; lpm_add_sub                       ; work         ;
;                      |add_sub_oih:auto_generated|                                                                                       ; 5 (5)               ; 0 (0)                     ; 0           ; 0            ; 0       ; 0         ; 0    ; 0            ; |MKRVIDOR4000_top|eco_nn_top:uut|neuron:hidden_layer[4].h_neuron|lpm_mult:Mult3|multcore:mult_core|mpar_add:padder|lpm_add_sub:adder[0]|add_sub_oih:auto_generated                                                                                                                                                                                           ; add_sub_oih                       ; work         ;
;          |lpm_mult:Mult4|                                                                                                               ; 12 (0)              ; 0 (0)                     ; 0           ; 0            ; 0       ; 0         ; 0    ; 0            ; |MKRVIDOR4000_top|eco_nn_top:uut|neuron:hidden_layer[4].h_neuron|lpm_mult:Mult4                                                                                                                                                                                                                                                                              ; lpm_mult                          ; work         ;
;             |multcore:mult_core|                                                                                                        ; 12 (5)              ; 0 (0)                     ; 0           ; 0            ; 0       ; 0         ; 0    ; 0            ; |MKRVIDOR4000_top|eco_nn_top:uut|neuron:hidden_layer[4].h_neuron|lpm_mult:Mult4|multcore:mult_core                                                                                                                                                                                                                                                           ; multcore                          ; work         ;
;                |mpar_add:padder|                                                                                                        ; 7 (0)               ; 0 (0)                     ; 0           ; 0            ; 0       ; 0         ; 0    ; 0            ; |MKRVIDOR4000_top|eco_nn_top:uut|neuron:hidden_layer[4].h_neuron|lpm_mult:Mult4|multcore:mult_core|mpar_add:padder                                                                                                                                                                                                                                           ; mpar_add                          ; work         ;
;                   |lpm_add_sub:adder[0]|                                                                                                ; 7 (0)               ; 0 (0)                     ; 0           ; 0            ; 0       ; 0         ; 0    ; 0            ; |MKRVIDOR4000_top|eco_nn_top:uut|neuron:hidden_layer[4].h_neuron|lpm_mult:Mult4|multcore:mult_core|mpar_add:padder|lpm_add_sub:adder[0]                                                                                                                                                                                                                      ; lpm_add_sub                       ; work         ;
;                      |add_sub_pih:auto_generated|                                                                                       ; 7 (7)               ; 0 (0)                     ; 0           ; 0            ; 0       ; 0         ; 0    ; 0            ; |MKRVIDOR4000_top|eco_nn_top:uut|neuron:hidden_layer[4].h_neuron|lpm_mult:Mult4|multcore:mult_core|mpar_add:padder|lpm_add_sub:adder[0]|add_sub_pih:auto_generated                                                                                                                                                                                           ; add_sub_pih                       ; work         ;
;          |lpm_mult:Mult5|                                                                                                               ; 15 (0)              ; 0 (0)                     ; 0           ; 0            ; 0       ; 0         ; 0    ; 0            ; |MKRVIDOR4000_top|eco_nn_top:uut|neuron:hidden_layer[4].h_neuron|lpm_mult:Mult5                                                                                                                                                                                                                                                                              ; lpm_mult                          ; work         ;
;             |multcore:mult_core|                                                                                                        ; 15 (8)              ; 0 (0)                     ; 0           ; 0            ; 0       ; 0         ; 0    ; 0            ; |MKRVIDOR4000_top|eco_nn_top:uut|neuron:hidden_layer[4].h_neuron|lpm_mult:Mult5|multcore:mult_core                                                                                                                                                                                                                                                           ; multcore                          ; work         ;
;                |mpar_add:padder|                                                                                                        ; 7 (0)               ; 0 (0)                     ; 0           ; 0            ; 0       ; 0         ; 0    ; 0            ; |MKRVIDOR4000_top|eco_nn_top:uut|neuron:hidden_layer[4].h_neuron|lpm_mult:Mult5|multcore:mult_core|mpar_add:padder                                                                                                                                                                                                                                           ; mpar_add                          ; work         ;
;                   |lpm_add_sub:adder[0]|                                                                                                ; 7 (0)               ; 0 (0)                     ; 0           ; 0            ; 0       ; 0         ; 0    ; 0            ; |MKRVIDOR4000_top|eco_nn_top:uut|neuron:hidden_layer[4].h_neuron|lpm_mult:Mult5|multcore:mult_core|mpar_add:padder|lpm_add_sub:adder[0]                                                                                                                                                                                                                      ; lpm_add_sub                       ; work         ;
;                      |add_sub_qih:auto_generated|                                                                                       ; 7 (7)               ; 0 (0)                     ; 0           ; 0            ; 0       ; 0         ; 0    ; 0            ; |MKRVIDOR4000_top|eco_nn_top:uut|neuron:hidden_layer[4].h_neuron|lpm_mult:Mult5|multcore:mult_core|mpar_add:padder|lpm_add_sub:adder[0]|add_sub_qih:auto_generated                                                                                                                                                                                           ; add_sub_qih                       ; work         ;
;          |lpm_mult:Mult6|                                                                                                               ; 14 (0)              ; 0 (0)                     ; 0           ; 0            ; 0       ; 0         ; 0    ; 0            ; |MKRVIDOR4000_top|eco_nn_top:uut|neuron:hidden_layer[4].h_neuron|lpm_mult:Mult6                                                                                                                                                                                                                                                                              ; lpm_mult                          ; work         ;
;             |multcore:mult_core|                                                                                                        ; 14 (6)              ; 0 (0)                     ; 0           ; 0            ; 0       ; 0         ; 0    ; 0            ; |MKRVIDOR4000_top|eco_nn_top:uut|neuron:hidden_layer[4].h_neuron|lpm_mult:Mult6|multcore:mult_core                                                                                                                                                                                                                                                           ; multcore                          ; work         ;
;                |mpar_add:padder|                                                                                                        ; 8 (0)               ; 0 (0)                     ; 0           ; 0            ; 0       ; 0         ; 0    ; 0            ; |MKRVIDOR4000_top|eco_nn_top:uut|neuron:hidden_layer[4].h_neuron|lpm_mult:Mult6|multcore:mult_core|mpar_add:padder                                                                                                                                                                                                                                           ; mpar_add                          ; work         ;
;                   |lpm_add_sub:adder[0]|                                                                                                ; 8 (0)               ; 0 (0)                     ; 0           ; 0            ; 0       ; 0         ; 0    ; 0            ; |MKRVIDOR4000_top|eco_nn_top:uut|neuron:hidden_layer[4].h_neuron|lpm_mult:Mult6|multcore:mult_core|mpar_add:padder|lpm_add_sub:adder[0]                                                                                                                                                                                                                      ; lpm_add_sub                       ; work         ;
;                      |add_sub_qih:auto_generated|                                                                                       ; 8 (8)               ; 0 (0)                     ; 0           ; 0            ; 0       ; 0         ; 0    ; 0            ; |MKRVIDOR4000_top|eco_nn_top:uut|neuron:hidden_layer[4].h_neuron|lpm_mult:Mult6|multcore:mult_core|mpar_add:padder|lpm_add_sub:adder[0]|add_sub_qih:auto_generated                                                                                                                                                                                           ; add_sub_qih                       ; work         ;
;          |lpm_mult:Mult7|                                                                                                               ; 15 (0)              ; 0 (0)                     ; 0           ; 0            ; 0       ; 0         ; 0    ; 0            ; |MKRVIDOR4000_top|eco_nn_top:uut|neuron:hidden_layer[4].h_neuron|lpm_mult:Mult7                                                                                                                                                                                                                                                                              ; lpm_mult                          ; work         ;
;             |multcore:mult_core|                                                                                                        ; 15 (7)              ; 0 (0)                     ; 0           ; 0            ; 0       ; 0         ; 0    ; 0            ; |MKRVIDOR4000_top|eco_nn_top:uut|neuron:hidden_layer[4].h_neuron|lpm_mult:Mult7|multcore:mult_core                                                                                                                                                                                                                                                           ; multcore                          ; work         ;
;                |mpar_add:padder|                                                                                                        ; 8 (0)               ; 0 (0)                     ; 0           ; 0            ; 0       ; 0         ; 0    ; 0            ; |MKRVIDOR4000_top|eco_nn_top:uut|neuron:hidden_layer[4].h_neuron|lpm_mult:Mult7|multcore:mult_core|mpar_add:padder                                                                                                                                                                                                                                           ; mpar_add                          ; work         ;
;                   |lpm_add_sub:adder[0]|                                                                                                ; 8 (0)               ; 0 (0)                     ; 0           ; 0            ; 0       ; 0         ; 0    ; 0            ; |MKRVIDOR4000_top|eco_nn_top:uut|neuron:hidden_layer[4].h_neuron|lpm_mult:Mult7|multcore:mult_core|mpar_add:padder|lpm_add_sub:adder[0]                                                                                                                                                                                                                      ; lpm_add_sub                       ; work         ;
;                      |add_sub_qih:auto_generated|                                                                                       ; 8 (8)               ; 0 (0)                     ; 0           ; 0            ; 0       ; 0         ; 0    ; 0            ; |MKRVIDOR4000_top|eco_nn_top:uut|neuron:hidden_layer[4].h_neuron|lpm_mult:Mult7|multcore:mult_core|mpar_add:padder|lpm_add_sub:adder[0]|add_sub_qih:auto_generated                                                                                                                                                                                           ; add_sub_qih                       ; work         ;
;       |neuron:hidden_layer[5].h_neuron|                                                                                                 ; 105 (81)            ; 8 (8)                     ; 0           ; 0            ; 0       ; 0         ; 0    ; 0            ; |MKRVIDOR4000_top|eco_nn_top:uut|neuron:hidden_layer[5].h_neuron                                                                                                                                                                                                                                                                                             ; neuron                            ; work         ;
;          |lpm_mult:Mult1|                                                                                                               ; 15 (0)              ; 0 (0)                     ; 0           ; 0            ; 0       ; 0         ; 0    ; 0            ; |MKRVIDOR4000_top|eco_nn_top:uut|neuron:hidden_layer[5].h_neuron|lpm_mult:Mult1                                                                                                                                                                                                                                                                              ; lpm_mult                          ; work         ;
;             |multcore:mult_core|                                                                                                        ; 15 (7)              ; 0 (0)                     ; 0           ; 0            ; 0       ; 0         ; 0    ; 0            ; |MKRVIDOR4000_top|eco_nn_top:uut|neuron:hidden_layer[5].h_neuron|lpm_mult:Mult1|multcore:mult_core                                                                                                                                                                                                                                                           ; multcore                          ; work         ;
;                |mpar_add:padder|                                                                                                        ; 8 (0)               ; 0 (0)                     ; 0           ; 0            ; 0       ; 0         ; 0    ; 0            ; |MKRVIDOR4000_top|eco_nn_top:uut|neuron:hidden_layer[5].h_neuron|lpm_mult:Mult1|multcore:mult_core|mpar_add:padder                                                                                                                                                                                                                                           ; mpar_add                          ; work         ;
;                   |lpm_add_sub:adder[0]|                                                                                                ; 8 (0)               ; 0 (0)                     ; 0           ; 0            ; 0       ; 0         ; 0    ; 0            ; |MKRVIDOR4000_top|eco_nn_top:uut|neuron:hidden_layer[5].h_neuron|lpm_mult:Mult1|multcore:mult_core|mpar_add:padder|lpm_add_sub:adder[0]                                                                                                                                                                                                                      ; lpm_add_sub                       ; work         ;
;                      |add_sub_qih:auto_generated|                                                                                       ; 8 (8)               ; 0 (0)                     ; 0           ; 0            ; 0       ; 0         ; 0    ; 0            ; |MKRVIDOR4000_top|eco_nn_top:uut|neuron:hidden_layer[5].h_neuron|lpm_mult:Mult1|multcore:mult_core|mpar_add:padder|lpm_add_sub:adder[0]|add_sub_qih:auto_generated                                                                                                                                                                                           ; add_sub_qih                       ; work         ;
;          |lpm_mult:Mult2|                                                                                                               ; 9 (0)               ; 0 (0)                     ; 0           ; 0            ; 0       ; 0         ; 0    ; 0            ; |MKRVIDOR4000_top|eco_nn_top:uut|neuron:hidden_layer[5].h_neuron|lpm_mult:Mult2                                                                                                                                                                                                                                                                              ; lpm_mult                          ; work         ;
;             |multcore:mult_core|                                                                                                        ; 9 (4)               ; 0 (0)                     ; 0           ; 0            ; 0       ; 0         ; 0    ; 0            ; |MKRVIDOR4000_top|eco_nn_top:uut|neuron:hidden_layer[5].h_neuron|lpm_mult:Mult2|multcore:mult_core                                                                                                                                                                                                                                                           ; multcore                          ; work         ;
;                |mpar_add:padder|                                                                                                        ; 5 (0)               ; 0 (0)                     ; 0           ; 0            ; 0       ; 0         ; 0    ; 0            ; |MKRVIDOR4000_top|eco_nn_top:uut|neuron:hidden_layer[5].h_neuron|lpm_mult:Mult2|multcore:mult_core|mpar_add:padder                                                                                                                                                                                                                                           ; mpar_add                          ; work         ;
;                   |lpm_add_sub:adder[0]|                                                                                                ; 5 (0)               ; 0 (0)                     ; 0           ; 0            ; 0       ; 0         ; 0    ; 0            ; |MKRVIDOR4000_top|eco_nn_top:uut|neuron:hidden_layer[5].h_neuron|lpm_mult:Mult2|multcore:mult_core|mpar_add:padder|lpm_add_sub:adder[0]                                                                                                                                                                                                                      ; lpm_add_sub                       ; work         ;
;                      |add_sub_pih:auto_generated|                                                                                       ; 5 (5)               ; 0 (0)                     ; 0           ; 0            ; 0       ; 0         ; 0    ; 0            ; |MKRVIDOR4000_top|eco_nn_top:uut|neuron:hidden_layer[5].h_neuron|lpm_mult:Mult2|multcore:mult_core|mpar_add:padder|lpm_add_sub:adder[0]|add_sub_pih:auto_generated                                                                                                                                                                                           ; add_sub_pih                       ; work         ;
;       |neuron:hidden_layer[6].h_neuron|                                                                                                 ; 73 (59)             ; 6 (6)                     ; 0           ; 0            ; 0       ; 0         ; 0    ; 0            ; |MKRVIDOR4000_top|eco_nn_top:uut|neuron:hidden_layer[6].h_neuron                                                                                                                                                                                                                                                                                             ; neuron                            ; work         ;
;          |lpm_mult:Mult0|                                                                                                               ; 14 (0)              ; 0 (0)                     ; 0           ; 0            ; 0       ; 0         ; 0    ; 0            ; |MKRVIDOR4000_top|eco_nn_top:uut|neuron:hidden_layer[6].h_neuron|lpm_mult:Mult0                                                                                                                                                                                                                                                                              ; lpm_mult                          ; work         ;
;             |multcore:mult_core|                                                                                                        ; 14 (6)              ; 0 (0)                     ; 0           ; 0            ; 0       ; 0         ; 0    ; 0            ; |MKRVIDOR4000_top|eco_nn_top:uut|neuron:hidden_layer[6].h_neuron|lpm_mult:Mult0|multcore:mult_core                                                                                                                                                                                                                                                           ; multcore                          ; work         ;
;                |mpar_add:padder|                                                                                                        ; 8 (0)               ; 0 (0)                     ; 0           ; 0            ; 0       ; 0         ; 0    ; 0            ; |MKRVIDOR4000_top|eco_nn_top:uut|neuron:hidden_layer[6].h_neuron|lpm_mult:Mult0|multcore:mult_core|mpar_add:padder                                                                                                                                                                                                                                           ; mpar_add                          ; work         ;
;                   |lpm_add_sub:adder[0]|                                                                                                ; 8 (0)               ; 0 (0)                     ; 0           ; 0            ; 0       ; 0         ; 0    ; 0            ; |MKRVIDOR4000_top|eco_nn_top:uut|neuron:hidden_layer[6].h_neuron|lpm_mult:Mult0|multcore:mult_core|mpar_add:padder|lpm_add_sub:adder[0]                                                                                                                                                                                                                      ; lpm_add_sub                       ; work         ;
;                      |add_sub_qih:auto_generated|                                                                                       ; 8 (8)               ; 0 (0)                     ; 0           ; 0            ; 0       ; 0         ; 0    ; 0            ; |MKRVIDOR4000_top|eco_nn_top:uut|neuron:hidden_layer[6].h_neuron|lpm_mult:Mult0|multcore:mult_core|mpar_add:padder|lpm_add_sub:adder[0]|add_sub_qih:auto_generated                                                                                                                                                                                           ; add_sub_qih                       ; work         ;
;       |neuron:hidden_layer[7].h_neuron|                                                                                                 ; 100 (77)            ; 8 (8)                     ; 0           ; 0            ; 0       ; 0         ; 0    ; 0            ; |MKRVIDOR4000_top|eco_nn_top:uut|neuron:hidden_layer[7].h_neuron                                                                                                                                                                                                                                                                                             ; neuron                            ; work         ;
;          |lpm_mult:Mult3|                                                                                                               ; 8 (0)               ; 0 (0)                     ; 0           ; 0            ; 0       ; 0         ; 0    ; 0            ; |MKRVIDOR4000_top|eco_nn_top:uut|neuron:hidden_layer[7].h_neuron|lpm_mult:Mult3                                                                                                                                                                                                                                                                              ; lpm_mult                          ; work         ;
;             |multcore:mult_core|                                                                                                        ; 8 (0)               ; 0 (0)                     ; 0           ; 0            ; 0       ; 0         ; 0    ; 0            ; |MKRVIDOR4000_top|eco_nn_top:uut|neuron:hidden_layer[7].h_neuron|lpm_mult:Mult3|multcore:mult_core                                                                                                                                                                                                                                                           ; multcore                          ; work         ;
;                |lpm_add_sub:adder|                                                                                                      ; 8 (0)               ; 0 (0)                     ; 0           ; 0            ; 0       ; 0         ; 0    ; 0            ; |MKRVIDOR4000_top|eco_nn_top:uut|neuron:hidden_layer[7].h_neuron|lpm_mult:Mult3|multcore:mult_core|lpm_add_sub:adder                                                                                                                                                                                                                                         ; lpm_add_sub                       ; work         ;
;                   |add_sub_18h:auto_generated|                                                                                          ; 8 (8)               ; 0 (0)                     ; 0           ; 0            ; 0       ; 0         ; 0    ; 0            ; |MKRVIDOR4000_top|eco_nn_top:uut|neuron:hidden_layer[7].h_neuron|lpm_mult:Mult3|multcore:mult_core|lpm_add_sub:adder|add_sub_18h:auto_generated                                                                                                                                                                                                              ; add_sub_18h                       ; work         ;
;          |lpm_mult:Mult7|                                                                                                               ; 15 (0)              ; 0 (0)                     ; 0           ; 0            ; 0       ; 0         ; 0    ; 0            ; |MKRVIDOR4000_top|eco_nn_top:uut|neuron:hidden_layer[7].h_neuron|lpm_mult:Mult7                                                                                                                                                                                                                                                                              ; lpm_mult                          ; work         ;
;             |multcore:mult_core|                                                                                                        ; 15 (7)              ; 0 (0)                     ; 0           ; 0            ; 0       ; 0         ; 0    ; 0            ; |MKRVIDOR4000_top|eco_nn_top:uut|neuron:hidden_layer[7].h_neuron|lpm_mult:Mult7|multcore:mult_core                                                                                                                                                                                                                                                           ; multcore                          ; work         ;
;                |mpar_add:padder|                                                                                                        ; 8 (0)               ; 0 (0)                     ; 0           ; 0            ; 0       ; 0         ; 0    ; 0            ; |MKRVIDOR4000_top|eco_nn_top:uut|neuron:hidden_layer[7].h_neuron|lpm_mult:Mult7|multcore:mult_core|mpar_add:padder                                                                                                                                                                                                                                           ; mpar_add                          ; work         ;
;                   |lpm_add_sub:adder[0]|                                                                                                ; 8 (0)               ; 0 (0)                     ; 0           ; 0            ; 0       ; 0         ; 0    ; 0            ; |MKRVIDOR4000_top|eco_nn_top:uut|neuron:hidden_layer[7].h_neuron|lpm_mult:Mult7|multcore:mult_core|mpar_add:padder|lpm_add_sub:adder[0]                                                                                                                                                                                                                      ; lpm_add_sub                       ; work         ;
;                      |add_sub_qih:auto_generated|                                                                                       ; 8 (8)               ; 0 (0)                     ; 0           ; 0            ; 0       ; 0         ; 0    ; 0            ; |MKRVIDOR4000_top|eco_nn_top:uut|neuron:hidden_layer[7].h_neuron|lpm_mult:Mult7|multcore:mult_core|mpar_add:padder|lpm_add_sub:adder[0]|add_sub_qih:auto_generated                                                                                                                                                                                           ; add_sub_qih                       ; work         ;
;       |neuron:hidden_layer[8].h_neuron|                                                                                                 ; 85 (52)             ; 8 (8)                     ; 0           ; 0            ; 0       ; 0         ; 0    ; 0            ; |MKRVIDOR4000_top|eco_nn_top:uut|neuron:hidden_layer[8].h_neuron                                                                                                                                                                                                                                                                                             ; neuron                            ; work         ;
;          |lpm_mult:Mult4|                                                                                                               ; 11 (0)              ; 0 (0)                     ; 0           ; 0            ; 0       ; 0         ; 0    ; 0            ; |MKRVIDOR4000_top|eco_nn_top:uut|neuron:hidden_layer[8].h_neuron|lpm_mult:Mult4                                                                                                                                                                                                                                                                              ; lpm_mult                          ; work         ;
;             |multcore:mult_core|                                                                                                        ; 11 (6)              ; 0 (0)                     ; 0           ; 0            ; 0       ; 0         ; 0    ; 0            ; |MKRVIDOR4000_top|eco_nn_top:uut|neuron:hidden_layer[8].h_neuron|lpm_mult:Mult4|multcore:mult_core                                                                                                                                                                                                                                                           ; multcore                          ; work         ;
;                |mpar_add:padder|                                                                                                        ; 5 (0)               ; 0 (0)                     ; 0           ; 0            ; 0       ; 0         ; 0    ; 0            ; |MKRVIDOR4000_top|eco_nn_top:uut|neuron:hidden_layer[8].h_neuron|lpm_mult:Mult4|multcore:mult_core|mpar_add:padder                                                                                                                                                                                                                                           ; mpar_add                          ; work         ;
;                   |lpm_add_sub:adder[0]|                                                                                                ; 5 (0)               ; 0 (0)                     ; 0           ; 0            ; 0       ; 0         ; 0    ; 0            ; |MKRVIDOR4000_top|eco_nn_top:uut|neuron:hidden_layer[8].h_neuron|lpm_mult:Mult4|multcore:mult_core|mpar_add:padder|lpm_add_sub:adder[0]                                                                                                                                                                                                                      ; lpm_add_sub                       ; work         ;
;                      |add_sub_oih:auto_generated|                                                                                       ; 5 (5)               ; 0 (0)                     ; 0           ; 0            ; 0       ; 0         ; 0    ; 0            ; |MKRVIDOR4000_top|eco_nn_top:uut|neuron:hidden_layer[8].h_neuron|lpm_mult:Mult4|multcore:mult_core|mpar_add:padder|lpm_add_sub:adder[0]|add_sub_oih:auto_generated                                                                                                                                                                                           ; add_sub_oih                       ; work         ;
;          |lpm_mult:Mult5|                                                                                                               ; 7 (0)               ; 0 (0)                     ; 0           ; 0            ; 0       ; 0         ; 0    ; 0            ; |MKRVIDOR4000_top|eco_nn_top:uut|neuron:hidden_layer[8].h_neuron|lpm_mult:Mult5                                                                                                                                                                                                                                                                              ; lpm_mult                          ; work         ;
;             |multcore:mult_core|                                                                                                        ; 7 (0)               ; 0 (0)                     ; 0           ; 0            ; 0       ; 0         ; 0    ; 0            ; |MKRVIDOR4000_top|eco_nn_top:uut|neuron:hidden_layer[8].h_neuron|lpm_mult:Mult5|multcore:mult_core                                                                                                                                                                                                                                                           ; multcore                          ; work         ;
;                |mpar_add:padder|                                                                                                        ; 7 (0)               ; 0 (0)                     ; 0           ; 0            ; 0       ; 0         ; 0    ; 0            ; |MKRVIDOR4000_top|eco_nn_top:uut|neuron:hidden_layer[8].h_neuron|lpm_mult:Mult5|multcore:mult_core|mpar_add:padder                                                                                                                                                                                                                                           ; mpar_add                          ; work         ;
;                   |lpm_add_sub:adder[0]|                                                                                                ; 7 (0)               ; 0 (0)                     ; 0           ; 0            ; 0       ; 0         ; 0    ; 0            ; |MKRVIDOR4000_top|eco_nn_top:uut|neuron:hidden_layer[8].h_neuron|lpm_mult:Mult5|multcore:mult_core|mpar_add:padder|lpm_add_sub:adder[0]                                                                                                                                                                                                                      ; lpm_add_sub                       ; work         ;
;                      |add_sub_pih:auto_generated|                                                                                       ; 7 (7)               ; 0 (0)                     ; 0           ; 0            ; 0       ; 0         ; 0    ; 0            ; |MKRVIDOR4000_top|eco_nn_top:uut|neuron:hidden_layer[8].h_neuron|lpm_mult:Mult5|multcore:mult_core|mpar_add:padder|lpm_add_sub:adder[0]|add_sub_pih:auto_generated                                                                                                                                                                                           ; add_sub_pih                       ; work         ;
;          |lpm_mult:Mult6|                                                                                                               ; 15 (0)              ; 0 (0)                     ; 0           ; 0            ; 0       ; 0         ; 0    ; 0            ; |MKRVIDOR4000_top|eco_nn_top:uut|neuron:hidden_layer[8].h_neuron|lpm_mult:Mult6                                                                                                                                                                                                                                                                              ; lpm_mult                          ; work         ;
;             |multcore:mult_core|                                                                                                        ; 15 (7)              ; 0 (0)                     ; 0           ; 0            ; 0       ; 0         ; 0    ; 0            ; |MKRVIDOR4000_top|eco_nn_top:uut|neuron:hidden_layer[8].h_neuron|lpm_mult:Mult6|multcore:mult_core                                                                                                                                                                                                                                                           ; multcore                          ; work         ;
;                |mpar_add:padder|                                                                                                        ; 8 (0)               ; 0 (0)                     ; 0           ; 0            ; 0       ; 0         ; 0    ; 0            ; |MKRVIDOR4000_top|eco_nn_top:uut|neuron:hidden_layer[8].h_neuron|lpm_mult:Mult6|multcore:mult_core|mpar_add:padder                                                                                                                                                                                                                                           ; mpar_add                          ; work         ;
;                   |lpm_add_sub:adder[0]|                                                                                                ; 8 (0)               ; 0 (0)                     ; 0           ; 0            ; 0       ; 0         ; 0    ; 0            ; |MKRVIDOR4000_top|eco_nn_top:uut|neuron:hidden_layer[8].h_neuron|lpm_mult:Mult6|multcore:mult_core|mpar_add:padder|lpm_add_sub:adder[0]                                                                                                                                                                                                                      ; lpm_add_sub                       ; work         ;
;                      |add_sub_qih:auto_generated|                                                                                       ; 8 (8)               ; 0 (0)                     ; 0           ; 0            ; 0       ; 0         ; 0    ; 0            ; |MKRVIDOR4000_top|eco_nn_top:uut|neuron:hidden_layer[8].h_neuron|lpm_mult:Mult6|multcore:mult_core|mpar_add:padder|lpm_add_sub:adder[0]|add_sub_qih:auto_generated                                                                                                                                                                                           ; add_sub_qih                       ; work         ;
;       |neuron:hidden_layer[9].h_neuron|                                                                                                 ; 89 (54)             ; 8 (8)                     ; 0           ; 0            ; 0       ; 0         ; 0    ; 0            ; |MKRVIDOR4000_top|eco_nn_top:uut|neuron:hidden_layer[9].h_neuron                                                                                                                                                                                                                                                                                             ; neuron                            ; work         ;
;          |lpm_mult:Mult3|                                                                                                               ; 6 (0)               ; 0 (0)                     ; 0           ; 0            ; 0       ; 0         ; 0    ; 0            ; |MKRVIDOR4000_top|eco_nn_top:uut|neuron:hidden_layer[9].h_neuron|lpm_mult:Mult3                                                                                                                                                                                                                                                                              ; lpm_mult                          ; work         ;
;             |multcore:mult_core|                                                                                                        ; 6 (1)               ; 0 (0)                     ; 0           ; 0            ; 0       ; 0         ; 0    ; 0            ; |MKRVIDOR4000_top|eco_nn_top:uut|neuron:hidden_layer[9].h_neuron|lpm_mult:Mult3|multcore:mult_core                                                                                                                                                                                                                                                           ; multcore                          ; work         ;
;                |mpar_add:padder|                                                                                                        ; 5 (0)               ; 0 (0)                     ; 0           ; 0            ; 0       ; 0         ; 0    ; 0            ; |MKRVIDOR4000_top|eco_nn_top:uut|neuron:hidden_layer[9].h_neuron|lpm_mult:Mult3|multcore:mult_core|mpar_add:padder                                                                                                                                                                                                                                           ; mpar_add                          ; work         ;
;                   |lpm_add_sub:adder[0]|                                                                                                ; 5 (0)               ; 0 (0)                     ; 0           ; 0            ; 0       ; 0         ; 0    ; 0            ; |MKRVIDOR4000_top|eco_nn_top:uut|neuron:hidden_layer[9].h_neuron|lpm_mult:Mult3|multcore:mult_core|mpar_add:padder|lpm_add_sub:adder[0]                                                                                                                                                                                                                      ; lpm_add_sub                       ; work         ;
;                      |add_sub_pih:auto_generated|                                                                                       ; 5 (5)               ; 0 (0)                     ; 0           ; 0            ; 0       ; 0         ; 0    ; 0            ; |MKRVIDOR4000_top|eco_nn_top:uut|neuron:hidden_layer[9].h_neuron|lpm_mult:Mult3|multcore:mult_core|mpar_add:padder|lpm_add_sub:adder[0]|add_sub_pih:auto_generated                                                                                                                                                                                           ; add_sub_pih                       ; work         ;
;          |lpm_mult:Mult5|                                                                                                               ; 16 (0)              ; 0 (0)                     ; 0           ; 0            ; 0       ; 0         ; 0    ; 0            ; |MKRVIDOR4000_top|eco_nn_top:uut|neuron:hidden_layer[9].h_neuron|lpm_mult:Mult5                                                                                                                                                                                                                                                                              ; lpm_mult                          ; work         ;
;             |multcore:mult_core|                                                                                                        ; 16 (7)              ; 0 (0)                     ; 0           ; 0            ; 0       ; 0         ; 0    ; 0            ; |MKRVIDOR4000_top|eco_nn_top:uut|neuron:hidden_layer[9].h_neuron|lpm_mult:Mult5|multcore:mult_core                                                                                                                                                                                                                                                           ; multcore                          ; work         ;
;                |mpar_add:padder|                                                                                                        ; 9 (0)               ; 0 (0)                     ; 0           ; 0            ; 0       ; 0         ; 0    ; 0            ; |MKRVIDOR4000_top|eco_nn_top:uut|neuron:hidden_layer[9].h_neuron|lpm_mult:Mult5|multcore:mult_core|mpar_add:padder                                                                                                                                                                                                                                           ; mpar_add                          ; work         ;
;                   |lpm_add_sub:adder[0]|                                                                                                ; 9 (0)               ; 0 (0)                     ; 0           ; 0            ; 0       ; 0         ; 0    ; 0            ; |MKRVIDOR4000_top|eco_nn_top:uut|neuron:hidden_layer[9].h_neuron|lpm_mult:Mult5|multcore:mult_core|mpar_add:padder|lpm_add_sub:adder[0]                                                                                                                                                                                                                      ; lpm_add_sub                       ; work         ;
;                      |add_sub_rih:auto_generated|                                                                                       ; 9 (9)               ; 0 (0)                     ; 0           ; 0            ; 0       ; 0         ; 0    ; 0            ; |MKRVIDOR4000_top|eco_nn_top:uut|neuron:hidden_layer[9].h_neuron|lpm_mult:Mult5|multcore:mult_core|mpar_add:padder|lpm_add_sub:adder[0]|add_sub_rih:auto_generated                                                                                                                                                                                           ; add_sub_rih                       ; work         ;
;          |lpm_mult:Mult6|                                                                                                               ; 13 (0)              ; 0 (0)                     ; 0           ; 0            ; 0       ; 0         ; 0    ; 0            ; |MKRVIDOR4000_top|eco_nn_top:uut|neuron:hidden_layer[9].h_neuron|lpm_mult:Mult6                                                                                                                                                                                                                                                                              ; lpm_mult                          ; work         ;
;             |multcore:mult_core|                                                                                                        ; 13 (6)              ; 0 (0)                     ; 0           ; 0            ; 0       ; 0         ; 0    ; 0            ; |MKRVIDOR4000_top|eco_nn_top:uut|neuron:hidden_layer[9].h_neuron|lpm_mult:Mult6|multcore:mult_core                                                                                                                                                                                                                                                           ; multcore                          ; work         ;
;                |mpar_add:padder|                                                                                                        ; 7 (0)               ; 0 (0)                     ; 0           ; 0            ; 0       ; 0         ; 0    ; 0            ; |MKRVIDOR4000_top|eco_nn_top:uut|neuron:hidden_layer[9].h_neuron|lpm_mult:Mult6|multcore:mult_core|mpar_add:padder                                                                                                                                                                                                                                           ; mpar_add                          ; work         ;
;                   |lpm_add_sub:adder[0]|                                                                                                ; 7 (0)               ; 0 (0)                     ; 0           ; 0            ; 0       ; 0         ; 0    ; 0            ; |MKRVIDOR4000_top|eco_nn_top:uut|neuron:hidden_layer[9].h_neuron|lpm_mult:Mult6|multcore:mult_core|mpar_add:padder|lpm_add_sub:adder[0]                                                                                                                                                                                                                      ; lpm_add_sub                       ; work         ;
;                      |add_sub_qih:auto_generated|                                                                                       ; 7 (7)               ; 0 (0)                     ; 0           ; 0            ; 0       ; 0         ; 0    ; 0            ; |MKRVIDOR4000_top|eco_nn_top:uut|neuron:hidden_layer[9].h_neuron|lpm_mult:Mult6|multcore:mult_core|mpar_add:padder|lpm_add_sub:adder[0]|add_sub_qih:auto_generated                                                                                                                                                                                           ; add_sub_qih                       ; work         ;
;       |neuron:output_layer[0].final_neuron|                                                                                             ; 320 (169)           ; 8 (8)                     ; 0           ; 0            ; 0       ; 0         ; 0    ; 0            ; |MKRVIDOR4000_top|eco_nn_top:uut|neuron:output_layer[0].final_neuron                                                                                                                                                                                                                                                                                         ; neuron                            ; work         ;
;          |lpm_mult:Mult0|                                                                                                               ; 15 (0)              ; 0 (0)                     ; 0           ; 0            ; 0       ; 0         ; 0    ; 0            ; |MKRVIDOR4000_top|eco_nn_top:uut|neuron:output_layer[0].final_neuron|lpm_mult:Mult0                                                                                                                                                                                                                                                                          ; lpm_mult                          ; work         ;
;             |multcore:mult_core|                                                                                                        ; 15 (7)              ; 0 (0)                     ; 0           ; 0            ; 0       ; 0         ; 0    ; 0            ; |MKRVIDOR4000_top|eco_nn_top:uut|neuron:output_layer[0].final_neuron|lpm_mult:Mult0|multcore:mult_core                                                                                                                                                                                                                                                       ; multcore                          ; work         ;
;                |mpar_add:padder|                                                                                                        ; 8 (0)               ; 0 (0)                     ; 0           ; 0            ; 0       ; 0         ; 0    ; 0            ; |MKRVIDOR4000_top|eco_nn_top:uut|neuron:output_layer[0].final_neuron|lpm_mult:Mult0|multcore:mult_core|mpar_add:padder                                                                                                                                                                                                                                       ; mpar_add                          ; work         ;
;                   |lpm_add_sub:adder[0]|                                                                                                ; 8 (0)               ; 0 (0)                     ; 0           ; 0            ; 0       ; 0         ; 0    ; 0            ; |MKRVIDOR4000_top|eco_nn_top:uut|neuron:output_layer[0].final_neuron|lpm_mult:Mult0|multcore:mult_core|mpar_add:padder|lpm_add_sub:adder[0]                                                                                                                                                                                                                  ; lpm_add_sub                       ; work         ;
;                      |add_sub_qih:auto_generated|                                                                                       ; 8 (8)               ; 0 (0)                     ; 0           ; 0            ; 0       ; 0         ; 0    ; 0            ; |MKRVIDOR4000_top|eco_nn_top:uut|neuron:output_layer[0].final_neuron|lpm_mult:Mult0|multcore:mult_core|mpar_add:padder|lpm_add_sub:adder[0]|add_sub_qih:auto_generated                                                                                                                                                                                       ; add_sub_qih                       ; work         ;
;          |lpm_mult:Mult11|                                                                                                              ; 11 (0)              ; 0 (0)                     ; 0           ; 0            ; 0       ; 0         ; 0    ; 0            ; |MKRVIDOR4000_top|eco_nn_top:uut|neuron:output_layer[0].final_neuron|lpm_mult:Mult11                                                                                                                                                                                                                                                                         ; lpm_mult                          ; work         ;
;             |multcore:mult_core|                                                                                                        ; 11 (6)              ; 0 (0)                     ; 0           ; 0            ; 0       ; 0         ; 0    ; 0            ; |MKRVIDOR4000_top|eco_nn_top:uut|neuron:output_layer[0].final_neuron|lpm_mult:Mult11|multcore:mult_core                                                                                                                                                                                                                                                      ; multcore                          ; work         ;
;                |mpar_add:padder|                                                                                                        ; 5 (0)               ; 0 (0)                     ; 0           ; 0            ; 0       ; 0         ; 0    ; 0            ; |MKRVIDOR4000_top|eco_nn_top:uut|neuron:output_layer[0].final_neuron|lpm_mult:Mult11|multcore:mult_core|mpar_add:padder                                                                                                                                                                                                                                      ; mpar_add                          ; work         ;
;                   |lpm_add_sub:adder[0]|                                                                                                ; 5 (0)               ; 0 (0)                     ; 0           ; 0            ; 0       ; 0         ; 0    ; 0            ; |MKRVIDOR4000_top|eco_nn_top:uut|neuron:output_layer[0].final_neuron|lpm_mult:Mult11|multcore:mult_core|mpar_add:padder|lpm_add_sub:adder[0]                                                                                                                                                                                                                 ; lpm_add_sub                       ; work         ;
;                      |add_sub_oih:auto_generated|                                                                                       ; 5 (5)               ; 0 (0)                     ; 0           ; 0            ; 0       ; 0         ; 0    ; 0            ; |MKRVIDOR4000_top|eco_nn_top:uut|neuron:output_layer[0].final_neuron|lpm_mult:Mult11|multcore:mult_core|mpar_add:padder|lpm_add_sub:adder[0]|add_sub_oih:auto_generated                                                                                                                                                                                      ; add_sub_oih                       ; work         ;
;          |lpm_mult:Mult14|                                                                                                              ; 21 (0)              ; 0 (0)                     ; 0           ; 0            ; 0       ; 0         ; 0    ; 0            ; |MKRVIDOR4000_top|eco_nn_top:uut|neuron:output_layer[0].final_neuron|lpm_mult:Mult14                                                                                                                                                                                                                                                                         ; lpm_mult                          ; work         ;
;             |multcore:mult_core|                                                                                                        ; 21 (12)             ; 0 (0)                     ; 0           ; 0            ; 0       ; 0         ; 0    ; 0            ; |MKRVIDOR4000_top|eco_nn_top:uut|neuron:output_layer[0].final_neuron|lpm_mult:Mult14|multcore:mult_core                                                                                                                                                                                                                                                      ; multcore                          ; work         ;
;                |mpar_add:padder|                                                                                                        ; 9 (0)               ; 0 (0)                     ; 0           ; 0            ; 0       ; 0         ; 0    ; 0            ; |MKRVIDOR4000_top|eco_nn_top:uut|neuron:output_layer[0].final_neuron|lpm_mult:Mult14|multcore:mult_core|mpar_add:padder                                                                                                                                                                                                                                      ; mpar_add                          ; work         ;
;                   |lpm_add_sub:adder[0]|                                                                                                ; 9 (0)               ; 0 (0)                     ; 0           ; 0            ; 0       ; 0         ; 0    ; 0            ; |MKRVIDOR4000_top|eco_nn_top:uut|neuron:output_layer[0].final_neuron|lpm_mult:Mult14|multcore:mult_core|mpar_add:padder|lpm_add_sub:adder[0]                                                                                                                                                                                                                 ; lpm_add_sub                       ; work         ;
;                      |add_sub_rih:auto_generated|                                                                                       ; 9 (9)               ; 0 (0)                     ; 0           ; 0            ; 0       ; 0         ; 0    ; 0            ; |MKRVIDOR4000_top|eco_nn_top:uut|neuron:output_layer[0].final_neuron|lpm_mult:Mult14|multcore:mult_core|mpar_add:padder|lpm_add_sub:adder[0]|add_sub_rih:auto_generated                                                                                                                                                                                      ; add_sub_rih                       ; work         ;
;          |lpm_mult:Mult15|                                                                                                              ; 16 (0)              ; 0 (0)                     ; 0           ; 0            ; 0       ; 0         ; 0    ; 0            ; |MKRVIDOR4000_top|eco_nn_top:uut|neuron:output_layer[0].final_neuron|lpm_mult:Mult15                                                                                                                                                                                                                                                                         ; lpm_mult                          ; work         ;
;             |multcore:mult_core|                                                                                                        ; 16 (8)              ; 0 (0)                     ; 0           ; 0            ; 0       ; 0         ; 0    ; 0            ; |MKRVIDOR4000_top|eco_nn_top:uut|neuron:output_layer[0].final_neuron|lpm_mult:Mult15|multcore:mult_core                                                                                                                                                                                                                                                      ; multcore                          ; work         ;
;                |mpar_add:padder|                                                                                                        ; 8 (0)               ; 0 (0)                     ; 0           ; 0            ; 0       ; 0         ; 0    ; 0            ; |MKRVIDOR4000_top|eco_nn_top:uut|neuron:output_layer[0].final_neuron|lpm_mult:Mult15|multcore:mult_core|mpar_add:padder                                                                                                                                                                                                                                      ; mpar_add                          ; work         ;
;                   |lpm_add_sub:adder[0]|                                                                                                ; 8 (0)               ; 0 (0)                     ; 0           ; 0            ; 0       ; 0         ; 0    ; 0            ; |MKRVIDOR4000_top|eco_nn_top:uut|neuron:output_layer[0].final_neuron|lpm_mult:Mult15|multcore:mult_core|mpar_add:padder|lpm_add_sub:adder[0]                                                                                                                                                                                                                 ; lpm_add_sub                       ; work         ;
;                      |add_sub_qih:auto_generated|                                                                                       ; 8 (8)               ; 0 (0)                     ; 0           ; 0            ; 0       ; 0         ; 0    ; 0            ; |MKRVIDOR4000_top|eco_nn_top:uut|neuron:output_layer[0].final_neuron|lpm_mult:Mult15|multcore:mult_core|mpar_add:padder|lpm_add_sub:adder[0]|add_sub_qih:auto_generated                                                                                                                                                                                      ; add_sub_qih                       ; work         ;
;          |lpm_mult:Mult1|                                                                                                               ; 21 (0)              ; 0 (0)                     ; 0           ; 0            ; 0       ; 0         ; 0    ; 0            ; |MKRVIDOR4000_top|eco_nn_top:uut|neuron:output_layer[0].final_neuron|lpm_mult:Mult1                                                                                                                                                                                                                                                                          ; lpm_mult                          ; work         ;
;             |multcore:mult_core|                                                                                                        ; 21 (12)             ; 0 (0)                     ; 0           ; 0            ; 0       ; 0         ; 0    ; 0            ; |MKRVIDOR4000_top|eco_nn_top:uut|neuron:output_layer[0].final_neuron|lpm_mult:Mult1|multcore:mult_core                                                                                                                                                                                                                                                       ; multcore                          ; work         ;
;                |mpar_add:padder|                                                                                                        ; 9 (0)               ; 0 (0)                     ; 0           ; 0            ; 0       ; 0         ; 0    ; 0            ; |MKRVIDOR4000_top|eco_nn_top:uut|neuron:output_layer[0].final_neuron|lpm_mult:Mult1|multcore:mult_core|mpar_add:padder                                                                                                                                                                                                                                       ; mpar_add                          ; work         ;
;                   |lpm_add_sub:adder[0]|                                                                                                ; 9 (0)               ; 0 (0)                     ; 0           ; 0            ; 0       ; 0         ; 0    ; 0            ; |MKRVIDOR4000_top|eco_nn_top:uut|neuron:output_layer[0].final_neuron|lpm_mult:Mult1|multcore:mult_core|mpar_add:padder|lpm_add_sub:adder[0]                                                                                                                                                                                                                  ; lpm_add_sub                       ; work         ;
;                      |add_sub_rih:auto_generated|                                                                                       ; 9 (9)               ; 0 (0)                     ; 0           ; 0            ; 0       ; 0         ; 0    ; 0            ; |MKRVIDOR4000_top|eco_nn_top:uut|neuron:output_layer[0].final_neuron|lpm_mult:Mult1|multcore:mult_core|mpar_add:padder|lpm_add_sub:adder[0]|add_sub_rih:auto_generated                                                                                                                                                                                       ; add_sub_rih                       ; work         ;
;          |lpm_mult:Mult2|                                                                                                               ; 14 (0)              ; 0 (0)                     ; 0           ; 0            ; 0       ; 0         ; 0    ; 0            ; |MKRVIDOR4000_top|eco_nn_top:uut|neuron:output_layer[0].final_neuron|lpm_mult:Mult2                                                                                                                                                                                                                                                                          ; lpm_mult                          ; work         ;
;             |multcore:mult_core|                                                                                                        ; 14 (7)              ; 0 (0)                     ; 0           ; 0            ; 0       ; 0         ; 0    ; 0            ; |MKRVIDOR4000_top|eco_nn_top:uut|neuron:output_layer[0].final_neuron|lpm_mult:Mult2|multcore:mult_core                                                                                                                                                                                                                                                       ; multcore                          ; work         ;
;                |mpar_add:padder|                                                                                                        ; 7 (0)               ; 0 (0)                     ; 0           ; 0            ; 0       ; 0         ; 0    ; 0            ; |MKRVIDOR4000_top|eco_nn_top:uut|neuron:output_layer[0].final_neuron|lpm_mult:Mult2|multcore:mult_core|mpar_add:padder                                                                                                                                                                                                                                       ; mpar_add                          ; work         ;
;                   |lpm_add_sub:adder[0]|                                                                                                ; 7 (0)               ; 0 (0)                     ; 0           ; 0            ; 0       ; 0         ; 0    ; 0            ; |MKRVIDOR4000_top|eco_nn_top:uut|neuron:output_layer[0].final_neuron|lpm_mult:Mult2|multcore:mult_core|mpar_add:padder|lpm_add_sub:adder[0]                                                                                                                                                                                                                  ; lpm_add_sub                       ; work         ;
;                      |add_sub_qih:auto_generated|                                                                                       ; 7 (7)               ; 0 (0)                     ; 0           ; 0            ; 0       ; 0         ; 0    ; 0            ; |MKRVIDOR4000_top|eco_nn_top:uut|neuron:output_layer[0].final_neuron|lpm_mult:Mult2|multcore:mult_core|mpar_add:padder|lpm_add_sub:adder[0]|add_sub_qih:auto_generated                                                                                                                                                                                       ; add_sub_qih                       ; work         ;
;          |lpm_mult:Mult3|                                                                                                               ; 15 (0)              ; 0 (0)                     ; 0           ; 0            ; 0       ; 0         ; 0    ; 0            ; |MKRVIDOR4000_top|eco_nn_top:uut|neuron:output_layer[0].final_neuron|lpm_mult:Mult3                                                                                                                                                                                                                                                                          ; lpm_mult                          ; work         ;
;             |multcore:mult_core|                                                                                                        ; 15 (7)              ; 0 (0)                     ; 0           ; 0            ; 0       ; 0         ; 0    ; 0            ; |MKRVIDOR4000_top|eco_nn_top:uut|neuron:output_layer[0].final_neuron|lpm_mult:Mult3|multcore:mult_core                                                                                                                                                                                                                                                       ; multcore                          ; work         ;
;                |mpar_add:padder|                                                                                                        ; 8 (0)               ; 0 (0)                     ; 0           ; 0            ; 0       ; 0         ; 0    ; 0            ; |MKRVIDOR4000_top|eco_nn_top:uut|neuron:output_layer[0].final_neuron|lpm_mult:Mult3|multcore:mult_core|mpar_add:padder                                                                                                                                                                                                                                       ; mpar_add                          ; work         ;
;                   |lpm_add_sub:adder[0]|                                                                                                ; 8 (0)               ; 0 (0)                     ; 0           ; 0            ; 0       ; 0         ; 0    ; 0            ; |MKRVIDOR4000_top|eco_nn_top:uut|neuron:output_layer[0].final_neuron|lpm_mult:Mult3|multcore:mult_core|mpar_add:padder|lpm_add_sub:adder[0]                                                                                                                                                                                                                  ; lpm_add_sub                       ; work         ;
;                      |add_sub_qih:auto_generated|                                                                                       ; 8 (8)               ; 0 (0)                     ; 0           ; 0            ; 0       ; 0         ; 0    ; 0            ; |MKRVIDOR4000_top|eco_nn_top:uut|neuron:output_layer[0].final_neuron|lpm_mult:Mult3|multcore:mult_core|mpar_add:padder|lpm_add_sub:adder[0]|add_sub_qih:auto_generated                                                                                                                                                                                       ; add_sub_qih                       ; work         ;
;          |lpm_mult:Mult7|                                                                                                               ; 13 (0)              ; 0 (0)                     ; 0           ; 0            ; 0       ; 0         ; 0    ; 0            ; |MKRVIDOR4000_top|eco_nn_top:uut|neuron:output_layer[0].final_neuron|lpm_mult:Mult7                                                                                                                                                                                                                                                                          ; lpm_mult                          ; work         ;
;             |multcore:mult_core|                                                                                                        ; 13 (8)              ; 0 (0)                     ; 0           ; 0            ; 0       ; 0         ; 0    ; 0            ; |MKRVIDOR4000_top|eco_nn_top:uut|neuron:output_layer[0].final_neuron|lpm_mult:Mult7|multcore:mult_core                                                                                                                                                                                                                                                       ; multcore                          ; work         ;
;                |mpar_add:padder|                                                                                                        ; 5 (0)               ; 0 (0)                     ; 0           ; 0            ; 0       ; 0         ; 0    ; 0            ; |MKRVIDOR4000_top|eco_nn_top:uut|neuron:output_layer[0].final_neuron|lpm_mult:Mult7|multcore:mult_core|mpar_add:padder                                                                                                                                                                                                                                       ; mpar_add                          ; work         ;
;                   |lpm_add_sub:adder[0]|                                                                                                ; 5 (0)               ; 0 (0)                     ; 0           ; 0            ; 0       ; 0         ; 0    ; 0            ; |MKRVIDOR4000_top|eco_nn_top:uut|neuron:output_layer[0].final_neuron|lpm_mult:Mult7|multcore:mult_core|mpar_add:padder|lpm_add_sub:adder[0]                                                                                                                                                                                                                  ; lpm_add_sub                       ; work         ;
;                      |add_sub_qih:auto_generated|                                                                                       ; 5 (5)               ; 0 (0)                     ; 0           ; 0            ; 0       ; 0         ; 0    ; 0            ; |MKRVIDOR4000_top|eco_nn_top:uut|neuron:output_layer[0].final_neuron|lpm_mult:Mult7|multcore:mult_core|mpar_add:padder|lpm_add_sub:adder[0]|add_sub_qih:auto_generated                                                                                                                                                                                       ; add_sub_qih                       ; work         ;
;          |lpm_mult:Mult8|                                                                                                               ; 14 (0)              ; 0 (0)                     ; 0           ; 0            ; 0       ; 0         ; 0    ; 0            ; |MKRVIDOR4000_top|eco_nn_top:uut|neuron:output_layer[0].final_neuron|lpm_mult:Mult8                                                                                                                                                                                                                                                                          ; lpm_mult                          ; work         ;
;             |multcore:mult_core|                                                                                                        ; 14 (7)              ; 0 (0)                     ; 0           ; 0            ; 0       ; 0         ; 0    ; 0            ; |MKRVIDOR4000_top|eco_nn_top:uut|neuron:output_layer[0].final_neuron|lpm_mult:Mult8|multcore:mult_core                                                                                                                                                                                                                                                       ; multcore                          ; work         ;
;                |mpar_add:padder|                                                                                                        ; 7 (0)               ; 0 (0)                     ; 0           ; 0            ; 0       ; 0         ; 0    ; 0            ; |MKRVIDOR4000_top|eco_nn_top:uut|neuron:output_layer[0].final_neuron|lpm_mult:Mult8|multcore:mult_core|mpar_add:padder                                                                                                                                                                                                                                       ; mpar_add                          ; work         ;
;                   |lpm_add_sub:adder[0]|                                                                                                ; 7 (0)               ; 0 (0)                     ; 0           ; 0            ; 0       ; 0         ; 0    ; 0            ; |MKRVIDOR4000_top|eco_nn_top:uut|neuron:output_layer[0].final_neuron|lpm_mult:Mult8|multcore:mult_core|mpar_add:padder|lpm_add_sub:adder[0]                                                                                                                                                                                                                  ; lpm_add_sub                       ; work         ;
;                      |add_sub_qih:auto_generated|                                                                                       ; 7 (7)               ; 0 (0)                     ; 0           ; 0            ; 0       ; 0         ; 0    ; 0            ; |MKRVIDOR4000_top|eco_nn_top:uut|neuron:output_layer[0].final_neuron|lpm_mult:Mult8|multcore:mult_core|mpar_add:padder|lpm_add_sub:adder[0]|add_sub_qih:auto_generated                                                                                                                                                                                       ; add_sub_qih                       ; work         ;
;          |lpm_mult:Mult9|                                                                                                               ; 11 (0)              ; 0 (0)                     ; 0           ; 0            ; 0       ; 0         ; 0    ; 0            ; |MKRVIDOR4000_top|eco_nn_top:uut|neuron:output_layer[0].final_neuron|lpm_mult:Mult9                                                                                                                                                                                                                                                                          ; lpm_mult                          ; work         ;
;             |multcore:mult_core|                                                                                                        ; 11 (6)              ; 0 (0)                     ; 0           ; 0            ; 0       ; 0         ; 0    ; 0            ; |MKRVIDOR4000_top|eco_nn_top:uut|neuron:output_layer[0].final_neuron|lpm_mult:Mult9|multcore:mult_core                                                                                                                                                                                                                                                       ; multcore                          ; work         ;
;                |mpar_add:padder|                                                                                                        ; 5 (0)               ; 0 (0)                     ; 0           ; 0            ; 0       ; 0         ; 0    ; 0            ; |MKRVIDOR4000_top|eco_nn_top:uut|neuron:output_layer[0].final_neuron|lpm_mult:Mult9|multcore:mult_core|mpar_add:padder                                                                                                                                                                                                                                       ; mpar_add                          ; work         ;
;                   |lpm_add_sub:adder[0]|                                                                                                ; 5 (0)               ; 0 (0)                     ; 0           ; 0            ; 0       ; 0         ; 0    ; 0            ; |MKRVIDOR4000_top|eco_nn_top:uut|neuron:output_layer[0].final_neuron|lpm_mult:Mult9|multcore:mult_core|mpar_add:padder|lpm_add_sub:adder[0]                                                                                                                                                                                                                  ; lpm_add_sub                       ; work         ;
;                      |add_sub_oih:auto_generated|                                                                                       ; 5 (5)               ; 0 (0)                     ; 0           ; 0            ; 0       ; 0         ; 0    ; 0            ; |MKRVIDOR4000_top|eco_nn_top:uut|neuron:output_layer[0].final_neuron|lpm_mult:Mult9|multcore:mult_core|mpar_add:padder|lpm_add_sub:adder[0]|add_sub_oih:auto_generated                                                                                                                                                                                       ; add_sub_oih                       ; work         ;
;       |neuron:output_layer[1].final_neuron|                                                                                             ; 277 (141)           ; 8 (8)                     ; 0           ; 0            ; 0       ; 0         ; 0    ; 0            ; |MKRVIDOR4000_top|eco_nn_top:uut|neuron:output_layer[1].final_neuron                                                                                                                                                                                                                                                                                         ; neuron                            ; work         ;
;          |lpm_mult:Mult0|                                                                                                               ; 13 (0)              ; 0 (0)                     ; 0           ; 0            ; 0       ; 0         ; 0    ; 0            ; |MKRVIDOR4000_top|eco_nn_top:uut|neuron:output_layer[1].final_neuron|lpm_mult:Mult0                                                                                                                                                                                                                                                                          ; lpm_mult                          ; work         ;
;             |multcore:mult_core|                                                                                                        ; 13 (8)              ; 0 (0)                     ; 0           ; 0            ; 0       ; 0         ; 0    ; 0            ; |MKRVIDOR4000_top|eco_nn_top:uut|neuron:output_layer[1].final_neuron|lpm_mult:Mult0|multcore:mult_core                                                                                                                                                                                                                                                       ; multcore                          ; work         ;
;                |mpar_add:padder|                                                                                                        ; 5 (0)               ; 0 (0)                     ; 0           ; 0            ; 0       ; 0         ; 0    ; 0            ; |MKRVIDOR4000_top|eco_nn_top:uut|neuron:output_layer[1].final_neuron|lpm_mult:Mult0|multcore:mult_core|mpar_add:padder                                                                                                                                                                                                                                       ; mpar_add                          ; work         ;
;                   |lpm_add_sub:adder[0]|                                                                                                ; 5 (0)               ; 0 (0)                     ; 0           ; 0            ; 0       ; 0         ; 0    ; 0            ; |MKRVIDOR4000_top|eco_nn_top:uut|neuron:output_layer[1].final_neuron|lpm_mult:Mult0|multcore:mult_core|mpar_add:padder|lpm_add_sub:adder[0]                                                                                                                                                                                                                  ; lpm_add_sub                       ; work         ;
;                      |add_sub_qih:auto_generated|                                                                                       ; 5 (5)               ; 0 (0)                     ; 0           ; 0            ; 0       ; 0         ; 0    ; 0            ; |MKRVIDOR4000_top|eco_nn_top:uut|neuron:output_layer[1].final_neuron|lpm_mult:Mult0|multcore:mult_core|mpar_add:padder|lpm_add_sub:adder[0]|add_sub_qih:auto_generated                                                                                                                                                                                       ; add_sub_qih                       ; work         ;
;          |lpm_mult:Mult10|                                                                                                              ; 15 (0)              ; 0 (0)                     ; 0           ; 0            ; 0       ; 0         ; 0    ; 0            ; |MKRVIDOR4000_top|eco_nn_top:uut|neuron:output_layer[1].final_neuron|lpm_mult:Mult10                                                                                                                                                                                                                                                                         ; lpm_mult                          ; work         ;
;             |multcore:mult_core|                                                                                                        ; 15 (7)              ; 0 (0)                     ; 0           ; 0            ; 0       ; 0         ; 0    ; 0            ; |MKRVIDOR4000_top|eco_nn_top:uut|neuron:output_layer[1].final_neuron|lpm_mult:Mult10|multcore:mult_core                                                                                                                                                                                                                                                      ; multcore                          ; work         ;
;                |mpar_add:padder|                                                                                                        ; 8 (0)               ; 0 (0)                     ; 0           ; 0            ; 0       ; 0         ; 0    ; 0            ; |MKRVIDOR4000_top|eco_nn_top:uut|neuron:output_layer[1].final_neuron|lpm_mult:Mult10|multcore:mult_core|mpar_add:padder                                                                                                                                                                                                                                      ; mpar_add                          ; work         ;
;                   |lpm_add_sub:adder[0]|                                                                                                ; 8 (0)               ; 0 (0)                     ; 0           ; 0            ; 0       ; 0         ; 0    ; 0            ; |MKRVIDOR4000_top|eco_nn_top:uut|neuron:output_layer[1].final_neuron|lpm_mult:Mult10|multcore:mult_core|mpar_add:padder|lpm_add_sub:adder[0]                                                                                                                                                                                                                 ; lpm_add_sub                       ; work         ;
;                      |add_sub_qih:auto_generated|                                                                                       ; 8 (8)               ; 0 (0)                     ; 0           ; 0            ; 0       ; 0         ; 0    ; 0            ; |MKRVIDOR4000_top|eco_nn_top:uut|neuron:output_layer[1].final_neuron|lpm_mult:Mult10|multcore:mult_core|mpar_add:padder|lpm_add_sub:adder[0]|add_sub_qih:auto_generated                                                                                                                                                                                      ; add_sub_qih                       ; work         ;
;          |lpm_mult:Mult13|                                                                                                              ; 14 (0)              ; 0 (0)                     ; 0           ; 0            ; 0       ; 0         ; 0    ; 0            ; |MKRVIDOR4000_top|eco_nn_top:uut|neuron:output_layer[1].final_neuron|lpm_mult:Mult13                                                                                                                                                                                                                                                                         ; lpm_mult                          ; work         ;
;             |multcore:mult_core|                                                                                                        ; 14 (7)              ; 0 (0)                     ; 0           ; 0            ; 0       ; 0         ; 0    ; 0            ; |MKRVIDOR4000_top|eco_nn_top:uut|neuron:output_layer[1].final_neuron|lpm_mult:Mult13|multcore:mult_core                                                                                                                                                                                                                                                      ; multcore                          ; work         ;
;                |mpar_add:padder|                                                                                                        ; 7 (0)               ; 0 (0)                     ; 0           ; 0            ; 0       ; 0         ; 0    ; 0            ; |MKRVIDOR4000_top|eco_nn_top:uut|neuron:output_layer[1].final_neuron|lpm_mult:Mult13|multcore:mult_core|mpar_add:padder                                                                                                                                                                                                                                      ; mpar_add                          ; work         ;
;                   |lpm_add_sub:adder[0]|                                                                                                ; 7 (0)               ; 0 (0)                     ; 0           ; 0            ; 0       ; 0         ; 0    ; 0            ; |MKRVIDOR4000_top|eco_nn_top:uut|neuron:output_layer[1].final_neuron|lpm_mult:Mult13|multcore:mult_core|mpar_add:padder|lpm_add_sub:adder[0]                                                                                                                                                                                                                 ; lpm_add_sub                       ; work         ;
;                      |add_sub_qih:auto_generated|                                                                                       ; 7 (7)               ; 0 (0)                     ; 0           ; 0            ; 0       ; 0         ; 0    ; 0            ; |MKRVIDOR4000_top|eco_nn_top:uut|neuron:output_layer[1].final_neuron|lpm_mult:Mult13|multcore:mult_core|mpar_add:padder|lpm_add_sub:adder[0]|add_sub_qih:auto_generated                                                                                                                                                                                      ; add_sub_qih                       ; work         ;
;          |lpm_mult:Mult14|                                                                                                              ; 8 (0)               ; 0 (0)                     ; 0           ; 0            ; 0       ; 0         ; 0    ; 0            ; |MKRVIDOR4000_top|eco_nn_top:uut|neuron:output_layer[1].final_neuron|lpm_mult:Mult14                                                                                                                                                                                                                                                                         ; lpm_mult                          ; work         ;
;             |multcore:mult_core|                                                                                                        ; 8 (3)               ; 0 (0)                     ; 0           ; 0            ; 0       ; 0         ; 0    ; 0            ; |MKRVIDOR4000_top|eco_nn_top:uut|neuron:output_layer[1].final_neuron|lpm_mult:Mult14|multcore:mult_core                                                                                                                                                                                                                                                      ; multcore                          ; work         ;
;                |mpar_add:padder|                                                                                                        ; 5 (0)               ; 0 (0)                     ; 0           ; 0            ; 0       ; 0         ; 0    ; 0            ; |MKRVIDOR4000_top|eco_nn_top:uut|neuron:output_layer[1].final_neuron|lpm_mult:Mult14|multcore:mult_core|mpar_add:padder                                                                                                                                                                                                                                      ; mpar_add                          ; work         ;
;                   |lpm_add_sub:adder[0]|                                                                                                ; 5 (0)               ; 0 (0)                     ; 0           ; 0            ; 0       ; 0         ; 0    ; 0            ; |MKRVIDOR4000_top|eco_nn_top:uut|neuron:output_layer[1].final_neuron|lpm_mult:Mult14|multcore:mult_core|mpar_add:padder|lpm_add_sub:adder[0]                                                                                                                                                                                                                 ; lpm_add_sub                       ; work         ;
;                      |add_sub_qih:auto_generated|                                                                                       ; 5 (5)               ; 0 (0)                     ; 0           ; 0            ; 0       ; 0         ; 0    ; 0            ; |MKRVIDOR4000_top|eco_nn_top:uut|neuron:output_layer[1].final_neuron|lpm_mult:Mult14|multcore:mult_core|mpar_add:padder|lpm_add_sub:adder[0]|add_sub_qih:auto_generated                                                                                                                                                                                      ; add_sub_qih                       ; work         ;
;          |lpm_mult:Mult1|                                                                                                               ; 13 (0)              ; 0 (0)                     ; 0           ; 0            ; 0       ; 0         ; 0    ; 0            ; |MKRVIDOR4000_top|eco_nn_top:uut|neuron:output_layer[1].final_neuron|lpm_mult:Mult1                                                                                                                                                                                                                                                                          ; lpm_mult                          ; work         ;
;             |multcore:mult_core|                                                                                                        ; 13 (5)              ; 0 (0)                     ; 0           ; 0            ; 0       ; 0         ; 0    ; 0            ; |MKRVIDOR4000_top|eco_nn_top:uut|neuron:output_layer[1].final_neuron|lpm_mult:Mult1|multcore:mult_core                                                                                                                                                                                                                                                       ; multcore                          ; work         ;
;                |mpar_add:padder|                                                                                                        ; 8 (0)               ; 0 (0)                     ; 0           ; 0            ; 0       ; 0         ; 0    ; 0            ; |MKRVIDOR4000_top|eco_nn_top:uut|neuron:output_layer[1].final_neuron|lpm_mult:Mult1|multcore:mult_core|mpar_add:padder                                                                                                                                                                                                                                       ; mpar_add                          ; work         ;
;                   |lpm_add_sub:adder[0]|                                                                                                ; 8 (0)               ; 0 (0)                     ; 0           ; 0            ; 0       ; 0         ; 0    ; 0            ; |MKRVIDOR4000_top|eco_nn_top:uut|neuron:output_layer[1].final_neuron|lpm_mult:Mult1|multcore:mult_core|mpar_add:padder|lpm_add_sub:adder[0]                                                                                                                                                                                                                  ; lpm_add_sub                       ; work         ;
;                      |add_sub_qih:auto_generated|                                                                                       ; 8 (8)               ; 0 (0)                     ; 0           ; 0            ; 0       ; 0         ; 0    ; 0            ; |MKRVIDOR4000_top|eco_nn_top:uut|neuron:output_layer[1].final_neuron|lpm_mult:Mult1|multcore:mult_core|mpar_add:padder|lpm_add_sub:adder[0]|add_sub_qih:auto_generated                                                                                                                                                                                       ; add_sub_qih                       ; work         ;
;          |lpm_mult:Mult3|                                                                                                               ; 13 (0)              ; 0 (0)                     ; 0           ; 0            ; 0       ; 0         ; 0    ; 0            ; |MKRVIDOR4000_top|eco_nn_top:uut|neuron:output_layer[1].final_neuron|lpm_mult:Mult3                                                                                                                                                                                                                                                                          ; lpm_mult                          ; work         ;
;             |multcore:mult_core|                                                                                                        ; 13 (8)              ; 0 (0)                     ; 0           ; 0            ; 0       ; 0         ; 0    ; 0            ; |MKRVIDOR4000_top|eco_nn_top:uut|neuron:output_layer[1].final_neuron|lpm_mult:Mult3|multcore:mult_core                                                                                                                                                                                                                                                       ; multcore                          ; work         ;
;                |mpar_add:padder|                                                                                                        ; 5 (0)               ; 0 (0)                     ; 0           ; 0            ; 0       ; 0         ; 0    ; 0            ; |MKRVIDOR4000_top|eco_nn_top:uut|neuron:output_layer[1].final_neuron|lpm_mult:Mult3|multcore:mult_core|mpar_add:padder                                                                                                                                                                                                                                       ; mpar_add                          ; work         ;
;                   |lpm_add_sub:adder[0]|                                                                                                ; 5 (0)               ; 0 (0)                     ; 0           ; 0            ; 0       ; 0         ; 0    ; 0            ; |MKRVIDOR4000_top|eco_nn_top:uut|neuron:output_layer[1].final_neuron|lpm_mult:Mult3|multcore:mult_core|mpar_add:padder|lpm_add_sub:adder[0]                                                                                                                                                                                                                  ; lpm_add_sub                       ; work         ;
;                      |add_sub_qih:auto_generated|                                                                                       ; 5 (5)               ; 0 (0)                     ; 0           ; 0            ; 0       ; 0         ; 0    ; 0            ; |MKRVIDOR4000_top|eco_nn_top:uut|neuron:output_layer[1].final_neuron|lpm_mult:Mult3|multcore:mult_core|mpar_add:padder|lpm_add_sub:adder[0]|add_sub_qih:auto_generated                                                                                                                                                                                       ; add_sub_qih                       ; work         ;
;          |lpm_mult:Mult4|                                                                                                               ; 14 (0)              ; 0 (0)                     ; 0           ; 0            ; 0       ; 0         ; 0    ; 0            ; |MKRVIDOR4000_top|eco_nn_top:uut|neuron:output_layer[1].final_neuron|lpm_mult:Mult4                                                                                                                                                                                                                                                                          ; lpm_mult                          ; work         ;
;             |multcore:mult_core|                                                                                                        ; 14 (7)              ; 0 (0)                     ; 0           ; 0            ; 0       ; 0         ; 0    ; 0            ; |MKRVIDOR4000_top|eco_nn_top:uut|neuron:output_layer[1].final_neuron|lpm_mult:Mult4|multcore:mult_core                                                                                                                                                                                                                                                       ; multcore                          ; work         ;
;                |mpar_add:padder|                                                                                                        ; 7 (0)               ; 0 (0)                     ; 0           ; 0            ; 0       ; 0         ; 0    ; 0            ; |MKRVIDOR4000_top|eco_nn_top:uut|neuron:output_layer[1].final_neuron|lpm_mult:Mult4|multcore:mult_core|mpar_add:padder                                                                                                                                                                                                                                       ; mpar_add                          ; work         ;
;                   |lpm_add_sub:adder[0]|                                                                                                ; 7 (0)               ; 0 (0)                     ; 0           ; 0            ; 0       ; 0         ; 0    ; 0            ; |MKRVIDOR4000_top|eco_nn_top:uut|neuron:output_layer[1].final_neuron|lpm_mult:Mult4|multcore:mult_core|mpar_add:padder|lpm_add_sub:adder[0]                                                                                                                                                                                                                  ; lpm_add_sub                       ; work         ;
;                      |add_sub_pih:auto_generated|                                                                                       ; 7 (7)               ; 0 (0)                     ; 0           ; 0            ; 0       ; 0         ; 0    ; 0            ; |MKRVIDOR4000_top|eco_nn_top:uut|neuron:output_layer[1].final_neuron|lpm_mult:Mult4|multcore:mult_core|mpar_add:padder|lpm_add_sub:adder[0]|add_sub_pih:auto_generated                                                                                                                                                                                       ; add_sub_pih                       ; work         ;
;          |lpm_mult:Mult5|                                                                                                               ; 16 (0)              ; 0 (0)                     ; 0           ; 0            ; 0       ; 0         ; 0    ; 0            ; |MKRVIDOR4000_top|eco_nn_top:uut|neuron:output_layer[1].final_neuron|lpm_mult:Mult5                                                                                                                                                                                                                                                                          ; lpm_mult                          ; work         ;
;             |multcore:mult_core|                                                                                                        ; 16 (8)              ; 0 (0)                     ; 0           ; 0            ; 0       ; 0         ; 0    ; 0            ; |MKRVIDOR4000_top|eco_nn_top:uut|neuron:output_layer[1].final_neuron|lpm_mult:Mult5|multcore:mult_core                                                                                                                                                                                                                                                       ; multcore                          ; work         ;
;                |mpar_add:padder|                                                                                                        ; 8 (0)               ; 0 (0)                     ; 0           ; 0            ; 0       ; 0         ; 0    ; 0            ; |MKRVIDOR4000_top|eco_nn_top:uut|neuron:output_layer[1].final_neuron|lpm_mult:Mult5|multcore:mult_core|mpar_add:padder                                                                                                                                                                                                                                       ; mpar_add                          ; work         ;
;                   |lpm_add_sub:adder[0]|                                                                                                ; 8 (0)               ; 0 (0)                     ; 0           ; 0            ; 0       ; 0         ; 0    ; 0            ; |MKRVIDOR4000_top|eco_nn_top:uut|neuron:output_layer[1].final_neuron|lpm_mult:Mult5|multcore:mult_core|mpar_add:padder|lpm_add_sub:adder[0]                                                                                                                                                                                                                  ; lpm_add_sub                       ; work         ;
;                      |add_sub_qih:auto_generated|                                                                                       ; 8 (8)               ; 0 (0)                     ; 0           ; 0            ; 0       ; 0         ; 0    ; 0            ; |MKRVIDOR4000_top|eco_nn_top:uut|neuron:output_layer[1].final_neuron|lpm_mult:Mult5|multcore:mult_core|mpar_add:padder|lpm_add_sub:adder[0]|add_sub_qih:auto_generated                                                                                                                                                                                       ; add_sub_qih                       ; work         ;
;          |lpm_mult:Mult7|                                                                                                               ; 14 (0)              ; 0 (0)                     ; 0           ; 0            ; 0       ; 0         ; 0    ; 0            ; |MKRVIDOR4000_top|eco_nn_top:uut|neuron:output_layer[1].final_neuron|lpm_mult:Mult7                                                                                                                                                                                                                                                                          ; lpm_mult                          ; work         ;
;             |multcore:mult_core|                                                                                                        ; 14 (6)              ; 0 (0)                     ; 0           ; 0            ; 0       ; 0         ; 0    ; 0            ; |MKRVIDOR4000_top|eco_nn_top:uut|neuron:output_layer[1].final_neuron|lpm_mult:Mult7|multcore:mult_core                                                                                                                                                                                                                                                       ; multcore                          ; work         ;
;                |mpar_add:padder|                                                                                                        ; 8 (0)               ; 0 (0)                     ; 0           ; 0            ; 0       ; 0         ; 0    ; 0            ; |MKRVIDOR4000_top|eco_nn_top:uut|neuron:output_layer[1].final_neuron|lpm_mult:Mult7|multcore:mult_core|mpar_add:padder                                                                                                                                                                                                                                       ; mpar_add                          ; work         ;
;                   |lpm_add_sub:adder[0]|                                                                                                ; 8 (0)               ; 0 (0)                     ; 0           ; 0            ; 0       ; 0         ; 0    ; 0            ; |MKRVIDOR4000_top|eco_nn_top:uut|neuron:output_layer[1].final_neuron|lpm_mult:Mult7|multcore:mult_core|mpar_add:padder|lpm_add_sub:adder[0]                                                                                                                                                                                                                  ; lpm_add_sub                       ; work         ;
;                      |add_sub_qih:auto_generated|                                                                                       ; 8 (8)               ; 0 (0)                     ; 0           ; 0            ; 0       ; 0         ; 0    ; 0            ; |MKRVIDOR4000_top|eco_nn_top:uut|neuron:output_layer[1].final_neuron|lpm_mult:Mult7|multcore:mult_core|mpar_add:padder|lpm_add_sub:adder[0]|add_sub_qih:auto_generated                                                                                                                                                                                       ; add_sub_qih                       ; work         ;
;          |lpm_mult:Mult8|                                                                                                               ; 16 (0)              ; 0 (0)                     ; 0           ; 0            ; 0       ; 0         ; 0    ; 0            ; |MKRVIDOR4000_top|eco_nn_top:uut|neuron:output_layer[1].final_neuron|lpm_mult:Mult8                                                                                                                                                                                                                                                                          ; lpm_mult                          ; work         ;
;             |multcore:mult_core|                                                                                                        ; 16 (8)              ; 0 (0)                     ; 0           ; 0            ; 0       ; 0         ; 0    ; 0            ; |MKRVIDOR4000_top|eco_nn_top:uut|neuron:output_layer[1].final_neuron|lpm_mult:Mult8|multcore:mult_core                                                                                                                                                                                                                                                       ; multcore                          ; work         ;
;                |mpar_add:padder|                                                                                                        ; 8 (0)               ; 0 (0)                     ; 0           ; 0            ; 0       ; 0         ; 0    ; 0            ; |MKRVIDOR4000_top|eco_nn_top:uut|neuron:output_layer[1].final_neuron|lpm_mult:Mult8|multcore:mult_core|mpar_add:padder                                                                                                                                                                                                                                       ; mpar_add                          ; work         ;
;                   |lpm_add_sub:adder[0]|                                                                                                ; 8 (0)               ; 0 (0)                     ; 0           ; 0            ; 0       ; 0         ; 0    ; 0            ; |MKRVIDOR4000_top|eco_nn_top:uut|neuron:output_layer[1].final_neuron|lpm_mult:Mult8|multcore:mult_core|mpar_add:padder|lpm_add_sub:adder[0]                                                                                                                                                                                                                  ; lpm_add_sub                       ; work         ;
;                      |add_sub_qih:auto_generated|                                                                                       ; 8 (8)               ; 0 (0)                     ; 0           ; 0            ; 0       ; 0         ; 0    ; 0            ; |MKRVIDOR4000_top|eco_nn_top:uut|neuron:output_layer[1].final_neuron|lpm_mult:Mult8|multcore:mult_core|mpar_add:padder|lpm_add_sub:adder[0]|add_sub_qih:auto_generated                                                                                                                                                                                       ; add_sub_qih                       ; work         ;
;    |jtag_interface:interfacejtag|                                                                                                       ; 45 (0)              ; 60 (0)                    ; 0           ; 0            ; 0       ; 0         ; 0    ; 0            ; |MKRVIDOR4000_top|jtag_interface:interfacejtag                                                                                                                                                                                                                                                                                                               ; jtag_interface                    ; work         ;
;       |jtag_memory:memory|                                                                                                              ; 42 (42)             ; 47 (47)                   ; 0           ; 0            ; 0       ; 0         ; 0    ; 0            ; |MKRVIDOR4000_top|jtag_interface:interfacejtag|jtag_memory:memory                                                                                                                                                                                                                                                                                            ; jtag_memory                       ; work         ;
;       |jtag_synchronizer:jtag_sync|                                                                                                     ; 0 (0)               ; 13 (1)                    ; 0           ; 0            ; 0       ; 0         ; 0    ; 0            ; |MKRVIDOR4000_top|jtag_interface:interfacejtag|jtag_synchronizer:jtag_sync                                                                                                                                                                                                                                                                                   ; jtag_synchronizer                 ; work         ;
;          |synchronizer_basic:inst1|                                                                                                     ; 0 (0)               ; 2 (2)                     ; 0           ; 0            ; 0       ; 0         ; 0    ; 0            ; |MKRVIDOR4000_top|jtag_interface:interfacejtag|jtag_synchronizer:jtag_sync|synchronizer_basic:inst1                                                                                                                                                                                                                                                          ; synchronizer_basic                ; work         ;
;          |synchronizer_basic:inst2|                                                                                                     ; 0 (0)               ; 2 (2)                     ; 0           ; 0            ; 0       ; 0         ; 0    ; 0            ; |MKRVIDOR4000_top|jtag_interface:interfacejtag|jtag_synchronizer:jtag_sync|synchronizer_basic:inst2                                                                                                                                                                                                                                                          ; synchronizer_basic                ; work         ;
;          |synchronizer_basic:inst3|                                                                                                     ; 0 (0)               ; 2 (2)                     ; 0           ; 0            ; 0       ; 0         ; 0    ; 0            ; |MKRVIDOR4000_top|jtag_interface:interfacejtag|jtag_synchronizer:jtag_sync|synchronizer_basic:inst3                                                                                                                                                                                                                                                          ; synchronizer_basic                ; work         ;
;          |synchronizer_basic:inst5|                                                                                                     ; 0 (0)               ; 2 (2)                     ; 0           ; 0            ; 0       ; 0         ; 0    ; 0            ; |MKRVIDOR4000_top|jtag_interface:interfacejtag|jtag_synchronizer:jtag_sync|synchronizer_basic:inst5                                                                                                                                                                                                                                                          ; synchronizer_basic                ; work         ;
;          |synchronizer_basic:inst6|                                                                                                     ; 0 (0)               ; 2 (2)                     ; 0           ; 0            ; 0       ; 0         ; 0    ; 0            ; |MKRVIDOR4000_top|jtag_interface:interfacejtag|jtag_synchronizer:jtag_sync|synchronizer_basic:inst6                                                                                                                                                                                                                                                          ; synchronizer_basic                ; work         ;
;          |synchronizer_basic:inst|                                                                                                      ; 0 (0)               ; 2 (2)                     ; 0           ; 0            ; 0       ; 0         ; 0    ; 0            ; |MKRVIDOR4000_top|jtag_interface:interfacejtag|jtag_synchronizer:jtag_sync|synchronizer_basic:inst                                                                                                                                                                                                                                                           ; synchronizer_basic                ; work         ;
;       |sld_virtual_jtag:jtag|                                                                                                           ; 3 (0)               ; 0 (0)                     ; 0           ; 0            ; 0       ; 0         ; 0    ; 0            ; |MKRVIDOR4000_top|jtag_interface:interfacejtag|sld_virtual_jtag:jtag                                                                                                                                                                                                                                                                                         ; sld_virtual_jtag                  ; work         ;
;          |sld_virtual_jtag_basic:sld_virtual_jtag_basic_inst|                                                                           ; 3 (3)               ; 0 (0)                     ; 0           ; 0            ; 0       ; 0         ; 0    ; 0            ; |MKRVIDOR4000_top|jtag_interface:interfacejtag|sld_virtual_jtag:jtag|sld_virtual_jtag_basic:sld_virtual_jtag_basic_inst                                                                                                                                                                                                                                      ; sld_virtual_jtag_basic            ; work         ;
;    |sld_hub:auto_hub|                                                                                                                   ; 128 (1)             ; 85 (0)                    ; 0           ; 0            ; 0       ; 0         ; 0    ; 0            ; |MKRVIDOR4000_top|sld_hub:auto_hub                                                                                                                                                                                                                                                                                                                           ; sld_hub                           ; altera_sld   ;
;       |alt_sld_fab_with_jtag_input:\instrumentation_fabric_with_node_gen:fabric_gen_new_way:with_jtag_input_gen:instrumentation_fabric| ; 127 (0)             ; 85 (0)                    ; 0           ; 0            ; 0       ; 0         ; 0    ; 0            ; |MKRVIDOR4000_top|sld_hub:auto_hub|alt_sld_fab_with_jtag_input:\instrumentation_fabric_with_node_gen:fabric_gen_new_way:with_jtag_input_gen:instrumentation_fabric                                                                                                                                                                                           ; alt_sld_fab_with_jtag_input       ; altera_sld   ;
;          |alt_sld_fab:instrumentation_fabric|                                                                                           ; 127 (0)             ; 85 (0)                    ; 0           ; 0            ; 0       ; 0         ; 0    ; 0            ; |MKRVIDOR4000_top|sld_hub:auto_hub|alt_sld_fab_with_jtag_input:\instrumentation_fabric_with_node_gen:fabric_gen_new_way:with_jtag_input_gen:instrumentation_fabric|alt_sld_fab:instrumentation_fabric                                                                                                                                                        ; alt_sld_fab                       ; alt_sld_fab  ;
;             |alt_sld_fab_alt_sld_fab:alt_sld_fab|                                                                                       ; 127 (1)             ; 85 (5)                    ; 0           ; 0            ; 0       ; 0         ; 0    ; 0            ; |MKRVIDOR4000_top|sld_hub:auto_hub|alt_sld_fab_with_jtag_input:\instrumentation_fabric_with_node_gen:fabric_gen_new_way:with_jtag_input_gen:instrumentation_fabric|alt_sld_fab:instrumentation_fabric|alt_sld_fab_alt_sld_fab:alt_sld_fab                                                                                                                    ; alt_sld_fab_alt_sld_fab           ; alt_sld_fab  ;
;                |alt_sld_fab_alt_sld_fab_ident:ident|                                                                                    ; 12 (12)             ; 0 (0)                     ; 0           ; 0            ; 0       ; 0         ; 0    ; 0            ; |MKRVIDOR4000_top|sld_hub:auto_hub|alt_sld_fab_with_jtag_input:\instrumentation_fabric_with_node_gen:fabric_gen_new_way:with_jtag_input_gen:instrumentation_fabric|alt_sld_fab:instrumentation_fabric|alt_sld_fab_alt_sld_fab:alt_sld_fab|alt_sld_fab_alt_sld_fab_ident:ident                                                                                ; alt_sld_fab_alt_sld_fab_ident     ; alt_sld_fab  ;
;                |alt_sld_fab_alt_sld_fab_sldfabric:sldfabric|                                                                            ; 114 (0)             ; 80 (0)                    ; 0           ; 0            ; 0       ; 0         ; 0    ; 0            ; |MKRVIDOR4000_top|sld_hub:auto_hub|alt_sld_fab_with_jtag_input:\instrumentation_fabric_with_node_gen:fabric_gen_new_way:with_jtag_input_gen:instrumentation_fabric|alt_sld_fab:instrumentation_fabric|alt_sld_fab_alt_sld_fab:alt_sld_fab|alt_sld_fab_alt_sld_fab_sldfabric:sldfabric                                                                        ; alt_sld_fab_alt_sld_fab_sldfabric ; alt_sld_fab  ;
;                   |sld_jtag_hub:\jtag_hub_gen:real_sld_jtag_hub|                                                                        ; 114 (73)            ; 80 (52)                   ; 0           ; 0            ; 0       ; 0         ; 0    ; 0            ; |MKRVIDOR4000_top|sld_hub:auto_hub|alt_sld_fab_with_jtag_input:\instrumentation_fabric_with_node_gen:fabric_gen_new_way:with_jtag_input_gen:instrumentation_fabric|alt_sld_fab:instrumentation_fabric|alt_sld_fab_alt_sld_fab:alt_sld_fab|alt_sld_fab_alt_sld_fab_sldfabric:sldfabric|sld_jtag_hub:\jtag_hub_gen:real_sld_jtag_hub                           ; sld_jtag_hub                      ; work         ;
;                      |sld_rom_sr:hub_info_reg|                                                                                          ; 23 (23)             ; 9 (9)                     ; 0           ; 0            ; 0       ; 0         ; 0    ; 0            ; |MKRVIDOR4000_top|sld_hub:auto_hub|alt_sld_fab_with_jtag_input:\instrumentation_fabric_with_node_gen:fabric_gen_new_way:with_jtag_input_gen:instrumentation_fabric|alt_sld_fab:instrumentation_fabric|alt_sld_fab_alt_sld_fab:alt_sld_fab|alt_sld_fab_alt_sld_fab_sldfabric:sldfabric|sld_jtag_hub:\jtag_hub_gen:real_sld_jtag_hub|sld_rom_sr:hub_info_reg   ; sld_rom_sr                        ; work         ;
;                      |sld_shadow_jsm:shadow_jsm|                                                                                        ; 18 (18)             ; 19 (19)                   ; 0           ; 0            ; 0       ; 0         ; 0    ; 0            ; |MKRVIDOR4000_top|sld_hub:auto_hub|alt_sld_fab_with_jtag_input:\instrumentation_fabric_with_node_gen:fabric_gen_new_way:with_jtag_input_gen:instrumentation_fabric|alt_sld_fab:instrumentation_fabric|alt_sld_fab_alt_sld_fab:alt_sld_fab|alt_sld_fab_alt_sld_fab_sldfabric:sldfabric|sld_jtag_hub:\jtag_hub_gen:real_sld_jtag_hub|sld_shadow_jsm:shadow_jsm ; sld_shadow_jsm                    ; altera_sld   ;
+-----------------------------------------------------------------------------------------------------------------------------------------+---------------------+---------------------------+-------------+--------------+---------+-----------+------+--------------+--------------------------------------------------------------------------------------------------------------------------------------------------------------------------------------------------------------------------------------------------------------------------------------------------------------------------------------------------------------+-----------------------------------+--------------+
Note: For table entries with two numbers listed, the numbers in parentheses indicate the number of resources of the given type used by the specific entity alone. The numbers listed outside of parentheses indicate the total resources of the given type used by the specific entity and all of its sub-entities in the hierarchy.


+------------------------------------------------------------------------------------------------------------------------------------------------------------------------------------------------------------------------------------------------------------------------------------------------------------------------------------------------------------------------------------------+
; Analysis & Synthesis IP Cores Summary                                                                                                                                                                                                                                                                                                                                                    ;
+--------+--------------+---------+--------------+--------------+---------------------------------------------------------------------------------------------------------------------------------------------------------------------------------------------------------------------------------------------------------------------------------------+----------------------------------+
; Vendor ; IP Core Name ; Version ; Release Date ; License Type ; Entity Instance                                                                                                                                                                                                                                                                       ; IP Include File                  ;
+--------+--------------+---------+--------------+--------------+---------------------------------------------------------------------------------------------------------------------------------------------------------------------------------------------------------------------------------------------------------------------------------------+----------------------------------+
; Altera ; ALTPLL       ; 21.1    ; N/A          ; N/A          ; |MKRVIDOR4000_top|SYSTEM_PLL:PLL_inst                                                                                                                                                                                                                                                 ; ../../ip/SYSTEM_PLL/SYSTEM_PLL.v ;
; Altera ; Signal Tap   ; N/A     ; N/A          ; Licensed     ; |MKRVIDOR4000_top|sld_hub:auto_hub|alt_sld_fab_with_jtag_input:\instrumentation_fabric_with_node_gen:fabric_gen_new_way:with_jtag_input_gen:instrumentation_fabric|alt_sld_fab:instrumentation_fabric                                                                                 ;                                  ;
; Altera ; Signal Tap   ; N/A     ; N/A          ; Licensed     ; |MKRVIDOR4000_top|sld_hub:auto_hub|alt_sld_fab_with_jtag_input:\instrumentation_fabric_with_node_gen:fabric_gen_new_way:with_jtag_input_gen:instrumentation_fabric|alt_sld_fab:instrumentation_fabric|alt_sld_fab_alt_sld_fab:alt_sld_fab                                             ;                                  ;
; Altera ; Signal Tap   ; N/A     ; N/A          ; Licensed     ; |MKRVIDOR4000_top|sld_hub:auto_hub|alt_sld_fab_with_jtag_input:\instrumentation_fabric_with_node_gen:fabric_gen_new_way:with_jtag_input_gen:instrumentation_fabric|alt_sld_fab:instrumentation_fabric|alt_sld_fab_alt_sld_fab:alt_sld_fab|alt_sld_fab_alt_sld_fab_presplit:presplit   ;                                  ;
; Altera ; Signal Tap   ; N/A     ; N/A          ; Licensed     ; |MKRVIDOR4000_top|sld_hub:auto_hub|alt_sld_fab_with_jtag_input:\instrumentation_fabric_with_node_gen:fabric_gen_new_way:with_jtag_input_gen:instrumentation_fabric|alt_sld_fab:instrumentation_fabric|alt_sld_fab_alt_sld_fab:alt_sld_fab|alt_sld_fab_alt_sld_fab_sldfabric:sldfabric ;                                  ;
; Altera ; Signal Tap   ; N/A     ; N/A          ; Licensed     ; |MKRVIDOR4000_top|sld_hub:auto_hub|alt_sld_fab_with_jtag_input:\instrumentation_fabric_with_node_gen:fabric_gen_new_way:with_jtag_input_gen:instrumentation_fabric|alt_sld_fab:instrumentation_fabric|alt_sld_fab_alt_sld_fab:alt_sld_fab|alt_sld_fab_alt_sld_fab_splitter:splitter   ;                                  ;
+--------+--------------+---------+--------------+--------------+---------------------------------------------------------------------------------------------------------------------------------------------------------------------------------------------------------------------------------------------------------------------------------------+----------------------------------+


+--------------------------------------------------------------------------------------------------------+
; Registers Removed During Synthesis                                                                     ;
+---------------------------------------------------------------+----------------------------------------+
; Register name                                                 ; Reason for Removal                     ;
+---------------------------------------------------------------+----------------------------------------+
; eco_nn_top:uut|neuron:hidden_layer[6].h_neuron|out[0,1]       ; Lost fanout                            ;
; eco_nn_top:uut|neuron:hidden_layer[12].h_neuron|out[0,1]      ; Lost fanout                            ;
; jtag_interface:interfacejtag|jtag_memory:memory|idReg[13..15] ; Stuck at GND due to stuck port data_in ;
; Total Number of Removed Registers = 7                         ;                                        ;
+---------------------------------------------------------------+----------------------------------------+


+----------------------------------------------------------------------------------------------------------------------------------------------------+
; Removed Registers Triggering Further Register Optimizations                                                                                        ;
+-----------------------------------------------------------+---------------------------+------------------------------------------------------------+
; Register name                                             ; Reason for Removal        ; Registers Removed due to This Register                     ;
+-----------------------------------------------------------+---------------------------+------------------------------------------------------------+
; jtag_interface:interfacejtag|jtag_memory:memory|idReg[15] ; Stuck at GND              ; jtag_interface:interfacejtag|jtag_memory:memory|idReg[14], ;
;                                                           ; due to stuck port data_in ; jtag_interface:interfacejtag|jtag_memory:memory|idReg[13]  ;
+-----------------------------------------------------------+---------------------------+------------------------------------------------------------+


+------------------------------------------------------+
; General Register Statistics                          ;
+----------------------------------------------+-------+
; Statistic                                    ; Value ;
+----------------------------------------------+-------+
; Total registers                              ; 349   ;
; Number of registers using Synchronous Clear  ; 116   ;
; Number of registers using Synchronous Load   ; 18    ;
; Number of registers using Asynchronous Clear ; 32    ;
; Number of registers using Asynchronous Load  ; 0     ;
; Number of registers using Clock Enable       ; 163   ;
; Number of registers using Preset             ; 0     ;
+----------------------------------------------+-------+


+-------------------------------------------------------------------------------------------------------------------------------------------------------------------------------------------------------------------------------------------------------------------------------------------------------------------------------------------+
; Inverted Register Statistics                                                                                                                                                                                                                                                                                                              ;
+---------------------------------------------------------------------------------------------------------------------------------------------------------------------------------------------------------------------------------------------------------------------------------------------------------------------------------+---------+
; Inverted Register                                                                                                                                                                                                                                                                                                               ; Fan out ;
+---------------------------------------------------------------------------------------------------------------------------------------------------------------------------------------------------------------------------------------------------------------------------------------------------------------------------------+---------+
; sld_hub:auto_hub|alt_sld_fab_with_jtag_input:\instrumentation_fabric_with_node_gen:fabric_gen_new_way:with_jtag_input_gen:instrumentation_fabric|alt_sld_fab:instrumentation_fabric|alt_sld_fab_alt_sld_fab:alt_sld_fab|alt_sld_fab_alt_sld_fab_sldfabric:sldfabric|sld_jtag_hub:\jtag_hub_gen:real_sld_jtag_hub|jtag_ir_reg[2] ; 2       ;
; sld_hub:auto_hub|alt_sld_fab_with_jtag_input:\instrumentation_fabric_with_node_gen:fabric_gen_new_way:with_jtag_input_gen:instrumentation_fabric|alt_sld_fab:instrumentation_fabric|alt_sld_fab_alt_sld_fab:alt_sld_fab|alt_sld_fab_alt_sld_fab_sldfabric:sldfabric|sld_jtag_hub:\jtag_hub_gen:real_sld_jtag_hub|jtag_ir_reg[1] ; 3       ;
; Total number of inverted registers = 2                                                                                                                                                                                                                                                                                          ;         ;
+---------------------------------------------------------------------------------------------------------------------------------------------------------------------------------------------------------------------------------------------------------------------------------------------------------------------------------+---------+


+----------------------------------------------------------------------------------------------------------+
; Physical Synthesis Netlist Optimizations                                                                 ;
+-------------------------------------------------------------------------+----------+---------------------+
; Node                                                                    ; Action   ; Reason              ;
+-------------------------------------------------------------------------+----------+---------------------+
; eco_nn_top:uut|neuron:hidden_layer[0].h_neuron|Add1~0                   ; Modified ; Timing optimization ;
; eco_nn_top:uut|neuron:hidden_layer[0].h_neuron|Add2~0                   ; Modified ; Timing optimization ;
; eco_nn_top:uut|neuron:hidden_layer[0].h_neuron|Add7~1                   ; Modified ; Timing optimization ;
; eco_nn_top:uut|neuron:hidden_layer[0].h_neuron|out~0                    ; Modified ; Timing optimization ;
; eco_nn_top:uut|neuron:hidden_layer[1].h_neuron|Add6~0                   ; Modified ; Timing optimization ;
; eco_nn_top:uut|neuron:hidden_layer[1].h_neuron|Add7~1                   ; Modified ; Timing optimization ;
; eco_nn_top:uut|neuron:hidden_layer[1].h_neuron|out~4                    ; Modified ; Timing optimization ;
; eco_nn_top:uut|neuron:hidden_layer[2].h_neuron|Add1~0                   ; Modified ; Timing optimization ;
; eco_nn_top:uut|neuron:hidden_layer[2].h_neuron|Add2~0                   ; Modified ; Timing optimization ;
; eco_nn_top:uut|neuron:hidden_layer[2].h_neuron|Add7~0                   ; Modified ; Timing optimization ;
; eco_nn_top:uut|neuron:hidden_layer[2].h_neuron|out~2                    ; Deleted  ; Timing optimization ;
; eco_nn_top:uut|neuron:hidden_layer[2].h_neuron|out~3                    ; Deleted  ; Timing optimization ;
; eco_nn_top:uut|neuron:hidden_layer[2].h_neuron|out~4                    ; Modified ; Timing optimization ;
; eco_nn_top:uut|neuron:hidden_layer[2].h_neuron|out~4_RESYN0_BDD1        ; Created  ; Timing optimization ;
; eco_nn_top:uut|neuron:hidden_layer[2].h_neuron|out~4_RESYN2_BDD3        ; Created  ; Timing optimization ;
; eco_nn_top:uut|neuron:hidden_layer[2].h_neuron|out~9                    ; Modified ; Timing optimization ;
; eco_nn_top:uut|neuron:hidden_layer[3].h_neuron|Add3~0                   ; Modified ; Timing optimization ;
; eco_nn_top:uut|neuron:hidden_layer[3].h_neuron|Add7~1                   ; Modified ; Timing optimization ;
; eco_nn_top:uut|neuron:hidden_layer[3].h_neuron|out~0                    ; Modified ; Timing optimization ;
; eco_nn_top:uut|neuron:hidden_layer[4].h_neuron|Add7~1                   ; Modified ; Timing optimization ;
; eco_nn_top:uut|neuron:hidden_layer[4].h_neuron|out~2                    ; Modified ; Timing optimization ;
; eco_nn_top:uut|neuron:hidden_layer[5].h_neuron|Add7~1                   ; Modified ; Timing optimization ;
; eco_nn_top:uut|neuron:hidden_layer[5].h_neuron|out~3                    ; Modified ; Timing optimization ;
; eco_nn_top:uut|neuron:hidden_layer[7].h_neuron|Add6~0                   ; Modified ; Timing optimization ;
; eco_nn_top:uut|neuron:hidden_layer[7].h_neuron|Add7~1                   ; Modified ; Timing optimization ;
; eco_nn_top:uut|neuron:hidden_layer[7].h_neuron|out~1                    ; Modified ; Timing optimization ;
; eco_nn_top:uut|neuron:hidden_layer[8].h_neuron|Add1~0                   ; Modified ; Timing optimization ;
; eco_nn_top:uut|neuron:hidden_layer[8].h_neuron|Add4~0                   ; Modified ; Timing optimization ;
; eco_nn_top:uut|neuron:hidden_layer[8].h_neuron|Add7~1                   ; Modified ; Timing optimization ;
; eco_nn_top:uut|neuron:hidden_layer[8].h_neuron|out~2                    ; Modified ; Timing optimization ;
; eco_nn_top:uut|neuron:hidden_layer[9].h_neuron|Add7~1                   ; Modified ; Timing optimization ;
; eco_nn_top:uut|neuron:hidden_layer[9].h_neuron|out~7                    ; Modified ; Timing optimization ;
; eco_nn_top:uut|neuron:hidden_layer[10].h_neuron|Add7~1                  ; Modified ; Timing optimization ;
; eco_nn_top:uut|neuron:hidden_layer[10].h_neuron|out~3                   ; Modified ; Timing optimization ;
; eco_nn_top:uut|neuron:hidden_layer[11].h_neuron|LessThan0~1             ; Deleted  ; Timing optimization ;
; eco_nn_top:uut|neuron:hidden_layer[11].h_neuron|LessThan0~2             ; Modified ; Timing optimization ;
; eco_nn_top:uut|neuron:hidden_layer[11].h_neuron|LessThan0~2_RESYN6_BDD7 ; Created  ; Timing optimization ;
; eco_nn_top:uut|neuron:hidden_layer[13].h_neuron|Add7~1                  ; Modified ; Timing optimization ;
; eco_nn_top:uut|neuron:hidden_layer[13].h_neuron|out~3                   ; Modified ; Timing optimization ;
; eco_nn_top:uut|neuron:hidden_layer[14].h_neuron|Add3~0                  ; Modified ; Timing optimization ;
; eco_nn_top:uut|neuron:hidden_layer[14].h_neuron|Add7~1                  ; Modified ; Timing optimization ;
; eco_nn_top:uut|neuron:hidden_layer[14].h_neuron|out~0                   ; Modified ; Timing optimization ;
; eco_nn_top:uut|neuron:hidden_layer[15].h_neuron|Add7~1                  ; Modified ; Timing optimization ;
; eco_nn_top:uut|neuron:hidden_layer[15].h_neuron|out~6                   ; Modified ; Timing optimization ;
; eco_nn_top:uut|neuron:output_layer[0].final_neuron|Add10~0              ; Modified ; Timing optimization ;
; eco_nn_top:uut|neuron:output_layer[0].final_neuron|Add15~1              ; Modified ; Timing optimization ;
; eco_nn_top:uut|neuron:output_layer[0].final_neuron|out~0                ; Modified ; Timing optimization ;
; eco_nn_top:uut|neuron:output_layer[1].final_neuron|Add8~0               ; Modified ; Timing optimization ;
; eco_nn_top:uut|neuron:output_layer[1].final_neuron|Add15~1              ; Modified ; Timing optimization ;
; eco_nn_top:uut|neuron:output_layer[1].final_neuron|out~0                ; Modified ; Timing optimization ;
+-------------------------------------------------------------------------+----------+---------------------+


+---------------------------------------------------------------------------------------------------------------------------------------------------------------------------------------------+
; Multiplexer Restructuring Statistics (No Restructuring Performed)                                                                                                                           ;
+--------------------+-----------+---------------+----------------------+------------------------+------------+-------------------------------------------------------------------------------+
; Multiplexer Inputs ; Bus Width ; Baseline Area ; Area if Restructured ; Saving if Restructured ; Registered ; Example Multiplexer Output                                                    ;
+--------------------+-----------+---------------+----------------------+------------------------+------------+-------------------------------------------------------------------------------+
; 3:1                ; 8 bits    ; 16 LEs        ; 8 LEs                ; 8 LEs                  ; Yes        ; |MKRVIDOR4000_top|jtag_interface:interfacejtag|jtag_memory:memory|workReg[14] ;
; 3:1                ; 12 bits   ; 24 LEs        ; 12 LEs               ; 12 LEs                 ; Yes        ; |MKRVIDOR4000_top|jtag_interface:interfacejtag|jtag_memory:memory|idReg[0]    ;
; 3:1                ; 8 bits    ; 16 LEs        ; 8 LEs                ; 8 LEs                  ; Yes        ; |MKRVIDOR4000_top|eco_nn_top:uut|neuron:output_layer[1].final_neuron|out[0]   ;
; 3:1                ; 8 bits    ; 16 LEs        ; 8 LEs                ; 8 LEs                  ; Yes        ; |MKRVIDOR4000_top|eco_nn_top:uut|neuron:output_layer[0].final_neuron|out[0]   ;
; 3:1                ; 6 bits    ; 12 LEs        ; 6 LEs                ; 6 LEs                  ; Yes        ; |MKRVIDOR4000_top|eco_nn_top:uut|neuron:hidden_layer[12].h_neuron|out[2]      ;
; 3:1                ; 6 bits    ; 12 LEs        ; 6 LEs                ; 6 LEs                  ; Yes        ; |MKRVIDOR4000_top|eco_nn_top:uut|neuron:hidden_layer[6].h_neuron|out[5]       ;
; 7:1                ; 8 bits    ; 32 LEs        ; 16 LEs               ; 16 LEs                 ; Yes        ; |MKRVIDOR4000_top|jtag_interface:interfacejtag|jtag_memory:memory|workReg[1]  ;
; 3:1                ; 32 bits   ; 64 LEs        ; 32 LEs               ; 32 LEs                 ; Yes        ; |MKRVIDOR4000_top|eco_nn_top:uut|window[4][6]                                 ;
; 3:1                ; 32 bits   ; 64 LEs        ; 32 LEs               ; 32 LEs                 ; Yes        ; |MKRVIDOR4000_top|eco_nn_top:uut|window[3][4]                                 ;
; 3:1                ; 8 bits    ; 16 LEs        ; 8 LEs                ; 8 LEs                  ; Yes        ; |MKRVIDOR4000_top|eco_nn_top:uut|neuron:hidden_layer[1].h_neuron|out[7]       ;
; 3:1                ; 8 bits    ; 16 LEs        ; 8 LEs                ; 8 LEs                  ; Yes        ; |MKRVIDOR4000_top|eco_nn_top:uut|neuron:hidden_layer[0].h_neuron|out[7]       ;
; 3:1                ; 8 bits    ; 16 LEs        ; 8 LEs                ; 8 LEs                  ; Yes        ; |MKRVIDOR4000_top|eco_nn_top:uut|neuron:hidden_layer[4].h_neuron|out[7]       ;
; 3:1                ; 8 bits    ; 16 LEs        ; 8 LEs                ; 8 LEs                  ; Yes        ; |MKRVIDOR4000_top|eco_nn_top:uut|neuron:hidden_layer[3].h_neuron|out[7]       ;
; 3:1                ; 8 bits    ; 16 LEs        ; 8 LEs                ; 8 LEs                  ; Yes        ; |MKRVIDOR4000_top|eco_nn_top:uut|neuron:hidden_layer[14].h_neuron|out[7]      ;
; 3:1                ; 8 bits    ; 16 LEs        ; 8 LEs                ; 8 LEs                  ; Yes        ; |MKRVIDOR4000_top|eco_nn_top:uut|neuron:hidden_layer[13].h_neuron|out[7]      ;
; 3:1                ; 8 bits    ; 16 LEs        ; 8 LEs                ; 8 LEs                  ; Yes        ; |MKRVIDOR4000_top|eco_nn_top:uut|neuron:hidden_layer[15].h_neuron|out[1]      ;
; 3:1                ; 8 bits    ; 16 LEs        ; 8 LEs                ; 8 LEs                  ; Yes        ; |MKRVIDOR4000_top|eco_nn_top:uut|neuron:hidden_layer[10].h_neuron|out[7]      ;
; 3:1                ; 8 bits    ; 16 LEs        ; 8 LEs                ; 8 LEs                  ; Yes        ; |MKRVIDOR4000_top|eco_nn_top:uut|neuron:hidden_layer[9].h_neuron|out[4]       ;
; 3:1                ; 8 bits    ; 16 LEs        ; 8 LEs                ; 8 LEs                  ; Yes        ; |MKRVIDOR4000_top|eco_nn_top:uut|neuron:hidden_layer[8].h_neuron|out[0]       ;
; 3:1                ; 8 bits    ; 16 LEs        ; 8 LEs                ; 8 LEs                  ; Yes        ; |MKRVIDOR4000_top|eco_nn_top:uut|neuron:hidden_layer[7].h_neuron|out[2]       ;
; 3:1                ; 8 bits    ; 16 LEs        ; 8 LEs                ; 8 LEs                  ; Yes        ; |MKRVIDOR4000_top|eco_nn_top:uut|neuron:hidden_layer[5].h_neuron|out[0]       ;
; 3:1                ; 8 bits    ; 16 LEs        ; 8 LEs                ; 8 LEs                  ; Yes        ; |MKRVIDOR4000_top|eco_nn_top:uut|neuron:hidden_layer[11].h_neuron|out[7]      ;
; 3:1                ; 8 bits    ; 16 LEs        ; 8 LEs                ; 8 LEs                  ; Yes        ; |MKRVIDOR4000_top|eco_nn_top:uut|neuron:hidden_layer[2].h_neuron|out[0]       ;
+--------------------+-----------+---------------+----------------------+------------------------+------------+-------------------------------------------------------------------------------+


+------------------------------------------------------------------------------------------+
; Parameter Settings for User Entity Instance: SYSTEM_PLL:PLL_inst|altpll:altpll_component ;
+-------------------------------+------------------------------+---------------------------+
; Parameter Name                ; Value                        ; Type                      ;
+-------------------------------+------------------------------+---------------------------+
; OPERATION_MODE                ; NORMAL                       ; Untyped                   ;
; PLL_TYPE                      ; AUTO                         ; Untyped                   ;
; LPM_HINT                      ; CBX_MODULE_PREFIX=SYSTEM_PLL ; Untyped                   ;
; QUALIFY_CONF_DONE             ; OFF                          ; Untyped                   ;
; COMPENSATE_CLOCK              ; CLK0                         ; Untyped                   ;
; SCAN_CHAIN                    ; LONG                         ; Untyped                   ;
; PRIMARY_CLOCK                 ; INCLK0                       ; Untyped                   ;
; INCLK0_INPUT_FREQUENCY        ; 20833                        ; Signed Integer            ;
; INCLK1_INPUT_FREQUENCY        ; 0                            ; Untyped                   ;
; GATE_LOCK_SIGNAL              ; NO                           ; Untyped                   ;
; GATE_LOCK_COUNTER             ; 0                            ; Untyped                   ;
; LOCK_HIGH                     ; 1                            ; Untyped                   ;
; LOCK_LOW                      ; 1                            ; Untyped                   ;
; VALID_LOCK_MULTIPLIER         ; 1                            ; Untyped                   ;
; INVALID_LOCK_MULTIPLIER       ; 5                            ; Untyped                   ;
; SWITCH_OVER_ON_LOSSCLK        ; OFF                          ; Untyped                   ;
; SWITCH_OVER_ON_GATED_LOCK     ; OFF                          ; Untyped                   ;
; ENABLE_SWITCH_OVER_COUNTER    ; OFF                          ; Untyped                   ;
; SKIP_VCO                      ; OFF                          ; Untyped                   ;
; SWITCH_OVER_COUNTER           ; 0                            ; Untyped                   ;
; SWITCH_OVER_TYPE              ; AUTO                         ; Untyped                   ;
; FEEDBACK_SOURCE               ; EXTCLK0                      ; Untyped                   ;
; BANDWIDTH                     ; 0                            ; Untyped                   ;
; BANDWIDTH_TYPE                ; AUTO                         ; Untyped                   ;
; SPREAD_FREQUENCY              ; 0                            ; Untyped                   ;
; DOWN_SPREAD                   ; 0                            ; Untyped                   ;
; SELF_RESET_ON_GATED_LOSS_LOCK ; OFF                          ; Untyped                   ;
; SELF_RESET_ON_LOSS_LOCK       ; OFF                          ; Untyped                   ;
; CLK9_MULTIPLY_BY              ; 0                            ; Untyped                   ;
; CLK8_MULTIPLY_BY              ; 0                            ; Untyped                   ;
; CLK7_MULTIPLY_BY              ; 0                            ; Untyped                   ;
; CLK6_MULTIPLY_BY              ; 0                            ; Untyped                   ;
; CLK5_MULTIPLY_BY              ; 1                            ; Untyped                   ;
; CLK4_MULTIPLY_BY              ; 5                            ; Signed Integer            ;
; CLK3_MULTIPLY_BY              ; 25                           ; Signed Integer            ;
; CLK2_MULTIPLY_BY              ; 25                           ; Signed Integer            ;
; CLK1_MULTIPLY_BY              ; 5                            ; Signed Integer            ;
; CLK0_MULTIPLY_BY              ; 1                            ; Signed Integer            ;
; CLK9_DIVIDE_BY                ; 0                            ; Untyped                   ;
; CLK8_DIVIDE_BY                ; 0                            ; Untyped                   ;
; CLK7_DIVIDE_BY                ; 0                            ; Untyped                   ;
; CLK6_DIVIDE_BY                ; 0                            ; Untyped                   ;
; CLK5_DIVIDE_BY                ; 1                            ; Untyped                   ;
; CLK4_DIVIDE_BY                ; 4                            ; Signed Integer            ;
; CLK3_DIVIDE_BY                ; 12                           ; Signed Integer            ;
; CLK2_DIVIDE_BY                ; 12                           ; Signed Integer            ;
; CLK1_DIVIDE_BY                ; 2                            ; Signed Integer            ;
; CLK0_DIVIDE_BY                ; 2                            ; Signed Integer            ;
; CLK9_PHASE_SHIFT              ; 0                            ; Untyped                   ;
; CLK8_PHASE_SHIFT              ; 0                            ; Untyped                   ;
; CLK7_PHASE_SHIFT              ; 0                            ; Untyped                   ;
; CLK6_PHASE_SHIFT              ; 0                            ; Untyped                   ;
; CLK5_PHASE_SHIFT              ; 0                            ; Untyped                   ;
; CLK4_PHASE_SHIFT              ; 0                            ; Untyped                   ;
; CLK3_PHASE_SHIFT              ; 5000                         ; Untyped                   ;
; CLK2_PHASE_SHIFT              ; 0                            ; Untyped                   ;
; CLK1_PHASE_SHIFT              ; 0                            ; Untyped                   ;
; CLK0_PHASE_SHIFT              ; 0                            ; Untyped                   ;
; CLK5_TIME_DELAY               ; 0                            ; Untyped                   ;
; CLK4_TIME_DELAY               ; 0                            ; Untyped                   ;
; CLK3_TIME_DELAY               ; 0                            ; Untyped                   ;
; CLK2_TIME_DELAY               ; 0                            ; Untyped                   ;
; CLK1_TIME_DELAY               ; 0                            ; Untyped                   ;
; CLK0_TIME_DELAY               ; 0                            ; Untyped                   ;
; CLK9_DUTY_CYCLE               ; 50                           ; Untyped                   ;
; CLK8_DUTY_CYCLE               ; 50                           ; Untyped                   ;
; CLK7_DUTY_CYCLE               ; 50                           ; Untyped                   ;
; CLK6_DUTY_CYCLE               ; 50                           ; Untyped                   ;
; CLK5_DUTY_CYCLE               ; 50                           ; Untyped                   ;
; CLK4_DUTY_CYCLE               ; 50                           ; Signed Integer            ;
; CLK3_DUTY_CYCLE               ; 50                           ; Signed Integer            ;
; CLK2_DUTY_CYCLE               ; 50                           ; Signed Integer            ;
; CLK1_DUTY_CYCLE               ; 50                           ; Signed Integer            ;
; CLK0_DUTY_CYCLE               ; 50                           ; Signed Integer            ;
; CLK9_USE_EVEN_COUNTER_MODE    ; OFF                          ; Untyped                   ;
; CLK8_USE_EVEN_COUNTER_MODE    ; OFF                          ; Untyped                   ;
; CLK7_USE_EVEN_COUNTER_MODE    ; OFF                          ; Untyped                   ;
; CLK6_USE_EVEN_COUNTER_MODE    ; OFF                          ; Untyped                   ;
; CLK5_USE_EVEN_COUNTER_MODE    ; OFF                          ; Untyped                   ;
; CLK4_USE_EVEN_COUNTER_MODE    ; OFF                          ; Untyped                   ;
; CLK3_USE_EVEN_COUNTER_MODE    ; OFF                          ; Untyped                   ;
; CLK2_USE_EVEN_COUNTER_MODE    ; OFF                          ; Untyped                   ;
; CLK1_USE_EVEN_COUNTER_MODE    ; OFF                          ; Untyped                   ;
; CLK0_USE_EVEN_COUNTER_MODE    ; OFF                          ; Untyped                   ;
; CLK9_USE_EVEN_COUNTER_VALUE   ; OFF                          ; Untyped                   ;
; CLK8_USE_EVEN_COUNTER_VALUE   ; OFF                          ; Untyped                   ;
; CLK7_USE_EVEN_COUNTER_VALUE   ; OFF                          ; Untyped                   ;
; CLK6_USE_EVEN_COUNTER_VALUE   ; OFF                          ; Untyped                   ;
; CLK5_USE_EVEN_COUNTER_VALUE   ; OFF                          ; Untyped                   ;
; CLK4_USE_EVEN_COUNTER_VALUE   ; OFF                          ; Untyped                   ;
; CLK3_USE_EVEN_COUNTER_VALUE   ; OFF                          ; Untyped                   ;
; CLK2_USE_EVEN_COUNTER_VALUE   ; OFF                          ; Untyped                   ;
; CLK1_USE_EVEN_COUNTER_VALUE   ; OFF                          ; Untyped                   ;
; CLK0_USE_EVEN_COUNTER_VALUE   ; OFF                          ; Untyped                   ;
; LOCK_WINDOW_UI                ;  0.05                        ; Untyped                   ;
; LOCK_WINDOW_UI_BITS           ; UNUSED                       ; Untyped                   ;
; VCO_RANGE_DETECTOR_LOW_BITS   ; UNUSED                       ; Untyped                   ;
; VCO_RANGE_DETECTOR_HIGH_BITS  ; UNUSED                       ; Untyped                   ;
; DPA_MULTIPLY_BY               ; 0                            ; Untyped                   ;
; DPA_DIVIDE_BY                 ; 1                            ; Untyped                   ;
; DPA_DIVIDER                   ; 0                            ; Untyped                   ;
; EXTCLK3_MULTIPLY_BY           ; 1                            ; Untyped                   ;
; EXTCLK2_MULTIPLY_BY           ; 1                            ; Untyped                   ;
; EXTCLK1_MULTIPLY_BY           ; 1                            ; Untyped                   ;
; EXTCLK0_MULTIPLY_BY           ; 1                            ; Untyped                   ;
; EXTCLK3_DIVIDE_BY             ; 1                            ; Untyped                   ;
; EXTCLK2_DIVIDE_BY             ; 1                            ; Untyped                   ;
; EXTCLK1_DIVIDE_BY             ; 1                            ; Untyped                   ;
; EXTCLK0_DIVIDE_BY             ; 1                            ; Untyped                   ;
; EXTCLK3_PHASE_SHIFT           ; 0                            ; Untyped                   ;
; EXTCLK2_PHASE_SHIFT           ; 0                            ; Untyped                   ;
; EXTCLK1_PHASE_SHIFT           ; 0                            ; Untyped                   ;
; EXTCLK0_PHASE_SHIFT           ; 0                            ; Untyped                   ;
; EXTCLK3_TIME_DELAY            ; 0                            ; Untyped                   ;
; EXTCLK2_TIME_DELAY            ; 0                            ; Untyped                   ;
; EXTCLK1_TIME_DELAY            ; 0                            ; Untyped                   ;
; EXTCLK0_TIME_DELAY            ; 0                            ; Untyped                   ;
; EXTCLK3_DUTY_CYCLE            ; 50                           ; Untyped                   ;
; EXTCLK2_DUTY_CYCLE            ; 50                           ; Untyped                   ;
; EXTCLK1_DUTY_CYCLE            ; 50                           ; Untyped                   ;
; EXTCLK0_DUTY_CYCLE            ; 50                           ; Untyped                   ;
; VCO_MULTIPLY_BY               ; 0                            ; Untyped                   ;
; VCO_DIVIDE_BY                 ; 0                            ; Untyped                   ;
; SCLKOUT0_PHASE_SHIFT          ; 0                            ; Untyped                   ;
; SCLKOUT1_PHASE_SHIFT          ; 0                            ; Untyped                   ;
; VCO_MIN                       ; 0                            ; Untyped                   ;
; VCO_MAX                       ; 0                            ; Untyped                   ;
; VCO_CENTER                    ; 0                            ; Untyped                   ;
; PFD_MIN                       ; 0                            ; Untyped                   ;
; PFD_MAX                       ; 0                            ; Untyped                   ;
; M_INITIAL                     ; 0                            ; Untyped                   ;
; M                             ; 0                            ; Untyped                   ;
; N                             ; 1                            ; Untyped                   ;
; M2                            ; 1                            ; Untyped                   ;
; N2                            ; 1                            ; Untyped                   ;
; SS                            ; 1                            ; Untyped                   ;
; C0_HIGH                       ; 0                            ; Untyped                   ;
; C1_HIGH                       ; 0                            ; Untyped                   ;
; C2_HIGH                       ; 0                            ; Untyped                   ;
; C3_HIGH                       ; 0                            ; Untyped                   ;
; C4_HIGH                       ; 0                            ; Untyped                   ;
; C5_HIGH                       ; 0                            ; Untyped                   ;
; C6_HIGH                       ; 0                            ; Untyped                   ;
; C7_HIGH                       ; 0                            ; Untyped                   ;
; C8_HIGH                       ; 0                            ; Untyped                   ;
; C9_HIGH                       ; 0                            ; Untyped                   ;
; C0_LOW                        ; 0                            ; Untyped                   ;
; C1_LOW                        ; 0                            ; Untyped                   ;
; C2_LOW                        ; 0                            ; Untyped                   ;
; C3_LOW                        ; 0                            ; Untyped                   ;
; C4_LOW                        ; 0                            ; Untyped                   ;
; C5_LOW                        ; 0                            ; Untyped                   ;
; C6_LOW                        ; 0                            ; Untyped                   ;
; C7_LOW                        ; 0                            ; Untyped                   ;
; C8_LOW                        ; 0                            ; Untyped                   ;
; C9_LOW                        ; 0                            ; Untyped                   ;
; C0_INITIAL                    ; 0                            ; Untyped                   ;
; C1_INITIAL                    ; 0                            ; Untyped                   ;
; C2_INITIAL                    ; 0                            ; Untyped                   ;
; C3_INITIAL                    ; 0                            ; Untyped                   ;
; C4_INITIAL                    ; 0                            ; Untyped                   ;
; C5_INITIAL                    ; 0                            ; Untyped                   ;
; C6_INITIAL                    ; 0                            ; Untyped                   ;
; C7_INITIAL                    ; 0                            ; Untyped                   ;
; C8_INITIAL                    ; 0                            ; Untyped                   ;
; C9_INITIAL                    ; 0                            ; Untyped                   ;
; C0_MODE                       ; BYPASS                       ; Untyped                   ;
; C1_MODE                       ; BYPASS                       ; Untyped                   ;
; C2_MODE                       ; BYPASS                       ; Untyped                   ;
; C3_MODE                       ; BYPASS                       ; Untyped                   ;
; C4_MODE                       ; BYPASS                       ; Untyped                   ;
; C5_MODE                       ; BYPASS                       ; Untyped                   ;
; C6_MODE                       ; BYPASS                       ; Untyped                   ;
; C7_MODE                       ; BYPASS                       ; Untyped                   ;
; C8_MODE                       ; BYPASS                       ; Untyped                   ;
; C9_MODE                       ; BYPASS                       ; Untyped                   ;
; C0_PH                         ; 0                            ; Untyped                   ;
; C1_PH                         ; 0                            ; Untyped                   ;
; C2_PH                         ; 0                            ; Untyped                   ;
; C3_PH                         ; 0                            ; Untyped                   ;
; C4_PH                         ; 0                            ; Untyped                   ;
; C5_PH                         ; 0                            ; Untyped                   ;
; C6_PH                         ; 0                            ; Untyped                   ;
; C7_PH                         ; 0                            ; Untyped                   ;
; C8_PH                         ; 0                            ; Untyped                   ;
; C9_PH                         ; 0                            ; Untyped                   ;
; L0_HIGH                       ; 1                            ; Untyped                   ;
; L1_HIGH                       ; 1                            ; Untyped                   ;
; G0_HIGH                       ; 1                            ; Untyped                   ;
; G1_HIGH                       ; 1                            ; Untyped                   ;
; G2_HIGH                       ; 1                            ; Untyped                   ;
; G3_HIGH                       ; 1                            ; Untyped                   ;
; E0_HIGH                       ; 1                            ; Untyped                   ;
; E1_HIGH                       ; 1                            ; Untyped                   ;
; E2_HIGH                       ; 1                            ; Untyped                   ;
; E3_HIGH                       ; 1                            ; Untyped                   ;
; L0_LOW                        ; 1                            ; Untyped                   ;
; L1_LOW                        ; 1                            ; Untyped                   ;
; G0_LOW                        ; 1                            ; Untyped                   ;
; G1_LOW                        ; 1                            ; Untyped                   ;
; G2_LOW                        ; 1                            ; Untyped                   ;
; G3_LOW                        ; 1                            ; Untyped                   ;
; E0_LOW                        ; 1                            ; Untyped                   ;
; E1_LOW                        ; 1                            ; Untyped                   ;
; E2_LOW                        ; 1                            ; Untyped                   ;
; E3_LOW                        ; 1                            ; Untyped                   ;
; L0_INITIAL                    ; 1                            ; Untyped                   ;
; L1_INITIAL                    ; 1                            ; Untyped                   ;
; G0_INITIAL                    ; 1                            ; Untyped                   ;
; G1_INITIAL                    ; 1                            ; Untyped                   ;
; G2_INITIAL                    ; 1                            ; Untyped                   ;
; G3_INITIAL                    ; 1                            ; Untyped                   ;
; E0_INITIAL                    ; 1                            ; Untyped                   ;
; E1_INITIAL                    ; 1                            ; Untyped                   ;
; E2_INITIAL                    ; 1                            ; Untyped                   ;
; E3_INITIAL                    ; 1                            ; Untyped                   ;
; L0_MODE                       ; BYPASS                       ; Untyped                   ;
; L1_MODE                       ; BYPASS                       ; Untyped                   ;
; G0_MODE                       ; BYPASS                       ; Untyped                   ;
; G1_MODE                       ; BYPASS                       ; Untyped                   ;
; G2_MODE                       ; BYPASS                       ; Untyped                   ;
; G3_MODE                       ; BYPASS                       ; Untyped                   ;
; E0_MODE                       ; BYPASS                       ; Untyped                   ;
; E1_MODE                       ; BYPASS                       ; Untyped                   ;
; E2_MODE                       ; BYPASS                       ; Untyped                   ;
; E3_MODE                       ; BYPASS                       ; Untyped                   ;
; L0_PH                         ; 0                            ; Untyped                   ;
; L1_PH                         ; 0                            ; Untyped                   ;
; G0_PH                         ; 0                            ; Untyped                   ;
; G1_PH                         ; 0                            ; Untyped                   ;
; G2_PH                         ; 0                            ; Untyped                   ;
; G3_PH                         ; 0                            ; Untyped                   ;
; E0_PH                         ; 0                            ; Untyped                   ;
; E1_PH                         ; 0                            ; Untyped                   ;
; E2_PH                         ; 0                            ; Untyped                   ;
; E3_PH                         ; 0                            ; Untyped                   ;
; M_PH                          ; 0                            ; Untyped                   ;
; C1_USE_CASC_IN                ; OFF                          ; Untyped                   ;
; C2_USE_CASC_IN                ; OFF                          ; Untyped                   ;
; C3_USE_CASC_IN                ; OFF                          ; Untyped                   ;
; C4_USE_CASC_IN                ; OFF                          ; Untyped                   ;
; C5_USE_CASC_IN                ; OFF                          ; Untyped                   ;
; C6_USE_CASC_IN                ; OFF                          ; Untyped                   ;
; C7_USE_CASC_IN                ; OFF                          ; Untyped                   ;
; C8_USE_CASC_IN                ; OFF                          ; Untyped                   ;
; C9_USE_CASC_IN                ; OFF                          ; Untyped                   ;
; CLK0_COUNTER                  ; G0                           ; Untyped                   ;
; CLK1_COUNTER                  ; G0                           ; Untyped                   ;
; CLK2_COUNTER                  ; G0                           ; Untyped                   ;
; CLK3_COUNTER                  ; G0                           ; Untyped                   ;
; CLK4_COUNTER                  ; G0                           ; Untyped                   ;
; CLK5_COUNTER                  ; G0                           ; Untyped                   ;
; CLK6_COUNTER                  ; E0                           ; Untyped                   ;
; CLK7_COUNTER                  ; E1                           ; Untyped                   ;
; CLK8_COUNTER                  ; E2                           ; Untyped                   ;
; CLK9_COUNTER                  ; E3                           ; Untyped                   ;
; L0_TIME_DELAY                 ; 0                            ; Untyped                   ;
; L1_TIME_DELAY                 ; 0                            ; Untyped                   ;
; G0_TIME_DELAY                 ; 0                            ; Untyped                   ;
; G1_TIME_DELAY                 ; 0                            ; Untyped                   ;
; G2_TIME_DELAY                 ; 0                            ; Untyped                   ;
; G3_TIME_DELAY                 ; 0                            ; Untyped                   ;
; E0_TIME_DELAY                 ; 0                            ; Untyped                   ;
; E1_TIME_DELAY                 ; 0                            ; Untyped                   ;
; E2_TIME_DELAY                 ; 0                            ; Untyped                   ;
; E3_TIME_DELAY                 ; 0                            ; Untyped                   ;
; M_TIME_DELAY                  ; 0                            ; Untyped                   ;
; N_TIME_DELAY                  ; 0                            ; Untyped                   ;
; EXTCLK3_COUNTER               ; E3                           ; Untyped                   ;
; EXTCLK2_COUNTER               ; E2                           ; Untyped                   ;
; EXTCLK1_COUNTER               ; E1                           ; Untyped                   ;
; EXTCLK0_COUNTER               ; E0                           ; Untyped                   ;
; ENABLE0_COUNTER               ; L0                           ; Untyped                   ;
; ENABLE1_COUNTER               ; L0                           ; Untyped                   ;
; CHARGE_PUMP_CURRENT           ; 2                            ; Untyped                   ;
; LOOP_FILTER_R                 ;  1.000000                    ; Untyped                   ;
; LOOP_FILTER_C                 ; 5                            ; Untyped                   ;
; CHARGE_PUMP_CURRENT_BITS      ; 9999                         ; Untyped                   ;
; LOOP_FILTER_R_BITS            ; 9999                         ; Untyped                   ;
; LOOP_FILTER_C_BITS            ; 9999                         ; Untyped                   ;
; VCO_POST_SCALE                ; 0                            ; Untyped                   ;
; CLK2_OUTPUT_FREQUENCY         ; 0                            ; Untyped                   ;
; CLK1_OUTPUT_FREQUENCY         ; 0                            ; Untyped                   ;
; CLK0_OUTPUT_FREQUENCY         ; 0                            ; Untyped                   ;
; INTENDED_DEVICE_FAMILY        ; Cyclone 10 LP                ; Untyped                   ;
; PORT_CLKENA0                  ; PORT_UNUSED                  ; Untyped                   ;
; PORT_CLKENA1                  ; PORT_UNUSED                  ; Untyped                   ;
; PORT_CLKENA2                  ; PORT_UNUSED                  ; Untyped                   ;
; PORT_CLKENA3                  ; PORT_UNUSED                  ; Untyped                   ;
; PORT_CLKENA4                  ; PORT_UNUSED                  ; Untyped                   ;
; PORT_CLKENA5                  ; PORT_UNUSED                  ; Untyped                   ;
; PORT_EXTCLKENA0               ; PORT_CONNECTIVITY            ; Untyped                   ;
; PORT_EXTCLKENA1               ; PORT_CONNECTIVITY            ; Untyped                   ;
; PORT_EXTCLKENA2               ; PORT_CONNECTIVITY            ; Untyped                   ;
; PORT_EXTCLKENA3               ; PORT_CONNECTIVITY            ; Untyped                   ;
; PORT_EXTCLK0                  ; PORT_UNUSED                  ; Untyped                   ;
; PORT_EXTCLK1                  ; PORT_UNUSED                  ; Untyped                   ;
; PORT_EXTCLK2                  ; PORT_UNUSED                  ; Untyped                   ;
; PORT_EXTCLK3                  ; PORT_UNUSED                  ; Untyped                   ;
; PORT_CLKBAD0                  ; PORT_UNUSED                  ; Untyped                   ;
; PORT_CLKBAD1                  ; PORT_UNUSED                  ; Untyped                   ;
; PORT_CLK0                     ; PORT_USED                    ; Untyped                   ;
; PORT_CLK1                     ; PORT_USED                    ; Untyped                   ;
; PORT_CLK2                     ; PORT_USED                    ; Untyped                   ;
; PORT_CLK3                     ; PORT_USED                    ; Untyped                   ;
; PORT_CLK4                     ; PORT_USED                    ; Untyped                   ;
; PORT_CLK5                     ; PORT_UNUSED                  ; Untyped                   ;
; PORT_CLK6                     ; PORT_UNUSED                  ; Untyped                   ;
; PORT_CLK7                     ; PORT_UNUSED                  ; Untyped                   ;
; PORT_CLK8                     ; PORT_UNUSED                  ; Untyped                   ;
; PORT_CLK9                     ; PORT_UNUSED                  ; Untyped                   ;
; PORT_SCANDATA                 ; PORT_UNUSED                  ; Untyped                   ;
; PORT_SCANDATAOUT              ; PORT_UNUSED                  ; Untyped                   ;
; PORT_SCANDONE                 ; PORT_UNUSED                  ; Untyped                   ;
; PORT_SCLKOUT1                 ; PORT_CONNECTIVITY            ; Untyped                   ;
; PORT_SCLKOUT0                 ; PORT_CONNECTIVITY            ; Untyped                   ;
; PORT_ACTIVECLOCK              ; PORT_UNUSED                  ; Untyped                   ;
; PORT_CLKLOSS                  ; PORT_UNUSED                  ; Untyped                   ;
; PORT_INCLK1                   ; PORT_UNUSED                  ; Untyped                   ;
; PORT_INCLK0                   ; PORT_USED                    ; Untyped                   ;
; PORT_FBIN                     ; PORT_UNUSED                  ; Untyped                   ;
; PORT_PLLENA                   ; PORT_UNUSED                  ; Untyped                   ;
; PORT_CLKSWITCH                ; PORT_UNUSED                  ; Untyped                   ;
; PORT_ARESET                   ; PORT_USED                    ; Untyped                   ;
; PORT_PFDENA                   ; PORT_UNUSED                  ; Untyped                   ;
; PORT_SCANCLK                  ; PORT_UNUSED                  ; Untyped                   ;
; PORT_SCANACLR                 ; PORT_UNUSED                  ; Untyped                   ;
; PORT_SCANREAD                 ; PORT_UNUSED                  ; Untyped                   ;
; PORT_SCANWRITE                ; PORT_UNUSED                  ; Untyped                   ;
; PORT_ENABLE0                  ; PORT_CONNECTIVITY            ; Untyped                   ;
; PORT_ENABLE1                  ; PORT_CONNECTIVITY            ; Untyped                   ;
; PORT_LOCKED                   ; PORT_USED                    ; Untyped                   ;
; PORT_CONFIGUPDATE             ; PORT_UNUSED                  ; Untyped                   ;
; PORT_FBOUT                    ; PORT_CONNECTIVITY            ; Untyped                   ;
; PORT_PHASEDONE                ; PORT_UNUSED                  ; Untyped                   ;
; PORT_PHASESTEP                ; PORT_UNUSED                  ; Untyped                   ;
; PORT_PHASEUPDOWN              ; PORT_UNUSED                  ; Untyped                   ;
; PORT_SCANCLKENA               ; PORT_UNUSED                  ; Untyped                   ;
; PORT_PHASECOUNTERSELECT       ; PORT_UNUSED                  ; Untyped                   ;
; PORT_VCOOVERRANGE             ; PORT_CONNECTIVITY            ; Untyped                   ;
; PORT_VCOUNDERRANGE            ; PORT_CONNECTIVITY            ; Untyped                   ;
; M_TEST_SOURCE                 ; 5                            ; Untyped                   ;
; C0_TEST_SOURCE                ; 5                            ; Untyped                   ;
; C1_TEST_SOURCE                ; 5                            ; Untyped                   ;
; C2_TEST_SOURCE                ; 5                            ; Untyped                   ;
; C3_TEST_SOURCE                ; 5                            ; Untyped                   ;
; C4_TEST_SOURCE                ; 5                            ; Untyped                   ;
; C5_TEST_SOURCE                ; 5                            ; Untyped                   ;
; C6_TEST_SOURCE                ; 5                            ; Untyped                   ;
; C7_TEST_SOURCE                ; 5                            ; Untyped                   ;
; C8_TEST_SOURCE                ; 5                            ; Untyped                   ;
; C9_TEST_SOURCE                ; 5                            ; Untyped                   ;
; CBXI_PARAMETER                ; SYSTEM_PLL_altpll            ; Untyped                   ;
; VCO_FREQUENCY_CONTROL         ; AUTO                         ; Untyped                   ;
; VCO_PHASE_SHIFT_STEP          ; 0                            ; Untyped                   ;
; WIDTH_CLOCK                   ; 5                            ; Signed Integer            ;
; WIDTH_PHASECOUNTERSELECT      ; 4                            ; Untyped                   ;
; USING_FBMIMICBIDIR_PORT       ; OFF                          ; Untyped                   ;
; DEVICE_FAMILY                 ; Cyclone 10 LP                ; Untyped                   ;
; SCAN_CHAIN_MIF_FILE           ; UNUSED                       ; Untyped                   ;
; SIM_GATE_LOCK_DEVICE_BEHAVIOR ; OFF                          ; Untyped                   ;
; AUTO_CARRY_CHAINS             ; ON                           ; AUTO_CARRY                ;
; IGNORE_CARRY_BUFFERS          ; OFF                          ; IGNORE_CARRY              ;
; AUTO_CASCADE_CHAINS           ; ON                           ; AUTO_CASCADE              ;
; IGNORE_CASCADE_BUFFERS        ; OFF                          ; IGNORE_CASCADE            ;
+-------------------------------+------------------------------+---------------------------+
Note: In order to hide this table in the UI and the text report file, please set the "Show Parameter Settings in Synthesis Report" option in "Analysis and Synthesis Settings -> More Settings" to "Off".


+---------------------------------------------------------------------------------------------+
; Parameter Settings for User Entity Instance: eco_nn_top:uut|neuron:hidden_layer[0].h_neuron ;
+----------------+-------+--------------------------------------------------------------------+
; Parameter Name ; Value ; Type                                                               ;
+----------------+-------+--------------------------------------------------------------------+
; INPUT_SIZE     ; 8     ; Signed Integer                                                     ;
+----------------+-------+--------------------------------------------------------------------+
Note: In order to hide this table in the UI and the text report file, please set the "Show Parameter Settings in Synthesis Report" option in "Analysis and Synthesis Settings -> More Settings" to "Off".


+---------------------------------------------------------------------------------------------+
; Parameter Settings for User Entity Instance: eco_nn_top:uut|neuron:hidden_layer[1].h_neuron ;
+----------------+-------+--------------------------------------------------------------------+
; Parameter Name ; Value ; Type                                                               ;
+----------------+-------+--------------------------------------------------------------------+
; INPUT_SIZE     ; 8     ; Signed Integer                                                     ;
+----------------+-------+--------------------------------------------------------------------+
Note: In order to hide this table in the UI and the text report file, please set the "Show Parameter Settings in Synthesis Report" option in "Analysis and Synthesis Settings -> More Settings" to "Off".


+---------------------------------------------------------------------------------------------+
; Parameter Settings for User Entity Instance: eco_nn_top:uut|neuron:hidden_layer[2].h_neuron ;
+----------------+-------+--------------------------------------------------------------------+
; Parameter Name ; Value ; Type                                                               ;
+----------------+-------+--------------------------------------------------------------------+
; INPUT_SIZE     ; 8     ; Signed Integer                                                     ;
+----------------+-------+--------------------------------------------------------------------+
Note: In order to hide this table in the UI and the text report file, please set the "Show Parameter Settings in Synthesis Report" option in "Analysis and Synthesis Settings -> More Settings" to "Off".


+---------------------------------------------------------------------------------------------+
; Parameter Settings for User Entity Instance: eco_nn_top:uut|neuron:hidden_layer[3].h_neuron ;
+----------------+-------+--------------------------------------------------------------------+
; Parameter Name ; Value ; Type                                                               ;
+----------------+-------+--------------------------------------------------------------------+
; INPUT_SIZE     ; 8     ; Signed Integer                                                     ;
+----------------+-------+--------------------------------------------------------------------+
Note: In order to hide this table in the UI and the text report file, please set the "Show Parameter Settings in Synthesis Report" option in "Analysis and Synthesis Settings -> More Settings" to "Off".


+---------------------------------------------------------------------------------------------+
; Parameter Settings for User Entity Instance: eco_nn_top:uut|neuron:hidden_layer[4].h_neuron ;
+----------------+-------+--------------------------------------------------------------------+
; Parameter Name ; Value ; Type                                                               ;
+----------------+-------+--------------------------------------------------------------------+
; INPUT_SIZE     ; 8     ; Signed Integer                                                     ;
+----------------+-------+--------------------------------------------------------------------+
Note: In order to hide this table in the UI and the text report file, please set the "Show Parameter Settings in Synthesis Report" option in "Analysis and Synthesis Settings -> More Settings" to "Off".


+---------------------------------------------------------------------------------------------+
; Parameter Settings for User Entity Instance: eco_nn_top:uut|neuron:hidden_layer[5].h_neuron ;
+----------------+-------+--------------------------------------------------------------------+
; Parameter Name ; Value ; Type                                                               ;
+----------------+-------+--------------------------------------------------------------------+
; INPUT_SIZE     ; 8     ; Signed Integer                                                     ;
+----------------+-------+--------------------------------------------------------------------+
Note: In order to hide this table in the UI and the text report file, please set the "Show Parameter Settings in Synthesis Report" option in "Analysis and Synthesis Settings -> More Settings" to "Off".


+---------------------------------------------------------------------------------------------+
; Parameter Settings for User Entity Instance: eco_nn_top:uut|neuron:hidden_layer[6].h_neuron ;
+----------------+-------+--------------------------------------------------------------------+
; Parameter Name ; Value ; Type                                                               ;
+----------------+-------+--------------------------------------------------------------------+
; INPUT_SIZE     ; 8     ; Signed Integer                                                     ;
+----------------+-------+--------------------------------------------------------------------+
Note: In order to hide this table in the UI and the text report file, please set the "Show Parameter Settings in Synthesis Report" option in "Analysis and Synthesis Settings -> More Settings" to "Off".


+---------------------------------------------------------------------------------------------+
; Parameter Settings for User Entity Instance: eco_nn_top:uut|neuron:hidden_layer[7].h_neuron ;
+----------------+-------+--------------------------------------------------------------------+
; Parameter Name ; Value ; Type                                                               ;
+----------------+-------+--------------------------------------------------------------------+
; INPUT_SIZE     ; 8     ; Signed Integer                                                     ;
+----------------+-------+--------------------------------------------------------------------+
Note: In order to hide this table in the UI and the text report file, please set the "Show Parameter Settings in Synthesis Report" option in "Analysis and Synthesis Settings -> More Settings" to "Off".


+---------------------------------------------------------------------------------------------+
; Parameter Settings for User Entity Instance: eco_nn_top:uut|neuron:hidden_layer[8].h_neuron ;
+----------------+-------+--------------------------------------------------------------------+
; Parameter Name ; Value ; Type                                                               ;
+----------------+-------+--------------------------------------------------------------------+
; INPUT_SIZE     ; 8     ; Signed Integer                                                     ;
+----------------+-------+--------------------------------------------------------------------+
Note: In order to hide this table in the UI and the text report file, please set the "Show Parameter Settings in Synthesis Report" option in "Analysis and Synthesis Settings -> More Settings" to "Off".


+---------------------------------------------------------------------------------------------+
; Parameter Settings for User Entity Instance: eco_nn_top:uut|neuron:hidden_layer[9].h_neuron ;
+----------------+-------+--------------------------------------------------------------------+
; Parameter Name ; Value ; Type                                                               ;
+----------------+-------+--------------------------------------------------------------------+
; INPUT_SIZE     ; 8     ; Signed Integer                                                     ;
+----------------+-------+--------------------------------------------------------------------+
Note: In order to hide this table in the UI and the text report file, please set the "Show Parameter Settings in Synthesis Report" option in "Analysis and Synthesis Settings -> More Settings" to "Off".


+----------------------------------------------------------------------------------------------+
; Parameter Settings for User Entity Instance: eco_nn_top:uut|neuron:hidden_layer[10].h_neuron ;
+----------------+-------+---------------------------------------------------------------------+
; Parameter Name ; Value ; Type                                                                ;
+----------------+-------+---------------------------------------------------------------------+
; INPUT_SIZE     ; 8     ; Signed Integer                                                      ;
+----------------+-------+---------------------------------------------------------------------+
Note: In order to hide this table in the UI and the text report file, please set the "Show Parameter Settings in Synthesis Report" option in "Analysis and Synthesis Settings -> More Settings" to "Off".


+----------------------------------------------------------------------------------------------+
; Parameter Settings for User Entity Instance: eco_nn_top:uut|neuron:hidden_layer[11].h_neuron ;
+----------------+-------+---------------------------------------------------------------------+
; Parameter Name ; Value ; Type                                                                ;
+----------------+-------+---------------------------------------------------------------------+
; INPUT_SIZE     ; 8     ; Signed Integer                                                      ;
+----------------+-------+---------------------------------------------------------------------+
Note: In order to hide this table in the UI and the text report file, please set the "Show Parameter Settings in Synthesis Report" option in "Analysis and Synthesis Settings -> More Settings" to "Off".


+----------------------------------------------------------------------------------------------+
; Parameter Settings for User Entity Instance: eco_nn_top:uut|neuron:hidden_layer[12].h_neuron ;
+----------------+-------+---------------------------------------------------------------------+
; Parameter Name ; Value ; Type                                                                ;
+----------------+-------+---------------------------------------------------------------------+
; INPUT_SIZE     ; 8     ; Signed Integer                                                      ;
+----------------+-------+---------------------------------------------------------------------+
Note: In order to hide this table in the UI and the text report file, please set the "Show Parameter Settings in Synthesis Report" option in "Analysis and Synthesis Settings -> More Settings" to "Off".


+----------------------------------------------------------------------------------------------+
; Parameter Settings for User Entity Instance: eco_nn_top:uut|neuron:hidden_layer[13].h_neuron ;
+----------------+-------+---------------------------------------------------------------------+
; Parameter Name ; Value ; Type                                                                ;
+----------------+-------+---------------------------------------------------------------------+
; INPUT_SIZE     ; 8     ; Signed Integer                                                      ;
+----------------+-------+---------------------------------------------------------------------+
Note: In order to hide this table in the UI and the text report file, please set the "Show Parameter Settings in Synthesis Report" option in "Analysis and Synthesis Settings -> More Settings" to "Off".


+----------------------------------------------------------------------------------------------+
; Parameter Settings for User Entity Instance: eco_nn_top:uut|neuron:hidden_layer[14].h_neuron ;
+----------------+-------+---------------------------------------------------------------------+
; Parameter Name ; Value ; Type                                                                ;
+----------------+-------+---------------------------------------------------------------------+
; INPUT_SIZE     ; 8     ; Signed Integer                                                      ;
+----------------+-------+---------------------------------------------------------------------+
Note: In order to hide this table in the UI and the text report file, please set the "Show Parameter Settings in Synthesis Report" option in "Analysis and Synthesis Settings -> More Settings" to "Off".


+----------------------------------------------------------------------------------------------+
; Parameter Settings for User Entity Instance: eco_nn_top:uut|neuron:hidden_layer[15].h_neuron ;
+----------------+-------+---------------------------------------------------------------------+
; Parameter Name ; Value ; Type                                                                ;
+----------------+-------+---------------------------------------------------------------------+
; INPUT_SIZE     ; 8     ; Signed Integer                                                      ;
+----------------+-------+---------------------------------------------------------------------+
Note: In order to hide this table in the UI and the text report file, please set the "Show Parameter Settings in Synthesis Report" option in "Analysis and Synthesis Settings -> More Settings" to "Off".


+-------------------------------------------------------------------------------------------------+
; Parameter Settings for User Entity Instance: eco_nn_top:uut|neuron:output_layer[0].final_neuron ;
+----------------+-------+------------------------------------------------------------------------+
; Parameter Name ; Value ; Type                                                                   ;
+----------------+-------+------------------------------------------------------------------------+
; INPUT_SIZE     ; 16    ; Signed Integer                                                         ;
+----------------+-------+------------------------------------------------------------------------+
Note: In order to hide this table in the UI and the text report file, please set the "Show Parameter Settings in Synthesis Report" option in "Analysis and Synthesis Settings -> More Settings" to "Off".


+-------------------------------------------------------------------------------------------------+
; Parameter Settings for User Entity Instance: eco_nn_top:uut|neuron:output_layer[1].final_neuron ;
+----------------+-------+------------------------------------------------------------------------+
; Parameter Name ; Value ; Type                                                                   ;
+----------------+-------+------------------------------------------------------------------------+
; INPUT_SIZE     ; 16    ; Signed Integer                                                         ;
+----------------+-------+------------------------------------------------------------------------+
Note: In order to hide this table in the UI and the text report file, please set the "Show Parameter Settings in Synthesis Report" option in "Analysis and Synthesis Settings -> More Settings" to "Off".


+---------------------------------------------------------------------------+
; Parameter Settings for User Entity Instance: jtag_interface:interfacejtag ;
+---------------------+-------+---------------------------------------------+
; Parameter Name      ; Value ; Type                                        ;
+---------------------+-------+---------------------------------------------+
; REGISTER_SIZE       ; 16    ; Signed Integer                              ;
; NUMBER_OF_REGISTERS ; 4     ; Signed Integer                              ;
+---------------------+-------+---------------------------------------------+
Note: In order to hide this table in the UI and the text report file, please set the "Show Parameter Settings in Synthesis Report" option in "Analysis and Synthesis Settings -> More Settings" to "Off".


+-------------------------------------------------------------------------------------------------+
; Parameter Settings for User Entity Instance: jtag_interface:interfacejtag|sld_virtual_jtag:jtag ;
+-------------------------+------------------+----------------------------------------------------+
; Parameter Name          ; Value            ; Type                                               ;
+-------------------------+------------------+----------------------------------------------------+
; sld_auto_instance_index ; NO               ; String                                             ;
; sld_instance_index      ; 0                ; Signed Integer                                     ;
; sld_ir_width            ; 7                ; Signed Integer                                     ;
; sld_sim_n_scan          ; 0                ; Signed Integer                                     ;
; sld_sim_action          ; UNUSED           ; String                                             ;
; sld_sim_total_length    ; 0                ; Signed Integer                                     ;
; lpm_type                ; sld_virtual_jtag ; String                                             ;
; lpm_hint                ; UNUSED           ; String                                             ;
+-------------------------+------------------+----------------------------------------------------+
Note: In order to hide this table in the UI and the text report file, please set the "Show Parameter Settings in Synthesis Report" option in "Analysis and Synthesis Settings -> More Settings" to "Off".


+----------------------------------------------------------------------------------------------+
; Parameter Settings for User Entity Instance: jtag_interface:interfacejtag|jtag_memory:memory ;
+---------------------+-------+----------------------------------------------------------------+
; Parameter Name      ; Value ; Type                                                           ;
+---------------------+-------+----------------------------------------------------------------+
; REGISTER_SIZE       ; 16    ; Signed Integer                                                 ;
; NUMBER_OF_REGISTERS ; 4     ; Signed Integer                                                 ;
+---------------------+-------+----------------------------------------------------------------+
Note: In order to hide this table in the UI and the text report file, please set the "Show Parameter Settings in Synthesis Report" option in "Analysis and Synthesis Settings -> More Settings" to "Off".


+---------------------------------------------------------------------------------------------------------------------+
; Parameter Settings for Inferred Entity Instance: eco_nn_top:uut|neuron:output_layer[0].final_neuron|lpm_mult:Mult15 ;
+------------------------------------------------+---------------+----------------------------------------------------+
; Parameter Name                                 ; Value         ; Type                                               ;
+------------------------------------------------+---------------+----------------------------------------------------+
; AUTO_CARRY_CHAINS                              ; ON            ; AUTO_CARRY                                         ;
; IGNORE_CARRY_BUFFERS                           ; OFF           ; IGNORE_CARRY                                       ;
; AUTO_CASCADE_CHAINS                            ; ON            ; AUTO_CASCADE                                       ;
; IGNORE_CASCADE_BUFFERS                         ; OFF           ; IGNORE_CASCADE                                     ;
; LPM_WIDTHA                                     ; 8             ; Untyped                                            ;
; LPM_WIDTHB                                     ; 4             ; Untyped                                            ;
; LPM_WIDTHP                                     ; 12            ; Untyped                                            ;
; LPM_WIDTHR                                     ; 12            ; Untyped                                            ;
; LPM_WIDTHS                                     ; 1             ; Untyped                                            ;
; LPM_REPRESENTATION                             ; SIGNED        ; Untyped                                            ;
; LPM_PIPELINE                                   ; 0             ; Untyped                                            ;
; LATENCY                                        ; 0             ; Untyped                                            ;
; INPUT_A_IS_CONSTANT                            ; NO            ; Untyped                                            ;
; INPUT_B_IS_CONSTANT                            ; YES           ; Untyped                                            ;
; USE_EAB                                        ; OFF           ; Untyped                                            ;
; MAXIMIZE_SPEED                                 ; 5             ; Untyped                                            ;
; DEVICE_FAMILY                                  ; Cyclone 10 LP ; Untyped                                            ;
; CARRY_CHAIN                                    ; MANUAL        ; Untyped                                            ;
; APEX20K_TECHNOLOGY_MAPPER                      ; LUT           ; TECH_MAPPER_APEX20K                                ;
; DEDICATED_MULTIPLIER_CIRCUITRY                 ; AUTO          ; Untyped                                            ;
; DEDICATED_MULTIPLIER_MIN_INPUT_WIDTH_FOR_AUTO  ; 0             ; Untyped                                            ;
; DEDICATED_MULTIPLIER_MIN_OUTPUT_WIDTH_FOR_AUTO ; 0             ; Untyped                                            ;
; CBXI_PARAMETER                                 ; NOTHING       ; Untyped                                            ;
; INPUT_A_FIXED_VALUE                            ; Bx            ; Untyped                                            ;
; INPUT_B_FIXED_VALUE                            ; Bx            ; Untyped                                            ;
; USE_AHDL_IMPLEMENTATION                        ; OFF           ; Untyped                                            ;
+------------------------------------------------+---------------+----------------------------------------------------+
Note: In order to hide this table in the UI and the text report file, please set the "Show Parameter Settings in Synthesis Report" option in "Analysis and Synthesis Settings -> More Settings" to "Off".


+--------------------------------------------------------------------------------------------------------------------+
; Parameter Settings for Inferred Entity Instance: eco_nn_top:uut|neuron:output_layer[0].final_neuron|lpm_mult:Mult2 ;
+------------------------------------------------+---------------+---------------------------------------------------+
; Parameter Name                                 ; Value         ; Type                                              ;
+------------------------------------------------+---------------+---------------------------------------------------+
; AUTO_CARRY_CHAINS                              ; ON            ; AUTO_CARRY                                        ;
; IGNORE_CARRY_BUFFERS                           ; OFF           ; IGNORE_CARRY                                      ;
; AUTO_CASCADE_CHAINS                            ; ON            ; AUTO_CASCADE                                      ;
; IGNORE_CASCADE_BUFFERS                         ; OFF           ; IGNORE_CASCADE                                    ;
; LPM_WIDTHA                                     ; 8             ; Untyped                                           ;
; LPM_WIDTHB                                     ; 4             ; Untyped                                           ;
; LPM_WIDTHP                                     ; 12            ; Untyped                                           ;
; LPM_WIDTHR                                     ; 12            ; Untyped                                           ;
; LPM_WIDTHS                                     ; 1             ; Untyped                                           ;
; LPM_REPRESENTATION                             ; SIGNED        ; Untyped                                           ;
; LPM_PIPELINE                                   ; 0             ; Untyped                                           ;
; LATENCY                                        ; 0             ; Untyped                                           ;
; INPUT_A_IS_CONSTANT                            ; NO            ; Untyped                                           ;
; INPUT_B_IS_CONSTANT                            ; YES           ; Untyped                                           ;
; USE_EAB                                        ; OFF           ; Untyped                                           ;
; MAXIMIZE_SPEED                                 ; 5             ; Untyped                                           ;
; DEVICE_FAMILY                                  ; Cyclone 10 LP ; Untyped                                           ;
; CARRY_CHAIN                                    ; MANUAL        ; Untyped                                           ;
; APEX20K_TECHNOLOGY_MAPPER                      ; LUT           ; TECH_MAPPER_APEX20K                               ;
; DEDICATED_MULTIPLIER_CIRCUITRY                 ; AUTO          ; Untyped                                           ;
; DEDICATED_MULTIPLIER_MIN_INPUT_WIDTH_FOR_AUTO  ; 0             ; Untyped                                           ;
; DEDICATED_MULTIPLIER_MIN_OUTPUT_WIDTH_FOR_AUTO ; 0             ; Untyped                                           ;
; CBXI_PARAMETER                                 ; NOTHING       ; Untyped                                           ;
; INPUT_A_FIXED_VALUE                            ; Bx            ; Untyped                                           ;
; INPUT_B_FIXED_VALUE                            ; Bx            ; Untyped                                           ;
; USE_AHDL_IMPLEMENTATION                        ; OFF           ; Untyped                                           ;
+------------------------------------------------+---------------+---------------------------------------------------+
Note: In order to hide this table in the UI and the text report file, please set the "Show Parameter Settings in Synthesis Report" option in "Analysis and Synthesis Settings -> More Settings" to "Off".


+---------------------------------------------------------------------------------------------------------------------+
; Parameter Settings for Inferred Entity Instance: eco_nn_top:uut|neuron:output_layer[0].final_neuron|lpm_mult:Mult14 ;
+------------------------------------------------+---------------+----------------------------------------------------+
; Parameter Name                                 ; Value         ; Type                                               ;
+------------------------------------------------+---------------+----------------------------------------------------+
; AUTO_CARRY_CHAINS                              ; ON            ; AUTO_CARRY                                         ;
; IGNORE_CARRY_BUFFERS                           ; OFF           ; IGNORE_CARRY                                       ;
; AUTO_CASCADE_CHAINS                            ; ON            ; AUTO_CASCADE                                       ;
; IGNORE_CASCADE_BUFFERS                         ; OFF           ; IGNORE_CASCADE                                     ;
; LPM_WIDTHA                                     ; 8             ; Untyped                                            ;
; LPM_WIDTHB                                     ; 5             ; Untyped                                            ;
; LPM_WIDTHP                                     ; 13            ; Untyped                                            ;
; LPM_WIDTHR                                     ; 13            ; Untyped                                            ;
; LPM_WIDTHS                                     ; 1             ; Untyped                                            ;
; LPM_REPRESENTATION                             ; SIGNED        ; Untyped                                            ;
; LPM_PIPELINE                                   ; 0             ; Untyped                                            ;
; LATENCY                                        ; 0             ; Untyped                                            ;
; INPUT_A_IS_CONSTANT                            ; NO            ; Untyped                                            ;
; INPUT_B_IS_CONSTANT                            ; YES           ; Untyped                                            ;
; USE_EAB                                        ; OFF           ; Untyped                                            ;
; MAXIMIZE_SPEED                                 ; 5             ; Untyped                                            ;
; DEVICE_FAMILY                                  ; Cyclone 10 LP ; Untyped                                            ;
; CARRY_CHAIN                                    ; MANUAL        ; Untyped                                            ;
; APEX20K_TECHNOLOGY_MAPPER                      ; LUT           ; TECH_MAPPER_APEX20K                                ;
; DEDICATED_MULTIPLIER_CIRCUITRY                 ; AUTO          ; Untyped                                            ;
; DEDICATED_MULTIPLIER_MIN_INPUT_WIDTH_FOR_AUTO  ; 0             ; Untyped                                            ;
; DEDICATED_MULTIPLIER_MIN_OUTPUT_WIDTH_FOR_AUTO ; 0             ; Untyped                                            ;
; CBXI_PARAMETER                                 ; NOTHING       ; Untyped                                            ;
; INPUT_A_FIXED_VALUE                            ; Bx            ; Untyped                                            ;
; INPUT_B_FIXED_VALUE                            ; Bx            ; Untyped                                            ;
; USE_AHDL_IMPLEMENTATION                        ; OFF           ; Untyped                                            ;
+------------------------------------------------+---------------+----------------------------------------------------+
Note: In order to hide this table in the UI and the text report file, please set the "Show Parameter Settings in Synthesis Report" option in "Analysis and Synthesis Settings -> More Settings" to "Off".


+---------------------------------------------------------------------------------------------------------------------+
; Parameter Settings for Inferred Entity Instance: eco_nn_top:uut|neuron:output_layer[0].final_neuron|lpm_mult:Mult11 ;
+------------------------------------------------+---------------+----------------------------------------------------+
; Parameter Name                                 ; Value         ; Type                                               ;
+------------------------------------------------+---------------+----------------------------------------------------+
; AUTO_CARRY_CHAINS                              ; ON            ; AUTO_CARRY                                         ;
; IGNORE_CARRY_BUFFERS                           ; OFF           ; IGNORE_CARRY                                       ;
; AUTO_CASCADE_CHAINS                            ; ON            ; AUTO_CASCADE                                       ;
; IGNORE_CASCADE_BUFFERS                         ; OFF           ; IGNORE_CASCADE                                     ;
; LPM_WIDTHA                                     ; 8             ; Untyped                                            ;
; LPM_WIDTHB                                     ; 2             ; Untyped                                            ;
; LPM_WIDTHP                                     ; 10            ; Untyped                                            ;
; LPM_WIDTHR                                     ; 10            ; Untyped                                            ;
; LPM_WIDTHS                                     ; 1             ; Untyped                                            ;
; LPM_REPRESENTATION                             ; SIGNED        ; Untyped                                            ;
; LPM_PIPELINE                                   ; 0             ; Untyped                                            ;
; LATENCY                                        ; 0             ; Untyped                                            ;
; INPUT_A_IS_CONSTANT                            ; NO            ; Untyped                                            ;
; INPUT_B_IS_CONSTANT                            ; YES           ; Untyped                                            ;
; USE_EAB                                        ; OFF           ; Untyped                                            ;
; MAXIMIZE_SPEED                                 ; 5             ; Untyped                                            ;
; DEVICE_FAMILY                                  ; Cyclone 10 LP ; Untyped                                            ;
; CARRY_CHAIN                                    ; MANUAL        ; Untyped                                            ;
; APEX20K_TECHNOLOGY_MAPPER                      ; LUT           ; TECH_MAPPER_APEX20K                                ;
; DEDICATED_MULTIPLIER_CIRCUITRY                 ; AUTO          ; Untyped                                            ;
; DEDICATED_MULTIPLIER_MIN_INPUT_WIDTH_FOR_AUTO  ; 0             ; Untyped                                            ;
; DEDICATED_MULTIPLIER_MIN_OUTPUT_WIDTH_FOR_AUTO ; 0             ; Untyped                                            ;
; CBXI_PARAMETER                                 ; NOTHING       ; Untyped                                            ;
; INPUT_A_FIXED_VALUE                            ; Bx            ; Untyped                                            ;
; INPUT_B_FIXED_VALUE                            ; Bx            ; Untyped                                            ;
; USE_AHDL_IMPLEMENTATION                        ; OFF           ; Untyped                                            ;
+------------------------------------------------+---------------+----------------------------------------------------+
Note: In order to hide this table in the UI and the text report file, please set the "Show Parameter Settings in Synthesis Report" option in "Analysis and Synthesis Settings -> More Settings" to "Off".


+--------------------------------------------------------------------------------------------------------------------+
; Parameter Settings for Inferred Entity Instance: eco_nn_top:uut|neuron:output_layer[1].final_neuron|lpm_mult:Mult5 ;
+------------------------------------------------+---------------+---------------------------------------------------+
; Parameter Name                                 ; Value         ; Type                                              ;
+------------------------------------------------+---------------+---------------------------------------------------+
; AUTO_CARRY_CHAINS                              ; ON            ; AUTO_CARRY                                        ;
; IGNORE_CARRY_BUFFERS                           ; OFF           ; IGNORE_CARRY                                      ;
; AUTO_CASCADE_CHAINS                            ; ON            ; AUTO_CASCADE                                      ;
; IGNORE_CASCADE_BUFFERS                         ; OFF           ; IGNORE_CASCADE                                    ;
; LPM_WIDTHA                                     ; 8             ; Untyped                                           ;
; LPM_WIDTHB                                     ; 4             ; Untyped                                           ;
; LPM_WIDTHP                                     ; 12            ; Untyped                                           ;
; LPM_WIDTHR                                     ; 12            ; Untyped                                           ;
; LPM_WIDTHS                                     ; 1             ; Untyped                                           ;
; LPM_REPRESENTATION                             ; SIGNED        ; Untyped                                           ;
; LPM_PIPELINE                                   ; 0             ; Untyped                                           ;
; LATENCY                                        ; 0             ; Untyped                                           ;
; INPUT_A_IS_CONSTANT                            ; NO            ; Untyped                                           ;
; INPUT_B_IS_CONSTANT                            ; YES           ; Untyped                                           ;
; USE_EAB                                        ; OFF           ; Untyped                                           ;
; MAXIMIZE_SPEED                                 ; 5             ; Untyped                                           ;
; DEVICE_FAMILY                                  ; Cyclone 10 LP ; Untyped                                           ;
; CARRY_CHAIN                                    ; MANUAL        ; Untyped                                           ;
; APEX20K_TECHNOLOGY_MAPPER                      ; LUT           ; TECH_MAPPER_APEX20K                               ;
; DEDICATED_MULTIPLIER_CIRCUITRY                 ; AUTO          ; Untyped                                           ;
; DEDICATED_MULTIPLIER_MIN_INPUT_WIDTH_FOR_AUTO  ; 0             ; Untyped                                           ;
; DEDICATED_MULTIPLIER_MIN_OUTPUT_WIDTH_FOR_AUTO ; 0             ; Untyped                                           ;
; CBXI_PARAMETER                                 ; NOTHING       ; Untyped                                           ;
; INPUT_A_FIXED_VALUE                            ; Bx            ; Untyped                                           ;
; INPUT_B_FIXED_VALUE                            ; Bx            ; Untyped                                           ;
; USE_AHDL_IMPLEMENTATION                        ; OFF           ; Untyped                                           ;
+------------------------------------------------+---------------+---------------------------------------------------+
Note: In order to hide this table in the UI and the text report file, please set the "Show Parameter Settings in Synthesis Report" option in "Analysis and Synthesis Settings -> More Settings" to "Off".


+--------------------------------------------------------------------------------------------------------------------+
; Parameter Settings for Inferred Entity Instance: eco_nn_top:uut|neuron:output_layer[1].final_neuron|lpm_mult:Mult7 ;
+------------------------------------------------+---------------+---------------------------------------------------+
; Parameter Name                                 ; Value         ; Type                                              ;
+------------------------------------------------+---------------+---------------------------------------------------+
; AUTO_CARRY_CHAINS                              ; ON            ; AUTO_CARRY                                        ;
; IGNORE_CARRY_BUFFERS                           ; OFF           ; IGNORE_CARRY                                      ;
; AUTO_CASCADE_CHAINS                            ; ON            ; AUTO_CASCADE                                      ;
; IGNORE_CASCADE_BUFFERS                         ; OFF           ; IGNORE_CASCADE                                    ;
; LPM_WIDTHA                                     ; 8             ; Untyped                                           ;
; LPM_WIDTHB                                     ; 4             ; Untyped                                           ;
; LPM_WIDTHP                                     ; 12            ; Untyped                                           ;
; LPM_WIDTHR                                     ; 12            ; Untyped                                           ;
; LPM_WIDTHS                                     ; 1             ; Untyped                                           ;
; LPM_REPRESENTATION                             ; SIGNED        ; Untyped                                           ;
; LPM_PIPELINE                                   ; 0             ; Untyped                                           ;
; LATENCY                                        ; 0             ; Untyped                                           ;
; INPUT_A_IS_CONSTANT                            ; NO            ; Untyped                                           ;
; INPUT_B_IS_CONSTANT                            ; YES           ; Untyped                                           ;
; USE_EAB                                        ; OFF           ; Untyped                                           ;
; MAXIMIZE_SPEED                                 ; 5             ; Untyped                                           ;
; DEVICE_FAMILY                                  ; Cyclone 10 LP ; Untyped                                           ;
; CARRY_CHAIN                                    ; MANUAL        ; Untyped                                           ;
; APEX20K_TECHNOLOGY_MAPPER                      ; LUT           ; TECH_MAPPER_APEX20K                               ;
; DEDICATED_MULTIPLIER_CIRCUITRY                 ; AUTO          ; Untyped                                           ;
; DEDICATED_MULTIPLIER_MIN_INPUT_WIDTH_FOR_AUTO  ; 0             ; Untyped                                           ;
; DEDICATED_MULTIPLIER_MIN_OUTPUT_WIDTH_FOR_AUTO ; 0             ; Untyped                                           ;
; CBXI_PARAMETER                                 ; NOTHING       ; Untyped                                           ;
; INPUT_A_FIXED_VALUE                            ; Bx            ; Untyped                                           ;
; INPUT_B_FIXED_VALUE                            ; Bx            ; Untyped                                           ;
; USE_AHDL_IMPLEMENTATION                        ; OFF           ; Untyped                                           ;
+------------------------------------------------+---------------+---------------------------------------------------+
Note: In order to hide this table in the UI and the text report file, please set the "Show Parameter Settings in Synthesis Report" option in "Analysis and Synthesis Settings -> More Settings" to "Off".


+--------------------------------------------------------------------------------------------------------------------+
; Parameter Settings for Inferred Entity Instance: eco_nn_top:uut|neuron:output_layer[1].final_neuron|lpm_mult:Mult8 ;
+------------------------------------------------+---------------+---------------------------------------------------+
; Parameter Name                                 ; Value         ; Type                                              ;
+------------------------------------------------+---------------+---------------------------------------------------+
; AUTO_CARRY_CHAINS                              ; ON            ; AUTO_CARRY                                        ;
; IGNORE_CARRY_BUFFERS                           ; OFF           ; IGNORE_CARRY                                      ;
; AUTO_CASCADE_CHAINS                            ; ON            ; AUTO_CASCADE                                      ;
; IGNORE_CASCADE_BUFFERS                         ; OFF           ; IGNORE_CASCADE                                    ;
; LPM_WIDTHA                                     ; 8             ; Untyped                                           ;
; LPM_WIDTHB                                     ; 4             ; Untyped                                           ;
; LPM_WIDTHP                                     ; 12            ; Untyped                                           ;
; LPM_WIDTHR                                     ; 12            ; Untyped                                           ;
; LPM_WIDTHS                                     ; 1             ; Untyped                                           ;
; LPM_REPRESENTATION                             ; SIGNED        ; Untyped                                           ;
; LPM_PIPELINE                                   ; 0             ; Untyped                                           ;
; LATENCY                                        ; 0             ; Untyped                                           ;
; INPUT_A_IS_CONSTANT                            ; NO            ; Untyped                                           ;
; INPUT_B_IS_CONSTANT                            ; YES           ; Untyped                                           ;
; USE_EAB                                        ; OFF           ; Untyped                                           ;
; MAXIMIZE_SPEED                                 ; 5             ; Untyped                                           ;
; DEVICE_FAMILY                                  ; Cyclone 10 LP ; Untyped                                           ;
; CARRY_CHAIN                                    ; MANUAL        ; Untyped                                           ;
; APEX20K_TECHNOLOGY_MAPPER                      ; LUT           ; TECH_MAPPER_APEX20K                               ;
; DEDICATED_MULTIPLIER_CIRCUITRY                 ; AUTO          ; Untyped                                           ;
; DEDICATED_MULTIPLIER_MIN_INPUT_WIDTH_FOR_AUTO  ; 0             ; Untyped                                           ;
; DEDICATED_MULTIPLIER_MIN_OUTPUT_WIDTH_FOR_AUTO ; 0             ; Untyped                                           ;
; CBXI_PARAMETER                                 ; NOTHING       ; Untyped                                           ;
; INPUT_A_FIXED_VALUE                            ; Bx            ; Untyped                                           ;
; INPUT_B_FIXED_VALUE                            ; Bx            ; Untyped                                           ;
; USE_AHDL_IMPLEMENTATION                        ; OFF           ; Untyped                                           ;
+------------------------------------------------+---------------+---------------------------------------------------+
Note: In order to hide this table in the UI and the text report file, please set the "Show Parameter Settings in Synthesis Report" option in "Analysis and Synthesis Settings -> More Settings" to "Off".


+---------------------------------------------------------------------------------------------------------------------+
; Parameter Settings for Inferred Entity Instance: eco_nn_top:uut|neuron:output_layer[1].final_neuron|lpm_mult:Mult10 ;
+------------------------------------------------+---------------+----------------------------------------------------+
; Parameter Name                                 ; Value         ; Type                                               ;
+------------------------------------------------+---------------+----------------------------------------------------+
; AUTO_CARRY_CHAINS                              ; ON            ; AUTO_CARRY                                         ;
; IGNORE_CARRY_BUFFERS                           ; OFF           ; IGNORE_CARRY                                       ;
; AUTO_CASCADE_CHAINS                            ; ON            ; AUTO_CASCADE                                       ;
; IGNORE_CASCADE_BUFFERS                         ; OFF           ; IGNORE_CASCADE                                     ;
; LPM_WIDTHA                                     ; 8             ; Untyped                                            ;
; LPM_WIDTHB                                     ; 4             ; Untyped                                            ;
; LPM_WIDTHP                                     ; 12            ; Untyped                                            ;
; LPM_WIDTHR                                     ; 12            ; Untyped                                            ;
; LPM_WIDTHS                                     ; 1             ; Untyped                                            ;
; LPM_REPRESENTATION                             ; SIGNED        ; Untyped                                            ;
; LPM_PIPELINE                                   ; 0             ; Untyped                                            ;
; LATENCY                                        ; 0             ; Untyped                                            ;
; INPUT_A_IS_CONSTANT                            ; NO            ; Untyped                                            ;
; INPUT_B_IS_CONSTANT                            ; YES           ; Untyped                                            ;
; USE_EAB                                        ; OFF           ; Untyped                                            ;
; MAXIMIZE_SPEED                                 ; 5             ; Untyped                                            ;
; DEVICE_FAMILY                                  ; Cyclone 10 LP ; Untyped                                            ;
; CARRY_CHAIN                                    ; MANUAL        ; Untyped                                            ;
; APEX20K_TECHNOLOGY_MAPPER                      ; LUT           ; TECH_MAPPER_APEX20K                                ;
; DEDICATED_MULTIPLIER_CIRCUITRY                 ; AUTO          ; Untyped                                            ;
; DEDICATED_MULTIPLIER_MIN_INPUT_WIDTH_FOR_AUTO  ; 0             ; Untyped                                            ;
; DEDICATED_MULTIPLIER_MIN_OUTPUT_WIDTH_FOR_AUTO ; 0             ; Untyped                                            ;
; CBXI_PARAMETER                                 ; NOTHING       ; Untyped                                            ;
; INPUT_A_FIXED_VALUE                            ; Bx            ; Untyped                                            ;
; INPUT_B_FIXED_VALUE                            ; Bx            ; Untyped                                            ;
; USE_AHDL_IMPLEMENTATION                        ; OFF           ; Untyped                                            ;
+------------------------------------------------+---------------+----------------------------------------------------+
Note: In order to hide this table in the UI and the text report file, please set the "Show Parameter Settings in Synthesis Report" option in "Analysis and Synthesis Settings -> More Settings" to "Off".


+---------------------------------------------------------------------------------------------------------------------+
; Parameter Settings for Inferred Entity Instance: eco_nn_top:uut|neuron:output_layer[1].final_neuron|lpm_mult:Mult13 ;
+------------------------------------------------+---------------+----------------------------------------------------+
; Parameter Name                                 ; Value         ; Type                                               ;
+------------------------------------------------+---------------+----------------------------------------------------+
; AUTO_CARRY_CHAINS                              ; ON            ; AUTO_CARRY                                         ;
; IGNORE_CARRY_BUFFERS                           ; OFF           ; IGNORE_CARRY                                       ;
; AUTO_CASCADE_CHAINS                            ; ON            ; AUTO_CASCADE                                       ;
; IGNORE_CASCADE_BUFFERS                         ; OFF           ; IGNORE_CASCADE                                     ;
; LPM_WIDTHA                                     ; 8             ; Untyped                                            ;
; LPM_WIDTHB                                     ; 4             ; Untyped                                            ;
; LPM_WIDTHP                                     ; 12            ; Untyped                                            ;
; LPM_WIDTHR                                     ; 12            ; Untyped                                            ;
; LPM_WIDTHS                                     ; 1             ; Untyped                                            ;
; LPM_REPRESENTATION                             ; SIGNED        ; Untyped                                            ;
; LPM_PIPELINE                                   ; 0             ; Untyped                                            ;
; LATENCY                                        ; 0             ; Untyped                                            ;
; INPUT_A_IS_CONSTANT                            ; NO            ; Untyped                                            ;
; INPUT_B_IS_CONSTANT                            ; YES           ; Untyped                                            ;
; USE_EAB                                        ; OFF           ; Untyped                                            ;
; MAXIMIZE_SPEED                                 ; 5             ; Untyped                                            ;
; DEVICE_FAMILY                                  ; Cyclone 10 LP ; Untyped                                            ;
; CARRY_CHAIN                                    ; MANUAL        ; Untyped                                            ;
; APEX20K_TECHNOLOGY_MAPPER                      ; LUT           ; TECH_MAPPER_APEX20K                                ;
; DEDICATED_MULTIPLIER_CIRCUITRY                 ; AUTO          ; Untyped                                            ;
; DEDICATED_MULTIPLIER_MIN_INPUT_WIDTH_FOR_AUTO  ; 0             ; Untyped                                            ;
; DEDICATED_MULTIPLIER_MIN_OUTPUT_WIDTH_FOR_AUTO ; 0             ; Untyped                                            ;
; CBXI_PARAMETER                                 ; NOTHING       ; Untyped                                            ;
; INPUT_A_FIXED_VALUE                            ; Bx            ; Untyped                                            ;
; INPUT_B_FIXED_VALUE                            ; Bx            ; Untyped                                            ;
; USE_AHDL_IMPLEMENTATION                        ; OFF           ; Untyped                                            ;
+------------------------------------------------+---------------+----------------------------------------------------+
Note: In order to hide this table in the UI and the text report file, please set the "Show Parameter Settings in Synthesis Report" option in "Analysis and Synthesis Settings -> More Settings" to "Off".


+---------------------------------------------------------------------------------------------------------------------+
; Parameter Settings for Inferred Entity Instance: eco_nn_top:uut|neuron:output_layer[1].final_neuron|lpm_mult:Mult14 ;
+------------------------------------------------+---------------+----------------------------------------------------+
; Parameter Name                                 ; Value         ; Type                                               ;
+------------------------------------------------+---------------+----------------------------------------------------+
; AUTO_CARRY_CHAINS                              ; ON            ; AUTO_CARRY                                         ;
; IGNORE_CARRY_BUFFERS                           ; OFF           ; IGNORE_CARRY                                       ;
; AUTO_CASCADE_CHAINS                            ; ON            ; AUTO_CASCADE                                       ;
; IGNORE_CASCADE_BUFFERS                         ; OFF           ; IGNORE_CASCADE                                     ;
; LPM_WIDTHA                                     ; 8             ; Untyped                                            ;
; LPM_WIDTHB                                     ; 4             ; Untyped                                            ;
; LPM_WIDTHP                                     ; 12            ; Untyped                                            ;
; LPM_WIDTHR                                     ; 12            ; Untyped                                            ;
; LPM_WIDTHS                                     ; 1             ; Untyped                                            ;
; LPM_REPRESENTATION                             ; SIGNED        ; Untyped                                            ;
; LPM_PIPELINE                                   ; 0             ; Untyped                                            ;
; LATENCY                                        ; 0             ; Untyped                                            ;
; INPUT_A_IS_CONSTANT                            ; NO            ; Untyped                                            ;
; INPUT_B_IS_CONSTANT                            ; YES           ; Untyped                                            ;
; USE_EAB                                        ; OFF           ; Untyped                                            ;
; MAXIMIZE_SPEED                                 ; 5             ; Untyped                                            ;
; DEVICE_FAMILY                                  ; Cyclone 10 LP ; Untyped                                            ;
; CARRY_CHAIN                                    ; MANUAL        ; Untyped                                            ;
; APEX20K_TECHNOLOGY_MAPPER                      ; LUT           ; TECH_MAPPER_APEX20K                                ;
; DEDICATED_MULTIPLIER_CIRCUITRY                 ; AUTO          ; Untyped                                            ;
; DEDICATED_MULTIPLIER_MIN_INPUT_WIDTH_FOR_AUTO  ; 0             ; Untyped                                            ;
; DEDICATED_MULTIPLIER_MIN_OUTPUT_WIDTH_FOR_AUTO ; 0             ; Untyped                                            ;
; CBXI_PARAMETER                                 ; NOTHING       ; Untyped                                            ;
; INPUT_A_FIXED_VALUE                            ; Bx            ; Untyped                                            ;
; INPUT_B_FIXED_VALUE                            ; Bx            ; Untyped                                            ;
; USE_AHDL_IMPLEMENTATION                        ; OFF           ; Untyped                                            ;
+------------------------------------------------+---------------+----------------------------------------------------+
Note: In order to hide this table in the UI and the text report file, please set the "Show Parameter Settings in Synthesis Report" option in "Analysis and Synthesis Settings -> More Settings" to "Off".


+--------------------------------------------------------------------------------------------------------------------+
; Parameter Settings for Inferred Entity Instance: eco_nn_top:uut|neuron:output_layer[1].final_neuron|lpm_mult:Mult3 ;
+------------------------------------------------+---------------+---------------------------------------------------+
; Parameter Name                                 ; Value         ; Type                                              ;
+------------------------------------------------+---------------+---------------------------------------------------+
; AUTO_CARRY_CHAINS                              ; ON            ; AUTO_CARRY                                        ;
; IGNORE_CARRY_BUFFERS                           ; OFF           ; IGNORE_CARRY                                      ;
; AUTO_CASCADE_CHAINS                            ; ON            ; AUTO_CASCADE                                      ;
; IGNORE_CASCADE_BUFFERS                         ; OFF           ; IGNORE_CASCADE                                    ;
; LPM_WIDTHA                                     ; 8             ; Untyped                                           ;
; LPM_WIDTHB                                     ; 4             ; Untyped                                           ;
; LPM_WIDTHP                                     ; 12            ; Untyped                                           ;
; LPM_WIDTHR                                     ; 12            ; Untyped                                           ;
; LPM_WIDTHS                                     ; 1             ; Untyped                                           ;
; LPM_REPRESENTATION                             ; SIGNED        ; Untyped                                           ;
; LPM_PIPELINE                                   ; 0             ; Untyped                                           ;
; LATENCY                                        ; 0             ; Untyped                                           ;
; INPUT_A_IS_CONSTANT                            ; NO            ; Untyped                                           ;
; INPUT_B_IS_CONSTANT                            ; YES           ; Untyped                                           ;
; USE_EAB                                        ; OFF           ; Untyped                                           ;
; MAXIMIZE_SPEED                                 ; 5             ; Untyped                                           ;
; DEVICE_FAMILY                                  ; Cyclone 10 LP ; Untyped                                           ;
; CARRY_CHAIN                                    ; MANUAL        ; Untyped                                           ;
; APEX20K_TECHNOLOGY_MAPPER                      ; LUT           ; TECH_MAPPER_APEX20K                               ;
; DEDICATED_MULTIPLIER_CIRCUITRY                 ; AUTO          ; Untyped                                           ;
; DEDICATED_MULTIPLIER_MIN_INPUT_WIDTH_FOR_AUTO  ; 0             ; Untyped                                           ;
; DEDICATED_MULTIPLIER_MIN_OUTPUT_WIDTH_FOR_AUTO ; 0             ; Untyped                                           ;
; CBXI_PARAMETER                                 ; NOTHING       ; Untyped                                           ;
; INPUT_A_FIXED_VALUE                            ; Bx            ; Untyped                                           ;
; INPUT_B_FIXED_VALUE                            ; Bx            ; Untyped                                           ;
; USE_AHDL_IMPLEMENTATION                        ; OFF           ; Untyped                                           ;
+------------------------------------------------+---------------+---------------------------------------------------+
Note: In order to hide this table in the UI and the text report file, please set the "Show Parameter Settings in Synthesis Report" option in "Analysis and Synthesis Settings -> More Settings" to "Off".


+--------------------------------------------------------------------------------------------------------------------+
; Parameter Settings for Inferred Entity Instance: eco_nn_top:uut|neuron:output_layer[1].final_neuron|lpm_mult:Mult4 ;
+------------------------------------------------+---------------+---------------------------------------------------+
; Parameter Name                                 ; Value         ; Type                                              ;
+------------------------------------------------+---------------+---------------------------------------------------+
; AUTO_CARRY_CHAINS                              ; ON            ; AUTO_CARRY                                        ;
; IGNORE_CARRY_BUFFERS                           ; OFF           ; IGNORE_CARRY                                      ;
; AUTO_CASCADE_CHAINS                            ; ON            ; AUTO_CASCADE                                      ;
; IGNORE_CASCADE_BUFFERS                         ; OFF           ; IGNORE_CASCADE                                    ;
; LPM_WIDTHA                                     ; 8             ; Untyped                                           ;
; LPM_WIDTHB                                     ; 3             ; Untyped                                           ;
; LPM_WIDTHP                                     ; 11            ; Untyped                                           ;
; LPM_WIDTHR                                     ; 11            ; Untyped                                           ;
; LPM_WIDTHS                                     ; 1             ; Untyped                                           ;
; LPM_REPRESENTATION                             ; SIGNED        ; Untyped                                           ;
; LPM_PIPELINE                                   ; 0             ; Untyped                                           ;
; LATENCY                                        ; 0             ; Untyped                                           ;
; INPUT_A_IS_CONSTANT                            ; NO            ; Untyped                                           ;
; INPUT_B_IS_CONSTANT                            ; YES           ; Untyped                                           ;
; USE_EAB                                        ; OFF           ; Untyped                                           ;
; MAXIMIZE_SPEED                                 ; 5             ; Untyped                                           ;
; DEVICE_FAMILY                                  ; Cyclone 10 LP ; Untyped                                           ;
; CARRY_CHAIN                                    ; MANUAL        ; Untyped                                           ;
; APEX20K_TECHNOLOGY_MAPPER                      ; LUT           ; TECH_MAPPER_APEX20K                               ;
; DEDICATED_MULTIPLIER_CIRCUITRY                 ; AUTO          ; Untyped                                           ;
; DEDICATED_MULTIPLIER_MIN_INPUT_WIDTH_FOR_AUTO  ; 0             ; Untyped                                           ;
; DEDICATED_MULTIPLIER_MIN_OUTPUT_WIDTH_FOR_AUTO ; 0             ; Untyped                                           ;
; CBXI_PARAMETER                                 ; NOTHING       ; Untyped                                           ;
; INPUT_A_FIXED_VALUE                            ; Bx            ; Untyped                                           ;
; INPUT_B_FIXED_VALUE                            ; Bx            ; Untyped                                           ;
; USE_AHDL_IMPLEMENTATION                        ; OFF           ; Untyped                                           ;
+------------------------------------------------+---------------+---------------------------------------------------+
Note: In order to hide this table in the UI and the text report file, please set the "Show Parameter Settings in Synthesis Report" option in "Analysis and Synthesis Settings -> More Settings" to "Off".


+--------------------------------------------------------------------------------------------------------------------+
; Parameter Settings for Inferred Entity Instance: eco_nn_top:uut|neuron:output_layer[1].final_neuron|lpm_mult:Mult0 ;
+------------------------------------------------+---------------+---------------------------------------------------+
; Parameter Name                                 ; Value         ; Type                                              ;
+------------------------------------------------+---------------+---------------------------------------------------+
; AUTO_CARRY_CHAINS                              ; ON            ; AUTO_CARRY                                        ;
; IGNORE_CARRY_BUFFERS                           ; OFF           ; IGNORE_CARRY                                      ;
; AUTO_CASCADE_CHAINS                            ; ON            ; AUTO_CASCADE                                      ;
; IGNORE_CASCADE_BUFFERS                         ; OFF           ; IGNORE_CASCADE                                    ;
; LPM_WIDTHA                                     ; 8             ; Untyped                                           ;
; LPM_WIDTHB                                     ; 4             ; Untyped                                           ;
; LPM_WIDTHP                                     ; 12            ; Untyped                                           ;
; LPM_WIDTHR                                     ; 12            ; Untyped                                           ;
; LPM_WIDTHS                                     ; 1             ; Untyped                                           ;
; LPM_REPRESENTATION                             ; SIGNED        ; Untyped                                           ;
; LPM_PIPELINE                                   ; 0             ; Untyped                                           ;
; LATENCY                                        ; 0             ; Untyped                                           ;
; INPUT_A_IS_CONSTANT                            ; NO            ; Untyped                                           ;
; INPUT_B_IS_CONSTANT                            ; YES           ; Untyped                                           ;
; USE_EAB                                        ; OFF           ; Untyped                                           ;
; MAXIMIZE_SPEED                                 ; 5             ; Untyped                                           ;
; DEVICE_FAMILY                                  ; Cyclone 10 LP ; Untyped                                           ;
; CARRY_CHAIN                                    ; MANUAL        ; Untyped                                           ;
; APEX20K_TECHNOLOGY_MAPPER                      ; LUT           ; TECH_MAPPER_APEX20K                               ;
; DEDICATED_MULTIPLIER_CIRCUITRY                 ; AUTO          ; Untyped                                           ;
; DEDICATED_MULTIPLIER_MIN_INPUT_WIDTH_FOR_AUTO  ; 0             ; Untyped                                           ;
; DEDICATED_MULTIPLIER_MIN_OUTPUT_WIDTH_FOR_AUTO ; 0             ; Untyped                                           ;
; CBXI_PARAMETER                                 ; NOTHING       ; Untyped                                           ;
; INPUT_A_FIXED_VALUE                            ; Bx            ; Untyped                                           ;
; INPUT_B_FIXED_VALUE                            ; Bx            ; Untyped                                           ;
; USE_AHDL_IMPLEMENTATION                        ; OFF           ; Untyped                                           ;
+------------------------------------------------+---------------+---------------------------------------------------+
Note: In order to hide this table in the UI and the text report file, please set the "Show Parameter Settings in Synthesis Report" option in "Analysis and Synthesis Settings -> More Settings" to "Off".


+--------------------------------------------------------------------------------------------------------------------+
; Parameter Settings for Inferred Entity Instance: eco_nn_top:uut|neuron:output_layer[1].final_neuron|lpm_mult:Mult1 ;
+------------------------------------------------+---------------+---------------------------------------------------+
; Parameter Name                                 ; Value         ; Type                                              ;
+------------------------------------------------+---------------+---------------------------------------------------+
; AUTO_CARRY_CHAINS                              ; ON            ; AUTO_CARRY                                        ;
; IGNORE_CARRY_BUFFERS                           ; OFF           ; IGNORE_CARRY                                      ;
; AUTO_CASCADE_CHAINS                            ; ON            ; AUTO_CASCADE                                      ;
; IGNORE_CASCADE_BUFFERS                         ; OFF           ; IGNORE_CASCADE                                    ;
; LPM_WIDTHA                                     ; 8             ; Untyped                                           ;
; LPM_WIDTHB                                     ; 4             ; Untyped                                           ;
; LPM_WIDTHP                                     ; 12            ; Untyped                                           ;
; LPM_WIDTHR                                     ; 12            ; Untyped                                           ;
; LPM_WIDTHS                                     ; 1             ; Untyped                                           ;
; LPM_REPRESENTATION                             ; SIGNED        ; Untyped                                           ;
; LPM_PIPELINE                                   ; 0             ; Untyped                                           ;
; LATENCY                                        ; 0             ; Untyped                                           ;
; INPUT_A_IS_CONSTANT                            ; NO            ; Untyped                                           ;
; INPUT_B_IS_CONSTANT                            ; YES           ; Untyped                                           ;
; USE_EAB                                        ; OFF           ; Untyped                                           ;
; MAXIMIZE_SPEED                                 ; 5             ; Untyped                                           ;
; DEVICE_FAMILY                                  ; Cyclone 10 LP ; Untyped                                           ;
; CARRY_CHAIN                                    ; MANUAL        ; Untyped                                           ;
; APEX20K_TECHNOLOGY_MAPPER                      ; LUT           ; TECH_MAPPER_APEX20K                               ;
; DEDICATED_MULTIPLIER_CIRCUITRY                 ; AUTO          ; Untyped                                           ;
; DEDICATED_MULTIPLIER_MIN_INPUT_WIDTH_FOR_AUTO  ; 0             ; Untyped                                           ;
; DEDICATED_MULTIPLIER_MIN_OUTPUT_WIDTH_FOR_AUTO ; 0             ; Untyped                                           ;
; CBXI_PARAMETER                                 ; NOTHING       ; Untyped                                           ;
; INPUT_A_FIXED_VALUE                            ; Bx            ; Untyped                                           ;
; INPUT_B_FIXED_VALUE                            ; Bx            ; Untyped                                           ;
; USE_AHDL_IMPLEMENTATION                        ; OFF           ; Untyped                                           ;
+------------------------------------------------+---------------+---------------------------------------------------+
Note: In order to hide this table in the UI and the text report file, please set the "Show Parameter Settings in Synthesis Report" option in "Analysis and Synthesis Settings -> More Settings" to "Off".


+--------------------------------------------------------------------------------------------------------------------+
; Parameter Settings for Inferred Entity Instance: eco_nn_top:uut|neuron:output_layer[0].final_neuron|lpm_mult:Mult0 ;
+------------------------------------------------+---------------+---------------------------------------------------+
; Parameter Name                                 ; Value         ; Type                                              ;
+------------------------------------------------+---------------+---------------------------------------------------+
; AUTO_CARRY_CHAINS                              ; ON            ; AUTO_CARRY                                        ;
; IGNORE_CARRY_BUFFERS                           ; OFF           ; IGNORE_CARRY                                      ;
; AUTO_CASCADE_CHAINS                            ; ON            ; AUTO_CASCADE                                      ;
; IGNORE_CASCADE_BUFFERS                         ; OFF           ; IGNORE_CASCADE                                    ;
; LPM_WIDTHA                                     ; 8             ; Untyped                                           ;
; LPM_WIDTHB                                     ; 4             ; Untyped                                           ;
; LPM_WIDTHP                                     ; 12            ; Untyped                                           ;
; LPM_WIDTHR                                     ; 12            ; Untyped                                           ;
; LPM_WIDTHS                                     ; 1             ; Untyped                                           ;
; LPM_REPRESENTATION                             ; SIGNED        ; Untyped                                           ;
; LPM_PIPELINE                                   ; 0             ; Untyped                                           ;
; LATENCY                                        ; 0             ; Untyped                                           ;
; INPUT_A_IS_CONSTANT                            ; NO            ; Untyped                                           ;
; INPUT_B_IS_CONSTANT                            ; YES           ; Untyped                                           ;
; USE_EAB                                        ; OFF           ; Untyped                                           ;
; MAXIMIZE_SPEED                                 ; 5             ; Untyped                                           ;
; DEVICE_FAMILY                                  ; Cyclone 10 LP ; Untyped                                           ;
; CARRY_CHAIN                                    ; MANUAL        ; Untyped                                           ;
; APEX20K_TECHNOLOGY_MAPPER                      ; LUT           ; TECH_MAPPER_APEX20K                               ;
; DEDICATED_MULTIPLIER_CIRCUITRY                 ; AUTO          ; Untyped                                           ;
; DEDICATED_MULTIPLIER_MIN_INPUT_WIDTH_FOR_AUTO  ; 0             ; Untyped                                           ;
; DEDICATED_MULTIPLIER_MIN_OUTPUT_WIDTH_FOR_AUTO ; 0             ; Untyped                                           ;
; CBXI_PARAMETER                                 ; NOTHING       ; Untyped                                           ;
; INPUT_A_FIXED_VALUE                            ; Bx            ; Untyped                                           ;
; INPUT_B_FIXED_VALUE                            ; Bx            ; Untyped                                           ;
; USE_AHDL_IMPLEMENTATION                        ; OFF           ; Untyped                                           ;
+------------------------------------------------+---------------+---------------------------------------------------+
Note: In order to hide this table in the UI and the text report file, please set the "Show Parameter Settings in Synthesis Report" option in "Analysis and Synthesis Settings -> More Settings" to "Off".


+--------------------------------------------------------------------------------------------------------------------+
; Parameter Settings for Inferred Entity Instance: eco_nn_top:uut|neuron:output_layer[0].final_neuron|lpm_mult:Mult1 ;
+------------------------------------------------+---------------+---------------------------------------------------+
; Parameter Name                                 ; Value         ; Type                                              ;
+------------------------------------------------+---------------+---------------------------------------------------+
; AUTO_CARRY_CHAINS                              ; ON            ; AUTO_CARRY                                        ;
; IGNORE_CARRY_BUFFERS                           ; OFF           ; IGNORE_CARRY                                      ;
; AUTO_CASCADE_CHAINS                            ; ON            ; AUTO_CASCADE                                      ;
; IGNORE_CASCADE_BUFFERS                         ; OFF           ; IGNORE_CASCADE                                    ;
; LPM_WIDTHA                                     ; 8             ; Untyped                                           ;
; LPM_WIDTHB                                     ; 5             ; Untyped                                           ;
; LPM_WIDTHP                                     ; 13            ; Untyped                                           ;
; LPM_WIDTHR                                     ; 13            ; Untyped                                           ;
; LPM_WIDTHS                                     ; 1             ; Untyped                                           ;
; LPM_REPRESENTATION                             ; SIGNED        ; Untyped                                           ;
; LPM_PIPELINE                                   ; 0             ; Untyped                                           ;
; LATENCY                                        ; 0             ; Untyped                                           ;
; INPUT_A_IS_CONSTANT                            ; NO            ; Untyped                                           ;
; INPUT_B_IS_CONSTANT                            ; YES           ; Untyped                                           ;
; USE_EAB                                        ; OFF           ; Untyped                                           ;
; MAXIMIZE_SPEED                                 ; 5             ; Untyped                                           ;
; DEVICE_FAMILY                                  ; Cyclone 10 LP ; Untyped                                           ;
; CARRY_CHAIN                                    ; MANUAL        ; Untyped                                           ;
; APEX20K_TECHNOLOGY_MAPPER                      ; LUT           ; TECH_MAPPER_APEX20K                               ;
; DEDICATED_MULTIPLIER_CIRCUITRY                 ; AUTO          ; Untyped                                           ;
; DEDICATED_MULTIPLIER_MIN_INPUT_WIDTH_FOR_AUTO  ; 0             ; Untyped                                           ;
; DEDICATED_MULTIPLIER_MIN_OUTPUT_WIDTH_FOR_AUTO ; 0             ; Untyped                                           ;
; CBXI_PARAMETER                                 ; NOTHING       ; Untyped                                           ;
; INPUT_A_FIXED_VALUE                            ; Bx            ; Untyped                                           ;
; INPUT_B_FIXED_VALUE                            ; Bx            ; Untyped                                           ;
; USE_AHDL_IMPLEMENTATION                        ; OFF           ; Untyped                                           ;
+------------------------------------------------+---------------+---------------------------------------------------+
Note: In order to hide this table in the UI and the text report file, please set the "Show Parameter Settings in Synthesis Report" option in "Analysis and Synthesis Settings -> More Settings" to "Off".


+--------------------------------------------------------------------------------------------------------------------+
; Parameter Settings for Inferred Entity Instance: eco_nn_top:uut|neuron:output_layer[0].final_neuron|lpm_mult:Mult3 ;
+------------------------------------------------+---------------+---------------------------------------------------+
; Parameter Name                                 ; Value         ; Type                                              ;
+------------------------------------------------+---------------+---------------------------------------------------+
; AUTO_CARRY_CHAINS                              ; ON            ; AUTO_CARRY                                        ;
; IGNORE_CARRY_BUFFERS                           ; OFF           ; IGNORE_CARRY                                      ;
; AUTO_CASCADE_CHAINS                            ; ON            ; AUTO_CASCADE                                      ;
; IGNORE_CASCADE_BUFFERS                         ; OFF           ; IGNORE_CASCADE                                    ;
; LPM_WIDTHA                                     ; 8             ; Untyped                                           ;
; LPM_WIDTHB                                     ; 4             ; Untyped                                           ;
; LPM_WIDTHP                                     ; 12            ; Untyped                                           ;
; LPM_WIDTHR                                     ; 12            ; Untyped                                           ;
; LPM_WIDTHS                                     ; 1             ; Untyped                                           ;
; LPM_REPRESENTATION                             ; SIGNED        ; Untyped                                           ;
; LPM_PIPELINE                                   ; 0             ; Untyped                                           ;
; LATENCY                                        ; 0             ; Untyped                                           ;
; INPUT_A_IS_CONSTANT                            ; NO            ; Untyped                                           ;
; INPUT_B_IS_CONSTANT                            ; YES           ; Untyped                                           ;
; USE_EAB                                        ; OFF           ; Untyped                                           ;
; MAXIMIZE_SPEED                                 ; 5             ; Untyped                                           ;
; DEVICE_FAMILY                                  ; Cyclone 10 LP ; Untyped                                           ;
; CARRY_CHAIN                                    ; MANUAL        ; Untyped                                           ;
; APEX20K_TECHNOLOGY_MAPPER                      ; LUT           ; TECH_MAPPER_APEX20K                               ;
; DEDICATED_MULTIPLIER_CIRCUITRY                 ; AUTO          ; Untyped                                           ;
; DEDICATED_MULTIPLIER_MIN_INPUT_WIDTH_FOR_AUTO  ; 0             ; Untyped                                           ;
; DEDICATED_MULTIPLIER_MIN_OUTPUT_WIDTH_FOR_AUTO ; 0             ; Untyped                                           ;
; CBXI_PARAMETER                                 ; NOTHING       ; Untyped                                           ;
; INPUT_A_FIXED_VALUE                            ; Bx            ; Untyped                                           ;
; INPUT_B_FIXED_VALUE                            ; Bx            ; Untyped                                           ;
; USE_AHDL_IMPLEMENTATION                        ; OFF           ; Untyped                                           ;
+------------------------------------------------+---------------+---------------------------------------------------+
Note: In order to hide this table in the UI and the text report file, please set the "Show Parameter Settings in Synthesis Report" option in "Analysis and Synthesis Settings -> More Settings" to "Off".


+--------------------------------------------------------------------------------------------------------------------+
; Parameter Settings for Inferred Entity Instance: eco_nn_top:uut|neuron:output_layer[0].final_neuron|lpm_mult:Mult7 ;
+------------------------------------------------+---------------+---------------------------------------------------+
; Parameter Name                                 ; Value         ; Type                                              ;
+------------------------------------------------+---------------+---------------------------------------------------+
; AUTO_CARRY_CHAINS                              ; ON            ; AUTO_CARRY                                        ;
; IGNORE_CARRY_BUFFERS                           ; OFF           ; IGNORE_CARRY                                      ;
; AUTO_CASCADE_CHAINS                            ; ON            ; AUTO_CASCADE                                      ;
; IGNORE_CASCADE_BUFFERS                         ; OFF           ; IGNORE_CASCADE                                    ;
; LPM_WIDTHA                                     ; 8             ; Untyped                                           ;
; LPM_WIDTHB                                     ; 4             ; Untyped                                           ;
; LPM_WIDTHP                                     ; 12            ; Untyped                                           ;
; LPM_WIDTHR                                     ; 12            ; Untyped                                           ;
; LPM_WIDTHS                                     ; 1             ; Untyped                                           ;
; LPM_REPRESENTATION                             ; SIGNED        ; Untyped                                           ;
; LPM_PIPELINE                                   ; 0             ; Untyped                                           ;
; LATENCY                                        ; 0             ; Untyped                                           ;
; INPUT_A_IS_CONSTANT                            ; NO            ; Untyped                                           ;
; INPUT_B_IS_CONSTANT                            ; YES           ; Untyped                                           ;
; USE_EAB                                        ; OFF           ; Untyped                                           ;
; MAXIMIZE_SPEED                                 ; 5             ; Untyped                                           ;
; DEVICE_FAMILY                                  ; Cyclone 10 LP ; Untyped                                           ;
; CARRY_CHAIN                                    ; MANUAL        ; Untyped                                           ;
; APEX20K_TECHNOLOGY_MAPPER                      ; LUT           ; TECH_MAPPER_APEX20K                               ;
; DEDICATED_MULTIPLIER_CIRCUITRY                 ; AUTO          ; Untyped                                           ;
; DEDICATED_MULTIPLIER_MIN_INPUT_WIDTH_FOR_AUTO  ; 0             ; Untyped                                           ;
; DEDICATED_MULTIPLIER_MIN_OUTPUT_WIDTH_FOR_AUTO ; 0             ; Untyped                                           ;
; CBXI_PARAMETER                                 ; NOTHING       ; Untyped                                           ;
; INPUT_A_FIXED_VALUE                            ; Bx            ; Untyped                                           ;
; INPUT_B_FIXED_VALUE                            ; Bx            ; Untyped                                           ;
; USE_AHDL_IMPLEMENTATION                        ; OFF           ; Untyped                                           ;
+------------------------------------------------+---------------+---------------------------------------------------+
Note: In order to hide this table in the UI and the text report file, please set the "Show Parameter Settings in Synthesis Report" option in "Analysis and Synthesis Settings -> More Settings" to "Off".


+--------------------------------------------------------------------------------------------------------------------+
; Parameter Settings for Inferred Entity Instance: eco_nn_top:uut|neuron:output_layer[0].final_neuron|lpm_mult:Mult8 ;
+------------------------------------------------+---------------+---------------------------------------------------+
; Parameter Name                                 ; Value         ; Type                                              ;
+------------------------------------------------+---------------+---------------------------------------------------+
; AUTO_CARRY_CHAINS                              ; ON            ; AUTO_CARRY                                        ;
; IGNORE_CARRY_BUFFERS                           ; OFF           ; IGNORE_CARRY                                      ;
; AUTO_CASCADE_CHAINS                            ; ON            ; AUTO_CASCADE                                      ;
; IGNORE_CASCADE_BUFFERS                         ; OFF           ; IGNORE_CASCADE                                    ;
; LPM_WIDTHA                                     ; 8             ; Untyped                                           ;
; LPM_WIDTHB                                     ; 4             ; Untyped                                           ;
; LPM_WIDTHP                                     ; 12            ; Untyped                                           ;
; LPM_WIDTHR                                     ; 12            ; Untyped                                           ;
; LPM_WIDTHS                                     ; 1             ; Untyped                                           ;
; LPM_REPRESENTATION                             ; SIGNED        ; Untyped                                           ;
; LPM_PIPELINE                                   ; 0             ; Untyped                                           ;
; LATENCY                                        ; 0             ; Untyped                                           ;
; INPUT_A_IS_CONSTANT                            ; NO            ; Untyped                                           ;
; INPUT_B_IS_CONSTANT                            ; YES           ; Untyped                                           ;
; USE_EAB                                        ; OFF           ; Untyped                                           ;
; MAXIMIZE_SPEED                                 ; 5             ; Untyped                                           ;
; DEVICE_FAMILY                                  ; Cyclone 10 LP ; Untyped                                           ;
; CARRY_CHAIN                                    ; MANUAL        ; Untyped                                           ;
; APEX20K_TECHNOLOGY_MAPPER                      ; LUT           ; TECH_MAPPER_APEX20K                               ;
; DEDICATED_MULTIPLIER_CIRCUITRY                 ; AUTO          ; Untyped                                           ;
; DEDICATED_MULTIPLIER_MIN_INPUT_WIDTH_FOR_AUTO  ; 0             ; Untyped                                           ;
; DEDICATED_MULTIPLIER_MIN_OUTPUT_WIDTH_FOR_AUTO ; 0             ; Untyped                                           ;
; CBXI_PARAMETER                                 ; NOTHING       ; Untyped                                           ;
; INPUT_A_FIXED_VALUE                            ; Bx            ; Untyped                                           ;
; INPUT_B_FIXED_VALUE                            ; Bx            ; Untyped                                           ;
; USE_AHDL_IMPLEMENTATION                        ; OFF           ; Untyped                                           ;
+------------------------------------------------+---------------+---------------------------------------------------+
Note: In order to hide this table in the UI and the text report file, please set the "Show Parameter Settings in Synthesis Report" option in "Analysis and Synthesis Settings -> More Settings" to "Off".


+--------------------------------------------------------------------------------------------------------------------+
; Parameter Settings for Inferred Entity Instance: eco_nn_top:uut|neuron:output_layer[0].final_neuron|lpm_mult:Mult9 ;
+------------------------------------------------+---------------+---------------------------------------------------+
; Parameter Name                                 ; Value         ; Type                                              ;
+------------------------------------------------+---------------+---------------------------------------------------+
; AUTO_CARRY_CHAINS                              ; ON            ; AUTO_CARRY                                        ;
; IGNORE_CARRY_BUFFERS                           ; OFF           ; IGNORE_CARRY                                      ;
; AUTO_CASCADE_CHAINS                            ; ON            ; AUTO_CASCADE                                      ;
; IGNORE_CASCADE_BUFFERS                         ; OFF           ; IGNORE_CASCADE                                    ;
; LPM_WIDTHA                                     ; 8             ; Untyped                                           ;
; LPM_WIDTHB                                     ; 2             ; Untyped                                           ;
; LPM_WIDTHP                                     ; 10            ; Untyped                                           ;
; LPM_WIDTHR                                     ; 10            ; Untyped                                           ;
; LPM_WIDTHS                                     ; 1             ; Untyped                                           ;
; LPM_REPRESENTATION                             ; SIGNED        ; Untyped                                           ;
; LPM_PIPELINE                                   ; 0             ; Untyped                                           ;
; LATENCY                                        ; 0             ; Untyped                                           ;
; INPUT_A_IS_CONSTANT                            ; NO            ; Untyped                                           ;
; INPUT_B_IS_CONSTANT                            ; YES           ; Untyped                                           ;
; USE_EAB                                        ; OFF           ; Untyped                                           ;
; MAXIMIZE_SPEED                                 ; 5             ; Untyped                                           ;
; DEVICE_FAMILY                                  ; Cyclone 10 LP ; Untyped                                           ;
; CARRY_CHAIN                                    ; MANUAL        ; Untyped                                           ;
; APEX20K_TECHNOLOGY_MAPPER                      ; LUT           ; TECH_MAPPER_APEX20K                               ;
; DEDICATED_MULTIPLIER_CIRCUITRY                 ; AUTO          ; Untyped                                           ;
; DEDICATED_MULTIPLIER_MIN_INPUT_WIDTH_FOR_AUTO  ; 0             ; Untyped                                           ;
; DEDICATED_MULTIPLIER_MIN_OUTPUT_WIDTH_FOR_AUTO ; 0             ; Untyped                                           ;
; CBXI_PARAMETER                                 ; NOTHING       ; Untyped                                           ;
; INPUT_A_FIXED_VALUE                            ; Bx            ; Untyped                                           ;
; INPUT_B_FIXED_VALUE                            ; Bx            ; Untyped                                           ;
; USE_AHDL_IMPLEMENTATION                        ; OFF           ; Untyped                                           ;
+------------------------------------------------+---------------+---------------------------------------------------+
Note: In order to hide this table in the UI and the text report file, please set the "Show Parameter Settings in Synthesis Report" option in "Analysis and Synthesis Settings -> More Settings" to "Off".


+----------------------------------------------------------------------------------------------------------------+
; Parameter Settings for Inferred Entity Instance: eco_nn_top:uut|neuron:hidden_layer[2].h_neuron|lpm_mult:Mult2 ;
+------------------------------------------------+---------------+-----------------------------------------------+
; Parameter Name                                 ; Value         ; Type                                          ;
+------------------------------------------------+---------------+-----------------------------------------------+
; AUTO_CARRY_CHAINS                              ; ON            ; AUTO_CARRY                                    ;
; IGNORE_CARRY_BUFFERS                           ; OFF           ; IGNORE_CARRY                                  ;
; AUTO_CASCADE_CHAINS                            ; ON            ; AUTO_CASCADE                                  ;
; IGNORE_CASCADE_BUFFERS                         ; OFF           ; IGNORE_CASCADE                                ;
; LPM_WIDTHA                                     ; 8             ; Untyped                                       ;
; LPM_WIDTHB                                     ; 3             ; Untyped                                       ;
; LPM_WIDTHP                                     ; 11            ; Untyped                                       ;
; LPM_WIDTHR                                     ; 11            ; Untyped                                       ;
; LPM_WIDTHS                                     ; 1             ; Untyped                                       ;
; LPM_REPRESENTATION                             ; SIGNED        ; Untyped                                       ;
; LPM_PIPELINE                                   ; 0             ; Untyped                                       ;
; LATENCY                                        ; 0             ; Untyped                                       ;
; INPUT_A_IS_CONSTANT                            ; NO            ; Untyped                                       ;
; INPUT_B_IS_CONSTANT                            ; YES           ; Untyped                                       ;
; USE_EAB                                        ; OFF           ; Untyped                                       ;
; MAXIMIZE_SPEED                                 ; 5             ; Untyped                                       ;
; DEVICE_FAMILY                                  ; Cyclone 10 LP ; Untyped                                       ;
; CARRY_CHAIN                                    ; MANUAL        ; Untyped                                       ;
; APEX20K_TECHNOLOGY_MAPPER                      ; LUT           ; TECH_MAPPER_APEX20K                           ;
; DEDICATED_MULTIPLIER_CIRCUITRY                 ; AUTO          ; Untyped                                       ;
; DEDICATED_MULTIPLIER_MIN_INPUT_WIDTH_FOR_AUTO  ; 0             ; Untyped                                       ;
; DEDICATED_MULTIPLIER_MIN_OUTPUT_WIDTH_FOR_AUTO ; 0             ; Untyped                                       ;
; CBXI_PARAMETER                                 ; NOTHING       ; Untyped                                       ;
; INPUT_A_FIXED_VALUE                            ; Bx            ; Untyped                                       ;
; INPUT_B_FIXED_VALUE                            ; Bx            ; Untyped                                       ;
; USE_AHDL_IMPLEMENTATION                        ; OFF           ; Untyped                                       ;
+------------------------------------------------+---------------+-----------------------------------------------+
Note: In order to hide this table in the UI and the text report file, please set the "Show Parameter Settings in Synthesis Report" option in "Analysis and Synthesis Settings -> More Settings" to "Off".


+----------------------------------------------------------------------------------------------------------------+
; Parameter Settings for Inferred Entity Instance: eco_nn_top:uut|neuron:hidden_layer[0].h_neuron|lpm_mult:Mult6 ;
+------------------------------------------------+---------------+-----------------------------------------------+
; Parameter Name                                 ; Value         ; Type                                          ;
+------------------------------------------------+---------------+-----------------------------------------------+
; AUTO_CARRY_CHAINS                              ; ON            ; AUTO_CARRY                                    ;
; IGNORE_CARRY_BUFFERS                           ; OFF           ; IGNORE_CARRY                                  ;
; AUTO_CASCADE_CHAINS                            ; ON            ; AUTO_CASCADE                                  ;
; IGNORE_CASCADE_BUFFERS                         ; OFF           ; IGNORE_CASCADE                                ;
; LPM_WIDTHA                                     ; 8             ; Untyped                                       ;
; LPM_WIDTHB                                     ; 1             ; Untyped                                       ;
; LPM_WIDTHP                                     ; 9             ; Untyped                                       ;
; LPM_WIDTHR                                     ; 9             ; Untyped                                       ;
; LPM_WIDTHS                                     ; 1             ; Untyped                                       ;
; LPM_REPRESENTATION                             ; SIGNED        ; Untyped                                       ;
; LPM_PIPELINE                                   ; 0             ; Untyped                                       ;
; LATENCY                                        ; 0             ; Untyped                                       ;
; INPUT_A_IS_CONSTANT                            ; NO            ; Untyped                                       ;
; INPUT_B_IS_CONSTANT                            ; YES           ; Untyped                                       ;
; USE_EAB                                        ; OFF           ; Untyped                                       ;
; MAXIMIZE_SPEED                                 ; 5             ; Untyped                                       ;
; DEVICE_FAMILY                                  ; Cyclone 10 LP ; Untyped                                       ;
; CARRY_CHAIN                                    ; MANUAL        ; Untyped                                       ;
; APEX20K_TECHNOLOGY_MAPPER                      ; LUT           ; TECH_MAPPER_APEX20K                           ;
; DEDICATED_MULTIPLIER_CIRCUITRY                 ; AUTO          ; Untyped                                       ;
; DEDICATED_MULTIPLIER_MIN_INPUT_WIDTH_FOR_AUTO  ; 0             ; Untyped                                       ;
; DEDICATED_MULTIPLIER_MIN_OUTPUT_WIDTH_FOR_AUTO ; 0             ; Untyped                                       ;
; CBXI_PARAMETER                                 ; NOTHING       ; Untyped                                       ;
; INPUT_A_FIXED_VALUE                            ; Bx            ; Untyped                                       ;
; INPUT_B_FIXED_VALUE                            ; Bx            ; Untyped                                       ;
; USE_AHDL_IMPLEMENTATION                        ; OFF           ; Untyped                                       ;
+------------------------------------------------+---------------+-----------------------------------------------+
Note: In order to hide this table in the UI and the text report file, please set the "Show Parameter Settings in Synthesis Report" option in "Analysis and Synthesis Settings -> More Settings" to "Off".


+----------------------------------------------------------------------------------------------------------------+
; Parameter Settings for Inferred Entity Instance: eco_nn_top:uut|neuron:hidden_layer[4].h_neuron|lpm_mult:Mult2 ;
+------------------------------------------------+---------------+-----------------------------------------------+
; Parameter Name                                 ; Value         ; Type                                          ;
+------------------------------------------------+---------------+-----------------------------------------------+
; AUTO_CARRY_CHAINS                              ; ON            ; AUTO_CARRY                                    ;
; IGNORE_CARRY_BUFFERS                           ; OFF           ; IGNORE_CARRY                                  ;
; AUTO_CASCADE_CHAINS                            ; ON            ; AUTO_CASCADE                                  ;
; IGNORE_CASCADE_BUFFERS                         ; OFF           ; IGNORE_CASCADE                                ;
; LPM_WIDTHA                                     ; 8             ; Untyped                                       ;
; LPM_WIDTHB                                     ; 3             ; Untyped                                       ;
; LPM_WIDTHP                                     ; 11            ; Untyped                                       ;
; LPM_WIDTHR                                     ; 11            ; Untyped                                       ;
; LPM_WIDTHS                                     ; 1             ; Untyped                                       ;
; LPM_REPRESENTATION                             ; SIGNED        ; Untyped                                       ;
; LPM_PIPELINE                                   ; 0             ; Untyped                                       ;
; LATENCY                                        ; 0             ; Untyped                                       ;
; INPUT_A_IS_CONSTANT                            ; NO            ; Untyped                                       ;
; INPUT_B_IS_CONSTANT                            ; YES           ; Untyped                                       ;
; USE_EAB                                        ; OFF           ; Untyped                                       ;
; MAXIMIZE_SPEED                                 ; 5             ; Untyped                                       ;
; DEVICE_FAMILY                                  ; Cyclone 10 LP ; Untyped                                       ;
; CARRY_CHAIN                                    ; MANUAL        ; Untyped                                       ;
; APEX20K_TECHNOLOGY_MAPPER                      ; LUT           ; TECH_MAPPER_APEX20K                           ;
; DEDICATED_MULTIPLIER_CIRCUITRY                 ; AUTO          ; Untyped                                       ;
; DEDICATED_MULTIPLIER_MIN_INPUT_WIDTH_FOR_AUTO  ; 0             ; Untyped                                       ;
; DEDICATED_MULTIPLIER_MIN_OUTPUT_WIDTH_FOR_AUTO ; 0             ; Untyped                                       ;
; CBXI_PARAMETER                                 ; NOTHING       ; Untyped                                       ;
; INPUT_A_FIXED_VALUE                            ; Bx            ; Untyped                                       ;
; INPUT_B_FIXED_VALUE                            ; Bx            ; Untyped                                       ;
; USE_AHDL_IMPLEMENTATION                        ; OFF           ; Untyped                                       ;
+------------------------------------------------+---------------+-----------------------------------------------+
Note: In order to hide this table in the UI and the text report file, please set the "Show Parameter Settings in Synthesis Report" option in "Analysis and Synthesis Settings -> More Settings" to "Off".


+-----------------------------------------------------------------------------------------------------------------+
; Parameter Settings for Inferred Entity Instance: eco_nn_top:uut|neuron:hidden_layer[15].h_neuron|lpm_mult:Mult3 ;
+------------------------------------------------+---------------+------------------------------------------------+
; Parameter Name                                 ; Value         ; Type                                           ;
+------------------------------------------------+---------------+------------------------------------------------+
; AUTO_CARRY_CHAINS                              ; ON            ; AUTO_CARRY                                     ;
; IGNORE_CARRY_BUFFERS                           ; OFF           ; IGNORE_CARRY                                   ;
; AUTO_CASCADE_CHAINS                            ; ON            ; AUTO_CASCADE                                   ;
; IGNORE_CASCADE_BUFFERS                         ; OFF           ; IGNORE_CASCADE                                 ;
; LPM_WIDTHA                                     ; 8             ; Untyped                                        ;
; LPM_WIDTHB                                     ; 3             ; Untyped                                        ;
; LPM_WIDTHP                                     ; 11            ; Untyped                                        ;
; LPM_WIDTHR                                     ; 11            ; Untyped                                        ;
; LPM_WIDTHS                                     ; 1             ; Untyped                                        ;
; LPM_REPRESENTATION                             ; SIGNED        ; Untyped                                        ;
; LPM_PIPELINE                                   ; 0             ; Untyped                                        ;
; LATENCY                                        ; 0             ; Untyped                                        ;
; INPUT_A_IS_CONSTANT                            ; NO            ; Untyped                                        ;
; INPUT_B_IS_CONSTANT                            ; YES           ; Untyped                                        ;
; USE_EAB                                        ; OFF           ; Untyped                                        ;
; MAXIMIZE_SPEED                                 ; 5             ; Untyped                                        ;
; DEVICE_FAMILY                                  ; Cyclone 10 LP ; Untyped                                        ;
; CARRY_CHAIN                                    ; MANUAL        ; Untyped                                        ;
; APEX20K_TECHNOLOGY_MAPPER                      ; LUT           ; TECH_MAPPER_APEX20K                            ;
; DEDICATED_MULTIPLIER_CIRCUITRY                 ; AUTO          ; Untyped                                        ;
; DEDICATED_MULTIPLIER_MIN_INPUT_WIDTH_FOR_AUTO  ; 0             ; Untyped                                        ;
; DEDICATED_MULTIPLIER_MIN_OUTPUT_WIDTH_FOR_AUTO ; 0             ; Untyped                                        ;
; CBXI_PARAMETER                                 ; NOTHING       ; Untyped                                        ;
; INPUT_A_FIXED_VALUE                            ; Bx            ; Untyped                                        ;
; INPUT_B_FIXED_VALUE                            ; Bx            ; Untyped                                        ;
; USE_AHDL_IMPLEMENTATION                        ; OFF           ; Untyped                                        ;
+------------------------------------------------+---------------+------------------------------------------------+
Note: In order to hide this table in the UI and the text report file, please set the "Show Parameter Settings in Synthesis Report" option in "Analysis and Synthesis Settings -> More Settings" to "Off".


+----------------------------------------------------------------------------------------------------------------+
; Parameter Settings for Inferred Entity Instance: eco_nn_top:uut|neuron:hidden_layer[4].h_neuron|lpm_mult:Mult7 ;
+------------------------------------------------+---------------+-----------------------------------------------+
; Parameter Name                                 ; Value         ; Type                                          ;
+------------------------------------------------+---------------+-----------------------------------------------+
; AUTO_CARRY_CHAINS                              ; ON            ; AUTO_CARRY                                    ;
; IGNORE_CARRY_BUFFERS                           ; OFF           ; IGNORE_CARRY                                  ;
; AUTO_CASCADE_CHAINS                            ; ON            ; AUTO_CASCADE                                  ;
; IGNORE_CASCADE_BUFFERS                         ; OFF           ; IGNORE_CASCADE                                ;
; LPM_WIDTHA                                     ; 8             ; Untyped                                       ;
; LPM_WIDTHB                                     ; 4             ; Untyped                                       ;
; LPM_WIDTHP                                     ; 12            ; Untyped                                       ;
; LPM_WIDTHR                                     ; 12            ; Untyped                                       ;
; LPM_WIDTHS                                     ; 1             ; Untyped                                       ;
; LPM_REPRESENTATION                             ; SIGNED        ; Untyped                                       ;
; LPM_PIPELINE                                   ; 0             ; Untyped                                       ;
; LATENCY                                        ; 0             ; Untyped                                       ;
; INPUT_A_IS_CONSTANT                            ; NO            ; Untyped                                       ;
; INPUT_B_IS_CONSTANT                            ; YES           ; Untyped                                       ;
; USE_EAB                                        ; OFF           ; Untyped                                       ;
; MAXIMIZE_SPEED                                 ; 5             ; Untyped                                       ;
; DEVICE_FAMILY                                  ; Cyclone 10 LP ; Untyped                                       ;
; CARRY_CHAIN                                    ; MANUAL        ; Untyped                                       ;
; APEX20K_TECHNOLOGY_MAPPER                      ; LUT           ; TECH_MAPPER_APEX20K                           ;
; DEDICATED_MULTIPLIER_CIRCUITRY                 ; AUTO          ; Untyped                                       ;
; DEDICATED_MULTIPLIER_MIN_INPUT_WIDTH_FOR_AUTO  ; 0             ; Untyped                                       ;
; DEDICATED_MULTIPLIER_MIN_OUTPUT_WIDTH_FOR_AUTO ; 0             ; Untyped                                       ;
; CBXI_PARAMETER                                 ; NOTHING       ; Untyped                                       ;
; INPUT_A_FIXED_VALUE                            ; Bx            ; Untyped                                       ;
; INPUT_B_FIXED_VALUE                            ; Bx            ; Untyped                                       ;
; USE_AHDL_IMPLEMENTATION                        ; OFF           ; Untyped                                       ;
+------------------------------------------------+---------------+-----------------------------------------------+
Note: In order to hide this table in the UI and the text report file, please set the "Show Parameter Settings in Synthesis Report" option in "Analysis and Synthesis Settings -> More Settings" to "Off".


+-----------------------------------------------------------------------------------------------------------------+
; Parameter Settings for Inferred Entity Instance: eco_nn_top:uut|neuron:hidden_layer[14].h_neuron|lpm_mult:Mult6 ;
+------------------------------------------------+---------------+------------------------------------------------+
; Parameter Name                                 ; Value         ; Type                                           ;
+------------------------------------------------+---------------+------------------------------------------------+
; AUTO_CARRY_CHAINS                              ; ON            ; AUTO_CARRY                                     ;
; IGNORE_CARRY_BUFFERS                           ; OFF           ; IGNORE_CARRY                                   ;
; AUTO_CASCADE_CHAINS                            ; ON            ; AUTO_CASCADE                                   ;
; IGNORE_CASCADE_BUFFERS                         ; OFF           ; IGNORE_CASCADE                                 ;
; LPM_WIDTHA                                     ; 8             ; Untyped                                        ;
; LPM_WIDTHB                                     ; 2             ; Untyped                                        ;
; LPM_WIDTHP                                     ; 10            ; Untyped                                        ;
; LPM_WIDTHR                                     ; 10            ; Untyped                                        ;
; LPM_WIDTHS                                     ; 1             ; Untyped                                        ;
; LPM_REPRESENTATION                             ; SIGNED        ; Untyped                                        ;
; LPM_PIPELINE                                   ; 0             ; Untyped                                        ;
; LATENCY                                        ; 0             ; Untyped                                        ;
; INPUT_A_IS_CONSTANT                            ; NO            ; Untyped                                        ;
; INPUT_B_IS_CONSTANT                            ; YES           ; Untyped                                        ;
; USE_EAB                                        ; OFF           ; Untyped                                        ;
; MAXIMIZE_SPEED                                 ; 5             ; Untyped                                        ;
; DEVICE_FAMILY                                  ; Cyclone 10 LP ; Untyped                                        ;
; CARRY_CHAIN                                    ; MANUAL        ; Untyped                                        ;
; APEX20K_TECHNOLOGY_MAPPER                      ; LUT           ; TECH_MAPPER_APEX20K                            ;
; DEDICATED_MULTIPLIER_CIRCUITRY                 ; AUTO          ; Untyped                                        ;
; DEDICATED_MULTIPLIER_MIN_INPUT_WIDTH_FOR_AUTO  ; 0             ; Untyped                                        ;
; DEDICATED_MULTIPLIER_MIN_OUTPUT_WIDTH_FOR_AUTO ; 0             ; Untyped                                        ;
; CBXI_PARAMETER                                 ; NOTHING       ; Untyped                                        ;
; INPUT_A_FIXED_VALUE                            ; Bx            ; Untyped                                        ;
; INPUT_B_FIXED_VALUE                            ; Bx            ; Untyped                                        ;
; USE_AHDL_IMPLEMENTATION                        ; OFF           ; Untyped                                        ;
+------------------------------------------------+---------------+------------------------------------------------+
Note: In order to hide this table in the UI and the text report file, please set the "Show Parameter Settings in Synthesis Report" option in "Analysis and Synthesis Settings -> More Settings" to "Off".


+-----------------------------------------------------------------------------------------------------------------+
; Parameter Settings for Inferred Entity Instance: eco_nn_top:uut|neuron:hidden_layer[15].h_neuron|lpm_mult:Mult1 ;
+------------------------------------------------+---------------+------------------------------------------------+
; Parameter Name                                 ; Value         ; Type                                           ;
+------------------------------------------------+---------------+------------------------------------------------+
; AUTO_CARRY_CHAINS                              ; ON            ; AUTO_CARRY                                     ;
; IGNORE_CARRY_BUFFERS                           ; OFF           ; IGNORE_CARRY                                   ;
; AUTO_CASCADE_CHAINS                            ; ON            ; AUTO_CASCADE                                   ;
; IGNORE_CASCADE_BUFFERS                         ; OFF           ; IGNORE_CASCADE                                 ;
; LPM_WIDTHA                                     ; 8             ; Untyped                                        ;
; LPM_WIDTHB                                     ; 4             ; Untyped                                        ;
; LPM_WIDTHP                                     ; 12            ; Untyped                                        ;
; LPM_WIDTHR                                     ; 12            ; Untyped                                        ;
; LPM_WIDTHS                                     ; 1             ; Untyped                                        ;
; LPM_REPRESENTATION                             ; SIGNED        ; Untyped                                        ;
; LPM_PIPELINE                                   ; 0             ; Untyped                                        ;
; LATENCY                                        ; 0             ; Untyped                                        ;
; INPUT_A_IS_CONSTANT                            ; NO            ; Untyped                                        ;
; INPUT_B_IS_CONSTANT                            ; YES           ; Untyped                                        ;
; USE_EAB                                        ; OFF           ; Untyped                                        ;
; MAXIMIZE_SPEED                                 ; 5             ; Untyped                                        ;
; DEVICE_FAMILY                                  ; Cyclone 10 LP ; Untyped                                        ;
; CARRY_CHAIN                                    ; MANUAL        ; Untyped                                        ;
; APEX20K_TECHNOLOGY_MAPPER                      ; LUT           ; TECH_MAPPER_APEX20K                            ;
; DEDICATED_MULTIPLIER_CIRCUITRY                 ; AUTO          ; Untyped                                        ;
; DEDICATED_MULTIPLIER_MIN_INPUT_WIDTH_FOR_AUTO  ; 0             ; Untyped                                        ;
; DEDICATED_MULTIPLIER_MIN_OUTPUT_WIDTH_FOR_AUTO ; 0             ; Untyped                                        ;
; CBXI_PARAMETER                                 ; NOTHING       ; Untyped                                        ;
; INPUT_A_FIXED_VALUE                            ; Bx            ; Untyped                                        ;
; INPUT_B_FIXED_VALUE                            ; Bx            ; Untyped                                        ;
; USE_AHDL_IMPLEMENTATION                        ; OFF           ; Untyped                                        ;
+------------------------------------------------+---------------+------------------------------------------------+
Note: In order to hide this table in the UI and the text report file, please set the "Show Parameter Settings in Synthesis Report" option in "Analysis and Synthesis Settings -> More Settings" to "Off".


+----------------------------------------------------------------------------------------------------------------+
; Parameter Settings for Inferred Entity Instance: eco_nn_top:uut|neuron:hidden_layer[0].h_neuron|lpm_mult:Mult5 ;
+------------------------------------------------+---------------+-----------------------------------------------+
; Parameter Name                                 ; Value         ; Type                                          ;
+------------------------------------------------+---------------+-----------------------------------------------+
; AUTO_CARRY_CHAINS                              ; ON            ; AUTO_CARRY                                    ;
; IGNORE_CARRY_BUFFERS                           ; OFF           ; IGNORE_CARRY                                  ;
; AUTO_CASCADE_CHAINS                            ; ON            ; AUTO_CASCADE                                  ;
; IGNORE_CASCADE_BUFFERS                         ; OFF           ; IGNORE_CASCADE                                ;
; LPM_WIDTHA                                     ; 8             ; Untyped                                       ;
; LPM_WIDTHB                                     ; 1             ; Untyped                                       ;
; LPM_WIDTHP                                     ; 9             ; Untyped                                       ;
; LPM_WIDTHR                                     ; 9             ; Untyped                                       ;
; LPM_WIDTHS                                     ; 1             ; Untyped                                       ;
; LPM_REPRESENTATION                             ; SIGNED        ; Untyped                                       ;
; LPM_PIPELINE                                   ; 0             ; Untyped                                       ;
; LATENCY                                        ; 0             ; Untyped                                       ;
; INPUT_A_IS_CONSTANT                            ; NO            ; Untyped                                       ;
; INPUT_B_IS_CONSTANT                            ; YES           ; Untyped                                       ;
; USE_EAB                                        ; OFF           ; Untyped                                       ;
; MAXIMIZE_SPEED                                 ; 5             ; Untyped                                       ;
; DEVICE_FAMILY                                  ; Cyclone 10 LP ; Untyped                                       ;
; CARRY_CHAIN                                    ; MANUAL        ; Untyped                                       ;
; APEX20K_TECHNOLOGY_MAPPER                      ; LUT           ; TECH_MAPPER_APEX20K                           ;
; DEDICATED_MULTIPLIER_CIRCUITRY                 ; AUTO          ; Untyped                                       ;
; DEDICATED_MULTIPLIER_MIN_INPUT_WIDTH_FOR_AUTO  ; 0             ; Untyped                                       ;
; DEDICATED_MULTIPLIER_MIN_OUTPUT_WIDTH_FOR_AUTO ; 0             ; Untyped                                       ;
; CBXI_PARAMETER                                 ; NOTHING       ; Untyped                                       ;
; INPUT_A_FIXED_VALUE                            ; Bx            ; Untyped                                       ;
; INPUT_B_FIXED_VALUE                            ; Bx            ; Untyped                                       ;
; USE_AHDL_IMPLEMENTATION                        ; OFF           ; Untyped                                       ;
+------------------------------------------------+---------------+-----------------------------------------------+
Note: In order to hide this table in the UI and the text report file, please set the "Show Parameter Settings in Synthesis Report" option in "Analysis and Synthesis Settings -> More Settings" to "Off".


+-----------------------------------------------------------------------------------------------------------------+
; Parameter Settings for Inferred Entity Instance: eco_nn_top:uut|neuron:hidden_layer[13].h_neuron|lpm_mult:Mult3 ;
+------------------------------------------------+---------------+------------------------------------------------+
; Parameter Name                                 ; Value         ; Type                                           ;
+------------------------------------------------+---------------+------------------------------------------------+
; AUTO_CARRY_CHAINS                              ; ON            ; AUTO_CARRY                                     ;
; IGNORE_CARRY_BUFFERS                           ; OFF           ; IGNORE_CARRY                                   ;
; AUTO_CASCADE_CHAINS                            ; ON            ; AUTO_CASCADE                                   ;
; IGNORE_CASCADE_BUFFERS                         ; OFF           ; IGNORE_CASCADE                                 ;
; LPM_WIDTHA                                     ; 8             ; Untyped                                        ;
; LPM_WIDTHB                                     ; 4             ; Untyped                                        ;
; LPM_WIDTHP                                     ; 12            ; Untyped                                        ;
; LPM_WIDTHR                                     ; 12            ; Untyped                                        ;
; LPM_WIDTHS                                     ; 1             ; Untyped                                        ;
; LPM_REPRESENTATION                             ; SIGNED        ; Untyped                                        ;
; LPM_PIPELINE                                   ; 0             ; Untyped                                        ;
; LATENCY                                        ; 0             ; Untyped                                        ;
; INPUT_A_IS_CONSTANT                            ; NO            ; Untyped                                        ;
; INPUT_B_IS_CONSTANT                            ; YES           ; Untyped                                        ;
; USE_EAB                                        ; OFF           ; Untyped                                        ;
; MAXIMIZE_SPEED                                 ; 5             ; Untyped                                        ;
; DEVICE_FAMILY                                  ; Cyclone 10 LP ; Untyped                                        ;
; CARRY_CHAIN                                    ; MANUAL        ; Untyped                                        ;
; APEX20K_TECHNOLOGY_MAPPER                      ; LUT           ; TECH_MAPPER_APEX20K                            ;
; DEDICATED_MULTIPLIER_CIRCUITRY                 ; AUTO          ; Untyped                                        ;
; DEDICATED_MULTIPLIER_MIN_INPUT_WIDTH_FOR_AUTO  ; 0             ; Untyped                                        ;
; DEDICATED_MULTIPLIER_MIN_OUTPUT_WIDTH_FOR_AUTO ; 0             ; Untyped                                        ;
; CBXI_PARAMETER                                 ; NOTHING       ; Untyped                                        ;
; INPUT_A_FIXED_VALUE                            ; Bx            ; Untyped                                        ;
; INPUT_B_FIXED_VALUE                            ; Bx            ; Untyped                                        ;
; USE_AHDL_IMPLEMENTATION                        ; OFF           ; Untyped                                        ;
+------------------------------------------------+---------------+------------------------------------------------+
Note: In order to hide this table in the UI and the text report file, please set the "Show Parameter Settings in Synthesis Report" option in "Analysis and Synthesis Settings -> More Settings" to "Off".


+----------------------------------------------------------------------------------------------------------------+
; Parameter Settings for Inferred Entity Instance: eco_nn_top:uut|neuron:hidden_layer[1].h_neuron|lpm_mult:Mult3 ;
+------------------------------------------------+---------------+-----------------------------------------------+
; Parameter Name                                 ; Value         ; Type                                          ;
+------------------------------------------------+---------------+-----------------------------------------------+
; AUTO_CARRY_CHAINS                              ; ON            ; AUTO_CARRY                                    ;
; IGNORE_CARRY_BUFFERS                           ; OFF           ; IGNORE_CARRY                                  ;
; AUTO_CASCADE_CHAINS                            ; ON            ; AUTO_CASCADE                                  ;
; IGNORE_CASCADE_BUFFERS                         ; OFF           ; IGNORE_CASCADE                                ;
; LPM_WIDTHA                                     ; 8             ; Untyped                                       ;
; LPM_WIDTHB                                     ; 4             ; Untyped                                       ;
; LPM_WIDTHP                                     ; 12            ; Untyped                                       ;
; LPM_WIDTHR                                     ; 12            ; Untyped                                       ;
; LPM_WIDTHS                                     ; 1             ; Untyped                                       ;
; LPM_REPRESENTATION                             ; SIGNED        ; Untyped                                       ;
; LPM_PIPELINE                                   ; 0             ; Untyped                                       ;
; LATENCY                                        ; 0             ; Untyped                                       ;
; INPUT_A_IS_CONSTANT                            ; NO            ; Untyped                                       ;
; INPUT_B_IS_CONSTANT                            ; YES           ; Untyped                                       ;
; USE_EAB                                        ; OFF           ; Untyped                                       ;
; MAXIMIZE_SPEED                                 ; 5             ; Untyped                                       ;
; DEVICE_FAMILY                                  ; Cyclone 10 LP ; Untyped                                       ;
; CARRY_CHAIN                                    ; MANUAL        ; Untyped                                       ;
; APEX20K_TECHNOLOGY_MAPPER                      ; LUT           ; TECH_MAPPER_APEX20K                           ;
; DEDICATED_MULTIPLIER_CIRCUITRY                 ; AUTO          ; Untyped                                       ;
; DEDICATED_MULTIPLIER_MIN_INPUT_WIDTH_FOR_AUTO  ; 0             ; Untyped                                       ;
; DEDICATED_MULTIPLIER_MIN_OUTPUT_WIDTH_FOR_AUTO ; 0             ; Untyped                                       ;
; CBXI_PARAMETER                                 ; NOTHING       ; Untyped                                       ;
; INPUT_A_FIXED_VALUE                            ; Bx            ; Untyped                                       ;
; INPUT_B_FIXED_VALUE                            ; Bx            ; Untyped                                       ;
; USE_AHDL_IMPLEMENTATION                        ; OFF           ; Untyped                                       ;
+------------------------------------------------+---------------+-----------------------------------------------+
Note: In order to hide this table in the UI and the text report file, please set the "Show Parameter Settings in Synthesis Report" option in "Analysis and Synthesis Settings -> More Settings" to "Off".


+----------------------------------------------------------------------------------------------------------------+
; Parameter Settings for Inferred Entity Instance: eco_nn_top:uut|neuron:hidden_layer[3].h_neuron|lpm_mult:Mult2 ;
+------------------------------------------------+---------------+-----------------------------------------------+
; Parameter Name                                 ; Value         ; Type                                          ;
+------------------------------------------------+---------------+-----------------------------------------------+
; AUTO_CARRY_CHAINS                              ; ON            ; AUTO_CARRY                                    ;
; IGNORE_CARRY_BUFFERS                           ; OFF           ; IGNORE_CARRY                                  ;
; AUTO_CASCADE_CHAINS                            ; ON            ; AUTO_CASCADE                                  ;
; IGNORE_CASCADE_BUFFERS                         ; OFF           ; IGNORE_CASCADE                                ;
; LPM_WIDTHA                                     ; 8             ; Untyped                                       ;
; LPM_WIDTHB                                     ; 4             ; Untyped                                       ;
; LPM_WIDTHP                                     ; 12            ; Untyped                                       ;
; LPM_WIDTHR                                     ; 12            ; Untyped                                       ;
; LPM_WIDTHS                                     ; 1             ; Untyped                                       ;
; LPM_REPRESENTATION                             ; SIGNED        ; Untyped                                       ;
; LPM_PIPELINE                                   ; 0             ; Untyped                                       ;
; LATENCY                                        ; 0             ; Untyped                                       ;
; INPUT_A_IS_CONSTANT                            ; NO            ; Untyped                                       ;
; INPUT_B_IS_CONSTANT                            ; YES           ; Untyped                                       ;
; USE_EAB                                        ; OFF           ; Untyped                                       ;
; MAXIMIZE_SPEED                                 ; 5             ; Untyped                                       ;
; DEVICE_FAMILY                                  ; Cyclone 10 LP ; Untyped                                       ;
; CARRY_CHAIN                                    ; MANUAL        ; Untyped                                       ;
; APEX20K_TECHNOLOGY_MAPPER                      ; LUT           ; TECH_MAPPER_APEX20K                           ;
; DEDICATED_MULTIPLIER_CIRCUITRY                 ; AUTO          ; Untyped                                       ;
; DEDICATED_MULTIPLIER_MIN_INPUT_WIDTH_FOR_AUTO  ; 0             ; Untyped                                       ;
; DEDICATED_MULTIPLIER_MIN_OUTPUT_WIDTH_FOR_AUTO ; 0             ; Untyped                                       ;
; CBXI_PARAMETER                                 ; NOTHING       ; Untyped                                       ;
; INPUT_A_FIXED_VALUE                            ; Bx            ; Untyped                                       ;
; INPUT_B_FIXED_VALUE                            ; Bx            ; Untyped                                       ;
; USE_AHDL_IMPLEMENTATION                        ; OFF           ; Untyped                                       ;
+------------------------------------------------+---------------+-----------------------------------------------+
Note: In order to hide this table in the UI and the text report file, please set the "Show Parameter Settings in Synthesis Report" option in "Analysis and Synthesis Settings -> More Settings" to "Off".


+-----------------------------------------------------------------------------------------------------------------+
; Parameter Settings for Inferred Entity Instance: eco_nn_top:uut|neuron:hidden_layer[11].h_neuron|lpm_mult:Mult7 ;
+------------------------------------------------+---------------+------------------------------------------------+
; Parameter Name                                 ; Value         ; Type                                           ;
+------------------------------------------------+---------------+------------------------------------------------+
; AUTO_CARRY_CHAINS                              ; ON            ; AUTO_CARRY                                     ;
; IGNORE_CARRY_BUFFERS                           ; OFF           ; IGNORE_CARRY                                   ;
; AUTO_CASCADE_CHAINS                            ; ON            ; AUTO_CASCADE                                   ;
; IGNORE_CASCADE_BUFFERS                         ; OFF           ; IGNORE_CASCADE                                 ;
; LPM_WIDTHA                                     ; 8             ; Untyped                                        ;
; LPM_WIDTHB                                     ; 3             ; Untyped                                        ;
; LPM_WIDTHP                                     ; 11            ; Untyped                                        ;
; LPM_WIDTHR                                     ; 11            ; Untyped                                        ;
; LPM_WIDTHS                                     ; 1             ; Untyped                                        ;
; LPM_REPRESENTATION                             ; SIGNED        ; Untyped                                        ;
; LPM_PIPELINE                                   ; 0             ; Untyped                                        ;
; LATENCY                                        ; 0             ; Untyped                                        ;
; INPUT_A_IS_CONSTANT                            ; NO            ; Untyped                                        ;
; INPUT_B_IS_CONSTANT                            ; YES           ; Untyped                                        ;
; USE_EAB                                        ; OFF           ; Untyped                                        ;
; MAXIMIZE_SPEED                                 ; 5             ; Untyped                                        ;
; DEVICE_FAMILY                                  ; Cyclone 10 LP ; Untyped                                        ;
; CARRY_CHAIN                                    ; MANUAL        ; Untyped                                        ;
; APEX20K_TECHNOLOGY_MAPPER                      ; LUT           ; TECH_MAPPER_APEX20K                            ;
; DEDICATED_MULTIPLIER_CIRCUITRY                 ; AUTO          ; Untyped                                        ;
; DEDICATED_MULTIPLIER_MIN_INPUT_WIDTH_FOR_AUTO  ; 0             ; Untyped                                        ;
; DEDICATED_MULTIPLIER_MIN_OUTPUT_WIDTH_FOR_AUTO ; 0             ; Untyped                                        ;
; CBXI_PARAMETER                                 ; NOTHING       ; Untyped                                        ;
; INPUT_A_FIXED_VALUE                            ; Bx            ; Untyped                                        ;
; INPUT_B_FIXED_VALUE                            ; Bx            ; Untyped                                        ;
; USE_AHDL_IMPLEMENTATION                        ; OFF           ; Untyped                                        ;
+------------------------------------------------+---------------+------------------------------------------------+
Note: In order to hide this table in the UI and the text report file, please set the "Show Parameter Settings in Synthesis Report" option in "Analysis and Synthesis Settings -> More Settings" to "Off".


+----------------------------------------------------------------------------------------------------------------+
; Parameter Settings for Inferred Entity Instance: eco_nn_top:uut|neuron:hidden_layer[9].h_neuron|lpm_mult:Mult5 ;
+------------------------------------------------+---------------+-----------------------------------------------+
; Parameter Name                                 ; Value         ; Type                                          ;
+------------------------------------------------+---------------+-----------------------------------------------+
; AUTO_CARRY_CHAINS                              ; ON            ; AUTO_CARRY                                    ;
; IGNORE_CARRY_BUFFERS                           ; OFF           ; IGNORE_CARRY                                  ;
; AUTO_CASCADE_CHAINS                            ; ON            ; AUTO_CASCADE                                  ;
; IGNORE_CASCADE_BUFFERS                         ; OFF           ; IGNORE_CASCADE                                ;
; LPM_WIDTHA                                     ; 8             ; Untyped                                       ;
; LPM_WIDTHB                                     ; 5             ; Untyped                                       ;
; LPM_WIDTHP                                     ; 13            ; Untyped                                       ;
; LPM_WIDTHR                                     ; 13            ; Untyped                                       ;
; LPM_WIDTHS                                     ; 1             ; Untyped                                       ;
; LPM_REPRESENTATION                             ; SIGNED        ; Untyped                                       ;
; LPM_PIPELINE                                   ; 0             ; Untyped                                       ;
; LATENCY                                        ; 0             ; Untyped                                       ;
; INPUT_A_IS_CONSTANT                            ; NO            ; Untyped                                       ;
; INPUT_B_IS_CONSTANT                            ; YES           ; Untyped                                       ;
; USE_EAB                                        ; OFF           ; Untyped                                       ;
; MAXIMIZE_SPEED                                 ; 5             ; Untyped                                       ;
; DEVICE_FAMILY                                  ; Cyclone 10 LP ; Untyped                                       ;
; CARRY_CHAIN                                    ; MANUAL        ; Untyped                                       ;
; APEX20K_TECHNOLOGY_MAPPER                      ; LUT           ; TECH_MAPPER_APEX20K                           ;
; DEDICATED_MULTIPLIER_CIRCUITRY                 ; AUTO          ; Untyped                                       ;
; DEDICATED_MULTIPLIER_MIN_INPUT_WIDTH_FOR_AUTO  ; 0             ; Untyped                                       ;
; DEDICATED_MULTIPLIER_MIN_OUTPUT_WIDTH_FOR_AUTO ; 0             ; Untyped                                       ;
; CBXI_PARAMETER                                 ; NOTHING       ; Untyped                                       ;
; INPUT_A_FIXED_VALUE                            ; Bx            ; Untyped                                       ;
; INPUT_B_FIXED_VALUE                            ; Bx            ; Untyped                                       ;
; USE_AHDL_IMPLEMENTATION                        ; OFF           ; Untyped                                       ;
+------------------------------------------------+---------------+-----------------------------------------------+
Note: In order to hide this table in the UI and the text report file, please set the "Show Parameter Settings in Synthesis Report" option in "Analysis and Synthesis Settings -> More Settings" to "Off".


+----------------------------------------------------------------------------------------------------------------+
; Parameter Settings for Inferred Entity Instance: eco_nn_top:uut|neuron:hidden_layer[1].h_neuron|lpm_mult:Mult6 ;
+------------------------------------------------+---------------+-----------------------------------------------+
; Parameter Name                                 ; Value         ; Type                                          ;
+------------------------------------------------+---------------+-----------------------------------------------+
; AUTO_CARRY_CHAINS                              ; ON            ; AUTO_CARRY                                    ;
; IGNORE_CARRY_BUFFERS                           ; OFF           ; IGNORE_CARRY                                  ;
; AUTO_CASCADE_CHAINS                            ; ON            ; AUTO_CASCADE                                  ;
; IGNORE_CASCADE_BUFFERS                         ; OFF           ; IGNORE_CASCADE                                ;
; LPM_WIDTHA                                     ; 8             ; Untyped                                       ;
; LPM_WIDTHB                                     ; 3             ; Untyped                                       ;
; LPM_WIDTHP                                     ; 11            ; Untyped                                       ;
; LPM_WIDTHR                                     ; 11            ; Untyped                                       ;
; LPM_WIDTHS                                     ; 1             ; Untyped                                       ;
; LPM_REPRESENTATION                             ; SIGNED        ; Untyped                                       ;
; LPM_PIPELINE                                   ; 0             ; Untyped                                       ;
; LATENCY                                        ; 0             ; Untyped                                       ;
; INPUT_A_IS_CONSTANT                            ; NO            ; Untyped                                       ;
; INPUT_B_IS_CONSTANT                            ; YES           ; Untyped                                       ;
; USE_EAB                                        ; OFF           ; Untyped                                       ;
; MAXIMIZE_SPEED                                 ; 5             ; Untyped                                       ;
; DEVICE_FAMILY                                  ; Cyclone 10 LP ; Untyped                                       ;
; CARRY_CHAIN                                    ; MANUAL        ; Untyped                                       ;
; APEX20K_TECHNOLOGY_MAPPER                      ; LUT           ; TECH_MAPPER_APEX20K                           ;
; DEDICATED_MULTIPLIER_CIRCUITRY                 ; AUTO          ; Untyped                                       ;
; DEDICATED_MULTIPLIER_MIN_INPUT_WIDTH_FOR_AUTO  ; 0             ; Untyped                                       ;
; DEDICATED_MULTIPLIER_MIN_OUTPUT_WIDTH_FOR_AUTO ; 0             ; Untyped                                       ;
; CBXI_PARAMETER                                 ; NOTHING       ; Untyped                                       ;
; INPUT_A_FIXED_VALUE                            ; Bx            ; Untyped                                       ;
; INPUT_B_FIXED_VALUE                            ; Bx            ; Untyped                                       ;
; USE_AHDL_IMPLEMENTATION                        ; OFF           ; Untyped                                       ;
+------------------------------------------------+---------------+-----------------------------------------------+
Note: In order to hide this table in the UI and the text report file, please set the "Show Parameter Settings in Synthesis Report" option in "Analysis and Synthesis Settings -> More Settings" to "Off".


+----------------------------------------------------------------------------------------------------------------+
; Parameter Settings for Inferred Entity Instance: eco_nn_top:uut|neuron:hidden_layer[7].h_neuron|lpm_mult:Mult7 ;
+------------------------------------------------+---------------+-----------------------------------------------+
; Parameter Name                                 ; Value         ; Type                                          ;
+------------------------------------------------+---------------+-----------------------------------------------+
; AUTO_CARRY_CHAINS                              ; ON            ; AUTO_CARRY                                    ;
; IGNORE_CARRY_BUFFERS                           ; OFF           ; IGNORE_CARRY                                  ;
; AUTO_CASCADE_CHAINS                            ; ON            ; AUTO_CASCADE                                  ;
; IGNORE_CASCADE_BUFFERS                         ; OFF           ; IGNORE_CASCADE                                ;
; LPM_WIDTHA                                     ; 8             ; Untyped                                       ;
; LPM_WIDTHB                                     ; 4             ; Untyped                                       ;
; LPM_WIDTHP                                     ; 12            ; Untyped                                       ;
; LPM_WIDTHR                                     ; 12            ; Untyped                                       ;
; LPM_WIDTHS                                     ; 1             ; Untyped                                       ;
; LPM_REPRESENTATION                             ; SIGNED        ; Untyped                                       ;
; LPM_PIPELINE                                   ; 0             ; Untyped                                       ;
; LATENCY                                        ; 0             ; Untyped                                       ;
; INPUT_A_IS_CONSTANT                            ; NO            ; Untyped                                       ;
; INPUT_B_IS_CONSTANT                            ; YES           ; Untyped                                       ;
; USE_EAB                                        ; OFF           ; Untyped                                       ;
; MAXIMIZE_SPEED                                 ; 5             ; Untyped                                       ;
; DEVICE_FAMILY                                  ; Cyclone 10 LP ; Untyped                                       ;
; CARRY_CHAIN                                    ; MANUAL        ; Untyped                                       ;
; APEX20K_TECHNOLOGY_MAPPER                      ; LUT           ; TECH_MAPPER_APEX20K                           ;
; DEDICATED_MULTIPLIER_CIRCUITRY                 ; AUTO          ; Untyped                                       ;
; DEDICATED_MULTIPLIER_MIN_INPUT_WIDTH_FOR_AUTO  ; 0             ; Untyped                                       ;
; DEDICATED_MULTIPLIER_MIN_OUTPUT_WIDTH_FOR_AUTO ; 0             ; Untyped                                       ;
; CBXI_PARAMETER                                 ; NOTHING       ; Untyped                                       ;
; INPUT_A_FIXED_VALUE                            ; Bx            ; Untyped                                       ;
; INPUT_B_FIXED_VALUE                            ; Bx            ; Untyped                                       ;
; USE_AHDL_IMPLEMENTATION                        ; OFF           ; Untyped                                       ;
+------------------------------------------------+---------------+-----------------------------------------------+
Note: In order to hide this table in the UI and the text report file, please set the "Show Parameter Settings in Synthesis Report" option in "Analysis and Synthesis Settings -> More Settings" to "Off".


+----------------------------------------------------------------------------------------------------------------+
; Parameter Settings for Inferred Entity Instance: eco_nn_top:uut|neuron:hidden_layer[9].h_neuron|lpm_mult:Mult6 ;
+------------------------------------------------+---------------+-----------------------------------------------+
; Parameter Name                                 ; Value         ; Type                                          ;
+------------------------------------------------+---------------+-----------------------------------------------+
; AUTO_CARRY_CHAINS                              ; ON            ; AUTO_CARRY                                    ;
; IGNORE_CARRY_BUFFERS                           ; OFF           ; IGNORE_CARRY                                  ;
; AUTO_CASCADE_CHAINS                            ; ON            ; AUTO_CASCADE                                  ;
; IGNORE_CASCADE_BUFFERS                         ; OFF           ; IGNORE_CASCADE                                ;
; LPM_WIDTHA                                     ; 8             ; Untyped                                       ;
; LPM_WIDTHB                                     ; 4             ; Untyped                                       ;
; LPM_WIDTHP                                     ; 12            ; Untyped                                       ;
; LPM_WIDTHR                                     ; 12            ; Untyped                                       ;
; LPM_WIDTHS                                     ; 1             ; Untyped                                       ;
; LPM_REPRESENTATION                             ; SIGNED        ; Untyped                                       ;
; LPM_PIPELINE                                   ; 0             ; Untyped                                       ;
; LATENCY                                        ; 0             ; Untyped                                       ;
; INPUT_A_IS_CONSTANT                            ; NO            ; Untyped                                       ;
; INPUT_B_IS_CONSTANT                            ; YES           ; Untyped                                       ;
; USE_EAB                                        ; OFF           ; Untyped                                       ;
; MAXIMIZE_SPEED                                 ; 5             ; Untyped                                       ;
; DEVICE_FAMILY                                  ; Cyclone 10 LP ; Untyped                                       ;
; CARRY_CHAIN                                    ; MANUAL        ; Untyped                                       ;
; APEX20K_TECHNOLOGY_MAPPER                      ; LUT           ; TECH_MAPPER_APEX20K                           ;
; DEDICATED_MULTIPLIER_CIRCUITRY                 ; AUTO          ; Untyped                                       ;
; DEDICATED_MULTIPLIER_MIN_INPUT_WIDTH_FOR_AUTO  ; 0             ; Untyped                                       ;
; DEDICATED_MULTIPLIER_MIN_OUTPUT_WIDTH_FOR_AUTO ; 0             ; Untyped                                       ;
; CBXI_PARAMETER                                 ; NOTHING       ; Untyped                                       ;
; INPUT_A_FIXED_VALUE                            ; Bx            ; Untyped                                       ;
; INPUT_B_FIXED_VALUE                            ; Bx            ; Untyped                                       ;
; USE_AHDL_IMPLEMENTATION                        ; OFF           ; Untyped                                       ;
+------------------------------------------------+---------------+-----------------------------------------------+
Note: In order to hide this table in the UI and the text report file, please set the "Show Parameter Settings in Synthesis Report" option in "Analysis and Synthesis Settings -> More Settings" to "Off".


+-----------------------------------------------------------------------------------------------------------------+
; Parameter Settings for Inferred Entity Instance: eco_nn_top:uut|neuron:hidden_layer[14].h_neuron|lpm_mult:Mult0 ;
+------------------------------------------------+---------------+------------------------------------------------+
; Parameter Name                                 ; Value         ; Type                                           ;
+------------------------------------------------+---------------+------------------------------------------------+
; AUTO_CARRY_CHAINS                              ; ON            ; AUTO_CARRY                                     ;
; IGNORE_CARRY_BUFFERS                           ; OFF           ; IGNORE_CARRY                                   ;
; AUTO_CASCADE_CHAINS                            ; ON            ; AUTO_CASCADE                                   ;
; IGNORE_CASCADE_BUFFERS                         ; OFF           ; IGNORE_CASCADE                                 ;
; LPM_WIDTHA                                     ; 8             ; Untyped                                        ;
; LPM_WIDTHB                                     ; 4             ; Untyped                                        ;
; LPM_WIDTHP                                     ; 12            ; Untyped                                        ;
; LPM_WIDTHR                                     ; 12            ; Untyped                                        ;
; LPM_WIDTHS                                     ; 1             ; Untyped                                        ;
; LPM_REPRESENTATION                             ; SIGNED        ; Untyped                                        ;
; LPM_PIPELINE                                   ; 0             ; Untyped                                        ;
; LATENCY                                        ; 0             ; Untyped                                        ;
; INPUT_A_IS_CONSTANT                            ; NO            ; Untyped                                        ;
; INPUT_B_IS_CONSTANT                            ; YES           ; Untyped                                        ;
; USE_EAB                                        ; OFF           ; Untyped                                        ;
; MAXIMIZE_SPEED                                 ; 5             ; Untyped                                        ;
; DEVICE_FAMILY                                  ; Cyclone 10 LP ; Untyped                                        ;
; CARRY_CHAIN                                    ; MANUAL        ; Untyped                                        ;
; APEX20K_TECHNOLOGY_MAPPER                      ; LUT           ; TECH_MAPPER_APEX20K                            ;
; DEDICATED_MULTIPLIER_CIRCUITRY                 ; AUTO          ; Untyped                                        ;
; DEDICATED_MULTIPLIER_MIN_INPUT_WIDTH_FOR_AUTO  ; 0             ; Untyped                                        ;
; DEDICATED_MULTIPLIER_MIN_OUTPUT_WIDTH_FOR_AUTO ; 0             ; Untyped                                        ;
; CBXI_PARAMETER                                 ; NOTHING       ; Untyped                                        ;
; INPUT_A_FIXED_VALUE                            ; Bx            ; Untyped                                        ;
; INPUT_B_FIXED_VALUE                            ; Bx            ; Untyped                                        ;
; USE_AHDL_IMPLEMENTATION                        ; OFF           ; Untyped                                        ;
+------------------------------------------------+---------------+------------------------------------------------+
Note: In order to hide this table in the UI and the text report file, please set the "Show Parameter Settings in Synthesis Report" option in "Analysis and Synthesis Settings -> More Settings" to "Off".


+----------------------------------------------------------------------------------------------------------------+
; Parameter Settings for Inferred Entity Instance: eco_nn_top:uut|neuron:hidden_layer[0].h_neuron|lpm_mult:Mult1 ;
+------------------------------------------------+---------------+-----------------------------------------------+
; Parameter Name                                 ; Value         ; Type                                          ;
+------------------------------------------------+---------------+-----------------------------------------------+
; AUTO_CARRY_CHAINS                              ; ON            ; AUTO_CARRY                                    ;
; IGNORE_CARRY_BUFFERS                           ; OFF           ; IGNORE_CARRY                                  ;
; AUTO_CASCADE_CHAINS                            ; ON            ; AUTO_CASCADE                                  ;
; IGNORE_CASCADE_BUFFERS                         ; OFF           ; IGNORE_CASCADE                                ;
; LPM_WIDTHA                                     ; 8             ; Untyped                                       ;
; LPM_WIDTHB                                     ; 3             ; Untyped                                       ;
; LPM_WIDTHP                                     ; 11            ; Untyped                                       ;
; LPM_WIDTHR                                     ; 11            ; Untyped                                       ;
; LPM_WIDTHS                                     ; 1             ; Untyped                                       ;
; LPM_REPRESENTATION                             ; SIGNED        ; Untyped                                       ;
; LPM_PIPELINE                                   ; 0             ; Untyped                                       ;
; LATENCY                                        ; 0             ; Untyped                                       ;
; INPUT_A_IS_CONSTANT                            ; NO            ; Untyped                                       ;
; INPUT_B_IS_CONSTANT                            ; YES           ; Untyped                                       ;
; USE_EAB                                        ; OFF           ; Untyped                                       ;
; MAXIMIZE_SPEED                                 ; 5             ; Untyped                                       ;
; DEVICE_FAMILY                                  ; Cyclone 10 LP ; Untyped                                       ;
; CARRY_CHAIN                                    ; MANUAL        ; Untyped                                       ;
; APEX20K_TECHNOLOGY_MAPPER                      ; LUT           ; TECH_MAPPER_APEX20K                           ;
; DEDICATED_MULTIPLIER_CIRCUITRY                 ; AUTO          ; Untyped                                       ;
; DEDICATED_MULTIPLIER_MIN_INPUT_WIDTH_FOR_AUTO  ; 0             ; Untyped                                       ;
; DEDICATED_MULTIPLIER_MIN_OUTPUT_WIDTH_FOR_AUTO ; 0             ; Untyped                                       ;
; CBXI_PARAMETER                                 ; NOTHING       ; Untyped                                       ;
; INPUT_A_FIXED_VALUE                            ; Bx            ; Untyped                                       ;
; INPUT_B_FIXED_VALUE                            ; Bx            ; Untyped                                       ;
; USE_AHDL_IMPLEMENTATION                        ; OFF           ; Untyped                                       ;
+------------------------------------------------+---------------+-----------------------------------------------+
Note: In order to hide this table in the UI and the text report file, please set the "Show Parameter Settings in Synthesis Report" option in "Analysis and Synthesis Settings -> More Settings" to "Off".


+----------------------------------------------------------------------------------------------------------------+
; Parameter Settings for Inferred Entity Instance: eco_nn_top:uut|neuron:hidden_layer[3].h_neuron|lpm_mult:Mult3 ;
+------------------------------------------------+---------------+-----------------------------------------------+
; Parameter Name                                 ; Value         ; Type                                          ;
+------------------------------------------------+---------------+-----------------------------------------------+
; AUTO_CARRY_CHAINS                              ; ON            ; AUTO_CARRY                                    ;
; IGNORE_CARRY_BUFFERS                           ; OFF           ; IGNORE_CARRY                                  ;
; AUTO_CASCADE_CHAINS                            ; ON            ; AUTO_CASCADE                                  ;
; IGNORE_CASCADE_BUFFERS                         ; OFF           ; IGNORE_CASCADE                                ;
; LPM_WIDTHA                                     ; 8             ; Untyped                                       ;
; LPM_WIDTHB                                     ; 4             ; Untyped                                       ;
; LPM_WIDTHP                                     ; 12            ; Untyped                                       ;
; LPM_WIDTHR                                     ; 12            ; Untyped                                       ;
; LPM_WIDTHS                                     ; 1             ; Untyped                                       ;
; LPM_REPRESENTATION                             ; SIGNED        ; Untyped                                       ;
; LPM_PIPELINE                                   ; 0             ; Untyped                                       ;
; LATENCY                                        ; 0             ; Untyped                                       ;
; INPUT_A_IS_CONSTANT                            ; NO            ; Untyped                                       ;
; INPUT_B_IS_CONSTANT                            ; YES           ; Untyped                                       ;
; USE_EAB                                        ; OFF           ; Untyped                                       ;
; MAXIMIZE_SPEED                                 ; 5             ; Untyped                                       ;
; DEVICE_FAMILY                                  ; Cyclone 10 LP ; Untyped                                       ;
; CARRY_CHAIN                                    ; MANUAL        ; Untyped                                       ;
; APEX20K_TECHNOLOGY_MAPPER                      ; LUT           ; TECH_MAPPER_APEX20K                           ;
; DEDICATED_MULTIPLIER_CIRCUITRY                 ; AUTO          ; Untyped                                       ;
; DEDICATED_MULTIPLIER_MIN_INPUT_WIDTH_FOR_AUTO  ; 0             ; Untyped                                       ;
; DEDICATED_MULTIPLIER_MIN_OUTPUT_WIDTH_FOR_AUTO ; 0             ; Untyped                                       ;
; CBXI_PARAMETER                                 ; NOTHING       ; Untyped                                       ;
; INPUT_A_FIXED_VALUE                            ; Bx            ; Untyped                                       ;
; INPUT_B_FIXED_VALUE                            ; Bx            ; Untyped                                       ;
; USE_AHDL_IMPLEMENTATION                        ; OFF           ; Untyped                                       ;
+------------------------------------------------+---------------+-----------------------------------------------+
Note: In order to hide this table in the UI and the text report file, please set the "Show Parameter Settings in Synthesis Report" option in "Analysis and Synthesis Settings -> More Settings" to "Off".


+----------------------------------------------------------------------------------------------------------------+
; Parameter Settings for Inferred Entity Instance: eco_nn_top:uut|neuron:hidden_layer[0].h_neuron|lpm_mult:Mult2 ;
+------------------------------------------------+---------------+-----------------------------------------------+
; Parameter Name                                 ; Value         ; Type                                          ;
+------------------------------------------------+---------------+-----------------------------------------------+
; AUTO_CARRY_CHAINS                              ; ON            ; AUTO_CARRY                                    ;
; IGNORE_CARRY_BUFFERS                           ; OFF           ; IGNORE_CARRY                                  ;
; AUTO_CASCADE_CHAINS                            ; ON            ; AUTO_CASCADE                                  ;
; IGNORE_CASCADE_BUFFERS                         ; OFF           ; IGNORE_CASCADE                                ;
; LPM_WIDTHA                                     ; 8             ; Untyped                                       ;
; LPM_WIDTHB                                     ; 5             ; Untyped                                       ;
; LPM_WIDTHP                                     ; 13            ; Untyped                                       ;
; LPM_WIDTHR                                     ; 13            ; Untyped                                       ;
; LPM_WIDTHS                                     ; 1             ; Untyped                                       ;
; LPM_REPRESENTATION                             ; SIGNED        ; Untyped                                       ;
; LPM_PIPELINE                                   ; 0             ; Untyped                                       ;
; LATENCY                                        ; 0             ; Untyped                                       ;
; INPUT_A_IS_CONSTANT                            ; NO            ; Untyped                                       ;
; INPUT_B_IS_CONSTANT                            ; YES           ; Untyped                                       ;
; USE_EAB                                        ; OFF           ; Untyped                                       ;
; MAXIMIZE_SPEED                                 ; 5             ; Untyped                                       ;
; DEVICE_FAMILY                                  ; Cyclone 10 LP ; Untyped                                       ;
; CARRY_CHAIN                                    ; MANUAL        ; Untyped                                       ;
; APEX20K_TECHNOLOGY_MAPPER                      ; LUT           ; TECH_MAPPER_APEX20K                           ;
; DEDICATED_MULTIPLIER_CIRCUITRY                 ; AUTO          ; Untyped                                       ;
; DEDICATED_MULTIPLIER_MIN_INPUT_WIDTH_FOR_AUTO  ; 0             ; Untyped                                       ;
; DEDICATED_MULTIPLIER_MIN_OUTPUT_WIDTH_FOR_AUTO ; 0             ; Untyped                                       ;
; CBXI_PARAMETER                                 ; NOTHING       ; Untyped                                       ;
; INPUT_A_FIXED_VALUE                            ; Bx            ; Untyped                                       ;
; INPUT_B_FIXED_VALUE                            ; Bx            ; Untyped                                       ;
; USE_AHDL_IMPLEMENTATION                        ; OFF           ; Untyped                                       ;
+------------------------------------------------+---------------+-----------------------------------------------+
Note: In order to hide this table in the UI and the text report file, please set the "Show Parameter Settings in Synthesis Report" option in "Analysis and Synthesis Settings -> More Settings" to "Off".


+----------------------------------------------------------------------------------------------------------------+
; Parameter Settings for Inferred Entity Instance: eco_nn_top:uut|neuron:hidden_layer[0].h_neuron|lpm_mult:Mult7 ;
+------------------------------------------------+---------------+-----------------------------------------------+
; Parameter Name                                 ; Value         ; Type                                          ;
+------------------------------------------------+---------------+-----------------------------------------------+
; AUTO_CARRY_CHAINS                              ; ON            ; AUTO_CARRY                                    ;
; IGNORE_CARRY_BUFFERS                           ; OFF           ; IGNORE_CARRY                                  ;
; AUTO_CASCADE_CHAINS                            ; ON            ; AUTO_CASCADE                                  ;
; IGNORE_CASCADE_BUFFERS                         ; OFF           ; IGNORE_CASCADE                                ;
; LPM_WIDTHA                                     ; 8             ; Untyped                                       ;
; LPM_WIDTHB                                     ; 2             ; Untyped                                       ;
; LPM_WIDTHP                                     ; 10            ; Untyped                                       ;
; LPM_WIDTHR                                     ; 10            ; Untyped                                       ;
; LPM_WIDTHS                                     ; 1             ; Untyped                                       ;
; LPM_REPRESENTATION                             ; SIGNED        ; Untyped                                       ;
; LPM_PIPELINE                                   ; 0             ; Untyped                                       ;
; LATENCY                                        ; 0             ; Untyped                                       ;
; INPUT_A_IS_CONSTANT                            ; NO            ; Untyped                                       ;
; INPUT_B_IS_CONSTANT                            ; YES           ; Untyped                                       ;
; USE_EAB                                        ; OFF           ; Untyped                                       ;
; MAXIMIZE_SPEED                                 ; 5             ; Untyped                                       ;
; DEVICE_FAMILY                                  ; Cyclone 10 LP ; Untyped                                       ;
; CARRY_CHAIN                                    ; MANUAL        ; Untyped                                       ;
; APEX20K_TECHNOLOGY_MAPPER                      ; LUT           ; TECH_MAPPER_APEX20K                           ;
; DEDICATED_MULTIPLIER_CIRCUITRY                 ; AUTO          ; Untyped                                       ;
; DEDICATED_MULTIPLIER_MIN_INPUT_WIDTH_FOR_AUTO  ; 0             ; Untyped                                       ;
; DEDICATED_MULTIPLIER_MIN_OUTPUT_WIDTH_FOR_AUTO ; 0             ; Untyped                                       ;
; CBXI_PARAMETER                                 ; NOTHING       ; Untyped                                       ;
; INPUT_A_FIXED_VALUE                            ; Bx            ; Untyped                                       ;
; INPUT_B_FIXED_VALUE                            ; Bx            ; Untyped                                       ;
; USE_AHDL_IMPLEMENTATION                        ; OFF           ; Untyped                                       ;
+------------------------------------------------+---------------+-----------------------------------------------+
Note: In order to hide this table in the UI and the text report file, please set the "Show Parameter Settings in Synthesis Report" option in "Analysis and Synthesis Settings -> More Settings" to "Off".


+----------------------------------------------------------------------------------------------------------------+
; Parameter Settings for Inferred Entity Instance: eco_nn_top:uut|neuron:hidden_layer[1].h_neuron|lpm_mult:Mult7 ;
+------------------------------------------------+---------------+-----------------------------------------------+
; Parameter Name                                 ; Value         ; Type                                          ;
+------------------------------------------------+---------------+-----------------------------------------------+
; AUTO_CARRY_CHAINS                              ; ON            ; AUTO_CARRY                                    ;
; IGNORE_CARRY_BUFFERS                           ; OFF           ; IGNORE_CARRY                                  ;
; AUTO_CASCADE_CHAINS                            ; ON            ; AUTO_CASCADE                                  ;
; IGNORE_CASCADE_BUFFERS                         ; OFF           ; IGNORE_CASCADE                                ;
; LPM_WIDTHA                                     ; 8             ; Untyped                                       ;
; LPM_WIDTHB                                     ; 3             ; Untyped                                       ;
; LPM_WIDTHP                                     ; 11            ; Untyped                                       ;
; LPM_WIDTHR                                     ; 11            ; Untyped                                       ;
; LPM_WIDTHS                                     ; 1             ; Untyped                                       ;
; LPM_REPRESENTATION                             ; SIGNED        ; Untyped                                       ;
; LPM_PIPELINE                                   ; 0             ; Untyped                                       ;
; LATENCY                                        ; 0             ; Untyped                                       ;
; INPUT_A_IS_CONSTANT                            ; NO            ; Untyped                                       ;
; INPUT_B_IS_CONSTANT                            ; YES           ; Untyped                                       ;
; USE_EAB                                        ; OFF           ; Untyped                                       ;
; MAXIMIZE_SPEED                                 ; 5             ; Untyped                                       ;
; DEVICE_FAMILY                                  ; Cyclone 10 LP ; Untyped                                       ;
; CARRY_CHAIN                                    ; MANUAL        ; Untyped                                       ;
; APEX20K_TECHNOLOGY_MAPPER                      ; LUT           ; TECH_MAPPER_APEX20K                           ;
; DEDICATED_MULTIPLIER_CIRCUITRY                 ; AUTO          ; Untyped                                       ;
; DEDICATED_MULTIPLIER_MIN_INPUT_WIDTH_FOR_AUTO  ; 0             ; Untyped                                       ;
; DEDICATED_MULTIPLIER_MIN_OUTPUT_WIDTH_FOR_AUTO ; 0             ; Untyped                                       ;
; CBXI_PARAMETER                                 ; NOTHING       ; Untyped                                       ;
; INPUT_A_FIXED_VALUE                            ; Bx            ; Untyped                                       ;
; INPUT_B_FIXED_VALUE                            ; Bx            ; Untyped                                       ;
; USE_AHDL_IMPLEMENTATION                        ; OFF           ; Untyped                                       ;
+------------------------------------------------+---------------+-----------------------------------------------+
Note: In order to hide this table in the UI and the text report file, please set the "Show Parameter Settings in Synthesis Report" option in "Analysis and Synthesis Settings -> More Settings" to "Off".


+----------------------------------------------------------------------------------------------------------------+
; Parameter Settings for Inferred Entity Instance: eco_nn_top:uut|neuron:hidden_layer[1].h_neuron|lpm_mult:Mult2 ;
+------------------------------------------------+---------------+-----------------------------------------------+
; Parameter Name                                 ; Value         ; Type                                          ;
+------------------------------------------------+---------------+-----------------------------------------------+
; AUTO_CARRY_CHAINS                              ; ON            ; AUTO_CARRY                                    ;
; IGNORE_CARRY_BUFFERS                           ; OFF           ; IGNORE_CARRY                                  ;
; AUTO_CASCADE_CHAINS                            ; ON            ; AUTO_CASCADE                                  ;
; IGNORE_CASCADE_BUFFERS                         ; OFF           ; IGNORE_CASCADE                                ;
; LPM_WIDTHA                                     ; 8             ; Untyped                                       ;
; LPM_WIDTHB                                     ; 2             ; Untyped                                       ;
; LPM_WIDTHP                                     ; 10            ; Untyped                                       ;
; LPM_WIDTHR                                     ; 10            ; Untyped                                       ;
; LPM_WIDTHS                                     ; 1             ; Untyped                                       ;
; LPM_REPRESENTATION                             ; SIGNED        ; Untyped                                       ;
; LPM_PIPELINE                                   ; 0             ; Untyped                                       ;
; LATENCY                                        ; 0             ; Untyped                                       ;
; INPUT_A_IS_CONSTANT                            ; NO            ; Untyped                                       ;
; INPUT_B_IS_CONSTANT                            ; YES           ; Untyped                                       ;
; USE_EAB                                        ; OFF           ; Untyped                                       ;
; MAXIMIZE_SPEED                                 ; 5             ; Untyped                                       ;
; DEVICE_FAMILY                                  ; Cyclone 10 LP ; Untyped                                       ;
; CARRY_CHAIN                                    ; MANUAL        ; Untyped                                       ;
; APEX20K_TECHNOLOGY_MAPPER                      ; LUT           ; TECH_MAPPER_APEX20K                           ;
; DEDICATED_MULTIPLIER_CIRCUITRY                 ; AUTO          ; Untyped                                       ;
; DEDICATED_MULTIPLIER_MIN_INPUT_WIDTH_FOR_AUTO  ; 0             ; Untyped                                       ;
; DEDICATED_MULTIPLIER_MIN_OUTPUT_WIDTH_FOR_AUTO ; 0             ; Untyped                                       ;
; CBXI_PARAMETER                                 ; NOTHING       ; Untyped                                       ;
; INPUT_A_FIXED_VALUE                            ; Bx            ; Untyped                                       ;
; INPUT_B_FIXED_VALUE                            ; Bx            ; Untyped                                       ;
; USE_AHDL_IMPLEMENTATION                        ; OFF           ; Untyped                                       ;
+------------------------------------------------+---------------+-----------------------------------------------+
Note: In order to hide this table in the UI and the text report file, please set the "Show Parameter Settings in Synthesis Report" option in "Analysis and Synthesis Settings -> More Settings" to "Off".


+----------------------------------------------------------------------------------------------------------------+
; Parameter Settings for Inferred Entity Instance: eco_nn_top:uut|neuron:hidden_layer[2].h_neuron|lpm_mult:Mult0 ;
+------------------------------------------------+---------------+-----------------------------------------------+
; Parameter Name                                 ; Value         ; Type                                          ;
+------------------------------------------------+---------------+-----------------------------------------------+
; AUTO_CARRY_CHAINS                              ; ON            ; AUTO_CARRY                                    ;
; IGNORE_CARRY_BUFFERS                           ; OFF           ; IGNORE_CARRY                                  ;
; AUTO_CASCADE_CHAINS                            ; ON            ; AUTO_CASCADE                                  ;
; IGNORE_CASCADE_BUFFERS                         ; OFF           ; IGNORE_CASCADE                                ;
; LPM_WIDTHA                                     ; 8             ; Untyped                                       ;
; LPM_WIDTHB                                     ; 4             ; Untyped                                       ;
; LPM_WIDTHP                                     ; 12            ; Untyped                                       ;
; LPM_WIDTHR                                     ; 12            ; Untyped                                       ;
; LPM_WIDTHS                                     ; 1             ; Untyped                                       ;
; LPM_REPRESENTATION                             ; SIGNED        ; Untyped                                       ;
; LPM_PIPELINE                                   ; 0             ; Untyped                                       ;
; LATENCY                                        ; 0             ; Untyped                                       ;
; INPUT_A_IS_CONSTANT                            ; NO            ; Untyped                                       ;
; INPUT_B_IS_CONSTANT                            ; YES           ; Untyped                                       ;
; USE_EAB                                        ; OFF           ; Untyped                                       ;
; MAXIMIZE_SPEED                                 ; 5             ; Untyped                                       ;
; DEVICE_FAMILY                                  ; Cyclone 10 LP ; Untyped                                       ;
; CARRY_CHAIN                                    ; MANUAL        ; Untyped                                       ;
; APEX20K_TECHNOLOGY_MAPPER                      ; LUT           ; TECH_MAPPER_APEX20K                           ;
; DEDICATED_MULTIPLIER_CIRCUITRY                 ; AUTO          ; Untyped                                       ;
; DEDICATED_MULTIPLIER_MIN_INPUT_WIDTH_FOR_AUTO  ; 0             ; Untyped                                       ;
; DEDICATED_MULTIPLIER_MIN_OUTPUT_WIDTH_FOR_AUTO ; 0             ; Untyped                                       ;
; CBXI_PARAMETER                                 ; NOTHING       ; Untyped                                       ;
; INPUT_A_FIXED_VALUE                            ; Bx            ; Untyped                                       ;
; INPUT_B_FIXED_VALUE                            ; Bx            ; Untyped                                       ;
; USE_AHDL_IMPLEMENTATION                        ; OFF           ; Untyped                                       ;
+------------------------------------------------+---------------+-----------------------------------------------+
Note: In order to hide this table in the UI and the text report file, please set the "Show Parameter Settings in Synthesis Report" option in "Analysis and Synthesis Settings -> More Settings" to "Off".


+----------------------------------------------------------------------------------------------------------------+
; Parameter Settings for Inferred Entity Instance: eco_nn_top:uut|neuron:hidden_layer[3].h_neuron|lpm_mult:Mult1 ;
+------------------------------------------------+---------------+-----------------------------------------------+
; Parameter Name                                 ; Value         ; Type                                          ;
+------------------------------------------------+---------------+-----------------------------------------------+
; AUTO_CARRY_CHAINS                              ; ON            ; AUTO_CARRY                                    ;
; IGNORE_CARRY_BUFFERS                           ; OFF           ; IGNORE_CARRY                                  ;
; AUTO_CASCADE_CHAINS                            ; ON            ; AUTO_CASCADE                                  ;
; IGNORE_CASCADE_BUFFERS                         ; OFF           ; IGNORE_CASCADE                                ;
; LPM_WIDTHA                                     ; 8             ; Untyped                                       ;
; LPM_WIDTHB                                     ; 4             ; Untyped                                       ;
; LPM_WIDTHP                                     ; 12            ; Untyped                                       ;
; LPM_WIDTHR                                     ; 12            ; Untyped                                       ;
; LPM_WIDTHS                                     ; 1             ; Untyped                                       ;
; LPM_REPRESENTATION                             ; SIGNED        ; Untyped                                       ;
; LPM_PIPELINE                                   ; 0             ; Untyped                                       ;
; LATENCY                                        ; 0             ; Untyped                                       ;
; INPUT_A_IS_CONSTANT                            ; NO            ; Untyped                                       ;
; INPUT_B_IS_CONSTANT                            ; YES           ; Untyped                                       ;
; USE_EAB                                        ; OFF           ; Untyped                                       ;
; MAXIMIZE_SPEED                                 ; 5             ; Untyped                                       ;
; DEVICE_FAMILY                                  ; Cyclone 10 LP ; Untyped                                       ;
; CARRY_CHAIN                                    ; MANUAL        ; Untyped                                       ;
; APEX20K_TECHNOLOGY_MAPPER                      ; LUT           ; TECH_MAPPER_APEX20K                           ;
; DEDICATED_MULTIPLIER_CIRCUITRY                 ; AUTO          ; Untyped                                       ;
; DEDICATED_MULTIPLIER_MIN_INPUT_WIDTH_FOR_AUTO  ; 0             ; Untyped                                       ;
; DEDICATED_MULTIPLIER_MIN_OUTPUT_WIDTH_FOR_AUTO ; 0             ; Untyped                                       ;
; CBXI_PARAMETER                                 ; NOTHING       ; Untyped                                       ;
; INPUT_A_FIXED_VALUE                            ; Bx            ; Untyped                                       ;
; INPUT_B_FIXED_VALUE                            ; Bx            ; Untyped                                       ;
; USE_AHDL_IMPLEMENTATION                        ; OFF           ; Untyped                                       ;
+------------------------------------------------+---------------+-----------------------------------------------+
Note: In order to hide this table in the UI and the text report file, please set the "Show Parameter Settings in Synthesis Report" option in "Analysis and Synthesis Settings -> More Settings" to "Off".


+----------------------------------------------------------------------------------------------------------------+
; Parameter Settings for Inferred Entity Instance: eco_nn_top:uut|neuron:hidden_layer[8].h_neuron|lpm_mult:Mult4 ;
+------------------------------------------------+---------------+-----------------------------------------------+
; Parameter Name                                 ; Value         ; Type                                          ;
+------------------------------------------------+---------------+-----------------------------------------------+
; AUTO_CARRY_CHAINS                              ; ON            ; AUTO_CARRY                                    ;
; IGNORE_CARRY_BUFFERS                           ; OFF           ; IGNORE_CARRY                                  ;
; AUTO_CASCADE_CHAINS                            ; ON            ; AUTO_CASCADE                                  ;
; IGNORE_CASCADE_BUFFERS                         ; OFF           ; IGNORE_CASCADE                                ;
; LPM_WIDTHA                                     ; 8             ; Untyped                                       ;
; LPM_WIDTHB                                     ; 2             ; Untyped                                       ;
; LPM_WIDTHP                                     ; 10            ; Untyped                                       ;
; LPM_WIDTHR                                     ; 10            ; Untyped                                       ;
; LPM_WIDTHS                                     ; 1             ; Untyped                                       ;
; LPM_REPRESENTATION                             ; SIGNED        ; Untyped                                       ;
; LPM_PIPELINE                                   ; 0             ; Untyped                                       ;
; LATENCY                                        ; 0             ; Untyped                                       ;
; INPUT_A_IS_CONSTANT                            ; NO            ; Untyped                                       ;
; INPUT_B_IS_CONSTANT                            ; YES           ; Untyped                                       ;
; USE_EAB                                        ; OFF           ; Untyped                                       ;
; MAXIMIZE_SPEED                                 ; 5             ; Untyped                                       ;
; DEVICE_FAMILY                                  ; Cyclone 10 LP ; Untyped                                       ;
; CARRY_CHAIN                                    ; MANUAL        ; Untyped                                       ;
; APEX20K_TECHNOLOGY_MAPPER                      ; LUT           ; TECH_MAPPER_APEX20K                           ;
; DEDICATED_MULTIPLIER_CIRCUITRY                 ; AUTO          ; Untyped                                       ;
; DEDICATED_MULTIPLIER_MIN_INPUT_WIDTH_FOR_AUTO  ; 0             ; Untyped                                       ;
; DEDICATED_MULTIPLIER_MIN_OUTPUT_WIDTH_FOR_AUTO ; 0             ; Untyped                                       ;
; CBXI_PARAMETER                                 ; NOTHING       ; Untyped                                       ;
; INPUT_A_FIXED_VALUE                            ; Bx            ; Untyped                                       ;
; INPUT_B_FIXED_VALUE                            ; Bx            ; Untyped                                       ;
; USE_AHDL_IMPLEMENTATION                        ; OFF           ; Untyped                                       ;
+------------------------------------------------+---------------+-----------------------------------------------+
Note: In order to hide this table in the UI and the text report file, please set the "Show Parameter Settings in Synthesis Report" option in "Analysis and Synthesis Settings -> More Settings" to "Off".


+----------------------------------------------------------------------------------------------------------------+
; Parameter Settings for Inferred Entity Instance: eco_nn_top:uut|neuron:hidden_layer[5].h_neuron|lpm_mult:Mult2 ;
+------------------------------------------------+---------------+-----------------------------------------------+
; Parameter Name                                 ; Value         ; Type                                          ;
+------------------------------------------------+---------------+-----------------------------------------------+
; AUTO_CARRY_CHAINS                              ; ON            ; AUTO_CARRY                                    ;
; IGNORE_CARRY_BUFFERS                           ; OFF           ; IGNORE_CARRY                                  ;
; AUTO_CASCADE_CHAINS                            ; ON            ; AUTO_CASCADE                                  ;
; IGNORE_CASCADE_BUFFERS                         ; OFF           ; IGNORE_CASCADE                                ;
; LPM_WIDTHA                                     ; 8             ; Untyped                                       ;
; LPM_WIDTHB                                     ; 3             ; Untyped                                       ;
; LPM_WIDTHP                                     ; 11            ; Untyped                                       ;
; LPM_WIDTHR                                     ; 11            ; Untyped                                       ;
; LPM_WIDTHS                                     ; 1             ; Untyped                                       ;
; LPM_REPRESENTATION                             ; SIGNED        ; Untyped                                       ;
; LPM_PIPELINE                                   ; 0             ; Untyped                                       ;
; LATENCY                                        ; 0             ; Untyped                                       ;
; INPUT_A_IS_CONSTANT                            ; NO            ; Untyped                                       ;
; INPUT_B_IS_CONSTANT                            ; YES           ; Untyped                                       ;
; USE_EAB                                        ; OFF           ; Untyped                                       ;
; MAXIMIZE_SPEED                                 ; 5             ; Untyped                                       ;
; DEVICE_FAMILY                                  ; Cyclone 10 LP ; Untyped                                       ;
; CARRY_CHAIN                                    ; MANUAL        ; Untyped                                       ;
; APEX20K_TECHNOLOGY_MAPPER                      ; LUT           ; TECH_MAPPER_APEX20K                           ;
; DEDICATED_MULTIPLIER_CIRCUITRY                 ; AUTO          ; Untyped                                       ;
; DEDICATED_MULTIPLIER_MIN_INPUT_WIDTH_FOR_AUTO  ; 0             ; Untyped                                       ;
; DEDICATED_MULTIPLIER_MIN_OUTPUT_WIDTH_FOR_AUTO ; 0             ; Untyped                                       ;
; CBXI_PARAMETER                                 ; NOTHING       ; Untyped                                       ;
; INPUT_A_FIXED_VALUE                            ; Bx            ; Untyped                                       ;
; INPUT_B_FIXED_VALUE                            ; Bx            ; Untyped                                       ;
; USE_AHDL_IMPLEMENTATION                        ; OFF           ; Untyped                                       ;
+------------------------------------------------+---------------+-----------------------------------------------+
Note: In order to hide this table in the UI and the text report file, please set the "Show Parameter Settings in Synthesis Report" option in "Analysis and Synthesis Settings -> More Settings" to "Off".


+-----------------------------------------------------------------------------------------------------------------+
; Parameter Settings for Inferred Entity Instance: eco_nn_top:uut|neuron:hidden_layer[14].h_neuron|lpm_mult:Mult5 ;
+------------------------------------------------+---------------+------------------------------------------------+
; Parameter Name                                 ; Value         ; Type                                           ;
+------------------------------------------------+---------------+------------------------------------------------+
; AUTO_CARRY_CHAINS                              ; ON            ; AUTO_CARRY                                     ;
; IGNORE_CARRY_BUFFERS                           ; OFF           ; IGNORE_CARRY                                   ;
; AUTO_CASCADE_CHAINS                            ; ON            ; AUTO_CASCADE                                   ;
; IGNORE_CASCADE_BUFFERS                         ; OFF           ; IGNORE_CASCADE                                 ;
; LPM_WIDTHA                                     ; 8             ; Untyped                                        ;
; LPM_WIDTHB                                     ; 4             ; Untyped                                        ;
; LPM_WIDTHP                                     ; 12            ; Untyped                                        ;
; LPM_WIDTHR                                     ; 12            ; Untyped                                        ;
; LPM_WIDTHS                                     ; 1             ; Untyped                                        ;
; LPM_REPRESENTATION                             ; SIGNED        ; Untyped                                        ;
; LPM_PIPELINE                                   ; 0             ; Untyped                                        ;
; LATENCY                                        ; 0             ; Untyped                                        ;
; INPUT_A_IS_CONSTANT                            ; NO            ; Untyped                                        ;
; INPUT_B_IS_CONSTANT                            ; YES           ; Untyped                                        ;
; USE_EAB                                        ; OFF           ; Untyped                                        ;
; MAXIMIZE_SPEED                                 ; 5             ; Untyped                                        ;
; DEVICE_FAMILY                                  ; Cyclone 10 LP ; Untyped                                        ;
; CARRY_CHAIN                                    ; MANUAL        ; Untyped                                        ;
; APEX20K_TECHNOLOGY_MAPPER                      ; LUT           ; TECH_MAPPER_APEX20K                            ;
; DEDICATED_MULTIPLIER_CIRCUITRY                 ; AUTO          ; Untyped                                        ;
; DEDICATED_MULTIPLIER_MIN_INPUT_WIDTH_FOR_AUTO  ; 0             ; Untyped                                        ;
; DEDICATED_MULTIPLIER_MIN_OUTPUT_WIDTH_FOR_AUTO ; 0             ; Untyped                                        ;
; CBXI_PARAMETER                                 ; NOTHING       ; Untyped                                        ;
; INPUT_A_FIXED_VALUE                            ; Bx            ; Untyped                                        ;
; INPUT_B_FIXED_VALUE                            ; Bx            ; Untyped                                        ;
; USE_AHDL_IMPLEMENTATION                        ; OFF           ; Untyped                                        ;
+------------------------------------------------+---------------+------------------------------------------------+
Note: In order to hide this table in the UI and the text report file, please set the "Show Parameter Settings in Synthesis Report" option in "Analysis and Synthesis Settings -> More Settings" to "Off".


+----------------------------------------------------------------------------------------------------------------+
; Parameter Settings for Inferred Entity Instance: eco_nn_top:uut|neuron:hidden_layer[1].h_neuron|lpm_mult:Mult4 ;
+------------------------------------------------+---------------+-----------------------------------------------+
; Parameter Name                                 ; Value         ; Type                                          ;
+------------------------------------------------+---------------+-----------------------------------------------+
; AUTO_CARRY_CHAINS                              ; ON            ; AUTO_CARRY                                    ;
; IGNORE_CARRY_BUFFERS                           ; OFF           ; IGNORE_CARRY                                  ;
; AUTO_CASCADE_CHAINS                            ; ON            ; AUTO_CASCADE                                  ;
; IGNORE_CASCADE_BUFFERS                         ; OFF           ; IGNORE_CASCADE                                ;
; LPM_WIDTHA                                     ; 8             ; Untyped                                       ;
; LPM_WIDTHB                                     ; 4             ; Untyped                                       ;
; LPM_WIDTHP                                     ; 12            ; Untyped                                       ;
; LPM_WIDTHR                                     ; 12            ; Untyped                                       ;
; LPM_WIDTHS                                     ; 1             ; Untyped                                       ;
; LPM_REPRESENTATION                             ; SIGNED        ; Untyped                                       ;
; LPM_PIPELINE                                   ; 0             ; Untyped                                       ;
; LATENCY                                        ; 0             ; Untyped                                       ;
; INPUT_A_IS_CONSTANT                            ; NO            ; Untyped                                       ;
; INPUT_B_IS_CONSTANT                            ; YES           ; Untyped                                       ;
; USE_EAB                                        ; OFF           ; Untyped                                       ;
; MAXIMIZE_SPEED                                 ; 5             ; Untyped                                       ;
; DEVICE_FAMILY                                  ; Cyclone 10 LP ; Untyped                                       ;
; CARRY_CHAIN                                    ; MANUAL        ; Untyped                                       ;
; APEX20K_TECHNOLOGY_MAPPER                      ; LUT           ; TECH_MAPPER_APEX20K                           ;
; DEDICATED_MULTIPLIER_CIRCUITRY                 ; AUTO          ; Untyped                                       ;
; DEDICATED_MULTIPLIER_MIN_INPUT_WIDTH_FOR_AUTO  ; 0             ; Untyped                                       ;
; DEDICATED_MULTIPLIER_MIN_OUTPUT_WIDTH_FOR_AUTO ; 0             ; Untyped                                       ;
; CBXI_PARAMETER                                 ; NOTHING       ; Untyped                                       ;
; INPUT_A_FIXED_VALUE                            ; Bx            ; Untyped                                       ;
; INPUT_B_FIXED_VALUE                            ; Bx            ; Untyped                                       ;
; USE_AHDL_IMPLEMENTATION                        ; OFF           ; Untyped                                       ;
+------------------------------------------------+---------------+-----------------------------------------------+
Note: In order to hide this table in the UI and the text report file, please set the "Show Parameter Settings in Synthesis Report" option in "Analysis and Synthesis Settings -> More Settings" to "Off".


+-----------------------------------------------------------------------------------------------------------------+
; Parameter Settings for Inferred Entity Instance: eco_nn_top:uut|neuron:hidden_layer[13].h_neuron|lpm_mult:Mult7 ;
+------------------------------------------------+---------------+------------------------------------------------+
; Parameter Name                                 ; Value         ; Type                                           ;
+------------------------------------------------+---------------+------------------------------------------------+
; AUTO_CARRY_CHAINS                              ; ON            ; AUTO_CARRY                                     ;
; IGNORE_CARRY_BUFFERS                           ; OFF           ; IGNORE_CARRY                                   ;
; AUTO_CASCADE_CHAINS                            ; ON            ; AUTO_CASCADE                                   ;
; IGNORE_CASCADE_BUFFERS                         ; OFF           ; IGNORE_CASCADE                                 ;
; LPM_WIDTHA                                     ; 8             ; Untyped                                        ;
; LPM_WIDTHB                                     ; 4             ; Untyped                                        ;
; LPM_WIDTHP                                     ; 12            ; Untyped                                        ;
; LPM_WIDTHR                                     ; 12            ; Untyped                                        ;
; LPM_WIDTHS                                     ; 1             ; Untyped                                        ;
; LPM_REPRESENTATION                             ; SIGNED        ; Untyped                                        ;
; LPM_PIPELINE                                   ; 0             ; Untyped                                        ;
; LATENCY                                        ; 0             ; Untyped                                        ;
; INPUT_A_IS_CONSTANT                            ; NO            ; Untyped                                        ;
; INPUT_B_IS_CONSTANT                            ; YES           ; Untyped                                        ;
; USE_EAB                                        ; OFF           ; Untyped                                        ;
; MAXIMIZE_SPEED                                 ; 5             ; Untyped                                        ;
; DEVICE_FAMILY                                  ; Cyclone 10 LP ; Untyped                                        ;
; CARRY_CHAIN                                    ; MANUAL        ; Untyped                                        ;
; APEX20K_TECHNOLOGY_MAPPER                      ; LUT           ; TECH_MAPPER_APEX20K                            ;
; DEDICATED_MULTIPLIER_CIRCUITRY                 ; AUTO          ; Untyped                                        ;
; DEDICATED_MULTIPLIER_MIN_INPUT_WIDTH_FOR_AUTO  ; 0             ; Untyped                                        ;
; DEDICATED_MULTIPLIER_MIN_OUTPUT_WIDTH_FOR_AUTO ; 0             ; Untyped                                        ;
; CBXI_PARAMETER                                 ; NOTHING       ; Untyped                                        ;
; INPUT_A_FIXED_VALUE                            ; Bx            ; Untyped                                        ;
; INPUT_B_FIXED_VALUE                            ; Bx            ; Untyped                                        ;
; USE_AHDL_IMPLEMENTATION                        ; OFF           ; Untyped                                        ;
+------------------------------------------------+---------------+------------------------------------------------+
Note: In order to hide this table in the UI and the text report file, please set the "Show Parameter Settings in Synthesis Report" option in "Analysis and Synthesis Settings -> More Settings" to "Off".


+-----------------------------------------------------------------------------------------------------------------+
; Parameter Settings for Inferred Entity Instance: eco_nn_top:uut|neuron:hidden_layer[13].h_neuron|lpm_mult:Mult1 ;
+------------------------------------------------+---------------+------------------------------------------------+
; Parameter Name                                 ; Value         ; Type                                           ;
+------------------------------------------------+---------------+------------------------------------------------+
; AUTO_CARRY_CHAINS                              ; ON            ; AUTO_CARRY                                     ;
; IGNORE_CARRY_BUFFERS                           ; OFF           ; IGNORE_CARRY                                   ;
; AUTO_CASCADE_CHAINS                            ; ON            ; AUTO_CASCADE                                   ;
; IGNORE_CASCADE_BUFFERS                         ; OFF           ; IGNORE_CASCADE                                 ;
; LPM_WIDTHA                                     ; 8             ; Untyped                                        ;
; LPM_WIDTHB                                     ; 4             ; Untyped                                        ;
; LPM_WIDTHP                                     ; 12            ; Untyped                                        ;
; LPM_WIDTHR                                     ; 12            ; Untyped                                        ;
; LPM_WIDTHS                                     ; 1             ; Untyped                                        ;
; LPM_REPRESENTATION                             ; SIGNED        ; Untyped                                        ;
; LPM_PIPELINE                                   ; 0             ; Untyped                                        ;
; LATENCY                                        ; 0             ; Untyped                                        ;
; INPUT_A_IS_CONSTANT                            ; NO            ; Untyped                                        ;
; INPUT_B_IS_CONSTANT                            ; YES           ; Untyped                                        ;
; USE_EAB                                        ; OFF           ; Untyped                                        ;
; MAXIMIZE_SPEED                                 ; 5             ; Untyped                                        ;
; DEVICE_FAMILY                                  ; Cyclone 10 LP ; Untyped                                        ;
; CARRY_CHAIN                                    ; MANUAL        ; Untyped                                        ;
; APEX20K_TECHNOLOGY_MAPPER                      ; LUT           ; TECH_MAPPER_APEX20K                            ;
; DEDICATED_MULTIPLIER_CIRCUITRY                 ; AUTO          ; Untyped                                        ;
; DEDICATED_MULTIPLIER_MIN_INPUT_WIDTH_FOR_AUTO  ; 0             ; Untyped                                        ;
; DEDICATED_MULTIPLIER_MIN_OUTPUT_WIDTH_FOR_AUTO ; 0             ; Untyped                                        ;
; CBXI_PARAMETER                                 ; NOTHING       ; Untyped                                        ;
; INPUT_A_FIXED_VALUE                            ; Bx            ; Untyped                                        ;
; INPUT_B_FIXED_VALUE                            ; Bx            ; Untyped                                        ;
; USE_AHDL_IMPLEMENTATION                        ; OFF           ; Untyped                                        ;
+------------------------------------------------+---------------+------------------------------------------------+
Note: In order to hide this table in the UI and the text report file, please set the "Show Parameter Settings in Synthesis Report" option in "Analysis and Synthesis Settings -> More Settings" to "Off".


+-----------------------------------------------------------------------------------------------------------------+
; Parameter Settings for Inferred Entity Instance: eco_nn_top:uut|neuron:hidden_layer[13].h_neuron|lpm_mult:Mult2 ;
+------------------------------------------------+---------------+------------------------------------------------+
; Parameter Name                                 ; Value         ; Type                                           ;
+------------------------------------------------+---------------+------------------------------------------------+
; AUTO_CARRY_CHAINS                              ; ON            ; AUTO_CARRY                                     ;
; IGNORE_CARRY_BUFFERS                           ; OFF           ; IGNORE_CARRY                                   ;
; AUTO_CASCADE_CHAINS                            ; ON            ; AUTO_CASCADE                                   ;
; IGNORE_CASCADE_BUFFERS                         ; OFF           ; IGNORE_CASCADE                                 ;
; LPM_WIDTHA                                     ; 8             ; Untyped                                        ;
; LPM_WIDTHB                                     ; 4             ; Untyped                                        ;
; LPM_WIDTHP                                     ; 12            ; Untyped                                        ;
; LPM_WIDTHR                                     ; 12            ; Untyped                                        ;
; LPM_WIDTHS                                     ; 1             ; Untyped                                        ;
; LPM_REPRESENTATION                             ; SIGNED        ; Untyped                                        ;
; LPM_PIPELINE                                   ; 0             ; Untyped                                        ;
; LATENCY                                        ; 0             ; Untyped                                        ;
; INPUT_A_IS_CONSTANT                            ; NO            ; Untyped                                        ;
; INPUT_B_IS_CONSTANT                            ; YES           ; Untyped                                        ;
; USE_EAB                                        ; OFF           ; Untyped                                        ;
; MAXIMIZE_SPEED                                 ; 5             ; Untyped                                        ;
; DEVICE_FAMILY                                  ; Cyclone 10 LP ; Untyped                                        ;
; CARRY_CHAIN                                    ; MANUAL        ; Untyped                                        ;
; APEX20K_TECHNOLOGY_MAPPER                      ; LUT           ; TECH_MAPPER_APEX20K                            ;
; DEDICATED_MULTIPLIER_CIRCUITRY                 ; AUTO          ; Untyped                                        ;
; DEDICATED_MULTIPLIER_MIN_INPUT_WIDTH_FOR_AUTO  ; 0             ; Untyped                                        ;
; DEDICATED_MULTIPLIER_MIN_OUTPUT_WIDTH_FOR_AUTO ; 0             ; Untyped                                        ;
; CBXI_PARAMETER                                 ; NOTHING       ; Untyped                                        ;
; INPUT_A_FIXED_VALUE                            ; Bx            ; Untyped                                        ;
; INPUT_B_FIXED_VALUE                            ; Bx            ; Untyped                                        ;
; USE_AHDL_IMPLEMENTATION                        ; OFF           ; Untyped                                        ;
+------------------------------------------------+---------------+------------------------------------------------+
Note: In order to hide this table in the UI and the text report file, please set the "Show Parameter Settings in Synthesis Report" option in "Analysis and Synthesis Settings -> More Settings" to "Off".


+-----------------------------------------------------------------------------------------------------------------+
; Parameter Settings for Inferred Entity Instance: eco_nn_top:uut|neuron:hidden_layer[14].h_neuron|lpm_mult:Mult4 ;
+------------------------------------------------+---------------+------------------------------------------------+
; Parameter Name                                 ; Value         ; Type                                           ;
+------------------------------------------------+---------------+------------------------------------------------+
; AUTO_CARRY_CHAINS                              ; ON            ; AUTO_CARRY                                     ;
; IGNORE_CARRY_BUFFERS                           ; OFF           ; IGNORE_CARRY                                   ;
; AUTO_CASCADE_CHAINS                            ; ON            ; AUTO_CASCADE                                   ;
; IGNORE_CASCADE_BUFFERS                         ; OFF           ; IGNORE_CASCADE                                 ;
; LPM_WIDTHA                                     ; 8             ; Untyped                                        ;
; LPM_WIDTHB                                     ; 3             ; Untyped                                        ;
; LPM_WIDTHP                                     ; 11            ; Untyped                                        ;
; LPM_WIDTHR                                     ; 11            ; Untyped                                        ;
; LPM_WIDTHS                                     ; 1             ; Untyped                                        ;
; LPM_REPRESENTATION                             ; SIGNED        ; Untyped                                        ;
; LPM_PIPELINE                                   ; 0             ; Untyped                                        ;
; LATENCY                                        ; 0             ; Untyped                                        ;
; INPUT_A_IS_CONSTANT                            ; NO            ; Untyped                                        ;
; INPUT_B_IS_CONSTANT                            ; YES           ; Untyped                                        ;
; USE_EAB                                        ; OFF           ; Untyped                                        ;
; MAXIMIZE_SPEED                                 ; 5             ; Untyped                                        ;
; DEVICE_FAMILY                                  ; Cyclone 10 LP ; Untyped                                        ;
; CARRY_CHAIN                                    ; MANUAL        ; Untyped                                        ;
; APEX20K_TECHNOLOGY_MAPPER                      ; LUT           ; TECH_MAPPER_APEX20K                            ;
; DEDICATED_MULTIPLIER_CIRCUITRY                 ; AUTO          ; Untyped                                        ;
; DEDICATED_MULTIPLIER_MIN_INPUT_WIDTH_FOR_AUTO  ; 0             ; Untyped                                        ;
; DEDICATED_MULTIPLIER_MIN_OUTPUT_WIDTH_FOR_AUTO ; 0             ; Untyped                                        ;
; CBXI_PARAMETER                                 ; NOTHING       ; Untyped                                        ;
; INPUT_A_FIXED_VALUE                            ; Bx            ; Untyped                                        ;
; INPUT_B_FIXED_VALUE                            ; Bx            ; Untyped                                        ;
; USE_AHDL_IMPLEMENTATION                        ; OFF           ; Untyped                                        ;
+------------------------------------------------+---------------+------------------------------------------------+
Note: In order to hide this table in the UI and the text report file, please set the "Show Parameter Settings in Synthesis Report" option in "Analysis and Synthesis Settings -> More Settings" to "Off".


+----------------------------------------------------------------------------------------------------------------+
; Parameter Settings for Inferred Entity Instance: eco_nn_top:uut|neuron:hidden_layer[8].h_neuron|lpm_mult:Mult5 ;
+------------------------------------------------+---------------+-----------------------------------------------+
; Parameter Name                                 ; Value         ; Type                                          ;
+------------------------------------------------+---------------+-----------------------------------------------+
; AUTO_CARRY_CHAINS                              ; ON            ; AUTO_CARRY                                    ;
; IGNORE_CARRY_BUFFERS                           ; OFF           ; IGNORE_CARRY                                  ;
; AUTO_CASCADE_CHAINS                            ; ON            ; AUTO_CASCADE                                  ;
; IGNORE_CASCADE_BUFFERS                         ; OFF           ; IGNORE_CASCADE                                ;
; LPM_WIDTHA                                     ; 8             ; Untyped                                       ;
; LPM_WIDTHB                                     ; 3             ; Untyped                                       ;
; LPM_WIDTHP                                     ; 11            ; Untyped                                       ;
; LPM_WIDTHR                                     ; 11            ; Untyped                                       ;
; LPM_WIDTHS                                     ; 1             ; Untyped                                       ;
; LPM_REPRESENTATION                             ; SIGNED        ; Untyped                                       ;
; LPM_PIPELINE                                   ; 0             ; Untyped                                       ;
; LATENCY                                        ; 0             ; Untyped                                       ;
; INPUT_A_IS_CONSTANT                            ; NO            ; Untyped                                       ;
; INPUT_B_IS_CONSTANT                            ; YES           ; Untyped                                       ;
; USE_EAB                                        ; OFF           ; Untyped                                       ;
; MAXIMIZE_SPEED                                 ; 5             ; Untyped                                       ;
; DEVICE_FAMILY                                  ; Cyclone 10 LP ; Untyped                                       ;
; CARRY_CHAIN                                    ; MANUAL        ; Untyped                                       ;
; APEX20K_TECHNOLOGY_MAPPER                      ; LUT           ; TECH_MAPPER_APEX20K                           ;
; DEDICATED_MULTIPLIER_CIRCUITRY                 ; AUTO          ; Untyped                                       ;
; DEDICATED_MULTIPLIER_MIN_INPUT_WIDTH_FOR_AUTO  ; 0             ; Untyped                                       ;
; DEDICATED_MULTIPLIER_MIN_OUTPUT_WIDTH_FOR_AUTO ; 0             ; Untyped                                       ;
; CBXI_PARAMETER                                 ; NOTHING       ; Untyped                                       ;
; INPUT_A_FIXED_VALUE                            ; Bx            ; Untyped                                       ;
; INPUT_B_FIXED_VALUE                            ; Bx            ; Untyped                                       ;
; USE_AHDL_IMPLEMENTATION                        ; OFF           ; Untyped                                       ;
+------------------------------------------------+---------------+-----------------------------------------------+
Note: In order to hide this table in the UI and the text report file, please set the "Show Parameter Settings in Synthesis Report" option in "Analysis and Synthesis Settings -> More Settings" to "Off".


+----------------------------------------------------------------------------------------------------------------+
; Parameter Settings for Inferred Entity Instance: eco_nn_top:uut|neuron:hidden_layer[7].h_neuron|lpm_mult:Mult3 ;
+------------------------------------------------+---------------+-----------------------------------------------+
; Parameter Name                                 ; Value         ; Type                                          ;
+------------------------------------------------+---------------+-----------------------------------------------+
; AUTO_CARRY_CHAINS                              ; ON            ; AUTO_CARRY                                    ;
; IGNORE_CARRY_BUFFERS                           ; OFF           ; IGNORE_CARRY                                  ;
; AUTO_CASCADE_CHAINS                            ; ON            ; AUTO_CASCADE                                  ;
; IGNORE_CASCADE_BUFFERS                         ; OFF           ; IGNORE_CASCADE                                ;
; LPM_WIDTHA                                     ; 8             ; Untyped                                       ;
; LPM_WIDTHB                                     ; 1             ; Untyped                                       ;
; LPM_WIDTHP                                     ; 9             ; Untyped                                       ;
; LPM_WIDTHR                                     ; 9             ; Untyped                                       ;
; LPM_WIDTHS                                     ; 1             ; Untyped                                       ;
; LPM_REPRESENTATION                             ; SIGNED        ; Untyped                                       ;
; LPM_PIPELINE                                   ; 0             ; Untyped                                       ;
; LATENCY                                        ; 0             ; Untyped                                       ;
; INPUT_A_IS_CONSTANT                            ; NO            ; Untyped                                       ;
; INPUT_B_IS_CONSTANT                            ; YES           ; Untyped                                       ;
; USE_EAB                                        ; OFF           ; Untyped                                       ;
; MAXIMIZE_SPEED                                 ; 5             ; Untyped                                       ;
; DEVICE_FAMILY                                  ; Cyclone 10 LP ; Untyped                                       ;
; CARRY_CHAIN                                    ; MANUAL        ; Untyped                                       ;
; APEX20K_TECHNOLOGY_MAPPER                      ; LUT           ; TECH_MAPPER_APEX20K                           ;
; DEDICATED_MULTIPLIER_CIRCUITRY                 ; AUTO          ; Untyped                                       ;
; DEDICATED_MULTIPLIER_MIN_INPUT_WIDTH_FOR_AUTO  ; 0             ; Untyped                                       ;
; DEDICATED_MULTIPLIER_MIN_OUTPUT_WIDTH_FOR_AUTO ; 0             ; Untyped                                       ;
; CBXI_PARAMETER                                 ; NOTHING       ; Untyped                                       ;
; INPUT_A_FIXED_VALUE                            ; Bx            ; Untyped                                       ;
; INPUT_B_FIXED_VALUE                            ; Bx            ; Untyped                                       ;
; USE_AHDL_IMPLEMENTATION                        ; OFF           ; Untyped                                       ;
+------------------------------------------------+---------------+-----------------------------------------------+
Note: In order to hide this table in the UI and the text report file, please set the "Show Parameter Settings in Synthesis Report" option in "Analysis and Synthesis Settings -> More Settings" to "Off".


+----------------------------------------------------------------------------------------------------------------+
; Parameter Settings for Inferred Entity Instance: eco_nn_top:uut|neuron:hidden_layer[4].h_neuron|lpm_mult:Mult4 ;
+------------------------------------------------+---------------+-----------------------------------------------+
; Parameter Name                                 ; Value         ; Type                                          ;
+------------------------------------------------+---------------+-----------------------------------------------+
; AUTO_CARRY_CHAINS                              ; ON            ; AUTO_CARRY                                    ;
; IGNORE_CARRY_BUFFERS                           ; OFF           ; IGNORE_CARRY                                  ;
; AUTO_CASCADE_CHAINS                            ; ON            ; AUTO_CASCADE                                  ;
; IGNORE_CASCADE_BUFFERS                         ; OFF           ; IGNORE_CASCADE                                ;
; LPM_WIDTHA                                     ; 8             ; Untyped                                       ;
; LPM_WIDTHB                                     ; 3             ; Untyped                                       ;
; LPM_WIDTHP                                     ; 11            ; Untyped                                       ;
; LPM_WIDTHR                                     ; 11            ; Untyped                                       ;
; LPM_WIDTHS                                     ; 1             ; Untyped                                       ;
; LPM_REPRESENTATION                             ; SIGNED        ; Untyped                                       ;
; LPM_PIPELINE                                   ; 0             ; Untyped                                       ;
; LATENCY                                        ; 0             ; Untyped                                       ;
; INPUT_A_IS_CONSTANT                            ; NO            ; Untyped                                       ;
; INPUT_B_IS_CONSTANT                            ; YES           ; Untyped                                       ;
; USE_EAB                                        ; OFF           ; Untyped                                       ;
; MAXIMIZE_SPEED                                 ; 5             ; Untyped                                       ;
; DEVICE_FAMILY                                  ; Cyclone 10 LP ; Untyped                                       ;
; CARRY_CHAIN                                    ; MANUAL        ; Untyped                                       ;
; APEX20K_TECHNOLOGY_MAPPER                      ; LUT           ; TECH_MAPPER_APEX20K                           ;
; DEDICATED_MULTIPLIER_CIRCUITRY                 ; AUTO          ; Untyped                                       ;
; DEDICATED_MULTIPLIER_MIN_INPUT_WIDTH_FOR_AUTO  ; 0             ; Untyped                                       ;
; DEDICATED_MULTIPLIER_MIN_OUTPUT_WIDTH_FOR_AUTO ; 0             ; Untyped                                       ;
; CBXI_PARAMETER                                 ; NOTHING       ; Untyped                                       ;
; INPUT_A_FIXED_VALUE                            ; Bx            ; Untyped                                       ;
; INPUT_B_FIXED_VALUE                            ; Bx            ; Untyped                                       ;
; USE_AHDL_IMPLEMENTATION                        ; OFF           ; Untyped                                       ;
+------------------------------------------------+---------------+-----------------------------------------------+
Note: In order to hide this table in the UI and the text report file, please set the "Show Parameter Settings in Synthesis Report" option in "Analysis and Synthesis Settings -> More Settings" to "Off".


+----------------------------------------------------------------------------------------------------------------+
; Parameter Settings for Inferred Entity Instance: eco_nn_top:uut|neuron:hidden_layer[8].h_neuron|lpm_mult:Mult6 ;
+------------------------------------------------+---------------+-----------------------------------------------+
; Parameter Name                                 ; Value         ; Type                                          ;
+------------------------------------------------+---------------+-----------------------------------------------+
; AUTO_CARRY_CHAINS                              ; ON            ; AUTO_CARRY                                    ;
; IGNORE_CARRY_BUFFERS                           ; OFF           ; IGNORE_CARRY                                  ;
; AUTO_CASCADE_CHAINS                            ; ON            ; AUTO_CASCADE                                  ;
; IGNORE_CASCADE_BUFFERS                         ; OFF           ; IGNORE_CASCADE                                ;
; LPM_WIDTHA                                     ; 8             ; Untyped                                       ;
; LPM_WIDTHB                                     ; 4             ; Untyped                                       ;
; LPM_WIDTHP                                     ; 12            ; Untyped                                       ;
; LPM_WIDTHR                                     ; 12            ; Untyped                                       ;
; LPM_WIDTHS                                     ; 1             ; Untyped                                       ;
; LPM_REPRESENTATION                             ; SIGNED        ; Untyped                                       ;
; LPM_PIPELINE                                   ; 0             ; Untyped                                       ;
; LATENCY                                        ; 0             ; Untyped                                       ;
; INPUT_A_IS_CONSTANT                            ; NO            ; Untyped                                       ;
; INPUT_B_IS_CONSTANT                            ; YES           ; Untyped                                       ;
; USE_EAB                                        ; OFF           ; Untyped                                       ;
; MAXIMIZE_SPEED                                 ; 5             ; Untyped                                       ;
; DEVICE_FAMILY                                  ; Cyclone 10 LP ; Untyped                                       ;
; CARRY_CHAIN                                    ; MANUAL        ; Untyped                                       ;
; APEX20K_TECHNOLOGY_MAPPER                      ; LUT           ; TECH_MAPPER_APEX20K                           ;
; DEDICATED_MULTIPLIER_CIRCUITRY                 ; AUTO          ; Untyped                                       ;
; DEDICATED_MULTIPLIER_MIN_INPUT_WIDTH_FOR_AUTO  ; 0             ; Untyped                                       ;
; DEDICATED_MULTIPLIER_MIN_OUTPUT_WIDTH_FOR_AUTO ; 0             ; Untyped                                       ;
; CBXI_PARAMETER                                 ; NOTHING       ; Untyped                                       ;
; INPUT_A_FIXED_VALUE                            ; Bx            ; Untyped                                       ;
; INPUT_B_FIXED_VALUE                            ; Bx            ; Untyped                                       ;
; USE_AHDL_IMPLEMENTATION                        ; OFF           ; Untyped                                       ;
+------------------------------------------------+---------------+-----------------------------------------------+
Note: In order to hide this table in the UI and the text report file, please set the "Show Parameter Settings in Synthesis Report" option in "Analysis and Synthesis Settings -> More Settings" to "Off".


+----------------------------------------------------------------------------------------------------------------+
; Parameter Settings for Inferred Entity Instance: eco_nn_top:uut|neuron:hidden_layer[9].h_neuron|lpm_mult:Mult3 ;
+------------------------------------------------+---------------+-----------------------------------------------+
; Parameter Name                                 ; Value         ; Type                                          ;
+------------------------------------------------+---------------+-----------------------------------------------+
; AUTO_CARRY_CHAINS                              ; ON            ; AUTO_CARRY                                    ;
; IGNORE_CARRY_BUFFERS                           ; OFF           ; IGNORE_CARRY                                  ;
; AUTO_CASCADE_CHAINS                            ; ON            ; AUTO_CASCADE                                  ;
; IGNORE_CASCADE_BUFFERS                         ; OFF           ; IGNORE_CASCADE                                ;
; LPM_WIDTHA                                     ; 8             ; Untyped                                       ;
; LPM_WIDTHB                                     ; 3             ; Untyped                                       ;
; LPM_WIDTHP                                     ; 11            ; Untyped                                       ;
; LPM_WIDTHR                                     ; 11            ; Untyped                                       ;
; LPM_WIDTHS                                     ; 1             ; Untyped                                       ;
; LPM_REPRESENTATION                             ; SIGNED        ; Untyped                                       ;
; LPM_PIPELINE                                   ; 0             ; Untyped                                       ;
; LATENCY                                        ; 0             ; Untyped                                       ;
; INPUT_A_IS_CONSTANT                            ; NO            ; Untyped                                       ;
; INPUT_B_IS_CONSTANT                            ; YES           ; Untyped                                       ;
; USE_EAB                                        ; OFF           ; Untyped                                       ;
; MAXIMIZE_SPEED                                 ; 5             ; Untyped                                       ;
; DEVICE_FAMILY                                  ; Cyclone 10 LP ; Untyped                                       ;
; CARRY_CHAIN                                    ; MANUAL        ; Untyped                                       ;
; APEX20K_TECHNOLOGY_MAPPER                      ; LUT           ; TECH_MAPPER_APEX20K                           ;
; DEDICATED_MULTIPLIER_CIRCUITRY                 ; AUTO          ; Untyped                                       ;
; DEDICATED_MULTIPLIER_MIN_INPUT_WIDTH_FOR_AUTO  ; 0             ; Untyped                                       ;
; DEDICATED_MULTIPLIER_MIN_OUTPUT_WIDTH_FOR_AUTO ; 0             ; Untyped                                       ;
; CBXI_PARAMETER                                 ; NOTHING       ; Untyped                                       ;
; INPUT_A_FIXED_VALUE                            ; Bx            ; Untyped                                       ;
; INPUT_B_FIXED_VALUE                            ; Bx            ; Untyped                                       ;
; USE_AHDL_IMPLEMENTATION                        ; OFF           ; Untyped                                       ;
+------------------------------------------------+---------------+-----------------------------------------------+
Note: In order to hide this table in the UI and the text report file, please set the "Show Parameter Settings in Synthesis Report" option in "Analysis and Synthesis Settings -> More Settings" to "Off".


+----------------------------------------------------------------------------------------------------------------+
; Parameter Settings for Inferred Entity Instance: eco_nn_top:uut|neuron:hidden_layer[4].h_neuron|lpm_mult:Mult5 ;
+------------------------------------------------+---------------+-----------------------------------------------+
; Parameter Name                                 ; Value         ; Type                                          ;
+------------------------------------------------+---------------+-----------------------------------------------+
; AUTO_CARRY_CHAINS                              ; ON            ; AUTO_CARRY                                    ;
; IGNORE_CARRY_BUFFERS                           ; OFF           ; IGNORE_CARRY                                  ;
; AUTO_CASCADE_CHAINS                            ; ON            ; AUTO_CASCADE                                  ;
; IGNORE_CASCADE_BUFFERS                         ; OFF           ; IGNORE_CASCADE                                ;
; LPM_WIDTHA                                     ; 8             ; Untyped                                       ;
; LPM_WIDTHB                                     ; 4             ; Untyped                                       ;
; LPM_WIDTHP                                     ; 12            ; Untyped                                       ;
; LPM_WIDTHR                                     ; 12            ; Untyped                                       ;
; LPM_WIDTHS                                     ; 1             ; Untyped                                       ;
; LPM_REPRESENTATION                             ; SIGNED        ; Untyped                                       ;
; LPM_PIPELINE                                   ; 0             ; Untyped                                       ;
; LATENCY                                        ; 0             ; Untyped                                       ;
; INPUT_A_IS_CONSTANT                            ; NO            ; Untyped                                       ;
; INPUT_B_IS_CONSTANT                            ; YES           ; Untyped                                       ;
; USE_EAB                                        ; OFF           ; Untyped                                       ;
; MAXIMIZE_SPEED                                 ; 5             ; Untyped                                       ;
; DEVICE_FAMILY                                  ; Cyclone 10 LP ; Untyped                                       ;
; CARRY_CHAIN                                    ; MANUAL        ; Untyped                                       ;
; APEX20K_TECHNOLOGY_MAPPER                      ; LUT           ; TECH_MAPPER_APEX20K                           ;
; DEDICATED_MULTIPLIER_CIRCUITRY                 ; AUTO          ; Untyped                                       ;
; DEDICATED_MULTIPLIER_MIN_INPUT_WIDTH_FOR_AUTO  ; 0             ; Untyped                                       ;
; DEDICATED_MULTIPLIER_MIN_OUTPUT_WIDTH_FOR_AUTO ; 0             ; Untyped                                       ;
; CBXI_PARAMETER                                 ; NOTHING       ; Untyped                                       ;
; INPUT_A_FIXED_VALUE                            ; Bx            ; Untyped                                       ;
; INPUT_B_FIXED_VALUE                            ; Bx            ; Untyped                                       ;
; USE_AHDL_IMPLEMENTATION                        ; OFF           ; Untyped                                       ;
+------------------------------------------------+---------------+-----------------------------------------------+
Note: In order to hide this table in the UI and the text report file, please set the "Show Parameter Settings in Synthesis Report" option in "Analysis and Synthesis Settings -> More Settings" to "Off".


+-----------------------------------------------------------------------------------------------------------------+
; Parameter Settings for Inferred Entity Instance: eco_nn_top:uut|neuron:hidden_layer[12].h_neuron|lpm_mult:Mult3 ;
+------------------------------------------------+---------------+------------------------------------------------+
; Parameter Name                                 ; Value         ; Type                                           ;
+------------------------------------------------+---------------+------------------------------------------------+
; AUTO_CARRY_CHAINS                              ; ON            ; AUTO_CARRY                                     ;
; IGNORE_CARRY_BUFFERS                           ; OFF           ; IGNORE_CARRY                                   ;
; AUTO_CASCADE_CHAINS                            ; ON            ; AUTO_CASCADE                                   ;
; IGNORE_CASCADE_BUFFERS                         ; OFF           ; IGNORE_CASCADE                                 ;
; LPM_WIDTHA                                     ; 8             ; Untyped                                        ;
; LPM_WIDTHB                                     ; 4             ; Untyped                                        ;
; LPM_WIDTHP                                     ; 12            ; Untyped                                        ;
; LPM_WIDTHR                                     ; 12            ; Untyped                                        ;
; LPM_WIDTHS                                     ; 1             ; Untyped                                        ;
; LPM_REPRESENTATION                             ; SIGNED        ; Untyped                                        ;
; LPM_PIPELINE                                   ; 0             ; Untyped                                        ;
; LATENCY                                        ; 0             ; Untyped                                        ;
; INPUT_A_IS_CONSTANT                            ; NO            ; Untyped                                        ;
; INPUT_B_IS_CONSTANT                            ; YES           ; Untyped                                        ;
; USE_EAB                                        ; OFF           ; Untyped                                        ;
; MAXIMIZE_SPEED                                 ; 5             ; Untyped                                        ;
; DEVICE_FAMILY                                  ; Cyclone 10 LP ; Untyped                                        ;
; CARRY_CHAIN                                    ; MANUAL        ; Untyped                                        ;
; APEX20K_TECHNOLOGY_MAPPER                      ; LUT           ; TECH_MAPPER_APEX20K                            ;
; DEDICATED_MULTIPLIER_CIRCUITRY                 ; AUTO          ; Untyped                                        ;
; DEDICATED_MULTIPLIER_MIN_INPUT_WIDTH_FOR_AUTO  ; 0             ; Untyped                                        ;
; DEDICATED_MULTIPLIER_MIN_OUTPUT_WIDTH_FOR_AUTO ; 0             ; Untyped                                        ;
; CBXI_PARAMETER                                 ; NOTHING       ; Untyped                                        ;
; INPUT_A_FIXED_VALUE                            ; Bx            ; Untyped                                        ;
; INPUT_B_FIXED_VALUE                            ; Bx            ; Untyped                                        ;
; USE_AHDL_IMPLEMENTATION                        ; OFF           ; Untyped                                        ;
+------------------------------------------------+---------------+------------------------------------------------+
Note: In order to hide this table in the UI and the text report file, please set the "Show Parameter Settings in Synthesis Report" option in "Analysis and Synthesis Settings -> More Settings" to "Off".


+-----------------------------------------------------------------------------------------------------------------+
; Parameter Settings for Inferred Entity Instance: eco_nn_top:uut|neuron:hidden_layer[12].h_neuron|lpm_mult:Mult4 ;
+------------------------------------------------+---------------+------------------------------------------------+
; Parameter Name                                 ; Value         ; Type                                           ;
+------------------------------------------------+---------------+------------------------------------------------+
; AUTO_CARRY_CHAINS                              ; ON            ; AUTO_CARRY                                     ;
; IGNORE_CARRY_BUFFERS                           ; OFF           ; IGNORE_CARRY                                   ;
; AUTO_CASCADE_CHAINS                            ; ON            ; AUTO_CASCADE                                   ;
; IGNORE_CASCADE_BUFFERS                         ; OFF           ; IGNORE_CASCADE                                 ;
; LPM_WIDTHA                                     ; 8             ; Untyped                                        ;
; LPM_WIDTHB                                     ; 4             ; Untyped                                        ;
; LPM_WIDTHP                                     ; 12            ; Untyped                                        ;
; LPM_WIDTHR                                     ; 12            ; Untyped                                        ;
; LPM_WIDTHS                                     ; 1             ; Untyped                                        ;
; LPM_REPRESENTATION                             ; SIGNED        ; Untyped                                        ;
; LPM_PIPELINE                                   ; 0             ; Untyped                                        ;
; LATENCY                                        ; 0             ; Untyped                                        ;
; INPUT_A_IS_CONSTANT                            ; NO            ; Untyped                                        ;
; INPUT_B_IS_CONSTANT                            ; YES           ; Untyped                                        ;
; USE_EAB                                        ; OFF           ; Untyped                                        ;
; MAXIMIZE_SPEED                                 ; 5             ; Untyped                                        ;
; DEVICE_FAMILY                                  ; Cyclone 10 LP ; Untyped                                        ;
; CARRY_CHAIN                                    ; MANUAL        ; Untyped                                        ;
; APEX20K_TECHNOLOGY_MAPPER                      ; LUT           ; TECH_MAPPER_APEX20K                            ;
; DEDICATED_MULTIPLIER_CIRCUITRY                 ; AUTO          ; Untyped                                        ;
; DEDICATED_MULTIPLIER_MIN_INPUT_WIDTH_FOR_AUTO  ; 0             ; Untyped                                        ;
; DEDICATED_MULTIPLIER_MIN_OUTPUT_WIDTH_FOR_AUTO ; 0             ; Untyped                                        ;
; CBXI_PARAMETER                                 ; NOTHING       ; Untyped                                        ;
; INPUT_A_FIXED_VALUE                            ; Bx            ; Untyped                                        ;
; INPUT_B_FIXED_VALUE                            ; Bx            ; Untyped                                        ;
; USE_AHDL_IMPLEMENTATION                        ; OFF           ; Untyped                                        ;
+------------------------------------------------+---------------+------------------------------------------------+
Note: In order to hide this table in the UI and the text report file, please set the "Show Parameter Settings in Synthesis Report" option in "Analysis and Synthesis Settings -> More Settings" to "Off".


+----------------------------------------------------------------------------------------------------------------+
; Parameter Settings for Inferred Entity Instance: eco_nn_top:uut|neuron:hidden_layer[3].h_neuron|lpm_mult:Mult4 ;
+------------------------------------------------+---------------+-----------------------------------------------+
; Parameter Name                                 ; Value         ; Type                                          ;
+------------------------------------------------+---------------+-----------------------------------------------+
; AUTO_CARRY_CHAINS                              ; ON            ; AUTO_CARRY                                    ;
; IGNORE_CARRY_BUFFERS                           ; OFF           ; IGNORE_CARRY                                  ;
; AUTO_CASCADE_CHAINS                            ; ON            ; AUTO_CASCADE                                  ;
; IGNORE_CASCADE_BUFFERS                         ; OFF           ; IGNORE_CASCADE                                ;
; LPM_WIDTHA                                     ; 8             ; Untyped                                       ;
; LPM_WIDTHB                                     ; 4             ; Untyped                                       ;
; LPM_WIDTHP                                     ; 12            ; Untyped                                       ;
; LPM_WIDTHR                                     ; 12            ; Untyped                                       ;
; LPM_WIDTHS                                     ; 1             ; Untyped                                       ;
; LPM_REPRESENTATION                             ; SIGNED        ; Untyped                                       ;
; LPM_PIPELINE                                   ; 0             ; Untyped                                       ;
; LATENCY                                        ; 0             ; Untyped                                       ;
; INPUT_A_IS_CONSTANT                            ; NO            ; Untyped                                       ;
; INPUT_B_IS_CONSTANT                            ; YES           ; Untyped                                       ;
; USE_EAB                                        ; OFF           ; Untyped                                       ;
; MAXIMIZE_SPEED                                 ; 5             ; Untyped                                       ;
; DEVICE_FAMILY                                  ; Cyclone 10 LP ; Untyped                                       ;
; CARRY_CHAIN                                    ; MANUAL        ; Untyped                                       ;
; APEX20K_TECHNOLOGY_MAPPER                      ; LUT           ; TECH_MAPPER_APEX20K                           ;
; DEDICATED_MULTIPLIER_CIRCUITRY                 ; AUTO          ; Untyped                                       ;
; DEDICATED_MULTIPLIER_MIN_INPUT_WIDTH_FOR_AUTO  ; 0             ; Untyped                                       ;
; DEDICATED_MULTIPLIER_MIN_OUTPUT_WIDTH_FOR_AUTO ; 0             ; Untyped                                       ;
; CBXI_PARAMETER                                 ; NOTHING       ; Untyped                                       ;
; INPUT_A_FIXED_VALUE                            ; Bx            ; Untyped                                       ;
; INPUT_B_FIXED_VALUE                            ; Bx            ; Untyped                                       ;
; USE_AHDL_IMPLEMENTATION                        ; OFF           ; Untyped                                       ;
+------------------------------------------------+---------------+-----------------------------------------------+
Note: In order to hide this table in the UI and the text report file, please set the "Show Parameter Settings in Synthesis Report" option in "Analysis and Synthesis Settings -> More Settings" to "Off".


+----------------------------------------------------------------------------------------------------------------+
; Parameter Settings for Inferred Entity Instance: eco_nn_top:uut|neuron:hidden_layer[3].h_neuron|lpm_mult:Mult7 ;
+------------------------------------------------+---------------+-----------------------------------------------+
; Parameter Name                                 ; Value         ; Type                                          ;
+------------------------------------------------+---------------+-----------------------------------------------+
; AUTO_CARRY_CHAINS                              ; ON            ; AUTO_CARRY                                    ;
; IGNORE_CARRY_BUFFERS                           ; OFF           ; IGNORE_CARRY                                  ;
; AUTO_CASCADE_CHAINS                            ; ON            ; AUTO_CASCADE                                  ;
; IGNORE_CASCADE_BUFFERS                         ; OFF           ; IGNORE_CASCADE                                ;
; LPM_WIDTHA                                     ; 8             ; Untyped                                       ;
; LPM_WIDTHB                                     ; 1             ; Untyped                                       ;
; LPM_WIDTHP                                     ; 9             ; Untyped                                       ;
; LPM_WIDTHR                                     ; 9             ; Untyped                                       ;
; LPM_WIDTHS                                     ; 1             ; Untyped                                       ;
; LPM_REPRESENTATION                             ; SIGNED        ; Untyped                                       ;
; LPM_PIPELINE                                   ; 0             ; Untyped                                       ;
; LATENCY                                        ; 0             ; Untyped                                       ;
; INPUT_A_IS_CONSTANT                            ; NO            ; Untyped                                       ;
; INPUT_B_IS_CONSTANT                            ; YES           ; Untyped                                       ;
; USE_EAB                                        ; OFF           ; Untyped                                       ;
; MAXIMIZE_SPEED                                 ; 5             ; Untyped                                       ;
; DEVICE_FAMILY                                  ; Cyclone 10 LP ; Untyped                                       ;
; CARRY_CHAIN                                    ; MANUAL        ; Untyped                                       ;
; APEX20K_TECHNOLOGY_MAPPER                      ; LUT           ; TECH_MAPPER_APEX20K                           ;
; DEDICATED_MULTIPLIER_CIRCUITRY                 ; AUTO          ; Untyped                                       ;
; DEDICATED_MULTIPLIER_MIN_INPUT_WIDTH_FOR_AUTO  ; 0             ; Untyped                                       ;
; DEDICATED_MULTIPLIER_MIN_OUTPUT_WIDTH_FOR_AUTO ; 0             ; Untyped                                       ;
; CBXI_PARAMETER                                 ; NOTHING       ; Untyped                                       ;
; INPUT_A_FIXED_VALUE                            ; Bx            ; Untyped                                       ;
; INPUT_B_FIXED_VALUE                            ; Bx            ; Untyped                                       ;
; USE_AHDL_IMPLEMENTATION                        ; OFF           ; Untyped                                       ;
+------------------------------------------------+---------------+-----------------------------------------------+
Note: In order to hide this table in the UI and the text report file, please set the "Show Parameter Settings in Synthesis Report" option in "Analysis and Synthesis Settings -> More Settings" to "Off".


+----------------------------------------------------------------------------------------------------------------+
; Parameter Settings for Inferred Entity Instance: eco_nn_top:uut|neuron:hidden_layer[4].h_neuron|lpm_mult:Mult1 ;
+------------------------------------------------+---------------+-----------------------------------------------+
; Parameter Name                                 ; Value         ; Type                                          ;
+------------------------------------------------+---------------+-----------------------------------------------+
; AUTO_CARRY_CHAINS                              ; ON            ; AUTO_CARRY                                    ;
; IGNORE_CARRY_BUFFERS                           ; OFF           ; IGNORE_CARRY                                  ;
; AUTO_CASCADE_CHAINS                            ; ON            ; AUTO_CASCADE                                  ;
; IGNORE_CASCADE_BUFFERS                         ; OFF           ; IGNORE_CASCADE                                ;
; LPM_WIDTHA                                     ; 8             ; Untyped                                       ;
; LPM_WIDTHB                                     ; 3             ; Untyped                                       ;
; LPM_WIDTHP                                     ; 11            ; Untyped                                       ;
; LPM_WIDTHR                                     ; 11            ; Untyped                                       ;
; LPM_WIDTHS                                     ; 1             ; Untyped                                       ;
; LPM_REPRESENTATION                             ; SIGNED        ; Untyped                                       ;
; LPM_PIPELINE                                   ; 0             ; Untyped                                       ;
; LATENCY                                        ; 0             ; Untyped                                       ;
; INPUT_A_IS_CONSTANT                            ; NO            ; Untyped                                       ;
; INPUT_B_IS_CONSTANT                            ; YES           ; Untyped                                       ;
; USE_EAB                                        ; OFF           ; Untyped                                       ;
; MAXIMIZE_SPEED                                 ; 5             ; Untyped                                       ;
; DEVICE_FAMILY                                  ; Cyclone 10 LP ; Untyped                                       ;
; CARRY_CHAIN                                    ; MANUAL        ; Untyped                                       ;
; APEX20K_TECHNOLOGY_MAPPER                      ; LUT           ; TECH_MAPPER_APEX20K                           ;
; DEDICATED_MULTIPLIER_CIRCUITRY                 ; AUTO          ; Untyped                                       ;
; DEDICATED_MULTIPLIER_MIN_INPUT_WIDTH_FOR_AUTO  ; 0             ; Untyped                                       ;
; DEDICATED_MULTIPLIER_MIN_OUTPUT_WIDTH_FOR_AUTO ; 0             ; Untyped                                       ;
; CBXI_PARAMETER                                 ; NOTHING       ; Untyped                                       ;
; INPUT_A_FIXED_VALUE                            ; Bx            ; Untyped                                       ;
; INPUT_B_FIXED_VALUE                            ; Bx            ; Untyped                                       ;
; USE_AHDL_IMPLEMENTATION                        ; OFF           ; Untyped                                       ;
+------------------------------------------------+---------------+-----------------------------------------------+
Note: In order to hide this table in the UI and the text report file, please set the "Show Parameter Settings in Synthesis Report" option in "Analysis and Synthesis Settings -> More Settings" to "Off".


+----------------------------------------------------------------------------------------------------------------+
; Parameter Settings for Inferred Entity Instance: eco_nn_top:uut|neuron:hidden_layer[5].h_neuron|lpm_mult:Mult1 ;
+------------------------------------------------+---------------+-----------------------------------------------+
; Parameter Name                                 ; Value         ; Type                                          ;
+------------------------------------------------+---------------+-----------------------------------------------+
; AUTO_CARRY_CHAINS                              ; ON            ; AUTO_CARRY                                    ;
; IGNORE_CARRY_BUFFERS                           ; OFF           ; IGNORE_CARRY                                  ;
; AUTO_CASCADE_CHAINS                            ; ON            ; AUTO_CASCADE                                  ;
; IGNORE_CASCADE_BUFFERS                         ; OFF           ; IGNORE_CASCADE                                ;
; LPM_WIDTHA                                     ; 8             ; Untyped                                       ;
; LPM_WIDTHB                                     ; 4             ; Untyped                                       ;
; LPM_WIDTHP                                     ; 12            ; Untyped                                       ;
; LPM_WIDTHR                                     ; 12            ; Untyped                                       ;
; LPM_WIDTHS                                     ; 1             ; Untyped                                       ;
; LPM_REPRESENTATION                             ; SIGNED        ; Untyped                                       ;
; LPM_PIPELINE                                   ; 0             ; Untyped                                       ;
; LATENCY                                        ; 0             ; Untyped                                       ;
; INPUT_A_IS_CONSTANT                            ; NO            ; Untyped                                       ;
; INPUT_B_IS_CONSTANT                            ; YES           ; Untyped                                       ;
; USE_EAB                                        ; OFF           ; Untyped                                       ;
; MAXIMIZE_SPEED                                 ; 5             ; Untyped                                       ;
; DEVICE_FAMILY                                  ; Cyclone 10 LP ; Untyped                                       ;
; CARRY_CHAIN                                    ; MANUAL        ; Untyped                                       ;
; APEX20K_TECHNOLOGY_MAPPER                      ; LUT           ; TECH_MAPPER_APEX20K                           ;
; DEDICATED_MULTIPLIER_CIRCUITRY                 ; AUTO          ; Untyped                                       ;
; DEDICATED_MULTIPLIER_MIN_INPUT_WIDTH_FOR_AUTO  ; 0             ; Untyped                                       ;
; DEDICATED_MULTIPLIER_MIN_OUTPUT_WIDTH_FOR_AUTO ; 0             ; Untyped                                       ;
; CBXI_PARAMETER                                 ; NOTHING       ; Untyped                                       ;
; INPUT_A_FIXED_VALUE                            ; Bx            ; Untyped                                       ;
; INPUT_B_FIXED_VALUE                            ; Bx            ; Untyped                                       ;
; USE_AHDL_IMPLEMENTATION                        ; OFF           ; Untyped                                       ;
+------------------------------------------------+---------------+-----------------------------------------------+
Note: In order to hide this table in the UI and the text report file, please set the "Show Parameter Settings in Synthesis Report" option in "Analysis and Synthesis Settings -> More Settings" to "Off".


+-----------------------------------------------------------------------------------------------------------------+
; Parameter Settings for Inferred Entity Instance: eco_nn_top:uut|neuron:hidden_layer[14].h_neuron|lpm_mult:Mult1 ;
+------------------------------------------------+---------------+------------------------------------------------+
; Parameter Name                                 ; Value         ; Type                                           ;
+------------------------------------------------+---------------+------------------------------------------------+
; AUTO_CARRY_CHAINS                              ; ON            ; AUTO_CARRY                                     ;
; IGNORE_CARRY_BUFFERS                           ; OFF           ; IGNORE_CARRY                                   ;
; AUTO_CASCADE_CHAINS                            ; ON            ; AUTO_CASCADE                                   ;
; IGNORE_CASCADE_BUFFERS                         ; OFF           ; IGNORE_CASCADE                                 ;
; LPM_WIDTHA                                     ; 8             ; Untyped                                        ;
; LPM_WIDTHB                                     ; 4             ; Untyped                                        ;
; LPM_WIDTHP                                     ; 12            ; Untyped                                        ;
; LPM_WIDTHR                                     ; 12            ; Untyped                                        ;
; LPM_WIDTHS                                     ; 1             ; Untyped                                        ;
; LPM_REPRESENTATION                             ; SIGNED        ; Untyped                                        ;
; LPM_PIPELINE                                   ; 0             ; Untyped                                        ;
; LATENCY                                        ; 0             ; Untyped                                        ;
; INPUT_A_IS_CONSTANT                            ; NO            ; Untyped                                        ;
; INPUT_B_IS_CONSTANT                            ; YES           ; Untyped                                        ;
; USE_EAB                                        ; OFF           ; Untyped                                        ;
; MAXIMIZE_SPEED                                 ; 5             ; Untyped                                        ;
; DEVICE_FAMILY                                  ; Cyclone 10 LP ; Untyped                                        ;
; CARRY_CHAIN                                    ; MANUAL        ; Untyped                                        ;
; APEX20K_TECHNOLOGY_MAPPER                      ; LUT           ; TECH_MAPPER_APEX20K                            ;
; DEDICATED_MULTIPLIER_CIRCUITRY                 ; AUTO          ; Untyped                                        ;
; DEDICATED_MULTIPLIER_MIN_INPUT_WIDTH_FOR_AUTO  ; 0             ; Untyped                                        ;
; DEDICATED_MULTIPLIER_MIN_OUTPUT_WIDTH_FOR_AUTO ; 0             ; Untyped                                        ;
; CBXI_PARAMETER                                 ; NOTHING       ; Untyped                                        ;
; INPUT_A_FIXED_VALUE                            ; Bx            ; Untyped                                        ;
; INPUT_B_FIXED_VALUE                            ; Bx            ; Untyped                                        ;
; USE_AHDL_IMPLEMENTATION                        ; OFF           ; Untyped                                        ;
+------------------------------------------------+---------------+------------------------------------------------+
Note: In order to hide this table in the UI and the text report file, please set the "Show Parameter Settings in Synthesis Report" option in "Analysis and Synthesis Settings -> More Settings" to "Off".


+-----------------------------------------------------------------------------------------------------------------+
; Parameter Settings for Inferred Entity Instance: eco_nn_top:uut|neuron:hidden_layer[11].h_neuron|lpm_mult:Mult1 ;
+------------------------------------------------+---------------+------------------------------------------------+
; Parameter Name                                 ; Value         ; Type                                           ;
+------------------------------------------------+---------------+------------------------------------------------+
; AUTO_CARRY_CHAINS                              ; ON            ; AUTO_CARRY                                     ;
; IGNORE_CARRY_BUFFERS                           ; OFF           ; IGNORE_CARRY                                   ;
; AUTO_CASCADE_CHAINS                            ; ON            ; AUTO_CASCADE                                   ;
; IGNORE_CASCADE_BUFFERS                         ; OFF           ; IGNORE_CASCADE                                 ;
; LPM_WIDTHA                                     ; 8             ; Untyped                                        ;
; LPM_WIDTHB                                     ; 4             ; Untyped                                        ;
; LPM_WIDTHP                                     ; 12            ; Untyped                                        ;
; LPM_WIDTHR                                     ; 12            ; Untyped                                        ;
; LPM_WIDTHS                                     ; 1             ; Untyped                                        ;
; LPM_REPRESENTATION                             ; SIGNED        ; Untyped                                        ;
; LPM_PIPELINE                                   ; 0             ; Untyped                                        ;
; LATENCY                                        ; 0             ; Untyped                                        ;
; INPUT_A_IS_CONSTANT                            ; NO            ; Untyped                                        ;
; INPUT_B_IS_CONSTANT                            ; YES           ; Untyped                                        ;
; USE_EAB                                        ; OFF           ; Untyped                                        ;
; MAXIMIZE_SPEED                                 ; 5             ; Untyped                                        ;
; DEVICE_FAMILY                                  ; Cyclone 10 LP ; Untyped                                        ;
; CARRY_CHAIN                                    ; MANUAL        ; Untyped                                        ;
; APEX20K_TECHNOLOGY_MAPPER                      ; LUT           ; TECH_MAPPER_APEX20K                            ;
; DEDICATED_MULTIPLIER_CIRCUITRY                 ; AUTO          ; Untyped                                        ;
; DEDICATED_MULTIPLIER_MIN_INPUT_WIDTH_FOR_AUTO  ; 0             ; Untyped                                        ;
; DEDICATED_MULTIPLIER_MIN_OUTPUT_WIDTH_FOR_AUTO ; 0             ; Untyped                                        ;
; CBXI_PARAMETER                                 ; NOTHING       ; Untyped                                        ;
; INPUT_A_FIXED_VALUE                            ; Bx            ; Untyped                                        ;
; INPUT_B_FIXED_VALUE                            ; Bx            ; Untyped                                        ;
; USE_AHDL_IMPLEMENTATION                        ; OFF           ; Untyped                                        ;
+------------------------------------------------+---------------+------------------------------------------------+
Note: In order to hide this table in the UI and the text report file, please set the "Show Parameter Settings in Synthesis Report" option in "Analysis and Synthesis Settings -> More Settings" to "Off".


+-----------------------------------------------------------------------------------------------------------------+
; Parameter Settings for Inferred Entity Instance: eco_nn_top:uut|neuron:hidden_layer[11].h_neuron|lpm_mult:Mult3 ;
+------------------------------------------------+---------------+------------------------------------------------+
; Parameter Name                                 ; Value         ; Type                                           ;
+------------------------------------------------+---------------+------------------------------------------------+
; AUTO_CARRY_CHAINS                              ; ON            ; AUTO_CARRY                                     ;
; IGNORE_CARRY_BUFFERS                           ; OFF           ; IGNORE_CARRY                                   ;
; AUTO_CASCADE_CHAINS                            ; ON            ; AUTO_CASCADE                                   ;
; IGNORE_CASCADE_BUFFERS                         ; OFF           ; IGNORE_CASCADE                                 ;
; LPM_WIDTHA                                     ; 8             ; Untyped                                        ;
; LPM_WIDTHB                                     ; 4             ; Untyped                                        ;
; LPM_WIDTHP                                     ; 12            ; Untyped                                        ;
; LPM_WIDTHR                                     ; 12            ; Untyped                                        ;
; LPM_WIDTHS                                     ; 1             ; Untyped                                        ;
; LPM_REPRESENTATION                             ; SIGNED        ; Untyped                                        ;
; LPM_PIPELINE                                   ; 0             ; Untyped                                        ;
; LATENCY                                        ; 0             ; Untyped                                        ;
; INPUT_A_IS_CONSTANT                            ; NO            ; Untyped                                        ;
; INPUT_B_IS_CONSTANT                            ; YES           ; Untyped                                        ;
; USE_EAB                                        ; OFF           ; Untyped                                        ;
; MAXIMIZE_SPEED                                 ; 5             ; Untyped                                        ;
; DEVICE_FAMILY                                  ; Cyclone 10 LP ; Untyped                                        ;
; CARRY_CHAIN                                    ; MANUAL        ; Untyped                                        ;
; APEX20K_TECHNOLOGY_MAPPER                      ; LUT           ; TECH_MAPPER_APEX20K                            ;
; DEDICATED_MULTIPLIER_CIRCUITRY                 ; AUTO          ; Untyped                                        ;
; DEDICATED_MULTIPLIER_MIN_INPUT_WIDTH_FOR_AUTO  ; 0             ; Untyped                                        ;
; DEDICATED_MULTIPLIER_MIN_OUTPUT_WIDTH_FOR_AUTO ; 0             ; Untyped                                        ;
; CBXI_PARAMETER                                 ; NOTHING       ; Untyped                                        ;
; INPUT_A_FIXED_VALUE                            ; Bx            ; Untyped                                        ;
; INPUT_B_FIXED_VALUE                            ; Bx            ; Untyped                                        ;
; USE_AHDL_IMPLEMENTATION                        ; OFF           ; Untyped                                        ;
+------------------------------------------------+---------------+------------------------------------------------+
Note: In order to hide this table in the UI and the text report file, please set the "Show Parameter Settings in Synthesis Report" option in "Analysis and Synthesis Settings -> More Settings" to "Off".


+----------------------------------------------------------------------------------------------------------------+
; Parameter Settings for Inferred Entity Instance: eco_nn_top:uut|neuron:hidden_layer[6].h_neuron|lpm_mult:Mult0 ;
+------------------------------------------------+---------------+-----------------------------------------------+
; Parameter Name                                 ; Value         ; Type                                          ;
+------------------------------------------------+---------------+-----------------------------------------------+
; AUTO_CARRY_CHAINS                              ; ON            ; AUTO_CARRY                                    ;
; IGNORE_CARRY_BUFFERS                           ; OFF           ; IGNORE_CARRY                                  ;
; AUTO_CASCADE_CHAINS                            ; ON            ; AUTO_CASCADE                                  ;
; IGNORE_CASCADE_BUFFERS                         ; OFF           ; IGNORE_CASCADE                                ;
; LPM_WIDTHA                                     ; 8             ; Untyped                                       ;
; LPM_WIDTHB                                     ; 4             ; Untyped                                       ;
; LPM_WIDTHP                                     ; 12            ; Untyped                                       ;
; LPM_WIDTHR                                     ; 12            ; Untyped                                       ;
; LPM_WIDTHS                                     ; 1             ; Untyped                                       ;
; LPM_REPRESENTATION                             ; SIGNED        ; Untyped                                       ;
; LPM_PIPELINE                                   ; 0             ; Untyped                                       ;
; LATENCY                                        ; 0             ; Untyped                                       ;
; INPUT_A_IS_CONSTANT                            ; NO            ; Untyped                                       ;
; INPUT_B_IS_CONSTANT                            ; YES           ; Untyped                                       ;
; USE_EAB                                        ; OFF           ; Untyped                                       ;
; MAXIMIZE_SPEED                                 ; 5             ; Untyped                                       ;
; DEVICE_FAMILY                                  ; Cyclone 10 LP ; Untyped                                       ;
; CARRY_CHAIN                                    ; MANUAL        ; Untyped                                       ;
; APEX20K_TECHNOLOGY_MAPPER                      ; LUT           ; TECH_MAPPER_APEX20K                           ;
; DEDICATED_MULTIPLIER_CIRCUITRY                 ; AUTO          ; Untyped                                       ;
; DEDICATED_MULTIPLIER_MIN_INPUT_WIDTH_FOR_AUTO  ; 0             ; Untyped                                       ;
; DEDICATED_MULTIPLIER_MIN_OUTPUT_WIDTH_FOR_AUTO ; 0             ; Untyped                                       ;
; CBXI_PARAMETER                                 ; NOTHING       ; Untyped                                       ;
; INPUT_A_FIXED_VALUE                            ; Bx            ; Untyped                                       ;
; INPUT_B_FIXED_VALUE                            ; Bx            ; Untyped                                       ;
; USE_AHDL_IMPLEMENTATION                        ; OFF           ; Untyped                                       ;
+------------------------------------------------+---------------+-----------------------------------------------+
Note: In order to hide this table in the UI and the text report file, please set the "Show Parameter Settings in Synthesis Report" option in "Analysis and Synthesis Settings -> More Settings" to "Off".


+----------------------------------------------------------------------------------------------------------------+
; Parameter Settings for Inferred Entity Instance: eco_nn_top:uut|neuron:hidden_layer[1].h_neuron|lpm_mult:Mult0 ;
+------------------------------------------------+---------------+-----------------------------------------------+
; Parameter Name                                 ; Value         ; Type                                          ;
+------------------------------------------------+---------------+-----------------------------------------------+
; AUTO_CARRY_CHAINS                              ; ON            ; AUTO_CARRY                                    ;
; IGNORE_CARRY_BUFFERS                           ; OFF           ; IGNORE_CARRY                                  ;
; AUTO_CASCADE_CHAINS                            ; ON            ; AUTO_CASCADE                                  ;
; IGNORE_CASCADE_BUFFERS                         ; OFF           ; IGNORE_CASCADE                                ;
; LPM_WIDTHA                                     ; 8             ; Untyped                                       ;
; LPM_WIDTHB                                     ; 3             ; Untyped                                       ;
; LPM_WIDTHP                                     ; 11            ; Untyped                                       ;
; LPM_WIDTHR                                     ; 11            ; Untyped                                       ;
; LPM_WIDTHS                                     ; 1             ; Untyped                                       ;
; LPM_REPRESENTATION                             ; SIGNED        ; Untyped                                       ;
; LPM_PIPELINE                                   ; 0             ; Untyped                                       ;
; LATENCY                                        ; 0             ; Untyped                                       ;
; INPUT_A_IS_CONSTANT                            ; NO            ; Untyped                                       ;
; INPUT_B_IS_CONSTANT                            ; YES           ; Untyped                                       ;
; USE_EAB                                        ; OFF           ; Untyped                                       ;
; MAXIMIZE_SPEED                                 ; 5             ; Untyped                                       ;
; DEVICE_FAMILY                                  ; Cyclone 10 LP ; Untyped                                       ;
; CARRY_CHAIN                                    ; MANUAL        ; Untyped                                       ;
; APEX20K_TECHNOLOGY_MAPPER                      ; LUT           ; TECH_MAPPER_APEX20K                           ;
; DEDICATED_MULTIPLIER_CIRCUITRY                 ; AUTO          ; Untyped                                       ;
; DEDICATED_MULTIPLIER_MIN_INPUT_WIDTH_FOR_AUTO  ; 0             ; Untyped                                       ;
; DEDICATED_MULTIPLIER_MIN_OUTPUT_WIDTH_FOR_AUTO ; 0             ; Untyped                                       ;
; CBXI_PARAMETER                                 ; NOTHING       ; Untyped                                       ;
; INPUT_A_FIXED_VALUE                            ; Bx            ; Untyped                                       ;
; INPUT_B_FIXED_VALUE                            ; Bx            ; Untyped                                       ;
; USE_AHDL_IMPLEMENTATION                        ; OFF           ; Untyped                                       ;
+------------------------------------------------+---------------+-----------------------------------------------+
Note: In order to hide this table in the UI and the text report file, please set the "Show Parameter Settings in Synthesis Report" option in "Analysis and Synthesis Settings -> More Settings" to "Off".


+-----------------------------------------------------------------------------------------------------------------+
; Parameter Settings for Inferred Entity Instance: eco_nn_top:uut|neuron:hidden_layer[10].h_neuron|lpm_mult:Mult1 ;
+------------------------------------------------+---------------+------------------------------------------------+
; Parameter Name                                 ; Value         ; Type                                           ;
+------------------------------------------------+---------------+------------------------------------------------+
; AUTO_CARRY_CHAINS                              ; ON            ; AUTO_CARRY                                     ;
; IGNORE_CARRY_BUFFERS                           ; OFF           ; IGNORE_CARRY                                   ;
; AUTO_CASCADE_CHAINS                            ; ON            ; AUTO_CASCADE                                   ;
; IGNORE_CASCADE_BUFFERS                         ; OFF           ; IGNORE_CASCADE                                 ;
; LPM_WIDTHA                                     ; 8             ; Untyped                                        ;
; LPM_WIDTHB                                     ; 1             ; Untyped                                        ;
; LPM_WIDTHP                                     ; 9             ; Untyped                                        ;
; LPM_WIDTHR                                     ; 9             ; Untyped                                        ;
; LPM_WIDTHS                                     ; 1             ; Untyped                                        ;
; LPM_REPRESENTATION                             ; SIGNED        ; Untyped                                        ;
; LPM_PIPELINE                                   ; 0             ; Untyped                                        ;
; LATENCY                                        ; 0             ; Untyped                                        ;
; INPUT_A_IS_CONSTANT                            ; NO            ; Untyped                                        ;
; INPUT_B_IS_CONSTANT                            ; YES           ; Untyped                                        ;
; USE_EAB                                        ; OFF           ; Untyped                                        ;
; MAXIMIZE_SPEED                                 ; 5             ; Untyped                                        ;
; DEVICE_FAMILY                                  ; Cyclone 10 LP ; Untyped                                        ;
; CARRY_CHAIN                                    ; MANUAL        ; Untyped                                        ;
; APEX20K_TECHNOLOGY_MAPPER                      ; LUT           ; TECH_MAPPER_APEX20K                            ;
; DEDICATED_MULTIPLIER_CIRCUITRY                 ; AUTO          ; Untyped                                        ;
; DEDICATED_MULTIPLIER_MIN_INPUT_WIDTH_FOR_AUTO  ; 0             ; Untyped                                        ;
; DEDICATED_MULTIPLIER_MIN_OUTPUT_WIDTH_FOR_AUTO ; 0             ; Untyped                                        ;
; CBXI_PARAMETER                                 ; NOTHING       ; Untyped                                        ;
; INPUT_A_FIXED_VALUE                            ; Bx            ; Untyped                                        ;
; INPUT_B_FIXED_VALUE                            ; Bx            ; Untyped                                        ;
; USE_AHDL_IMPLEMENTATION                        ; OFF           ; Untyped                                        ;
+------------------------------------------------+---------------+------------------------------------------------+
Note: In order to hide this table in the UI and the text report file, please set the "Show Parameter Settings in Synthesis Report" option in "Analysis and Synthesis Settings -> More Settings" to "Off".


+----------------------------------------------------------------------------------------------------------------+
; Parameter Settings for Inferred Entity Instance: eco_nn_top:uut|neuron:hidden_layer[4].h_neuron|lpm_mult:Mult6 ;
+------------------------------------------------+---------------+-----------------------------------------------+
; Parameter Name                                 ; Value         ; Type                                          ;
+------------------------------------------------+---------------+-----------------------------------------------+
; AUTO_CARRY_CHAINS                              ; ON            ; AUTO_CARRY                                    ;
; IGNORE_CARRY_BUFFERS                           ; OFF           ; IGNORE_CARRY                                  ;
; AUTO_CASCADE_CHAINS                            ; ON            ; AUTO_CASCADE                                  ;
; IGNORE_CASCADE_BUFFERS                         ; OFF           ; IGNORE_CASCADE                                ;
; LPM_WIDTHA                                     ; 8             ; Untyped                                       ;
; LPM_WIDTHB                                     ; 4             ; Untyped                                       ;
; LPM_WIDTHP                                     ; 12            ; Untyped                                       ;
; LPM_WIDTHR                                     ; 12            ; Untyped                                       ;
; LPM_WIDTHS                                     ; 1             ; Untyped                                       ;
; LPM_REPRESENTATION                             ; SIGNED        ; Untyped                                       ;
; LPM_PIPELINE                                   ; 0             ; Untyped                                       ;
; LATENCY                                        ; 0             ; Untyped                                       ;
; INPUT_A_IS_CONSTANT                            ; NO            ; Untyped                                       ;
; INPUT_B_IS_CONSTANT                            ; YES           ; Untyped                                       ;
; USE_EAB                                        ; OFF           ; Untyped                                       ;
; MAXIMIZE_SPEED                                 ; 5             ; Untyped                                       ;
; DEVICE_FAMILY                                  ; Cyclone 10 LP ; Untyped                                       ;
; CARRY_CHAIN                                    ; MANUAL        ; Untyped                                       ;
; APEX20K_TECHNOLOGY_MAPPER                      ; LUT           ; TECH_MAPPER_APEX20K                           ;
; DEDICATED_MULTIPLIER_CIRCUITRY                 ; AUTO          ; Untyped                                       ;
; DEDICATED_MULTIPLIER_MIN_INPUT_WIDTH_FOR_AUTO  ; 0             ; Untyped                                       ;
; DEDICATED_MULTIPLIER_MIN_OUTPUT_WIDTH_FOR_AUTO ; 0             ; Untyped                                       ;
; CBXI_PARAMETER                                 ; NOTHING       ; Untyped                                       ;
; INPUT_A_FIXED_VALUE                            ; Bx            ; Untyped                                       ;
; INPUT_B_FIXED_VALUE                            ; Bx            ; Untyped                                       ;
; USE_AHDL_IMPLEMENTATION                        ; OFF           ; Untyped                                       ;
+------------------------------------------------+---------------+-----------------------------------------------+
Note: In order to hide this table in the UI and the text report file, please set the "Show Parameter Settings in Synthesis Report" option in "Analysis and Synthesis Settings -> More Settings" to "Off".


+----------------------------------------------------------------------------------------------------------------+
; Parameter Settings for Inferred Entity Instance: eco_nn_top:uut|neuron:hidden_layer[4].h_neuron|lpm_mult:Mult3 ;
+------------------------------------------------+---------------+-----------------------------------------------+
; Parameter Name                                 ; Value         ; Type                                          ;
+------------------------------------------------+---------------+-----------------------------------------------+
; AUTO_CARRY_CHAINS                              ; ON            ; AUTO_CARRY                                    ;
; IGNORE_CARRY_BUFFERS                           ; OFF           ; IGNORE_CARRY                                  ;
; AUTO_CASCADE_CHAINS                            ; ON            ; AUTO_CASCADE                                  ;
; IGNORE_CASCADE_BUFFERS                         ; OFF           ; IGNORE_CASCADE                                ;
; LPM_WIDTHA                                     ; 8             ; Untyped                                       ;
; LPM_WIDTHB                                     ; 2             ; Untyped                                       ;
; LPM_WIDTHP                                     ; 10            ; Untyped                                       ;
; LPM_WIDTHR                                     ; 10            ; Untyped                                       ;
; LPM_WIDTHS                                     ; 1             ; Untyped                                       ;
; LPM_REPRESENTATION                             ; SIGNED        ; Untyped                                       ;
; LPM_PIPELINE                                   ; 0             ; Untyped                                       ;
; LATENCY                                        ; 0             ; Untyped                                       ;
; INPUT_A_IS_CONSTANT                            ; NO            ; Untyped                                       ;
; INPUT_B_IS_CONSTANT                            ; YES           ; Untyped                                       ;
; USE_EAB                                        ; OFF           ; Untyped                                       ;
; MAXIMIZE_SPEED                                 ; 5             ; Untyped                                       ;
; DEVICE_FAMILY                                  ; Cyclone 10 LP ; Untyped                                       ;
; CARRY_CHAIN                                    ; MANUAL        ; Untyped                                       ;
; APEX20K_TECHNOLOGY_MAPPER                      ; LUT           ; TECH_MAPPER_APEX20K                           ;
; DEDICATED_MULTIPLIER_CIRCUITRY                 ; AUTO          ; Untyped                                       ;
; DEDICATED_MULTIPLIER_MIN_INPUT_WIDTH_FOR_AUTO  ; 0             ; Untyped                                       ;
; DEDICATED_MULTIPLIER_MIN_OUTPUT_WIDTH_FOR_AUTO ; 0             ; Untyped                                       ;
; CBXI_PARAMETER                                 ; NOTHING       ; Untyped                                       ;
; INPUT_A_FIXED_VALUE                            ; Bx            ; Untyped                                       ;
; INPUT_B_FIXED_VALUE                            ; Bx            ; Untyped                                       ;
; USE_AHDL_IMPLEMENTATION                        ; OFF           ; Untyped                                       ;
+------------------------------------------------+---------------+-----------------------------------------------+
Note: In order to hide this table in the UI and the text report file, please set the "Show Parameter Settings in Synthesis Report" option in "Analysis and Synthesis Settings -> More Settings" to "Off".


+----------------------------------------------------------------------------------------------------------------+
; Parameter Settings for Inferred Entity Instance: eco_nn_top:uut|neuron:hidden_layer[0].h_neuron|lpm_mult:Mult0 ;
+------------------------------------------------+---------------+-----------------------------------------------+
; Parameter Name                                 ; Value         ; Type                                          ;
+------------------------------------------------+---------------+-----------------------------------------------+
; AUTO_CARRY_CHAINS                              ; ON            ; AUTO_CARRY                                    ;
; IGNORE_CARRY_BUFFERS                           ; OFF           ; IGNORE_CARRY                                  ;
; AUTO_CASCADE_CHAINS                            ; ON            ; AUTO_CASCADE                                  ;
; IGNORE_CASCADE_BUFFERS                         ; OFF           ; IGNORE_CASCADE                                ;
; LPM_WIDTHA                                     ; 8             ; Untyped                                       ;
; LPM_WIDTHB                                     ; 4             ; Untyped                                       ;
; LPM_WIDTHP                                     ; 12            ; Untyped                                       ;
; LPM_WIDTHR                                     ; 12            ; Untyped                                       ;
; LPM_WIDTHS                                     ; 1             ; Untyped                                       ;
; LPM_REPRESENTATION                             ; SIGNED        ; Untyped                                       ;
; LPM_PIPELINE                                   ; 0             ; Untyped                                       ;
; LATENCY                                        ; 0             ; Untyped                                       ;
; INPUT_A_IS_CONSTANT                            ; NO            ; Untyped                                       ;
; INPUT_B_IS_CONSTANT                            ; YES           ; Untyped                                       ;
; USE_EAB                                        ; OFF           ; Untyped                                       ;
; MAXIMIZE_SPEED                                 ; 5             ; Untyped                                       ;
; DEVICE_FAMILY                                  ; Cyclone 10 LP ; Untyped                                       ;
; CARRY_CHAIN                                    ; MANUAL        ; Untyped                                       ;
; APEX20K_TECHNOLOGY_MAPPER                      ; LUT           ; TECH_MAPPER_APEX20K                           ;
; DEDICATED_MULTIPLIER_CIRCUITRY                 ; AUTO          ; Untyped                                       ;
; DEDICATED_MULTIPLIER_MIN_INPUT_WIDTH_FOR_AUTO  ; 0             ; Untyped                                       ;
; DEDICATED_MULTIPLIER_MIN_OUTPUT_WIDTH_FOR_AUTO ; 0             ; Untyped                                       ;
; CBXI_PARAMETER                                 ; NOTHING       ; Untyped                                       ;
; INPUT_A_FIXED_VALUE                            ; Bx            ; Untyped                                       ;
; INPUT_B_FIXED_VALUE                            ; Bx            ; Untyped                                       ;
; USE_AHDL_IMPLEMENTATION                        ; OFF           ; Untyped                                       ;
+------------------------------------------------+---------------+-----------------------------------------------+
Note: In order to hide this table in the UI and the text report file, please set the "Show Parameter Settings in Synthesis Report" option in "Analysis and Synthesis Settings -> More Settings" to "Off".


+----------------------------------------------------------------------------------------------------------------+
; Parameter Settings for Inferred Entity Instance: eco_nn_top:uut|neuron:hidden_layer[0].h_neuron|lpm_mult:Mult4 ;
+------------------------------------------------+---------------+-----------------------------------------------+
; Parameter Name                                 ; Value         ; Type                                          ;
+------------------------------------------------+---------------+-----------------------------------------------+
; AUTO_CARRY_CHAINS                              ; ON            ; AUTO_CARRY                                    ;
; IGNORE_CARRY_BUFFERS                           ; OFF           ; IGNORE_CARRY                                  ;
; AUTO_CASCADE_CHAINS                            ; ON            ; AUTO_CASCADE                                  ;
; IGNORE_CASCADE_BUFFERS                         ; OFF           ; IGNORE_CASCADE                                ;
; LPM_WIDTHA                                     ; 8             ; Untyped                                       ;
; LPM_WIDTHB                                     ; 1             ; Untyped                                       ;
; LPM_WIDTHP                                     ; 9             ; Untyped                                       ;
; LPM_WIDTHR                                     ; 9             ; Untyped                                       ;
; LPM_WIDTHS                                     ; 1             ; Untyped                                       ;
; LPM_REPRESENTATION                             ; SIGNED        ; Untyped                                       ;
; LPM_PIPELINE                                   ; 0             ; Untyped                                       ;
; LATENCY                                        ; 0             ; Untyped                                       ;
; INPUT_A_IS_CONSTANT                            ; NO            ; Untyped                                       ;
; INPUT_B_IS_CONSTANT                            ; YES           ; Untyped                                       ;
; USE_EAB                                        ; OFF           ; Untyped                                       ;
; MAXIMIZE_SPEED                                 ; 5             ; Untyped                                       ;
; DEVICE_FAMILY                                  ; Cyclone 10 LP ; Untyped                                       ;
; CARRY_CHAIN                                    ; MANUAL        ; Untyped                                       ;
; APEX20K_TECHNOLOGY_MAPPER                      ; LUT           ; TECH_MAPPER_APEX20K                           ;
; DEDICATED_MULTIPLIER_CIRCUITRY                 ; AUTO          ; Untyped                                       ;
; DEDICATED_MULTIPLIER_MIN_INPUT_WIDTH_FOR_AUTO  ; 0             ; Untyped                                       ;
; DEDICATED_MULTIPLIER_MIN_OUTPUT_WIDTH_FOR_AUTO ; 0             ; Untyped                                       ;
; CBXI_PARAMETER                                 ; NOTHING       ; Untyped                                       ;
; INPUT_A_FIXED_VALUE                            ; Bx            ; Untyped                                       ;
; INPUT_B_FIXED_VALUE                            ; Bx            ; Untyped                                       ;
; USE_AHDL_IMPLEMENTATION                        ; OFF           ; Untyped                                       ;
+------------------------------------------------+---------------+-----------------------------------------------+
Note: In order to hide this table in the UI and the text report file, please set the "Show Parameter Settings in Synthesis Report" option in "Analysis and Synthesis Settings -> More Settings" to "Off".


+----------------------------------------------------------------------------------------------------------------+
; Parameter Settings for Inferred Entity Instance: eco_nn_top:uut|neuron:hidden_layer[1].h_neuron|lpm_mult:Mult5 ;
+------------------------------------------------+---------------+-----------------------------------------------+
; Parameter Name                                 ; Value         ; Type                                          ;
+------------------------------------------------+---------------+-----------------------------------------------+
; AUTO_CARRY_CHAINS                              ; ON            ; AUTO_CARRY                                    ;
; IGNORE_CARRY_BUFFERS                           ; OFF           ; IGNORE_CARRY                                  ;
; AUTO_CASCADE_CHAINS                            ; ON            ; AUTO_CASCADE                                  ;
; IGNORE_CASCADE_BUFFERS                         ; OFF           ; IGNORE_CASCADE                                ;
; LPM_WIDTHA                                     ; 8             ; Untyped                                       ;
; LPM_WIDTHB                                     ; 4             ; Untyped                                       ;
; LPM_WIDTHP                                     ; 12            ; Untyped                                       ;
; LPM_WIDTHR                                     ; 12            ; Untyped                                       ;
; LPM_WIDTHS                                     ; 1             ; Untyped                                       ;
; LPM_REPRESENTATION                             ; SIGNED        ; Untyped                                       ;
; LPM_PIPELINE                                   ; 0             ; Untyped                                       ;
; LATENCY                                        ; 0             ; Untyped                                       ;
; INPUT_A_IS_CONSTANT                            ; NO            ; Untyped                                       ;
; INPUT_B_IS_CONSTANT                            ; YES           ; Untyped                                       ;
; USE_EAB                                        ; OFF           ; Untyped                                       ;
; MAXIMIZE_SPEED                                 ; 5             ; Untyped                                       ;
; DEVICE_FAMILY                                  ; Cyclone 10 LP ; Untyped                                       ;
; CARRY_CHAIN                                    ; MANUAL        ; Untyped                                       ;
; APEX20K_TECHNOLOGY_MAPPER                      ; LUT           ; TECH_MAPPER_APEX20K                           ;
; DEDICATED_MULTIPLIER_CIRCUITRY                 ; AUTO          ; Untyped                                       ;
; DEDICATED_MULTIPLIER_MIN_INPUT_WIDTH_FOR_AUTO  ; 0             ; Untyped                                       ;
; DEDICATED_MULTIPLIER_MIN_OUTPUT_WIDTH_FOR_AUTO ; 0             ; Untyped                                       ;
; CBXI_PARAMETER                                 ; NOTHING       ; Untyped                                       ;
; INPUT_A_FIXED_VALUE                            ; Bx            ; Untyped                                       ;
; INPUT_B_FIXED_VALUE                            ; Bx            ; Untyped                                       ;
; USE_AHDL_IMPLEMENTATION                        ; OFF           ; Untyped                                       ;
+------------------------------------------------+---------------+-----------------------------------------------+
Note: In order to hide this table in the UI and the text report file, please set the "Show Parameter Settings in Synthesis Report" option in "Analysis and Synthesis Settings -> More Settings" to "Off".


+-----------------------------------------------------------------------------+
; altpll Parameter Settings by Entity Instance                                ;
+-------------------------------+---------------------------------------------+
; Name                          ; Value                                       ;
+-------------------------------+---------------------------------------------+
; Number of entity instances    ; 1                                           ;
; Entity Instance               ; SYSTEM_PLL:PLL_inst|altpll:altpll_component ;
;     -- OPERATION_MODE         ; NORMAL                                      ;
;     -- PLL_TYPE               ; AUTO                                        ;
;     -- PRIMARY_CLOCK          ; INCLK0                                      ;
;     -- INCLK0_INPUT_FREQUENCY ; 20833                                       ;
;     -- INCLK1_INPUT_FREQUENCY ; 0                                           ;
;     -- VCO_MULTIPLY_BY        ; 0                                           ;
;     -- VCO_DIVIDE_BY          ; 0                                           ;
+-------------------------------+---------------------------------------------+


+------------------------------------------------------------------------------------------------------------+
; lpm_mult Parameter Settings by Entity Instance                                                             ;
+---------------------------------------+--------------------------------------------------------------------+
; Name                                  ; Value                                                              ;
+---------------------------------------+--------------------------------------------------------------------+
; Number of entity instances            ; 76                                                                 ;
; Entity Instance                       ; eco_nn_top:uut|neuron:output_layer[0].final_neuron|lpm_mult:Mult15 ;
;     -- LPM_WIDTHA                     ; 8                                                                  ;
;     -- LPM_WIDTHB                     ; 4                                                                  ;
;     -- LPM_WIDTHP                     ; 12                                                                 ;
;     -- LPM_REPRESENTATION             ; SIGNED                                                             ;
;     -- INPUT_A_IS_CONSTANT            ; NO                                                                 ;
;     -- INPUT_B_IS_CONSTANT            ; YES                                                                ;
;     -- USE_EAB                        ; OFF                                                                ;
;     -- DEDICATED_MULTIPLIER_CIRCUITRY ; AUTO                                                               ;
;     -- INPUT_A_FIXED_VALUE            ; Bx                                                                 ;
;     -- INPUT_B_FIXED_VALUE            ; Bx                                                                 ;
; Entity Instance                       ; eco_nn_top:uut|neuron:output_layer[0].final_neuron|lpm_mult:Mult2  ;
;     -- LPM_WIDTHA                     ; 8                                                                  ;
;     -- LPM_WIDTHB                     ; 4                                                                  ;
;     -- LPM_WIDTHP                     ; 12                                                                 ;
;     -- LPM_REPRESENTATION             ; SIGNED                                                             ;
;     -- INPUT_A_IS_CONSTANT            ; NO                                                                 ;
;     -- INPUT_B_IS_CONSTANT            ; YES                                                                ;
;     -- USE_EAB                        ; OFF                                                                ;
;     -- DEDICATED_MULTIPLIER_CIRCUITRY ; AUTO                                                               ;
;     -- INPUT_A_FIXED_VALUE            ; Bx                                                                 ;
;     -- INPUT_B_FIXED_VALUE            ; Bx                                                                 ;
; Entity Instance                       ; eco_nn_top:uut|neuron:output_layer[0].final_neuron|lpm_mult:Mult14 ;
;     -- LPM_WIDTHA                     ; 8                                                                  ;
;     -- LPM_WIDTHB                     ; 5                                                                  ;
;     -- LPM_WIDTHP                     ; 13                                                                 ;
;     -- LPM_REPRESENTATION             ; SIGNED                                                             ;
;     -- INPUT_A_IS_CONSTANT            ; NO                                                                 ;
;     -- INPUT_B_IS_CONSTANT            ; YES                                                                ;
;     -- USE_EAB                        ; OFF                                                                ;
;     -- DEDICATED_MULTIPLIER_CIRCUITRY ; AUTO                                                               ;
;     -- INPUT_A_FIXED_VALUE            ; Bx                                                                 ;
;     -- INPUT_B_FIXED_VALUE            ; Bx                                                                 ;
; Entity Instance                       ; eco_nn_top:uut|neuron:output_layer[0].final_neuron|lpm_mult:Mult11 ;
;     -- LPM_WIDTHA                     ; 8                                                                  ;
;     -- LPM_WIDTHB                     ; 2                                                                  ;
;     -- LPM_WIDTHP                     ; 10                                                                 ;
;     -- LPM_REPRESENTATION             ; SIGNED                                                             ;
;     -- INPUT_A_IS_CONSTANT            ; NO                                                                 ;
;     -- INPUT_B_IS_CONSTANT            ; YES                                                                ;
;     -- USE_EAB                        ; OFF                                                                ;
;     -- DEDICATED_MULTIPLIER_CIRCUITRY ; AUTO                                                               ;
;     -- INPUT_A_FIXED_VALUE            ; Bx                                                                 ;
;     -- INPUT_B_FIXED_VALUE            ; Bx                                                                 ;
; Entity Instance                       ; eco_nn_top:uut|neuron:output_layer[1].final_neuron|lpm_mult:Mult5  ;
;     -- LPM_WIDTHA                     ; 8                                                                  ;
;     -- LPM_WIDTHB                     ; 4                                                                  ;
;     -- LPM_WIDTHP                     ; 12                                                                 ;
;     -- LPM_REPRESENTATION             ; SIGNED                                                             ;
;     -- INPUT_A_IS_CONSTANT            ; NO                                                                 ;
;     -- INPUT_B_IS_CONSTANT            ; YES                                                                ;
;     -- USE_EAB                        ; OFF                                                                ;
;     -- DEDICATED_MULTIPLIER_CIRCUITRY ; AUTO                                                               ;
;     -- INPUT_A_FIXED_VALUE            ; Bx                                                                 ;
;     -- INPUT_B_FIXED_VALUE            ; Bx                                                                 ;
; Entity Instance                       ; eco_nn_top:uut|neuron:output_layer[1].final_neuron|lpm_mult:Mult7  ;
;     -- LPM_WIDTHA                     ; 8                                                                  ;
;     -- LPM_WIDTHB                     ; 4                                                                  ;
;     -- LPM_WIDTHP                     ; 12                                                                 ;
;     -- LPM_REPRESENTATION             ; SIGNED                                                             ;
;     -- INPUT_A_IS_CONSTANT            ; NO                                                                 ;
;     -- INPUT_B_IS_CONSTANT            ; YES                                                                ;
;     -- USE_EAB                        ; OFF                                                                ;
;     -- DEDICATED_MULTIPLIER_CIRCUITRY ; AUTO                                                               ;
;     -- INPUT_A_FIXED_VALUE            ; Bx                                                                 ;
;     -- INPUT_B_FIXED_VALUE            ; Bx                                                                 ;
; Entity Instance                       ; eco_nn_top:uut|neuron:output_layer[1].final_neuron|lpm_mult:Mult8  ;
;     -- LPM_WIDTHA                     ; 8                                                                  ;
;     -- LPM_WIDTHB                     ; 4                                                                  ;
;     -- LPM_WIDTHP                     ; 12                                                                 ;
;     -- LPM_REPRESENTATION             ; SIGNED                                                             ;
;     -- INPUT_A_IS_CONSTANT            ; NO                                                                 ;
;     -- INPUT_B_IS_CONSTANT            ; YES                                                                ;
;     -- USE_EAB                        ; OFF                                                                ;
;     -- DEDICATED_MULTIPLIER_CIRCUITRY ; AUTO                                                               ;
;     -- INPUT_A_FIXED_VALUE            ; Bx                                                                 ;
;     -- INPUT_B_FIXED_VALUE            ; Bx                                                                 ;
; Entity Instance                       ; eco_nn_top:uut|neuron:output_layer[1].final_neuron|lpm_mult:Mult10 ;
;     -- LPM_WIDTHA                     ; 8                                                                  ;
;     -- LPM_WIDTHB                     ; 4                                                                  ;
;     -- LPM_WIDTHP                     ; 12                                                                 ;
;     -- LPM_REPRESENTATION             ; SIGNED                                                             ;
;     -- INPUT_A_IS_CONSTANT            ; NO                                                                 ;
;     -- INPUT_B_IS_CONSTANT            ; YES                                                                ;
;     -- USE_EAB                        ; OFF                                                                ;
;     -- DEDICATED_MULTIPLIER_CIRCUITRY ; AUTO                                                               ;
;     -- INPUT_A_FIXED_VALUE            ; Bx                                                                 ;
;     -- INPUT_B_FIXED_VALUE            ; Bx                                                                 ;
; Entity Instance                       ; eco_nn_top:uut|neuron:output_layer[1].final_neuron|lpm_mult:Mult13 ;
;     -- LPM_WIDTHA                     ; 8                                                                  ;
;     -- LPM_WIDTHB                     ; 4                                                                  ;
;     -- LPM_WIDTHP                     ; 12                                                                 ;
;     -- LPM_REPRESENTATION             ; SIGNED                                                             ;
;     -- INPUT_A_IS_CONSTANT            ; NO                                                                 ;
;     -- INPUT_B_IS_CONSTANT            ; YES                                                                ;
;     -- USE_EAB                        ; OFF                                                                ;
;     -- DEDICATED_MULTIPLIER_CIRCUITRY ; AUTO                                                               ;
;     -- INPUT_A_FIXED_VALUE            ; Bx                                                                 ;
;     -- INPUT_B_FIXED_VALUE            ; Bx                                                                 ;
; Entity Instance                       ; eco_nn_top:uut|neuron:output_layer[1].final_neuron|lpm_mult:Mult14 ;
;     -- LPM_WIDTHA                     ; 8                                                                  ;
;     -- LPM_WIDTHB                     ; 4                                                                  ;
;     -- LPM_WIDTHP                     ; 12                                                                 ;
;     -- LPM_REPRESENTATION             ; SIGNED                                                             ;
;     -- INPUT_A_IS_CONSTANT            ; NO                                                                 ;
;     -- INPUT_B_IS_CONSTANT            ; YES                                                                ;
;     -- USE_EAB                        ; OFF                                                                ;
;     -- DEDICATED_MULTIPLIER_CIRCUITRY ; AUTO                                                               ;
;     -- INPUT_A_FIXED_VALUE            ; Bx                                                                 ;
;     -- INPUT_B_FIXED_VALUE            ; Bx                                                                 ;
; Entity Instance                       ; eco_nn_top:uut|neuron:output_layer[1].final_neuron|lpm_mult:Mult3  ;
;     -- LPM_WIDTHA                     ; 8                                                                  ;
;     -- LPM_WIDTHB                     ; 4                                                                  ;
;     -- LPM_WIDTHP                     ; 12                                                                 ;
;     -- LPM_REPRESENTATION             ; SIGNED                                                             ;
;     -- INPUT_A_IS_CONSTANT            ; NO                                                                 ;
;     -- INPUT_B_IS_CONSTANT            ; YES                                                                ;
;     -- USE_EAB                        ; OFF                                                                ;
;     -- DEDICATED_MULTIPLIER_CIRCUITRY ; AUTO                                                               ;
;     -- INPUT_A_FIXED_VALUE            ; Bx                                                                 ;
;     -- INPUT_B_FIXED_VALUE            ; Bx                                                                 ;
; Entity Instance                       ; eco_nn_top:uut|neuron:output_layer[1].final_neuron|lpm_mult:Mult4  ;
;     -- LPM_WIDTHA                     ; 8                                                                  ;
;     -- LPM_WIDTHB                     ; 3                                                                  ;
;     -- LPM_WIDTHP                     ; 11                                                                 ;
;     -- LPM_REPRESENTATION             ; SIGNED                                                             ;
;     -- INPUT_A_IS_CONSTANT            ; NO                                                                 ;
;     -- INPUT_B_IS_CONSTANT            ; YES                                                                ;
;     -- USE_EAB                        ; OFF                                                                ;
;     -- DEDICATED_MULTIPLIER_CIRCUITRY ; AUTO                                                               ;
;     -- INPUT_A_FIXED_VALUE            ; Bx                                                                 ;
;     -- INPUT_B_FIXED_VALUE            ; Bx                                                                 ;
; Entity Instance                       ; eco_nn_top:uut|neuron:output_layer[1].final_neuron|lpm_mult:Mult0  ;
;     -- LPM_WIDTHA                     ; 8                                                                  ;
;     -- LPM_WIDTHB                     ; 4                                                                  ;
;     -- LPM_WIDTHP                     ; 12                                                                 ;
;     -- LPM_REPRESENTATION             ; SIGNED                                                             ;
;     -- INPUT_A_IS_CONSTANT            ; NO                                                                 ;
;     -- INPUT_B_IS_CONSTANT            ; YES                                                                ;
;     -- USE_EAB                        ; OFF                                                                ;
;     -- DEDICATED_MULTIPLIER_CIRCUITRY ; AUTO                                                               ;
;     -- INPUT_A_FIXED_VALUE            ; Bx                                                                 ;
;     -- INPUT_B_FIXED_VALUE            ; Bx                                                                 ;
; Entity Instance                       ; eco_nn_top:uut|neuron:output_layer[1].final_neuron|lpm_mult:Mult1  ;
;     -- LPM_WIDTHA                     ; 8                                                                  ;
;     -- LPM_WIDTHB                     ; 4                                                                  ;
;     -- LPM_WIDTHP                     ; 12                                                                 ;
;     -- LPM_REPRESENTATION             ; SIGNED                                                             ;
;     -- INPUT_A_IS_CONSTANT            ; NO                                                                 ;
;     -- INPUT_B_IS_CONSTANT            ; YES                                                                ;
;     -- USE_EAB                        ; OFF                                                                ;
;     -- DEDICATED_MULTIPLIER_CIRCUITRY ; AUTO                                                               ;
;     -- INPUT_A_FIXED_VALUE            ; Bx                                                                 ;
;     -- INPUT_B_FIXED_VALUE            ; Bx                                                                 ;
; Entity Instance                       ; eco_nn_top:uut|neuron:output_layer[0].final_neuron|lpm_mult:Mult0  ;
;     -- LPM_WIDTHA                     ; 8                                                                  ;
;     -- LPM_WIDTHB                     ; 4                                                                  ;
;     -- LPM_WIDTHP                     ; 12                                                                 ;
;     -- LPM_REPRESENTATION             ; SIGNED                                                             ;
;     -- INPUT_A_IS_CONSTANT            ; NO                                                                 ;
;     -- INPUT_B_IS_CONSTANT            ; YES                                                                ;
;     -- USE_EAB                        ; OFF                                                                ;
;     -- DEDICATED_MULTIPLIER_CIRCUITRY ; AUTO                                                               ;
;     -- INPUT_A_FIXED_VALUE            ; Bx                                                                 ;
;     -- INPUT_B_FIXED_VALUE            ; Bx                                                                 ;
; Entity Instance                       ; eco_nn_top:uut|neuron:output_layer[0].final_neuron|lpm_mult:Mult1  ;
;     -- LPM_WIDTHA                     ; 8                                                                  ;
;     -- LPM_WIDTHB                     ; 5                                                                  ;
;     -- LPM_WIDTHP                     ; 13                                                                 ;
;     -- LPM_REPRESENTATION             ; SIGNED                                                             ;
;     -- INPUT_A_IS_CONSTANT            ; NO                                                                 ;
;     -- INPUT_B_IS_CONSTANT            ; YES                                                                ;
;     -- USE_EAB                        ; OFF                                                                ;
;     -- DEDICATED_MULTIPLIER_CIRCUITRY ; AUTO                                                               ;
;     -- INPUT_A_FIXED_VALUE            ; Bx                                                                 ;
;     -- INPUT_B_FIXED_VALUE            ; Bx                                                                 ;
; Entity Instance                       ; eco_nn_top:uut|neuron:output_layer[0].final_neuron|lpm_mult:Mult3  ;
;     -- LPM_WIDTHA                     ; 8                                                                  ;
;     -- LPM_WIDTHB                     ; 4                                                                  ;
;     -- LPM_WIDTHP                     ; 12                                                                 ;
;     -- LPM_REPRESENTATION             ; SIGNED                                                             ;
;     -- INPUT_A_IS_CONSTANT            ; NO                                                                 ;
;     -- INPUT_B_IS_CONSTANT            ; YES                                                                ;
;     -- USE_EAB                        ; OFF                                                                ;
;     -- DEDICATED_MULTIPLIER_CIRCUITRY ; AUTO                                                               ;
;     -- INPUT_A_FIXED_VALUE            ; Bx                                                                 ;
;     -- INPUT_B_FIXED_VALUE            ; Bx                                                                 ;
; Entity Instance                       ; eco_nn_top:uut|neuron:output_layer[0].final_neuron|lpm_mult:Mult7  ;
;     -- LPM_WIDTHA                     ; 8                                                                  ;
;     -- LPM_WIDTHB                     ; 4                                                                  ;
;     -- LPM_WIDTHP                     ; 12                                                                 ;
;     -- LPM_REPRESENTATION             ; SIGNED                                                             ;
;     -- INPUT_A_IS_CONSTANT            ; NO                                                                 ;
;     -- INPUT_B_IS_CONSTANT            ; YES                                                                ;
;     -- USE_EAB                        ; OFF                                                                ;
;     -- DEDICATED_MULTIPLIER_CIRCUITRY ; AUTO                                                               ;
;     -- INPUT_A_FIXED_VALUE            ; Bx                                                                 ;
;     -- INPUT_B_FIXED_VALUE            ; Bx                                                                 ;
; Entity Instance                       ; eco_nn_top:uut|neuron:output_layer[0].final_neuron|lpm_mult:Mult8  ;
;     -- LPM_WIDTHA                     ; 8                                                                  ;
;     -- LPM_WIDTHB                     ; 4                                                                  ;
;     -- LPM_WIDTHP                     ; 12                                                                 ;
;     -- LPM_REPRESENTATION             ; SIGNED                                                             ;
;     -- INPUT_A_IS_CONSTANT            ; NO                                                                 ;
;     -- INPUT_B_IS_CONSTANT            ; YES                                                                ;
;     -- USE_EAB                        ; OFF                                                                ;
;     -- DEDICATED_MULTIPLIER_CIRCUITRY ; AUTO                                                               ;
;     -- INPUT_A_FIXED_VALUE            ; Bx                                                                 ;
;     -- INPUT_B_FIXED_VALUE            ; Bx                                                                 ;
; Entity Instance                       ; eco_nn_top:uut|neuron:output_layer[0].final_neuron|lpm_mult:Mult9  ;
;     -- LPM_WIDTHA                     ; 8                                                                  ;
;     -- LPM_WIDTHB                     ; 2                                                                  ;
;     -- LPM_WIDTHP                     ; 10                                                                 ;
;     -- LPM_REPRESENTATION             ; SIGNED                                                             ;
;     -- INPUT_A_IS_CONSTANT            ; NO                                                                 ;
;     -- INPUT_B_IS_CONSTANT            ; YES                                                                ;
;     -- USE_EAB                        ; OFF                                                                ;
;     -- DEDICATED_MULTIPLIER_CIRCUITRY ; AUTO                                                               ;
;     -- INPUT_A_FIXED_VALUE            ; Bx                                                                 ;
;     -- INPUT_B_FIXED_VALUE            ; Bx                                                                 ;
; Entity Instance                       ; eco_nn_top:uut|neuron:hidden_layer[2].h_neuron|lpm_mult:Mult2      ;
;     -- LPM_WIDTHA                     ; 8                                                                  ;
;     -- LPM_WIDTHB                     ; 3                                                                  ;
;     -- LPM_WIDTHP                     ; 11                                                                 ;
;     -- LPM_REPRESENTATION             ; SIGNED                                                             ;
;     -- INPUT_A_IS_CONSTANT            ; NO                                                                 ;
;     -- INPUT_B_IS_CONSTANT            ; YES                                                                ;
;     -- USE_EAB                        ; OFF                                                                ;
;     -- DEDICATED_MULTIPLIER_CIRCUITRY ; AUTO                                                               ;
;     -- INPUT_A_FIXED_VALUE            ; Bx                                                                 ;
;     -- INPUT_B_FIXED_VALUE            ; Bx                                                                 ;
; Entity Instance                       ; eco_nn_top:uut|neuron:hidden_layer[0].h_neuron|lpm_mult:Mult6      ;
;     -- LPM_WIDTHA                     ; 8                                                                  ;
;     -- LPM_WIDTHB                     ; 1                                                                  ;
;     -- LPM_WIDTHP                     ; 9                                                                  ;
;     -- LPM_REPRESENTATION             ; SIGNED                                                             ;
;     -- INPUT_A_IS_CONSTANT            ; NO                                                                 ;
;     -- INPUT_B_IS_CONSTANT            ; YES                                                                ;
;     -- USE_EAB                        ; OFF                                                                ;
;     -- DEDICATED_MULTIPLIER_CIRCUITRY ; AUTO                                                               ;
;     -- INPUT_A_FIXED_VALUE            ; Bx                                                                 ;
;     -- INPUT_B_FIXED_VALUE            ; Bx                                                                 ;
; Entity Instance                       ; eco_nn_top:uut|neuron:hidden_layer[4].h_neuron|lpm_mult:Mult2      ;
;     -- LPM_WIDTHA                     ; 8                                                                  ;
;     -- LPM_WIDTHB                     ; 3                                                                  ;
;     -- LPM_WIDTHP                     ; 11                                                                 ;
;     -- LPM_REPRESENTATION             ; SIGNED                                                             ;
;     -- INPUT_A_IS_CONSTANT            ; NO                                                                 ;
;     -- INPUT_B_IS_CONSTANT            ; YES                                                                ;
;     -- USE_EAB                        ; OFF                                                                ;
;     -- DEDICATED_MULTIPLIER_CIRCUITRY ; AUTO                                                               ;
;     -- INPUT_A_FIXED_VALUE            ; Bx                                                                 ;
;     -- INPUT_B_FIXED_VALUE            ; Bx                                                                 ;
; Entity Instance                       ; eco_nn_top:uut|neuron:hidden_layer[15].h_neuron|lpm_mult:Mult3     ;
;     -- LPM_WIDTHA                     ; 8                                                                  ;
;     -- LPM_WIDTHB                     ; 3                                                                  ;
;     -- LPM_WIDTHP                     ; 11                                                                 ;
;     -- LPM_REPRESENTATION             ; SIGNED                                                             ;
;     -- INPUT_A_IS_CONSTANT            ; NO                                                                 ;
;     -- INPUT_B_IS_CONSTANT            ; YES                                                                ;
;     -- USE_EAB                        ; OFF                                                                ;
;     -- DEDICATED_MULTIPLIER_CIRCUITRY ; AUTO                                                               ;
;     -- INPUT_A_FIXED_VALUE            ; Bx                                                                 ;
;     -- INPUT_B_FIXED_VALUE            ; Bx                                                                 ;
; Entity Instance                       ; eco_nn_top:uut|neuron:hidden_layer[4].h_neuron|lpm_mult:Mult7      ;
;     -- LPM_WIDTHA                     ; 8                                                                  ;
;     -- LPM_WIDTHB                     ; 4                                                                  ;
;     -- LPM_WIDTHP                     ; 12                                                                 ;
;     -- LPM_REPRESENTATION             ; SIGNED                                                             ;
;     -- INPUT_A_IS_CONSTANT            ; NO                                                                 ;
;     -- INPUT_B_IS_CONSTANT            ; YES                                                                ;
;     -- USE_EAB                        ; OFF                                                                ;
;     -- DEDICATED_MULTIPLIER_CIRCUITRY ; AUTO                                                               ;
;     -- INPUT_A_FIXED_VALUE            ; Bx                                                                 ;
;     -- INPUT_B_FIXED_VALUE            ; Bx                                                                 ;
; Entity Instance                       ; eco_nn_top:uut|neuron:hidden_layer[14].h_neuron|lpm_mult:Mult6     ;
;     -- LPM_WIDTHA                     ; 8                                                                  ;
;     -- LPM_WIDTHB                     ; 2                                                                  ;
;     -- LPM_WIDTHP                     ; 10                                                                 ;
;     -- LPM_REPRESENTATION             ; SIGNED                                                             ;
;     -- INPUT_A_IS_CONSTANT            ; NO                                                                 ;
;     -- INPUT_B_IS_CONSTANT            ; YES                                                                ;
;     -- USE_EAB                        ; OFF                                                                ;
;     -- DEDICATED_MULTIPLIER_CIRCUITRY ; AUTO                                                               ;
;     -- INPUT_A_FIXED_VALUE            ; Bx                                                                 ;
;     -- INPUT_B_FIXED_VALUE            ; Bx                                                                 ;
; Entity Instance                       ; eco_nn_top:uut|neuron:hidden_layer[15].h_neuron|lpm_mult:Mult1     ;
;     -- LPM_WIDTHA                     ; 8                                                                  ;
;     -- LPM_WIDTHB                     ; 4                                                                  ;
;     -- LPM_WIDTHP                     ; 12                                                                 ;
;     -- LPM_REPRESENTATION             ; SIGNED                                                             ;
;     -- INPUT_A_IS_CONSTANT            ; NO                                                                 ;
;     -- INPUT_B_IS_CONSTANT            ; YES                                                                ;
;     -- USE_EAB                        ; OFF                                                                ;
;     -- DEDICATED_MULTIPLIER_CIRCUITRY ; AUTO                                                               ;
;     -- INPUT_A_FIXED_VALUE            ; Bx                                                                 ;
;     -- INPUT_B_FIXED_VALUE            ; Bx                                                                 ;
; Entity Instance                       ; eco_nn_top:uut|neuron:hidden_layer[0].h_neuron|lpm_mult:Mult5      ;
;     -- LPM_WIDTHA                     ; 8                                                                  ;
;     -- LPM_WIDTHB                     ; 1                                                                  ;
;     -- LPM_WIDTHP                     ; 9                                                                  ;
;     -- LPM_REPRESENTATION             ; SIGNED                                                             ;
;     -- INPUT_A_IS_CONSTANT            ; NO                                                                 ;
;     -- INPUT_B_IS_CONSTANT            ; YES                                                                ;
;     -- USE_EAB                        ; OFF                                                                ;
;     -- DEDICATED_MULTIPLIER_CIRCUITRY ; AUTO                                                               ;
;     -- INPUT_A_FIXED_VALUE            ; Bx                                                                 ;
;     -- INPUT_B_FIXED_VALUE            ; Bx                                                                 ;
; Entity Instance                       ; eco_nn_top:uut|neuron:hidden_layer[13].h_neuron|lpm_mult:Mult3     ;
;     -- LPM_WIDTHA                     ; 8                                                                  ;
;     -- LPM_WIDTHB                     ; 4                                                                  ;
;     -- LPM_WIDTHP                     ; 12                                                                 ;
;     -- LPM_REPRESENTATION             ; SIGNED                                                             ;
;     -- INPUT_A_IS_CONSTANT            ; NO                                                                 ;
;     -- INPUT_B_IS_CONSTANT            ; YES                                                                ;
;     -- USE_EAB                        ; OFF                                                                ;
;     -- DEDICATED_MULTIPLIER_CIRCUITRY ; AUTO                                                               ;
;     -- INPUT_A_FIXED_VALUE            ; Bx                                                                 ;
;     -- INPUT_B_FIXED_VALUE            ; Bx                                                                 ;
; Entity Instance                       ; eco_nn_top:uut|neuron:hidden_layer[1].h_neuron|lpm_mult:Mult3      ;
;     -- LPM_WIDTHA                     ; 8                                                                  ;
;     -- LPM_WIDTHB                     ; 4                                                                  ;
;     -- LPM_WIDTHP                     ; 12                                                                 ;
;     -- LPM_REPRESENTATION             ; SIGNED                                                             ;
;     -- INPUT_A_IS_CONSTANT            ; NO                                                                 ;
;     -- INPUT_B_IS_CONSTANT            ; YES                                                                ;
;     -- USE_EAB                        ; OFF                                                                ;
;     -- DEDICATED_MULTIPLIER_CIRCUITRY ; AUTO                                                               ;
;     -- INPUT_A_FIXED_VALUE            ; Bx                                                                 ;
;     -- INPUT_B_FIXED_VALUE            ; Bx                                                                 ;
; Entity Instance                       ; eco_nn_top:uut|neuron:hidden_layer[3].h_neuron|lpm_mult:Mult2      ;
;     -- LPM_WIDTHA                     ; 8                                                                  ;
;     -- LPM_WIDTHB                     ; 4                                                                  ;
;     -- LPM_WIDTHP                     ; 12                                                                 ;
;     -- LPM_REPRESENTATION             ; SIGNED                                                             ;
;     -- INPUT_A_IS_CONSTANT            ; NO                                                                 ;
;     -- INPUT_B_IS_CONSTANT            ; YES                                                                ;
;     -- USE_EAB                        ; OFF                                                                ;
;     -- DEDICATED_MULTIPLIER_CIRCUITRY ; AUTO                                                               ;
;     -- INPUT_A_FIXED_VALUE            ; Bx                                                                 ;
;     -- INPUT_B_FIXED_VALUE            ; Bx                                                                 ;
; Entity Instance                       ; eco_nn_top:uut|neuron:hidden_layer[11].h_neuron|lpm_mult:Mult7     ;
;     -- LPM_WIDTHA                     ; 8                                                                  ;
;     -- LPM_WIDTHB                     ; 3                                                                  ;
;     -- LPM_WIDTHP                     ; 11                                                                 ;
;     -- LPM_REPRESENTATION             ; SIGNED                                                             ;
;     -- INPUT_A_IS_CONSTANT            ; NO                                                                 ;
;     -- INPUT_B_IS_CONSTANT            ; YES                                                                ;
;     -- USE_EAB                        ; OFF                                                                ;
;     -- DEDICATED_MULTIPLIER_CIRCUITRY ; AUTO                                                               ;
;     -- INPUT_A_FIXED_VALUE            ; Bx                                                                 ;
;     -- INPUT_B_FIXED_VALUE            ; Bx                                                                 ;
; Entity Instance                       ; eco_nn_top:uut|neuron:hidden_layer[9].h_neuron|lpm_mult:Mult5      ;
;     -- LPM_WIDTHA                     ; 8                                                                  ;
;     -- LPM_WIDTHB                     ; 5                                                                  ;
;     -- LPM_WIDTHP                     ; 13                                                                 ;
;     -- LPM_REPRESENTATION             ; SIGNED                                                             ;
;     -- INPUT_A_IS_CONSTANT            ; NO                                                                 ;
;     -- INPUT_B_IS_CONSTANT            ; YES                                                                ;
;     -- USE_EAB                        ; OFF                                                                ;
;     -- DEDICATED_MULTIPLIER_CIRCUITRY ; AUTO                                                               ;
;     -- INPUT_A_FIXED_VALUE            ; Bx                                                                 ;
;     -- INPUT_B_FIXED_VALUE            ; Bx                                                                 ;
; Entity Instance                       ; eco_nn_top:uut|neuron:hidden_layer[1].h_neuron|lpm_mult:Mult6      ;
;     -- LPM_WIDTHA                     ; 8                                                                  ;
;     -- LPM_WIDTHB                     ; 3                                                                  ;
;     -- LPM_WIDTHP                     ; 11                                                                 ;
;     -- LPM_REPRESENTATION             ; SIGNED                                                             ;
;     -- INPUT_A_IS_CONSTANT            ; NO                                                                 ;
;     -- INPUT_B_IS_CONSTANT            ; YES                                                                ;
;     -- USE_EAB                        ; OFF                                                                ;
;     -- DEDICATED_MULTIPLIER_CIRCUITRY ; AUTO                                                               ;
;     -- INPUT_A_FIXED_VALUE            ; Bx                                                                 ;
;     -- INPUT_B_FIXED_VALUE            ; Bx                                                                 ;
; Entity Instance                       ; eco_nn_top:uut|neuron:hidden_layer[7].h_neuron|lpm_mult:Mult7      ;
;     -- LPM_WIDTHA                     ; 8                                                                  ;
;     -- LPM_WIDTHB                     ; 4                                                                  ;
;     -- LPM_WIDTHP                     ; 12                                                                 ;
;     -- LPM_REPRESENTATION             ; SIGNED                                                             ;
;     -- INPUT_A_IS_CONSTANT            ; NO                                                                 ;
;     -- INPUT_B_IS_CONSTANT            ; YES                                                                ;
;     -- USE_EAB                        ; OFF                                                                ;
;     -- DEDICATED_MULTIPLIER_CIRCUITRY ; AUTO                                                               ;
;     -- INPUT_A_FIXED_VALUE            ; Bx                                                                 ;
;     -- INPUT_B_FIXED_VALUE            ; Bx                                                                 ;
; Entity Instance                       ; eco_nn_top:uut|neuron:hidden_layer[9].h_neuron|lpm_mult:Mult6      ;
;     -- LPM_WIDTHA                     ; 8                                                                  ;
;     -- LPM_WIDTHB                     ; 4                                                                  ;
;     -- LPM_WIDTHP                     ; 12                                                                 ;
;     -- LPM_REPRESENTATION             ; SIGNED                                                             ;
;     -- INPUT_A_IS_CONSTANT            ; NO                                                                 ;
;     -- INPUT_B_IS_CONSTANT            ; YES                                                                ;
;     -- USE_EAB                        ; OFF                                                                ;
;     -- DEDICATED_MULTIPLIER_CIRCUITRY ; AUTO                                                               ;
;     -- INPUT_A_FIXED_VALUE            ; Bx                                                                 ;
;     -- INPUT_B_FIXED_VALUE            ; Bx                                                                 ;
; Entity Instance                       ; eco_nn_top:uut|neuron:hidden_layer[14].h_neuron|lpm_mult:Mult0     ;
;     -- LPM_WIDTHA                     ; 8                                                                  ;
;     -- LPM_WIDTHB                     ; 4                                                                  ;
;     -- LPM_WIDTHP                     ; 12                                                                 ;
;     -- LPM_REPRESENTATION             ; SIGNED                                                             ;
;     -- INPUT_A_IS_CONSTANT            ; NO                                                                 ;
;     -- INPUT_B_IS_CONSTANT            ; YES                                                                ;
;     -- USE_EAB                        ; OFF                                                                ;
;     -- DEDICATED_MULTIPLIER_CIRCUITRY ; AUTO                                                               ;
;     -- INPUT_A_FIXED_VALUE            ; Bx                                                                 ;
;     -- INPUT_B_FIXED_VALUE            ; Bx                                                                 ;
; Entity Instance                       ; eco_nn_top:uut|neuron:hidden_layer[0].h_neuron|lpm_mult:Mult1      ;
;     -- LPM_WIDTHA                     ; 8                                                                  ;
;     -- LPM_WIDTHB                     ; 3                                                                  ;
;     -- LPM_WIDTHP                     ; 11                                                                 ;
;     -- LPM_REPRESENTATION             ; SIGNED                                                             ;
;     -- INPUT_A_IS_CONSTANT            ; NO                                                                 ;
;     -- INPUT_B_IS_CONSTANT            ; YES                                                                ;
;     -- USE_EAB                        ; OFF                                                                ;
;     -- DEDICATED_MULTIPLIER_CIRCUITRY ; AUTO                                                               ;
;     -- INPUT_A_FIXED_VALUE            ; Bx                                                                 ;
;     -- INPUT_B_FIXED_VALUE            ; Bx                                                                 ;
; Entity Instance                       ; eco_nn_top:uut|neuron:hidden_layer[3].h_neuron|lpm_mult:Mult3      ;
;     -- LPM_WIDTHA                     ; 8                                                                  ;
;     -- LPM_WIDTHB                     ; 4                                                                  ;
;     -- LPM_WIDTHP                     ; 12                                                                 ;
;     -- LPM_REPRESENTATION             ; SIGNED                                                             ;
;     -- INPUT_A_IS_CONSTANT            ; NO                                                                 ;
;     -- INPUT_B_IS_CONSTANT            ; YES                                                                ;
;     -- USE_EAB                        ; OFF                                                                ;
;     -- DEDICATED_MULTIPLIER_CIRCUITRY ; AUTO                                                               ;
;     -- INPUT_A_FIXED_VALUE            ; Bx                                                                 ;
;     -- INPUT_B_FIXED_VALUE            ; Bx                                                                 ;
; Entity Instance                       ; eco_nn_top:uut|neuron:hidden_layer[0].h_neuron|lpm_mult:Mult2      ;
;     -- LPM_WIDTHA                     ; 8                                                                  ;
;     -- LPM_WIDTHB                     ; 5                                                                  ;
;     -- LPM_WIDTHP                     ; 13                                                                 ;
;     -- LPM_REPRESENTATION             ; SIGNED                                                             ;
;     -- INPUT_A_IS_CONSTANT            ; NO                                                                 ;
;     -- INPUT_B_IS_CONSTANT            ; YES                                                                ;
;     -- USE_EAB                        ; OFF                                                                ;
;     -- DEDICATED_MULTIPLIER_CIRCUITRY ; AUTO                                                               ;
;     -- INPUT_A_FIXED_VALUE            ; Bx                                                                 ;
;     -- INPUT_B_FIXED_VALUE            ; Bx                                                                 ;
; Entity Instance                       ; eco_nn_top:uut|neuron:hidden_layer[0].h_neuron|lpm_mult:Mult7      ;
;     -- LPM_WIDTHA                     ; 8                                                                  ;
;     -- LPM_WIDTHB                     ; 2                                                                  ;
;     -- LPM_WIDTHP                     ; 10                                                                 ;
;     -- LPM_REPRESENTATION             ; SIGNED                                                             ;
;     -- INPUT_A_IS_CONSTANT            ; NO                                                                 ;
;     -- INPUT_B_IS_CONSTANT            ; YES                                                                ;
;     -- USE_EAB                        ; OFF                                                                ;
;     -- DEDICATED_MULTIPLIER_CIRCUITRY ; AUTO                                                               ;
;     -- INPUT_A_FIXED_VALUE            ; Bx                                                                 ;
;     -- INPUT_B_FIXED_VALUE            ; Bx                                                                 ;
; Entity Instance                       ; eco_nn_top:uut|neuron:hidden_layer[1].h_neuron|lpm_mult:Mult7      ;
;     -- LPM_WIDTHA                     ; 8                                                                  ;
;     -- LPM_WIDTHB                     ; 3                                                                  ;
;     -- LPM_WIDTHP                     ; 11                                                                 ;
;     -- LPM_REPRESENTATION             ; SIGNED                                                             ;
;     -- INPUT_A_IS_CONSTANT            ; NO                                                                 ;
;     -- INPUT_B_IS_CONSTANT            ; YES                                                                ;
;     -- USE_EAB                        ; OFF                                                                ;
;     -- DEDICATED_MULTIPLIER_CIRCUITRY ; AUTO                                                               ;
;     -- INPUT_A_FIXED_VALUE            ; Bx                                                                 ;
;     -- INPUT_B_FIXED_VALUE            ; Bx                                                                 ;
; Entity Instance                       ; eco_nn_top:uut|neuron:hidden_layer[1].h_neuron|lpm_mult:Mult2      ;
;     -- LPM_WIDTHA                     ; 8                                                                  ;
;     -- LPM_WIDTHB                     ; 2                                                                  ;
;     -- LPM_WIDTHP                     ; 10                                                                 ;
;     -- LPM_REPRESENTATION             ; SIGNED                                                             ;
;     -- INPUT_A_IS_CONSTANT            ; NO                                                                 ;
;     -- INPUT_B_IS_CONSTANT            ; YES                                                                ;
;     -- USE_EAB                        ; OFF                                                                ;
;     -- DEDICATED_MULTIPLIER_CIRCUITRY ; AUTO                                                               ;
;     -- INPUT_A_FIXED_VALUE            ; Bx                                                                 ;
;     -- INPUT_B_FIXED_VALUE            ; Bx                                                                 ;
; Entity Instance                       ; eco_nn_top:uut|neuron:hidden_layer[2].h_neuron|lpm_mult:Mult0      ;
;     -- LPM_WIDTHA                     ; 8                                                                  ;
;     -- LPM_WIDTHB                     ; 4                                                                  ;
;     -- LPM_WIDTHP                     ; 12                                                                 ;
;     -- LPM_REPRESENTATION             ; SIGNED                                                             ;
;     -- INPUT_A_IS_CONSTANT            ; NO                                                                 ;
;     -- INPUT_B_IS_CONSTANT            ; YES                                                                ;
;     -- USE_EAB                        ; OFF                                                                ;
;     -- DEDICATED_MULTIPLIER_CIRCUITRY ; AUTO                                                               ;
;     -- INPUT_A_FIXED_VALUE            ; Bx                                                                 ;
;     -- INPUT_B_FIXED_VALUE            ; Bx                                                                 ;
; Entity Instance                       ; eco_nn_top:uut|neuron:hidden_layer[3].h_neuron|lpm_mult:Mult1      ;
;     -- LPM_WIDTHA                     ; 8                                                                  ;
;     -- LPM_WIDTHB                     ; 4                                                                  ;
;     -- LPM_WIDTHP                     ; 12                                                                 ;
;     -- LPM_REPRESENTATION             ; SIGNED                                                             ;
;     -- INPUT_A_IS_CONSTANT            ; NO                                                                 ;
;     -- INPUT_B_IS_CONSTANT            ; YES                                                                ;
;     -- USE_EAB                        ; OFF                                                                ;
;     -- DEDICATED_MULTIPLIER_CIRCUITRY ; AUTO                                                               ;
;     -- INPUT_A_FIXED_VALUE            ; Bx                                                                 ;
;     -- INPUT_B_FIXED_VALUE            ; Bx                                                                 ;
; Entity Instance                       ; eco_nn_top:uut|neuron:hidden_layer[8].h_neuron|lpm_mult:Mult4      ;
;     -- LPM_WIDTHA                     ; 8                                                                  ;
;     -- LPM_WIDTHB                     ; 2                                                                  ;
;     -- LPM_WIDTHP                     ; 10                                                                 ;
;     -- LPM_REPRESENTATION             ; SIGNED                                                             ;
;     -- INPUT_A_IS_CONSTANT            ; NO                                                                 ;
;     -- INPUT_B_IS_CONSTANT            ; YES                                                                ;
;     -- USE_EAB                        ; OFF                                                                ;
;     -- DEDICATED_MULTIPLIER_CIRCUITRY ; AUTO                                                               ;
;     -- INPUT_A_FIXED_VALUE            ; Bx                                                                 ;
;     -- INPUT_B_FIXED_VALUE            ; Bx                                                                 ;
; Entity Instance                       ; eco_nn_top:uut|neuron:hidden_layer[5].h_neuron|lpm_mult:Mult2      ;
;     -- LPM_WIDTHA                     ; 8                                                                  ;
;     -- LPM_WIDTHB                     ; 3                                                                  ;
;     -- LPM_WIDTHP                     ; 11                                                                 ;
;     -- LPM_REPRESENTATION             ; SIGNED                                                             ;
;     -- INPUT_A_IS_CONSTANT            ; NO                                                                 ;
;     -- INPUT_B_IS_CONSTANT            ; YES                                                                ;
;     -- USE_EAB                        ; OFF                                                                ;
;     -- DEDICATED_MULTIPLIER_CIRCUITRY ; AUTO                                                               ;
;     -- INPUT_A_FIXED_VALUE            ; Bx                                                                 ;
;     -- INPUT_B_FIXED_VALUE            ; Bx                                                                 ;
; Entity Instance                       ; eco_nn_top:uut|neuron:hidden_layer[14].h_neuron|lpm_mult:Mult5     ;
;     -- LPM_WIDTHA                     ; 8                                                                  ;
;     -- LPM_WIDTHB                     ; 4                                                                  ;
;     -- LPM_WIDTHP                     ; 12                                                                 ;
;     -- LPM_REPRESENTATION             ; SIGNED                                                             ;
;     -- INPUT_A_IS_CONSTANT            ; NO                                                                 ;
;     -- INPUT_B_IS_CONSTANT            ; YES                                                                ;
;     -- USE_EAB                        ; OFF                                                                ;
;     -- DEDICATED_MULTIPLIER_CIRCUITRY ; AUTO                                                               ;
;     -- INPUT_A_FIXED_VALUE            ; Bx                                                                 ;
;     -- INPUT_B_FIXED_VALUE            ; Bx                                                                 ;
; Entity Instance                       ; eco_nn_top:uut|neuron:hidden_layer[1].h_neuron|lpm_mult:Mult4      ;
;     -- LPM_WIDTHA                     ; 8                                                                  ;
;     -- LPM_WIDTHB                     ; 4                                                                  ;
;     -- LPM_WIDTHP                     ; 12                                                                 ;
;     -- LPM_REPRESENTATION             ; SIGNED                                                             ;
;     -- INPUT_A_IS_CONSTANT            ; NO                                                                 ;
;     -- INPUT_B_IS_CONSTANT            ; YES                                                                ;
;     -- USE_EAB                        ; OFF                                                                ;
;     -- DEDICATED_MULTIPLIER_CIRCUITRY ; AUTO                                                               ;
;     -- INPUT_A_FIXED_VALUE            ; Bx                                                                 ;
;     -- INPUT_B_FIXED_VALUE            ; Bx                                                                 ;
; Entity Instance                       ; eco_nn_top:uut|neuron:hidden_layer[13].h_neuron|lpm_mult:Mult7     ;
;     -- LPM_WIDTHA                     ; 8                                                                  ;
;     -- LPM_WIDTHB                     ; 4                                                                  ;
;     -- LPM_WIDTHP                     ; 12                                                                 ;
;     -- LPM_REPRESENTATION             ; SIGNED                                                             ;
;     -- INPUT_A_IS_CONSTANT            ; NO                                                                 ;
;     -- INPUT_B_IS_CONSTANT            ; YES                                                                ;
;     -- USE_EAB                        ; OFF                                                                ;
;     -- DEDICATED_MULTIPLIER_CIRCUITRY ; AUTO                                                               ;
;     -- INPUT_A_FIXED_VALUE            ; Bx                                                                 ;
;     -- INPUT_B_FIXED_VALUE            ; Bx                                                                 ;
; Entity Instance                       ; eco_nn_top:uut|neuron:hidden_layer[13].h_neuron|lpm_mult:Mult1     ;
;     -- LPM_WIDTHA                     ; 8                                                                  ;
;     -- LPM_WIDTHB                     ; 4                                                                  ;
;     -- LPM_WIDTHP                     ; 12                                                                 ;
;     -- LPM_REPRESENTATION             ; SIGNED                                                             ;
;     -- INPUT_A_IS_CONSTANT            ; NO                                                                 ;
;     -- INPUT_B_IS_CONSTANT            ; YES                                                                ;
;     -- USE_EAB                        ; OFF                                                                ;
;     -- DEDICATED_MULTIPLIER_CIRCUITRY ; AUTO                                                               ;
;     -- INPUT_A_FIXED_VALUE            ; Bx                                                                 ;
;     -- INPUT_B_FIXED_VALUE            ; Bx                                                                 ;
; Entity Instance                       ; eco_nn_top:uut|neuron:hidden_layer[13].h_neuron|lpm_mult:Mult2     ;
;     -- LPM_WIDTHA                     ; 8                                                                  ;
;     -- LPM_WIDTHB                     ; 4                                                                  ;
;     -- LPM_WIDTHP                     ; 12                                                                 ;
;     -- LPM_REPRESENTATION             ; SIGNED                                                             ;
;     -- INPUT_A_IS_CONSTANT            ; NO                                                                 ;
;     -- INPUT_B_IS_CONSTANT            ; YES                                                                ;
;     -- USE_EAB                        ; OFF                                                                ;
;     -- DEDICATED_MULTIPLIER_CIRCUITRY ; AUTO                                                               ;
;     -- INPUT_A_FIXED_VALUE            ; Bx                                                                 ;
;     -- INPUT_B_FIXED_VALUE            ; Bx                                                                 ;
; Entity Instance                       ; eco_nn_top:uut|neuron:hidden_layer[14].h_neuron|lpm_mult:Mult4     ;
;     -- LPM_WIDTHA                     ; 8                                                                  ;
;     -- LPM_WIDTHB                     ; 3                                                                  ;
;     -- LPM_WIDTHP                     ; 11                                                                 ;
;     -- LPM_REPRESENTATION             ; SIGNED                                                             ;
;     -- INPUT_A_IS_CONSTANT            ; NO                                                                 ;
;     -- INPUT_B_IS_CONSTANT            ; YES                                                                ;
;     -- USE_EAB                        ; OFF                                                                ;
;     -- DEDICATED_MULTIPLIER_CIRCUITRY ; AUTO                                                               ;
;     -- INPUT_A_FIXED_VALUE            ; Bx                                                                 ;
;     -- INPUT_B_FIXED_VALUE            ; Bx                                                                 ;
; Entity Instance                       ; eco_nn_top:uut|neuron:hidden_layer[8].h_neuron|lpm_mult:Mult5      ;
;     -- LPM_WIDTHA                     ; 8                                                                  ;
;     -- LPM_WIDTHB                     ; 3                                                                  ;
;     -- LPM_WIDTHP                     ; 11                                                                 ;
;     -- LPM_REPRESENTATION             ; SIGNED                                                             ;
;     -- INPUT_A_IS_CONSTANT            ; NO                                                                 ;
;     -- INPUT_B_IS_CONSTANT            ; YES                                                                ;
;     -- USE_EAB                        ; OFF                                                                ;
;     -- DEDICATED_MULTIPLIER_CIRCUITRY ; AUTO                                                               ;
;     -- INPUT_A_FIXED_VALUE            ; Bx                                                                 ;
;     -- INPUT_B_FIXED_VALUE            ; Bx                                                                 ;
; Entity Instance                       ; eco_nn_top:uut|neuron:hidden_layer[7].h_neuron|lpm_mult:Mult3      ;
;     -- LPM_WIDTHA                     ; 8                                                                  ;
;     -- LPM_WIDTHB                     ; 1                                                                  ;
;     -- LPM_WIDTHP                     ; 9                                                                  ;
;     -- LPM_REPRESENTATION             ; SIGNED                                                             ;
;     -- INPUT_A_IS_CONSTANT            ; NO                                                                 ;
;     -- INPUT_B_IS_CONSTANT            ; YES                                                                ;
;     -- USE_EAB                        ; OFF                                                                ;
;     -- DEDICATED_MULTIPLIER_CIRCUITRY ; AUTO                                                               ;
;     -- INPUT_A_FIXED_VALUE            ; Bx                                                                 ;
;     -- INPUT_B_FIXED_VALUE            ; Bx                                                                 ;
; Entity Instance                       ; eco_nn_top:uut|neuron:hidden_layer[4].h_neuron|lpm_mult:Mult4      ;
;     -- LPM_WIDTHA                     ; 8                                                                  ;
;     -- LPM_WIDTHB                     ; 3                                                                  ;
;     -- LPM_WIDTHP                     ; 11                                                                 ;
;     -- LPM_REPRESENTATION             ; SIGNED                                                             ;
;     -- INPUT_A_IS_CONSTANT            ; NO                                                                 ;
;     -- INPUT_B_IS_CONSTANT            ; YES                                                                ;
;     -- USE_EAB                        ; OFF                                                                ;
;     -- DEDICATED_MULTIPLIER_CIRCUITRY ; AUTO                                                               ;
;     -- INPUT_A_FIXED_VALUE            ; Bx                                                                 ;
;     -- INPUT_B_FIXED_VALUE            ; Bx                                                                 ;
; Entity Instance                       ; eco_nn_top:uut|neuron:hidden_layer[8].h_neuron|lpm_mult:Mult6      ;
;     -- LPM_WIDTHA                     ; 8                                                                  ;
;     -- LPM_WIDTHB                     ; 4                                                                  ;
;     -- LPM_WIDTHP                     ; 12                                                                 ;
;     -- LPM_REPRESENTATION             ; SIGNED                                                             ;
;     -- INPUT_A_IS_CONSTANT            ; NO                                                                 ;
;     -- INPUT_B_IS_CONSTANT            ; YES                                                                ;
;     -- USE_EAB                        ; OFF                                                                ;
;     -- DEDICATED_MULTIPLIER_CIRCUITRY ; AUTO                                                               ;
;     -- INPUT_A_FIXED_VALUE            ; Bx                                                                 ;
;     -- INPUT_B_FIXED_VALUE            ; Bx                                                                 ;
; Entity Instance                       ; eco_nn_top:uut|neuron:hidden_layer[9].h_neuron|lpm_mult:Mult3      ;
;     -- LPM_WIDTHA                     ; 8                                                                  ;
;     -- LPM_WIDTHB                     ; 3                                                                  ;
;     -- LPM_WIDTHP                     ; 11                                                                 ;
;     -- LPM_REPRESENTATION             ; SIGNED                                                             ;
;     -- INPUT_A_IS_CONSTANT            ; NO                                                                 ;
;     -- INPUT_B_IS_CONSTANT            ; YES                                                                ;
;     -- USE_EAB                        ; OFF                                                                ;
;     -- DEDICATED_MULTIPLIER_CIRCUITRY ; AUTO                                                               ;
;     -- INPUT_A_FIXED_VALUE            ; Bx                                                                 ;
;     -- INPUT_B_FIXED_VALUE            ; Bx                                                                 ;
; Entity Instance                       ; eco_nn_top:uut|neuron:hidden_layer[4].h_neuron|lpm_mult:Mult5      ;
;     -- LPM_WIDTHA                     ; 8                                                                  ;
;     -- LPM_WIDTHB                     ; 4                                                                  ;
;     -- LPM_WIDTHP                     ; 12                                                                 ;
;     -- LPM_REPRESENTATION             ; SIGNED                                                             ;
;     -- INPUT_A_IS_CONSTANT            ; NO                                                                 ;
;     -- INPUT_B_IS_CONSTANT            ; YES                                                                ;
;     -- USE_EAB                        ; OFF                                                                ;
;     -- DEDICATED_MULTIPLIER_CIRCUITRY ; AUTO                                                               ;
;     -- INPUT_A_FIXED_VALUE            ; Bx                                                                 ;
;     -- INPUT_B_FIXED_VALUE            ; Bx                                                                 ;
; Entity Instance                       ; eco_nn_top:uut|neuron:hidden_layer[12].h_neuron|lpm_mult:Mult3     ;
;     -- LPM_WIDTHA                     ; 8                                                                  ;
;     -- LPM_WIDTHB                     ; 4                                                                  ;
;     -- LPM_WIDTHP                     ; 12                                                                 ;
;     -- LPM_REPRESENTATION             ; SIGNED                                                             ;
;     -- INPUT_A_IS_CONSTANT            ; NO                                                                 ;
;     -- INPUT_B_IS_CONSTANT            ; YES                                                                ;
;     -- USE_EAB                        ; OFF                                                                ;
;     -- DEDICATED_MULTIPLIER_CIRCUITRY ; AUTO                                                               ;
;     -- INPUT_A_FIXED_VALUE            ; Bx                                                                 ;
;     -- INPUT_B_FIXED_VALUE            ; Bx                                                                 ;
; Entity Instance                       ; eco_nn_top:uut|neuron:hidden_layer[12].h_neuron|lpm_mult:Mult4     ;
;     -- LPM_WIDTHA                     ; 8                                                                  ;
;     -- LPM_WIDTHB                     ; 4                                                                  ;
;     -- LPM_WIDTHP                     ; 12                                                                 ;
;     -- LPM_REPRESENTATION             ; SIGNED                                                             ;
;     -- INPUT_A_IS_CONSTANT            ; NO                                                                 ;
;     -- INPUT_B_IS_CONSTANT            ; YES                                                                ;
;     -- USE_EAB                        ; OFF                                                                ;
;     -- DEDICATED_MULTIPLIER_CIRCUITRY ; AUTO                                                               ;
;     -- INPUT_A_FIXED_VALUE            ; Bx                                                                 ;
;     -- INPUT_B_FIXED_VALUE            ; Bx                                                                 ;
; Entity Instance                       ; eco_nn_top:uut|neuron:hidden_layer[3].h_neuron|lpm_mult:Mult4      ;
;     -- LPM_WIDTHA                     ; 8                                                                  ;
;     -- LPM_WIDTHB                     ; 4                                                                  ;
;     -- LPM_WIDTHP                     ; 12                                                                 ;
;     -- LPM_REPRESENTATION             ; SIGNED                                                             ;
;     -- INPUT_A_IS_CONSTANT            ; NO                                                                 ;
;     -- INPUT_B_IS_CONSTANT            ; YES                                                                ;
;     -- USE_EAB                        ; OFF                                                                ;
;     -- DEDICATED_MULTIPLIER_CIRCUITRY ; AUTO                                                               ;
;     -- INPUT_A_FIXED_VALUE            ; Bx                                                                 ;
;     -- INPUT_B_FIXED_VALUE            ; Bx                                                                 ;
; Entity Instance                       ; eco_nn_top:uut|neuron:hidden_layer[3].h_neuron|lpm_mult:Mult7      ;
;     -- LPM_WIDTHA                     ; 8                                                                  ;
;     -- LPM_WIDTHB                     ; 1                                                                  ;
;     -- LPM_WIDTHP                     ; 9                                                                  ;
;     -- LPM_REPRESENTATION             ; SIGNED                                                             ;
;     -- INPUT_A_IS_CONSTANT            ; NO                                                                 ;
;     -- INPUT_B_IS_CONSTANT            ; YES                                                                ;
;     -- USE_EAB                        ; OFF                                                                ;
;     -- DEDICATED_MULTIPLIER_CIRCUITRY ; AUTO                                                               ;
;     -- INPUT_A_FIXED_VALUE            ; Bx                                                                 ;
;     -- INPUT_B_FIXED_VALUE            ; Bx                                                                 ;
; Entity Instance                       ; eco_nn_top:uut|neuron:hidden_layer[4].h_neuron|lpm_mult:Mult1      ;
;     -- LPM_WIDTHA                     ; 8                                                                  ;
;     -- LPM_WIDTHB                     ; 3                                                                  ;
;     -- LPM_WIDTHP                     ; 11                                                                 ;
;     -- LPM_REPRESENTATION             ; SIGNED                                                             ;
;     -- INPUT_A_IS_CONSTANT            ; NO                                                                 ;
;     -- INPUT_B_IS_CONSTANT            ; YES                                                                ;
;     -- USE_EAB                        ; OFF                                                                ;
;     -- DEDICATED_MULTIPLIER_CIRCUITRY ; AUTO                                                               ;
;     -- INPUT_A_FIXED_VALUE            ; Bx                                                                 ;
;     -- INPUT_B_FIXED_VALUE            ; Bx                                                                 ;
; Entity Instance                       ; eco_nn_top:uut|neuron:hidden_layer[5].h_neuron|lpm_mult:Mult1      ;
;     -- LPM_WIDTHA                     ; 8                                                                  ;
;     -- LPM_WIDTHB                     ; 4                                                                  ;
;     -- LPM_WIDTHP                     ; 12                                                                 ;
;     -- LPM_REPRESENTATION             ; SIGNED                                                             ;
;     -- INPUT_A_IS_CONSTANT            ; NO                                                                 ;
;     -- INPUT_B_IS_CONSTANT            ; YES                                                                ;
;     -- USE_EAB                        ; OFF                                                                ;
;     -- DEDICATED_MULTIPLIER_CIRCUITRY ; AUTO                                                               ;
;     -- INPUT_A_FIXED_VALUE            ; Bx                                                                 ;
;     -- INPUT_B_FIXED_VALUE            ; Bx                                                                 ;
; Entity Instance                       ; eco_nn_top:uut|neuron:hidden_layer[14].h_neuron|lpm_mult:Mult1     ;
;     -- LPM_WIDTHA                     ; 8                                                                  ;
;     -- LPM_WIDTHB                     ; 4                                                                  ;
;     -- LPM_WIDTHP                     ; 12                                                                 ;
;     -- LPM_REPRESENTATION             ; SIGNED                                                             ;
;     -- INPUT_A_IS_CONSTANT            ; NO                                                                 ;
;     -- INPUT_B_IS_CONSTANT            ; YES                                                                ;
;     -- USE_EAB                        ; OFF                                                                ;
;     -- DEDICATED_MULTIPLIER_CIRCUITRY ; AUTO                                                               ;
;     -- INPUT_A_FIXED_VALUE            ; Bx                                                                 ;
;     -- INPUT_B_FIXED_VALUE            ; Bx                                                                 ;
; Entity Instance                       ; eco_nn_top:uut|neuron:hidden_layer[11].h_neuron|lpm_mult:Mult1     ;
;     -- LPM_WIDTHA                     ; 8                                                                  ;
;     -- LPM_WIDTHB                     ; 4                                                                  ;
;     -- LPM_WIDTHP                     ; 12                                                                 ;
;     -- LPM_REPRESENTATION             ; SIGNED                                                             ;
;     -- INPUT_A_IS_CONSTANT            ; NO                                                                 ;
;     -- INPUT_B_IS_CONSTANT            ; YES                                                                ;
;     -- USE_EAB                        ; OFF                                                                ;
;     -- DEDICATED_MULTIPLIER_CIRCUITRY ; AUTO                                                               ;
;     -- INPUT_A_FIXED_VALUE            ; Bx                                                                 ;
;     -- INPUT_B_FIXED_VALUE            ; Bx                                                                 ;
; Entity Instance                       ; eco_nn_top:uut|neuron:hidden_layer[11].h_neuron|lpm_mult:Mult3     ;
;     -- LPM_WIDTHA                     ; 8                                                                  ;
;     -- LPM_WIDTHB                     ; 4                                                                  ;
;     -- LPM_WIDTHP                     ; 12                                                                 ;
;     -- LPM_REPRESENTATION             ; SIGNED                                                             ;
;     -- INPUT_A_IS_CONSTANT            ; NO                                                                 ;
;     -- INPUT_B_IS_CONSTANT            ; YES                                                                ;
;     -- USE_EAB                        ; OFF                                                                ;
;     -- DEDICATED_MULTIPLIER_CIRCUITRY ; AUTO                                                               ;
;     -- INPUT_A_FIXED_VALUE            ; Bx                                                                 ;
;     -- INPUT_B_FIXED_VALUE            ; Bx                                                                 ;
; Entity Instance                       ; eco_nn_top:uut|neuron:hidden_layer[6].h_neuron|lpm_mult:Mult0      ;
;     -- LPM_WIDTHA                     ; 8                                                                  ;
;     -- LPM_WIDTHB                     ; 4                                                                  ;
;     -- LPM_WIDTHP                     ; 12                                                                 ;
;     -- LPM_REPRESENTATION             ; SIGNED                                                             ;
;     -- INPUT_A_IS_CONSTANT            ; NO                                                                 ;
;     -- INPUT_B_IS_CONSTANT            ; YES                                                                ;
;     -- USE_EAB                        ; OFF                                                                ;
;     -- DEDICATED_MULTIPLIER_CIRCUITRY ; AUTO                                                               ;
;     -- INPUT_A_FIXED_VALUE            ; Bx                                                                 ;
;     -- INPUT_B_FIXED_VALUE            ; Bx                                                                 ;
; Entity Instance                       ; eco_nn_top:uut|neuron:hidden_layer[1].h_neuron|lpm_mult:Mult0      ;
;     -- LPM_WIDTHA                     ; 8                                                                  ;
;     -- LPM_WIDTHB                     ; 3                                                                  ;
;     -- LPM_WIDTHP                     ; 11                                                                 ;
;     -- LPM_REPRESENTATION             ; SIGNED                                                             ;
;     -- INPUT_A_IS_CONSTANT            ; NO                                                                 ;
;     -- INPUT_B_IS_CONSTANT            ; YES                                                                ;
;     -- USE_EAB                        ; OFF                                                                ;
;     -- DEDICATED_MULTIPLIER_CIRCUITRY ; AUTO                                                               ;
;     -- INPUT_A_FIXED_VALUE            ; Bx                                                                 ;
;     -- INPUT_B_FIXED_VALUE            ; Bx                                                                 ;
; Entity Instance                       ; eco_nn_top:uut|neuron:hidden_layer[10].h_neuron|lpm_mult:Mult1     ;
;     -- LPM_WIDTHA                     ; 8                                                                  ;
;     -- LPM_WIDTHB                     ; 1                                                                  ;
;     -- LPM_WIDTHP                     ; 9                                                                  ;
;     -- LPM_REPRESENTATION             ; SIGNED                                                             ;
;     -- INPUT_A_IS_CONSTANT            ; NO                                                                 ;
;     -- INPUT_B_IS_CONSTANT            ; YES                                                                ;
;     -- USE_EAB                        ; OFF                                                                ;
;     -- DEDICATED_MULTIPLIER_CIRCUITRY ; AUTO                                                               ;
;     -- INPUT_A_FIXED_VALUE            ; Bx                                                                 ;
;     -- INPUT_B_FIXED_VALUE            ; Bx                                                                 ;
; Entity Instance                       ; eco_nn_top:uut|neuron:hidden_layer[4].h_neuron|lpm_mult:Mult6      ;
;     -- LPM_WIDTHA                     ; 8                                                                  ;
;     -- LPM_WIDTHB                     ; 4                                                                  ;
;     -- LPM_WIDTHP                     ; 12                                                                 ;
;     -- LPM_REPRESENTATION             ; SIGNED                                                             ;
;     -- INPUT_A_IS_CONSTANT            ; NO                                                                 ;
;     -- INPUT_B_IS_CONSTANT            ; YES                                                                ;
;     -- USE_EAB                        ; OFF                                                                ;
;     -- DEDICATED_MULTIPLIER_CIRCUITRY ; AUTO                                                               ;
;     -- INPUT_A_FIXED_VALUE            ; Bx                                                                 ;
;     -- INPUT_B_FIXED_VALUE            ; Bx                                                                 ;
; Entity Instance                       ; eco_nn_top:uut|neuron:hidden_layer[4].h_neuron|lpm_mult:Mult3      ;
;     -- LPM_WIDTHA                     ; 8                                                                  ;
;     -- LPM_WIDTHB                     ; 2                                                                  ;
;     -- LPM_WIDTHP                     ; 10                                                                 ;
;     -- LPM_REPRESENTATION             ; SIGNED                                                             ;
;     -- INPUT_A_IS_CONSTANT            ; NO                                                                 ;
;     -- INPUT_B_IS_CONSTANT            ; YES                                                                ;
;     -- USE_EAB                        ; OFF                                                                ;
;     -- DEDICATED_MULTIPLIER_CIRCUITRY ; AUTO                                                               ;
;     -- INPUT_A_FIXED_VALUE            ; Bx                                                                 ;
;     -- INPUT_B_FIXED_VALUE            ; Bx                                                                 ;
; Entity Instance                       ; eco_nn_top:uut|neuron:hidden_layer[0].h_neuron|lpm_mult:Mult0      ;
;     -- LPM_WIDTHA                     ; 8                                                                  ;
;     -- LPM_WIDTHB                     ; 4                                                                  ;
;     -- LPM_WIDTHP                     ; 12                                                                 ;
;     -- LPM_REPRESENTATION             ; SIGNED                                                             ;
;     -- INPUT_A_IS_CONSTANT            ; NO                                                                 ;
;     -- INPUT_B_IS_CONSTANT            ; YES                                                                ;
;     -- USE_EAB                        ; OFF                                                                ;
;     -- DEDICATED_MULTIPLIER_CIRCUITRY ; AUTO                                                               ;
;     -- INPUT_A_FIXED_VALUE            ; Bx                                                                 ;
;     -- INPUT_B_FIXED_VALUE            ; Bx                                                                 ;
; Entity Instance                       ; eco_nn_top:uut|neuron:hidden_layer[0].h_neuron|lpm_mult:Mult4      ;
;     -- LPM_WIDTHA                     ; 8                                                                  ;
;     -- LPM_WIDTHB                     ; 1                                                                  ;
;     -- LPM_WIDTHP                     ; 9                                                                  ;
;     -- LPM_REPRESENTATION             ; SIGNED                                                             ;
;     -- INPUT_A_IS_CONSTANT            ; NO                                                                 ;
;     -- INPUT_B_IS_CONSTANT            ; YES                                                                ;
;     -- USE_EAB                        ; OFF                                                                ;
;     -- DEDICATED_MULTIPLIER_CIRCUITRY ; AUTO                                                               ;
;     -- INPUT_A_FIXED_VALUE            ; Bx                                                                 ;
;     -- INPUT_B_FIXED_VALUE            ; Bx                                                                 ;
; Entity Instance                       ; eco_nn_top:uut|neuron:hidden_layer[1].h_neuron|lpm_mult:Mult5      ;
;     -- LPM_WIDTHA                     ; 8                                                                  ;
;     -- LPM_WIDTHB                     ; 4                                                                  ;
;     -- LPM_WIDTHP                     ; 12                                                                 ;
;     -- LPM_REPRESENTATION             ; SIGNED                                                             ;
;     -- INPUT_A_IS_CONSTANT            ; NO                                                                 ;
;     -- INPUT_B_IS_CONSTANT            ; YES                                                                ;
;     -- USE_EAB                        ; OFF                                                                ;
;     -- DEDICATED_MULTIPLIER_CIRCUITRY ; AUTO                                                               ;
;     -- INPUT_A_FIXED_VALUE            ; Bx                                                                 ;
;     -- INPUT_B_FIXED_VALUE            ; Bx                                                                 ;
+---------------------------------------+--------------------------------------------------------------------+


+---------------------------------------------------------------------------------------------------------------------------------------------------------------------------------------+
; Port Connectivity Checks: "jtag_interface:interfacejtag|sld_virtual_jtag:jtag"                                                                                                        ;
+--------------------+--------+----------+----------------------------------------------------------------------------------------------------------------------------------------------+
; Port               ; Type   ; Severity ; Details                                                                                                                                      ;
+--------------------+--------+----------+----------------------------------------------------------------------------------------------------------------------------------------------+
; ir_out             ; Input  ; Warning  ; Declared by entity but not connected by instance. If a default value exists, it will be used.  Otherwise, the port will be connected to GND. ;
; virtual_state_e1dr ; Output ; Warning  ; Declared by entity but not connected by instance. Logic that only feeds a dangling port will be removed.                                     ;
; virtual_state_pdr  ; Output ; Warning  ; Declared by entity but not connected by instance. Logic that only feeds a dangling port will be removed.                                     ;
; virtual_state_e2dr ; Output ; Warning  ; Declared by entity but not connected by instance. Logic that only feeds a dangling port will be removed.                                     ;
; virtual_state_cir  ; Output ; Warning  ; Declared by entity but not connected by instance. Logic that only feeds a dangling port will be removed.                                     ;
; virtual_state_uir  ; Output ; Warning  ; Declared by entity but not connected by instance. Logic that only feeds a dangling port will be removed.                                     ;
; tms                ; Output ; Warning  ; Declared by entity but not connected by instance. Logic that only feeds a dangling port will be removed.                                     ;
; jtag_state_tlr     ; Output ; Warning  ; Declared by entity but not connected by instance. Logic that only feeds a dangling port will be removed.                                     ;
; jtag_state_rti     ; Output ; Warning  ; Declared by entity but not connected by instance. Logic that only feeds a dangling port will be removed.                                     ;
; jtag_state_sdrs    ; Output ; Warning  ; Declared by entity but not connected by instance. Logic that only feeds a dangling port will be removed.                                     ;
; jtag_state_cdr     ; Output ; Warning  ; Declared by entity but not connected by instance. Logic that only feeds a dangling port will be removed.                                     ;
; jtag_state_sdr     ; Output ; Warning  ; Declared by entity but not connected by instance. Logic that only feeds a dangling port will be removed.                                     ;
; jtag_state_e1dr    ; Output ; Warning  ; Declared by entity but not connected by instance. Logic that only feeds a dangling port will be removed.                                     ;
; jtag_state_pdr     ; Output ; Warning  ; Declared by entity but not connected by instance. Logic that only feeds a dangling port will be removed.                                     ;
; jtag_state_e2dr    ; Output ; Warning  ; Declared by entity but not connected by instance. Logic that only feeds a dangling port will be removed.                                     ;
; jtag_state_udr     ; Output ; Warning  ; Declared by entity but not connected by instance. Logic that only feeds a dangling port will be removed.                                     ;
; jtag_state_sirs    ; Output ; Warning  ; Declared by entity but not connected by instance. Logic that only feeds a dangling port will be removed.                                     ;
; jtag_state_cir     ; Output ; Warning  ; Declared by entity but not connected by instance. Logic that only feeds a dangling port will be removed.                                     ;
; jtag_state_sir     ; Output ; Warning  ; Declared by entity but not connected by instance. Logic that only feeds a dangling port will be removed.                                     ;
; jtag_state_e1ir    ; Output ; Warning  ; Declared by entity but not connected by instance. Logic that only feeds a dangling port will be removed.                                     ;
; jtag_state_pir     ; Output ; Warning  ; Declared by entity but not connected by instance. Logic that only feeds a dangling port will be removed.                                     ;
; jtag_state_e2ir    ; Output ; Warning  ; Declared by entity but not connected by instance. Logic that only feeds a dangling port will be removed.                                     ;
; jtag_state_uir     ; Output ; Warning  ; Declared by entity but not connected by instance. Logic that only feeds a dangling port will be removed.                                     ;
+--------------------+--------+----------+----------------------------------------------------------------------------------------------------------------------------------------------+


+---------------------------------------------------------------------------------------------------------------------------+
; Port Connectivity Checks: "jtag_interface:interfacejtag"                                                                  ;
+-----------------+--------+----------+-------------------------------------------------------------------------------------+
; Port            ; Type   ; Severity ; Details                                                                             ;
+-----------------+--------+----------+-------------------------------------------------------------------------------------+
; iDATA[3..2]     ; Input  ; Info     ; Stuck at GND                                                                        ;
; iDATA[1][15..8] ; Input  ; Info     ; Stuck at GND                                                                        ;
; iDATA[0][15..8] ; Input  ; Info     ; Stuck at GND                                                                        ;
; oDATA[3][15..1] ; Output ; Info     ; Connected to dangling logic. Logic that only feeds a dangling port will be removed. ;
; oDATA[2][15..1] ; Output ; Info     ; Connected to dangling logic. Logic that only feeds a dangling port will be removed. ;
; oDATA[1][15..8] ; Output ; Info     ; Connected to dangling logic. Logic that only feeds a dangling port will be removed. ;
; oDATA[0][15..8] ; Output ; Info     ; Connected to dangling logic. Logic that only feeds a dangling port will be removed. ;
+-----------------+--------+----------+-------------------------------------------------------------------------------------+


+--------------------------------------------------------------------------------+
; Port Connectivity Checks: "eco_nn_top:uut|neuron:output_layer[1].final_neuron" ;
+-------------------+-------+----------+-----------------------------------------+
; Port              ; Type  ; Severity ; Details                                 ;
+-------------------+-------+----------+-----------------------------------------+
; weights[0][7..3]  ; Input ; Info     ; Stuck at VCC                            ;
; weights[0][2..0]  ; Input ; Info     ; Stuck at GND                            ;
; weights[1][2..0]  ; Input ; Info     ; Stuck at VCC                            ;
; weights[1][7..3]  ; Input ; Info     ; Stuck at GND                            ;
; weights[2]        ; Input ; Info     ; Stuck at GND                            ;
; weights[3][7..3]  ; Input ; Info     ; Stuck at VCC                            ;
; weights[3][2..0]  ; Input ; Info     ; Stuck at GND                            ;
; weights[4][7..2]  ; Input ; Info     ; Stuck at VCC                            ;
; weights[4][1]     ; Input ; Info     ; Stuck at GND                            ;
; weights[4][0]     ; Input ; Info     ; Stuck at VCC                            ;
; weights[5][7..3]  ; Input ; Info     ; Stuck at VCC                            ;
; weights[5][2..1]  ; Input ; Info     ; Stuck at GND                            ;
; weights[5][0]     ; Input ; Info     ; Stuck at VCC                            ;
; weights[6][7..3]  ; Input ; Info     ; Stuck at GND                            ;
; weights[6][1..0]  ; Input ; Info     ; Stuck at GND                            ;
; weights[6][2]     ; Input ; Info     ; Stuck at VCC                            ;
; weights[7][2..0]  ; Input ; Info     ; Stuck at VCC                            ;
; weights[7][7..3]  ; Input ; Info     ; Stuck at GND                            ;
; weights[8][7..3]  ; Input ; Info     ; Stuck at VCC                            ;
; weights[8][1..0]  ; Input ; Info     ; Stuck at VCC                            ;
; weights[8][2]     ; Input ; Info     ; Stuck at GND                            ;
; weights[9][7..3]  ; Input ; Info     ; Stuck at GND                            ;
; weights[9][1..0]  ; Input ; Info     ; Stuck at GND                            ;
; weights[9][2]     ; Input ; Info     ; Stuck at VCC                            ;
; weights[10][7..3] ; Input ; Info     ; Stuck at GND                            ;
; weights[10][2]    ; Input ; Info     ; Stuck at VCC                            ;
; weights[10][1]    ; Input ; Info     ; Stuck at GND                            ;
; weights[10][0]    ; Input ; Info     ; Stuck at VCC                            ;
; weights[11]       ; Input ; Info     ; Stuck at GND                            ;
; weights[12][7..1] ; Input ; Info     ; Stuck at GND                            ;
; weights[12][0]    ; Input ; Info     ; Stuck at VCC                            ;
; weights[13][2..1] ; Input ; Info     ; Stuck at VCC                            ;
; weights[13][7..3] ; Input ; Info     ; Stuck at GND                            ;
; weights[13][0]    ; Input ; Info     ; Stuck at GND                            ;
; weights[14][7..3] ; Input ; Info     ; Stuck at VCC                            ;
; weights[14][2..0] ; Input ; Info     ; Stuck at GND                            ;
; weights[15][7..3] ; Input ; Info     ; Stuck at GND                            ;
; weights[15][1..0] ; Input ; Info     ; Stuck at GND                            ;
; weights[15][2]    ; Input ; Info     ; Stuck at VCC                            ;
; bias[7..1]        ; Input ; Info     ; Stuck at GND                            ;
; bias[0]           ; Input ; Info     ; Stuck at VCC                            ;
+-------------------+-------+----------+-----------------------------------------+


+--------------------------------------------------------------------------------+
; Port Connectivity Checks: "eco_nn_top:uut|neuron:output_layer[0].final_neuron" ;
+-------------------+-------+----------+-----------------------------------------+
; Port              ; Type  ; Severity ; Details                                 ;
+-------------------+-------+----------+-----------------------------------------+
; weights[0][7..3]  ; Input ; Info     ; Stuck at GND                            ;
; weights[0][2]     ; Input ; Info     ; Stuck at VCC                            ;
; weights[0][1]     ; Input ; Info     ; Stuck at GND                            ;
; weights[0][0]     ; Input ; Info     ; Stuck at VCC                            ;
; weights[1][7..4]  ; Input ; Info     ; Stuck at VCC                            ;
; weights[1][2..0]  ; Input ; Info     ; Stuck at VCC                            ;
; weights[1][3]     ; Input ; Info     ; Stuck at GND                            ;
; weights[2][2..1]  ; Input ; Info     ; Stuck at VCC                            ;
; weights[2][7..3]  ; Input ; Info     ; Stuck at GND                            ;
; weights[2][0]     ; Input ; Info     ; Stuck at GND                            ;
; weights[3][7..3]  ; Input ; Info     ; Stuck at GND                            ;
; weights[3][2]     ; Input ; Info     ; Stuck at VCC                            ;
; weights[3][1]     ; Input ; Info     ; Stuck at GND                            ;
; weights[3][0]     ; Input ; Info     ; Stuck at VCC                            ;
; weights[4][7..3]  ; Input ; Info     ; Stuck at GND                            ;
; weights[4][1..0]  ; Input ; Info     ; Stuck at GND                            ;
; weights[4][2]     ; Input ; Info     ; Stuck at VCC                            ;
; weights[5][7..3]  ; Input ; Info     ; Stuck at GND                            ;
; weights[5][1..0]  ; Input ; Info     ; Stuck at GND                            ;
; weights[5][2]     ; Input ; Info     ; Stuck at VCC                            ;
; weights[6]        ; Input ; Info     ; Stuck at GND                            ;
; weights[7][7..3]  ; Input ; Info     ; Stuck at VCC                            ;
; weights[7][2..0]  ; Input ; Info     ; Stuck at GND                            ;
; weights[8][2..1]  ; Input ; Info     ; Stuck at VCC                            ;
; weights[8][7..3]  ; Input ; Info     ; Stuck at GND                            ;
; weights[8][0]     ; Input ; Info     ; Stuck at GND                            ;
; weights[9][7..1]  ; Input ; Info     ; Stuck at VCC                            ;
; weights[9][0]     ; Input ; Info     ; Stuck at GND                            ;
; weights[10][7..2] ; Input ; Info     ; Stuck at GND                            ;
; weights[10][1]    ; Input ; Info     ; Stuck at VCC                            ;
; weights[10][0]    ; Input ; Info     ; Stuck at GND                            ;
; weights[11][7..1] ; Input ; Info     ; Stuck at VCC                            ;
; weights[11][0]    ; Input ; Info     ; Stuck at GND                            ;
; weights[12][7..3] ; Input ; Info     ; Stuck at GND                            ;
; weights[12][1..0] ; Input ; Info     ; Stuck at GND                            ;
; weights[12][2]    ; Input ; Info     ; Stuck at VCC                            ;
; weights[13][7..1] ; Input ; Info     ; Stuck at GND                            ;
; weights[13][0]    ; Input ; Info     ; Stuck at VCC                            ;
; weights[14][7..4] ; Input ; Info     ; Stuck at VCC                            ;
; weights[14][2..0] ; Input ; Info     ; Stuck at VCC                            ;
; weights[14][3]    ; Input ; Info     ; Stuck at GND                            ;
; weights[15][2..0] ; Input ; Info     ; Stuck at VCC                            ;
; weights[15][7..3] ; Input ; Info     ; Stuck at GND                            ;
; bias              ; Input ; Info     ; Stuck at VCC                            ;
+-------------------+-------+----------+-----------------------------------------+


+-----------------------------------------------------------------------------+
; Port Connectivity Checks: "eco_nn_top:uut|neuron:hidden_layer[15].h_neuron" ;
+------------------+-------+----------+---------------------------------------+
; Port             ; Type  ; Severity ; Details                               ;
+------------------+-------+----------+---------------------------------------+
; weights[0][7..1] ; Input ; Info     ; Stuck at GND                          ;
; weights[0][0]    ; Input ; Info     ; Stuck at VCC                          ;
; weights[1][2..0] ; Input ; Info     ; Stuck at VCC                          ;
; weights[1][7..3] ; Input ; Info     ; Stuck at GND                          ;
; weights[2][7..2] ; Input ; Info     ; Stuck at VCC                          ;
; weights[2][1]    ; Input ; Info     ; Stuck at GND                          ;
; weights[2][0]    ; Input ; Info     ; Stuck at VCC                          ;
; weights[3][1..0] ; Input ; Info     ; Stuck at VCC                          ;
; weights[3][7..2] ; Input ; Info     ; Stuck at GND                          ;
; weights[4][7..1] ; Input ; Info     ; Stuck at GND                          ;
; weights[4][0]    ; Input ; Info     ; Stuck at VCC                          ;
; weights[5][7..3] ; Input ; Info     ; Stuck at GND                          ;
; weights[5][1..0] ; Input ; Info     ; Stuck at GND                          ;
; weights[5][2]    ; Input ; Info     ; Stuck at VCC                          ;
; weights[6]       ; Input ; Info     ; Stuck at VCC                          ;
; weights[7][7..4] ; Input ; Info     ; Stuck at GND                          ;
; weights[7][2..0] ; Input ; Info     ; Stuck at GND                          ;
; weights[7][3]    ; Input ; Info     ; Stuck at VCC                          ;
; bias[7..1]       ; Input ; Info     ; Stuck at GND                          ;
; bias[0]          ; Input ; Info     ; Stuck at VCC                          ;
+------------------+-------+----------+---------------------------------------+


+-----------------------------------------------------------------------------+
; Port Connectivity Checks: "eco_nn_top:uut|neuron:hidden_layer[14].h_neuron" ;
+------------------+-------+----------+---------------------------------------+
; Port             ; Type  ; Severity ; Details                               ;
+------------------+-------+----------+---------------------------------------+
; weights[0][7..3] ; Input ; Info     ; Stuck at VCC                          ;
; weights[0][2..1] ; Input ; Info     ; Stuck at GND                          ;
; weights[0][0]    ; Input ; Info     ; Stuck at VCC                          ;
; weights[1][7..3] ; Input ; Info     ; Stuck at VCC                          ;
; weights[1][2]    ; Input ; Info     ; Stuck at GND                          ;
; weights[1][1]    ; Input ; Info     ; Stuck at VCC                          ;
; weights[1][0]    ; Input ; Info     ; Stuck at GND                          ;
; weights[2][7..3] ; Input ; Info     ; Stuck at GND                          ;
; weights[2][1..0] ; Input ; Info     ; Stuck at GND                          ;
; weights[2][2]    ; Input ; Info     ; Stuck at VCC                          ;
; weights[3][7..3] ; Input ; Info     ; Stuck at GND                          ;
; weights[3][2]    ; Input ; Info     ; Stuck at VCC                          ;
; weights[3][1]    ; Input ; Info     ; Stuck at GND                          ;
; weights[3][0]    ; Input ; Info     ; Stuck at VCC                          ;
; weights[4][7..2] ; Input ; Info     ; Stuck at VCC                          ;
; weights[4][1..0] ; Input ; Info     ; Stuck at GND                          ;
; weights[5][2..1] ; Input ; Info     ; Stuck at VCC                          ;
; weights[5][7..3] ; Input ; Info     ; Stuck at GND                          ;
; weights[5][0]    ; Input ; Info     ; Stuck at GND                          ;
; weights[6][7..1] ; Input ; Info     ; Stuck at VCC                          ;
; weights[6][0]    ; Input ; Info     ; Stuck at GND                          ;
; weights[7][7..1] ; Input ; Info     ; Stuck at GND                          ;
; weights[7][0]    ; Input ; Info     ; Stuck at VCC                          ;
; bias             ; Input ; Info     ; Stuck at GND                          ;
+------------------+-------+----------+---------------------------------------+


+-----------------------------------------------------------------------------+
; Port Connectivity Checks: "eco_nn_top:uut|neuron:hidden_layer[13].h_neuron" ;
+------------------+-------+----------+---------------------------------------+
; Port             ; Type  ; Severity ; Details                               ;
+------------------+-------+----------+---------------------------------------+
; weights[0]       ; Input ; Info     ; Stuck at GND                          ;
; weights[1][2..1] ; Input ; Info     ; Stuck at VCC                          ;
; weights[1][7..3] ; Input ; Info     ; Stuck at GND                          ;
; weights[1][0]    ; Input ; Info     ; Stuck at GND                          ;
; weights[2][7..3] ; Input ; Info     ; Stuck at VCC                          ;
; weights[2][2]    ; Input ; Info     ; Stuck at GND                          ;
; weights[2][1]    ; Input ; Info     ; Stuck at VCC                          ;
; weights[2][0]    ; Input ; Info     ; Stuck at GND                          ;
; weights[3][7..3] ; Input ; Info     ; Stuck at VCC                          ;
; weights[3][1..0] ; Input ; Info     ; Stuck at VCC                          ;
; weights[3][2]    ; Input ; Info     ; Stuck at GND                          ;
; weights[4]       ; Input ; Info     ; Stuck at GND                          ;
; weights[5]       ; Input ; Info     ; Stuck at VCC                          ;
; weights[6][7..1] ; Input ; Info     ; Stuck at VCC                          ;
; weights[6][0]    ; Input ; Info     ; Stuck at GND                          ;
; weights[7][7..3] ; Input ; Info     ; Stuck at VCC                          ;
; weights[7][2]    ; Input ; Info     ; Stuck at GND                          ;
; weights[7][1]    ; Input ; Info     ; Stuck at VCC                          ;
; weights[7][0]    ; Input ; Info     ; Stuck at GND                          ;
; bias             ; Input ; Info     ; Stuck at GND                          ;
+------------------+-------+----------+---------------------------------------+


+-----------------------------------------------------------------------------+
; Port Connectivity Checks: "eco_nn_top:uut|neuron:hidden_layer[12].h_neuron" ;
+------------------+-------+----------+---------------------------------------+
; Port             ; Type  ; Severity ; Details                               ;
+------------------+-------+----------+---------------------------------------+
; weights[0][7..3] ; Input ; Info     ; Stuck at VCC                          ;
; weights[0][2..1] ; Input ; Info     ; Stuck at GND                          ;
; weights[0][0]    ; Input ; Info     ; Stuck at VCC                          ;
; weights[1][7..2] ; Input ; Info     ; Stuck at VCC                          ;
; weights[1][1]    ; Input ; Info     ; Stuck at GND                          ;
; weights[1][0]    ; Input ; Info     ; Stuck at VCC                          ;
; weights[2][7..2] ; Input ; Info     ; Stuck at GND                          ;
; weights[2][1]    ; Input ; Info     ; Stuck at VCC                          ;
; weights[2][0]    ; Input ; Info     ; Stuck at GND                          ;
; weights[3][7..3] ; Input ; Info     ; Stuck at VCC                          ;
; weights[3][2..0] ; Input ; Info     ; Stuck at GND                          ;
; weights[4][7..3] ; Input ; Info     ; Stuck at GND                          ;
; weights[4][2]    ; Input ; Info     ; Stuck at VCC                          ;
; weights[4][1]    ; Input ; Info     ; Stuck at GND                          ;
; weights[4][0]    ; Input ; Info     ; Stuck at VCC                          ;
; weights[5][2..1] ; Input ; Info     ; Stuck at VCC                          ;
; weights[5][7..3] ; Input ; Info     ; Stuck at GND                          ;
; weights[5][0]    ; Input ; Info     ; Stuck at GND                          ;
; weights[6][7..1] ; Input ; Info     ; Stuck at GND                          ;
; weights[6][0]    ; Input ; Info     ; Stuck at VCC                          ;
; weights[7][7..3] ; Input ; Info     ; Stuck at VCC                          ;
; weights[7][2..1] ; Input ; Info     ; Stuck at GND                          ;
; weights[7][0]    ; Input ; Info     ; Stuck at VCC                          ;
; bias[7..1]       ; Input ; Info     ; Stuck at VCC                          ;
; bias[0]          ; Input ; Info     ; Stuck at GND                          ;
+------------------+-------+----------+---------------------------------------+


+-----------------------------------------------------------------------------+
; Port Connectivity Checks: "eco_nn_top:uut|neuron:hidden_layer[11].h_neuron" ;
+------------------+-------+----------+---------------------------------------+
; Port             ; Type  ; Severity ; Details                               ;
+------------------+-------+----------+---------------------------------------+
; weights[0][7..3] ; Input ; Info     ; Stuck at VCC                          ;
; weights[0][2..1] ; Input ; Info     ; Stuck at GND                          ;
; weights[0][0]    ; Input ; Info     ; Stuck at VCC                          ;
; weights[1][7..3] ; Input ; Info     ; Stuck at VCC                          ;
; weights[1][1..0] ; Input ; Info     ; Stuck at VCC                          ;
; weights[1][2]    ; Input ; Info     ; Stuck at GND                          ;
; weights[2][7..3] ; Input ; Info     ; Stuck at GND                          ;
; weights[2][2]    ; Input ; Info     ; Stuck at VCC                          ;
; weights[2][1]    ; Input ; Info     ; Stuck at GND                          ;
; weights[2][0]    ; Input ; Info     ; Stuck at VCC                          ;
; weights[3][7..3] ; Input ; Info     ; Stuck at VCC                          ;
; weights[3][2]    ; Input ; Info     ; Stuck at GND                          ;
; weights[3][1]    ; Input ; Info     ; Stuck at VCC                          ;
; weights[3][0]    ; Input ; Info     ; Stuck at GND                          ;
; weights[4][1..0] ; Input ; Info     ; Stuck at VCC                          ;
; weights[4][7..2] ; Input ; Info     ; Stuck at GND                          ;
; weights[5][7..2] ; Input ; Info     ; Stuck at GND                          ;
; weights[5][1]    ; Input ; Info     ; Stuck at VCC                          ;
; weights[5][0]    ; Input ; Info     ; Stuck at GND                          ;
; weights[6][7..2] ; Input ; Info     ; Stuck at GND                          ;
; weights[6][1]    ; Input ; Info     ; Stuck at VCC                          ;
; weights[6][0]    ; Input ; Info     ; Stuck at GND                          ;
; weights[7][7..2] ; Input ; Info     ; Stuck at VCC                          ;
; weights[7][1]    ; Input ; Info     ; Stuck at GND                          ;
; weights[7][0]    ; Input ; Info     ; Stuck at VCC                          ;
; bias             ; Input ; Info     ; Stuck at VCC                          ;
+------------------+-------+----------+---------------------------------------+


+-----------------------------------------------------------------------------+
; Port Connectivity Checks: "eco_nn_top:uut|neuron:hidden_layer[10].h_neuron" ;
+------------------+-------+----------+---------------------------------------+
; Port             ; Type  ; Severity ; Details                               ;
+------------------+-------+----------+---------------------------------------+
; weights[0][7..2] ; Input ; Info     ; Stuck at GND                          ;
; weights[0][1]    ; Input ; Info     ; Stuck at VCC                          ;
; weights[0][0]    ; Input ; Info     ; Stuck at GND                          ;
; weights[1]       ; Input ; Info     ; Stuck at VCC                          ;
; weights[2][7..3] ; Input ; Info     ; Stuck at VCC                          ;
; weights[2][2]    ; Input ; Info     ; Stuck at GND                          ;
; weights[2][1]    ; Input ; Info     ; Stuck at VCC                          ;
; weights[2][0]    ; Input ; Info     ; Stuck at GND                          ;
; weights[3][7..4] ; Input ; Info     ; Stuck at GND                          ;
; weights[3][2..0] ; Input ; Info     ; Stuck at GND                          ;
; weights[3][3]    ; Input ; Info     ; Stuck at VCC                          ;
; weights[4]       ; Input ; Info     ; Stuck at GND                          ;
; weights[5][7..3] ; Input ; Info     ; Stuck at VCC                          ;
; weights[5][2]    ; Input ; Info     ; Stuck at GND                          ;
; weights[5][1]    ; Input ; Info     ; Stuck at VCC                          ;
; weights[5][0]    ; Input ; Info     ; Stuck at GND                          ;
; weights[6][7..3] ; Input ; Info     ; Stuck at GND                          ;
; weights[6][1..0] ; Input ; Info     ; Stuck at GND                          ;
; weights[6][2]    ; Input ; Info     ; Stuck at VCC                          ;
; weights[7][7..4] ; Input ; Info     ; Stuck at GND                          ;
; weights[7][2..0] ; Input ; Info     ; Stuck at GND                          ;
; weights[7][3]    ; Input ; Info     ; Stuck at VCC                          ;
; bias[7..1]       ; Input ; Info     ; Stuck at GND                          ;
; bias[0]          ; Input ; Info     ; Stuck at VCC                          ;
+------------------+-------+----------+---------------------------------------+


+----------------------------------------------------------------------------+
; Port Connectivity Checks: "eco_nn_top:uut|neuron:hidden_layer[9].h_neuron" ;
+------------------+-------+----------+--------------------------------------+
; Port             ; Type  ; Severity ; Details                              ;
+------------------+-------+----------+--------------------------------------+
; weights[0][7..2] ; Input ; Info     ; Stuck at GND                         ;
; weights[0][1]    ; Input ; Info     ; Stuck at VCC                         ;
; weights[0][0]    ; Input ; Info     ; Stuck at GND                         ;
; weights[1][7..2] ; Input ; Info     ; Stuck at GND                         ;
; weights[1][1]    ; Input ; Info     ; Stuck at VCC                         ;
; weights[1][0]    ; Input ; Info     ; Stuck at GND                         ;
; weights[2]       ; Input ; Info     ; Stuck at GND                         ;
; weights[3][7..2] ; Input ; Info     ; Stuck at VCC                         ;
; weights[3][1..0] ; Input ; Info     ; Stuck at GND                         ;
; weights[4][7..2] ; Input ; Info     ; Stuck at VCC                         ;
; weights[4][1..0] ; Input ; Info     ; Stuck at GND                         ;
; weights[5][7..4] ; Input ; Info     ; Stuck at GND                         ;
; weights[5][2..1] ; Input ; Info     ; Stuck at GND                         ;
; weights[5][3]    ; Input ; Info     ; Stuck at VCC                         ;
; weights[5][0]    ; Input ; Info     ; Stuck at VCC                         ;
; weights[6][2..1] ; Input ; Info     ; Stuck at VCC                         ;
; weights[6][7..3] ; Input ; Info     ; Stuck at GND                         ;
; weights[6][0]    ; Input ; Info     ; Stuck at GND                         ;
; weights[7]       ; Input ; Info     ; Stuck at GND                         ;
; bias[7..1]       ; Input ; Info     ; Stuck at GND                         ;
; bias[0]          ; Input ; Info     ; Stuck at VCC                         ;
+------------------+-------+----------+--------------------------------------+


+----------------------------------------------------------------------------+
; Port Connectivity Checks: "eco_nn_top:uut|neuron:hidden_layer[8].h_neuron" ;
+------------------+-------+----------+--------------------------------------+
; Port             ; Type  ; Severity ; Details                              ;
+------------------+-------+----------+--------------------------------------+
; weights[0]       ; Input ; Info     ; Stuck at GND                         ;
; weights[1][7..2] ; Input ; Info     ; Stuck at GND                         ;
; weights[1][1]    ; Input ; Info     ; Stuck at VCC                         ;
; weights[1][0]    ; Input ; Info     ; Stuck at GND                         ;
; weights[2]       ; Input ; Info     ; Stuck at GND                         ;
; weights[3][7..1] ; Input ; Info     ; Stuck at GND                         ;
; weights[3][0]    ; Input ; Info     ; Stuck at VCC                         ;
; weights[4][7..1] ; Input ; Info     ; Stuck at VCC                         ;
; weights[4][0]    ; Input ; Info     ; Stuck at GND                         ;
; weights[5][1..0] ; Input ; Info     ; Stuck at VCC                         ;
; weights[5][7..2] ; Input ; Info     ; Stuck at GND                         ;
; weights[6][7..3] ; Input ; Info     ; Stuck at GND                         ;
; weights[6][2]    ; Input ; Info     ; Stuck at VCC                         ;
; weights[6][1]    ; Input ; Info     ; Stuck at GND                         ;
; weights[6][0]    ; Input ; Info     ; Stuck at VCC                         ;
; weights[7]       ; Input ; Info     ; Stuck at GND                         ;
; bias             ; Input ; Info     ; Stuck at VCC                         ;
+------------------+-------+----------+--------------------------------------+


+----------------------------------------------------------------------------+
; Port Connectivity Checks: "eco_nn_top:uut|neuron:hidden_layer[7].h_neuron" ;
+------------------+-------+----------+--------------------------------------+
; Port             ; Type  ; Severity ; Details                              ;
+------------------+-------+----------+--------------------------------------+
; weights[0][7..2] ; Input ; Info     ; Stuck at VCC                         ;
; weights[0][1]    ; Input ; Info     ; Stuck at GND                         ;
; weights[0][0]    ; Input ; Info     ; Stuck at VCC                         ;
; weights[1][7..3] ; Input ; Info     ; Stuck at GND                         ;
; weights[1][2]    ; Input ; Info     ; Stuck at VCC                         ;
; weights[1][1]    ; Input ; Info     ; Stuck at GND                         ;
; weights[1][0]    ; Input ; Info     ; Stuck at VCC                         ;
; weights[2][7..3] ; Input ; Info     ; Stuck at VCC                         ;
; weights[2][2]    ; Input ; Info     ; Stuck at GND                         ;
; weights[2][1]    ; Input ; Info     ; Stuck at VCC                         ;
; weights[2][0]    ; Input ; Info     ; Stuck at GND                         ;
; weights[3]       ; Input ; Info     ; Stuck at VCC                         ;
; weights[4][1..0] ; Input ; Info     ; Stuck at VCC                         ;
; weights[4][7..2] ; Input ; Info     ; Stuck at GND                         ;
; weights[5][1..0] ; Input ; Info     ; Stuck at VCC                         ;
; weights[5][7..2] ; Input ; Info     ; Stuck at GND                         ;
; weights[6]       ; Input ; Info     ; Stuck at VCC                         ;
; weights[7][7..3] ; Input ; Info     ; Stuck at GND                         ;
; weights[7][2]    ; Input ; Info     ; Stuck at VCC                         ;
; weights[7][1]    ; Input ; Info     ; Stuck at GND                         ;
; weights[7][0]    ; Input ; Info     ; Stuck at VCC                         ;
; bias[7..1]       ; Input ; Info     ; Stuck at GND                         ;
; bias[0]          ; Input ; Info     ; Stuck at VCC                         ;
+------------------+-------+----------+--------------------------------------+


+----------------------------------------------------------------------------+
; Port Connectivity Checks: "eco_nn_top:uut|neuron:hidden_layer[6].h_neuron" ;
+------------------+-------+----------+--------------------------------------+
; Port             ; Type  ; Severity ; Details                              ;
+------------------+-------+----------+--------------------------------------+
; weights[0][7..3] ; Input ; Info     ; Stuck at GND                         ;
; weights[0][2]    ; Input ; Info     ; Stuck at VCC                         ;
; weights[0][1]    ; Input ; Info     ; Stuck at GND                         ;
; weights[0][0]    ; Input ; Info     ; Stuck at VCC                         ;
; weights[1][7..2] ; Input ; Info     ; Stuck at GND                         ;
; weights[1][1]    ; Input ; Info     ; Stuck at VCC                         ;
; weights[1][0]    ; Input ; Info     ; Stuck at GND                         ;
; weights[2][7..2] ; Input ; Info     ; Stuck at VCC                         ;
; weights[2][1]    ; Input ; Info     ; Stuck at GND                         ;
; weights[2][0]    ; Input ; Info     ; Stuck at VCC                         ;
; weights[3][7..4] ; Input ; Info     ; Stuck at GND                         ;
; weights[3][2..0] ; Input ; Info     ; Stuck at GND                         ;
; weights[3][3]    ; Input ; Info     ; Stuck at VCC                         ;
; weights[4]       ; Input ; Info     ; Stuck at GND                         ;
; weights[5][7..4] ; Input ; Info     ; Stuck at GND                         ;
; weights[5][2..1] ; Input ; Info     ; Stuck at GND                         ;
; weights[5][3]    ; Input ; Info     ; Stuck at VCC                         ;
; weights[5][0]    ; Input ; Info     ; Stuck at VCC                         ;
; weights[6][1..0] ; Input ; Info     ; Stuck at VCC                         ;
; weights[6][7..2] ; Input ; Info     ; Stuck at GND                         ;
; weights[7]       ; Input ; Info     ; Stuck at GND                         ;
; bias[7..1]       ; Input ; Info     ; Stuck at GND                         ;
; bias[0]          ; Input ; Info     ; Stuck at VCC                         ;
+------------------+-------+----------+--------------------------------------+


+----------------------------------------------------------------------------+
; Port Connectivity Checks: "eco_nn_top:uut|neuron:hidden_layer[5].h_neuron" ;
+------------------+-------+----------+--------------------------------------+
; Port             ; Type  ; Severity ; Details                              ;
+------------------+-------+----------+--------------------------------------+
; weights[0][7..2] ; Input ; Info     ; Stuck at GND                         ;
; weights[0][1]    ; Input ; Info     ; Stuck at VCC                         ;
; weights[0][0]    ; Input ; Info     ; Stuck at GND                         ;
; weights[1][7..3] ; Input ; Info     ; Stuck at VCC                         ;
; weights[1][2..1] ; Input ; Info     ; Stuck at GND                         ;
; weights[1][0]    ; Input ; Info     ; Stuck at VCC                         ;
; weights[2][7..2] ; Input ; Info     ; Stuck at VCC                         ;
; weights[2][1..0] ; Input ; Info     ; Stuck at GND                         ;
; weights[3][7..2] ; Input ; Info     ; Stuck at GND                         ;
; weights[3][1]    ; Input ; Info     ; Stuck at VCC                         ;
; weights[3][0]    ; Input ; Info     ; Stuck at GND                         ;
; weights[4][7..3] ; Input ; Info     ; Stuck at VCC                         ;
; weights[4][2..1] ; Input ; Info     ; Stuck at GND                         ;
; weights[4][0]    ; Input ; Info     ; Stuck at VCC                         ;
; weights[5][2..1] ; Input ; Info     ; Stuck at VCC                         ;
; weights[5][7..3] ; Input ; Info     ; Stuck at GND                         ;
; weights[5][0]    ; Input ; Info     ; Stuck at GND                         ;
; weights[6][2..1] ; Input ; Info     ; Stuck at VCC                         ;
; weights[6][7..3] ; Input ; Info     ; Stuck at GND                         ;
; weights[6][0]    ; Input ; Info     ; Stuck at GND                         ;
; weights[7][7..3] ; Input ; Info     ; Stuck at VCC                         ;
; weights[7][2..1] ; Input ; Info     ; Stuck at GND                         ;
; weights[7][0]    ; Input ; Info     ; Stuck at VCC                         ;
; bias             ; Input ; Info     ; Stuck at GND                         ;
+------------------+-------+----------+--------------------------------------+


+----------------------------------------------------------------------------+
; Port Connectivity Checks: "eco_nn_top:uut|neuron:hidden_layer[4].h_neuron" ;
+------------------+-------+----------+--------------------------------------+
; Port             ; Type  ; Severity ; Details                              ;
+------------------+-------+----------+--------------------------------------+
; weights[0][7..4] ; Input ; Info     ; Stuck at GND                         ;
; weights[0][2..0] ; Input ; Info     ; Stuck at GND                         ;
; weights[0][3]    ; Input ; Info     ; Stuck at VCC                         ;
; weights[1][1..0] ; Input ; Info     ; Stuck at VCC                         ;
; weights[1][7..2] ; Input ; Info     ; Stuck at GND                         ;
; weights[2][7..2] ; Input ; Info     ; Stuck at VCC                         ;
; weights[2][1]    ; Input ; Info     ; Stuck at GND                         ;
; weights[2][0]    ; Input ; Info     ; Stuck at VCC                         ;
; weights[3][7..1] ; Input ; Info     ; Stuck at VCC                         ;
; weights[3][0]    ; Input ; Info     ; Stuck at GND                         ;
; weights[4][1..0] ; Input ; Info     ; Stuck at VCC                         ;
; weights[4][7..2] ; Input ; Info     ; Stuck at GND                         ;
; weights[5][7..3] ; Input ; Info     ; Stuck at VCC                         ;
; weights[5][2]    ; Input ; Info     ; Stuck at GND                         ;
; weights[5][1]    ; Input ; Info     ; Stuck at VCC                         ;
; weights[5][0]    ; Input ; Info     ; Stuck at GND                         ;
; weights[6][2..0] ; Input ; Info     ; Stuck at VCC                         ;
; weights[6][7..3] ; Input ; Info     ; Stuck at GND                         ;
; weights[7][7..3] ; Input ; Info     ; Stuck at VCC                         ;
; weights[7][2..1] ; Input ; Info     ; Stuck at GND                         ;
; weights[7][0]    ; Input ; Info     ; Stuck at VCC                         ;
; bias[7..2]       ; Input ; Info     ; Stuck at GND                         ;
; bias[1]          ; Input ; Info     ; Stuck at VCC                         ;
; bias[0]          ; Input ; Info     ; Stuck at GND                         ;
+------------------+-------+----------+--------------------------------------+


+----------------------------------------------------------------------------+
; Port Connectivity Checks: "eco_nn_top:uut|neuron:hidden_layer[3].h_neuron" ;
+------------------+-------+----------+--------------------------------------+
; Port             ; Type  ; Severity ; Details                              ;
+------------------+-------+----------+--------------------------------------+
; weights[0][7..2] ; Input ; Info     ; Stuck at VCC                         ;
; weights[0][1]    ; Input ; Info     ; Stuck at GND                         ;
; weights[0][0]    ; Input ; Info     ; Stuck at VCC                         ;
; weights[1][7..3] ; Input ; Info     ; Stuck at GND                         ;
; weights[1][2]    ; Input ; Info     ; Stuck at VCC                         ;
; weights[1][1]    ; Input ; Info     ; Stuck at GND                         ;
; weights[1][0]    ; Input ; Info     ; Stuck at VCC                         ;
; weights[2][7..3] ; Input ; Info     ; Stuck at GND                         ;
; weights[2][2]    ; Input ; Info     ; Stuck at VCC                         ;
; weights[2][1]    ; Input ; Info     ; Stuck at GND                         ;
; weights[2][0]    ; Input ; Info     ; Stuck at VCC                         ;
; weights[3][7..3] ; Input ; Info     ; Stuck at VCC                         ;
; weights[3][2..1] ; Input ; Info     ; Stuck at GND                         ;
; weights[3][0]    ; Input ; Info     ; Stuck at VCC                         ;
; weights[4][7..3] ; Input ; Info     ; Stuck at VCC                         ;
; weights[4][1..0] ; Input ; Info     ; Stuck at VCC                         ;
; weights[4][2]    ; Input ; Info     ; Stuck at GND                         ;
; weights[5][7..1] ; Input ; Info     ; Stuck at GND                         ;
; weights[5][0]    ; Input ; Info     ; Stuck at VCC                         ;
; weights[6][7..2] ; Input ; Info     ; Stuck at GND                         ;
; weights[6][1]    ; Input ; Info     ; Stuck at VCC                         ;
; weights[6][0]    ; Input ; Info     ; Stuck at GND                         ;
; weights[7]       ; Input ; Info     ; Stuck at VCC                         ;
; bias             ; Input ; Info     ; Stuck at GND                         ;
+------------------+-------+----------+--------------------------------------+


+----------------------------------------------------------------------------+
; Port Connectivity Checks: "eco_nn_top:uut|neuron:hidden_layer[2].h_neuron" ;
+------------------+-------+----------+--------------------------------------+
; Port             ; Type  ; Severity ; Details                              ;
+------------------+-------+----------+--------------------------------------+
; weights[0][2..0] ; Input ; Info     ; Stuck at VCC                         ;
; weights[0][7..3] ; Input ; Info     ; Stuck at GND                         ;
; weights[1][7..3] ; Input ; Info     ; Stuck at GND                         ;
; weights[1][2]    ; Input ; Info     ; Stuck at VCC                         ;
; weights[1][1]    ; Input ; Info     ; Stuck at GND                         ;
; weights[1][0]    ; Input ; Info     ; Stuck at VCC                         ;
; weights[2][1..0] ; Input ; Info     ; Stuck at VCC                         ;
; weights[2][7..2] ; Input ; Info     ; Stuck at GND                         ;
; weights[3][7..2] ; Input ; Info     ; Stuck at GND                         ;
; weights[3][1]    ; Input ; Info     ; Stuck at VCC                         ;
; weights[3][0]    ; Input ; Info     ; Stuck at GND                         ;
; weights[4][7..1] ; Input ; Info     ; Stuck at VCC                         ;
; weights[4][0]    ; Input ; Info     ; Stuck at GND                         ;
; weights[5]       ; Input ; Info     ; Stuck at GND                         ;
; weights[6][7..1] ; Input ; Info     ; Stuck at VCC                         ;
; weights[6][0]    ; Input ; Info     ; Stuck at GND                         ;
; weights[7][7..3] ; Input ; Info     ; Stuck at GND                         ;
; weights[7][1..0] ; Input ; Info     ; Stuck at GND                         ;
; weights[7][2]    ; Input ; Info     ; Stuck at VCC                         ;
; bias             ; Input ; Info     ; Stuck at VCC                         ;
+------------------+-------+----------+--------------------------------------+


+----------------------------------------------------------------------------+
; Port Connectivity Checks: "eco_nn_top:uut|neuron:hidden_layer[1].h_neuron" ;
+------------------+-------+----------+--------------------------------------+
; Port             ; Type  ; Severity ; Details                              ;
+------------------+-------+----------+--------------------------------------+
; weights[0][7..2] ; Input ; Info     ; Stuck at VCC                         ;
; weights[0][1]    ; Input ; Info     ; Stuck at GND                         ;
; weights[0][0]    ; Input ; Info     ; Stuck at VCC                         ;
; weights[1][7..2] ; Input ; Info     ; Stuck at GND                         ;
; weights[1][1]    ; Input ; Info     ; Stuck at VCC                         ;
; weights[1][0]    ; Input ; Info     ; Stuck at GND                         ;
; weights[2][7..1] ; Input ; Info     ; Stuck at VCC                         ;
; weights[2][0]    ; Input ; Info     ; Stuck at GND                         ;
; weights[3][7..3] ; Input ; Info     ; Stuck at GND                         ;
; weights[3][2]    ; Input ; Info     ; Stuck at VCC                         ;
; weights[3][1]    ; Input ; Info     ; Stuck at GND                         ;
; weights[3][0]    ; Input ; Info     ; Stuck at VCC                         ;
; weights[4][7..3] ; Input ; Info     ; Stuck at VCC                         ;
; weights[4][2..1] ; Input ; Info     ; Stuck at GND                         ;
; weights[4][0]    ; Input ; Info     ; Stuck at VCC                         ;
; weights[5][7..3] ; Input ; Info     ; Stuck at VCC                         ;
; weights[5][1..0] ; Input ; Info     ; Stuck at VCC                         ;
; weights[5][2]    ; Input ; Info     ; Stuck at GND                         ;
; weights[6][1..0] ; Input ; Info     ; Stuck at VCC                         ;
; weights[6][7..2] ; Input ; Info     ; Stuck at GND                         ;
; weights[7][7..2] ; Input ; Info     ; Stuck at VCC                         ;
; weights[7][1..0] ; Input ; Info     ; Stuck at GND                         ;
; bias             ; Input ; Info     ; Stuck at VCC                         ;
+------------------+-------+----------+--------------------------------------+


+----------------------------------------------------------------------------+
; Port Connectivity Checks: "eco_nn_top:uut|neuron:hidden_layer[0].h_neuron" ;
+------------------+-------+----------+--------------------------------------+
; Port             ; Type  ; Severity ; Details                              ;
+------------------+-------+----------+--------------------------------------+
; weights[4..6]    ; Input ; Info     ; Stuck at VCC                         ;
; weights[0][7..3] ; Input ; Info     ; Stuck at VCC                         ;
; weights[0][1..0] ; Input ; Info     ; Stuck at VCC                         ;
; weights[0][2]    ; Input ; Info     ; Stuck at GND                         ;
; weights[1][7..2] ; Input ; Info     ; Stuck at VCC                         ;
; weights[1][1]    ; Input ; Info     ; Stuck at GND                         ;
; weights[1][0]    ; Input ; Info     ; Stuck at VCC                         ;
; weights[2][7..4] ; Input ; Info     ; Stuck at GND                         ;
; weights[2][2..1] ; Input ; Info     ; Stuck at GND                         ;
; weights[2][3]    ; Input ; Info     ; Stuck at VCC                         ;
; weights[2][0]    ; Input ; Info     ; Stuck at VCC                         ;
; weights[3][7..3] ; Input ; Info     ; Stuck at GND                         ;
; weights[3][2]    ; Input ; Info     ; Stuck at VCC                         ;
; weights[3][1]    ; Input ; Info     ; Stuck at GND                         ;
; weights[3][0]    ; Input ; Info     ; Stuck at VCC                         ;
; weights[7][7..1] ; Input ; Info     ; Stuck at VCC                         ;
; weights[7][0]    ; Input ; Info     ; Stuck at GND                         ;
; bias[1..0]       ; Input ; Info     ; Stuck at VCC                         ;
; bias[7..2]       ; Input ; Info     ; Stuck at GND                         ;
+------------------+-------+----------+--------------------------------------+


+------------------------------------------------------------------------------------------------------------------+
; Port Connectivity Checks: "SYSTEM_PLL:PLL_inst"                                                                  ;
+--------+--------+----------+-------------------------------------------------------------------------------------+
; Port   ; Type   ; Severity ; Details                                                                             ;
+--------+--------+----------+-------------------------------------------------------------------------------------+
; areset ; Input  ; Info     ; Stuck at GND                                                                        ;
; c0     ; Output ; Info     ; Connected to dangling logic. Logic that only feeds a dangling port will be removed. ;
; c2     ; Output ; Info     ; Connected to dangling logic. Logic that only feeds a dangling port will be removed. ;
; c4     ; Output ; Info     ; Connected to dangling logic. Logic that only feeds a dangling port will be removed. ;
; locked ; Output ; Info     ; Explicitly unconnected                                                              ;
+--------+--------+----------+-------------------------------------------------------------------------------------+


+----------------------------------------------------------------------------------------------------------------------------------------------------------------------+
; Virtual JTAG Settings                                                                                                                                                ;
+----------------+------------+------------------+----------+---------+-----------------+-------------------------+----------------------------------------------------+
; Instance Index ; Auto Index ; Index Reassigned ; IR Width ; Address ; USER1 DR length ; VIR capture instruction ; Hierarchy Location                                 ;
+----------------+------------+------------------+----------+---------+-----------------+-------------------------+----------------------------------------------------+
; 0              ; NO         ; NO               ; 7        ; 0x80    ; 8               ; 0x0B                    ; jtag_interface:interfacejtag|sld_virtual_jtag:jtag ;
+----------------+------------+------------------+----------+---------+-----------------+-------------------------+----------------------------------------------------+


+-----------------------------------------------------+
; Post-Synthesis Netlist Statistics for Top Partition ;
+-----------------------+-----------------------------+
; Type                  ; Count                       ;
+-----------------------+-----------------------------+
; boundary_port         ; 168                         ;
; cycloneiii_ff         ; 264                         ;
;     ENA               ; 101                         ;
;     ENA SLD           ; 8                           ;
;     SCLR              ; 109                         ;
;     plain             ; 46                          ;
; cycloneiii_io_obuf    ; 87                          ;
; cycloneiii_lcell_comb ; 2571                        ;
;     arith             ; 1699                        ;
;         2 data inputs ; 219                         ;
;         3 data inputs ; 1480                        ;
;     normal            ; 872                         ;
;         0 data inputs ; 1                           ;
;         1 data inputs ; 44                          ;
;         2 data inputs ; 407                         ;
;         3 data inputs ; 73                          ;
;         4 data inputs ; 347                         ;
; cycloneiii_pll        ; 1                           ;
;                       ;                             ;
; Max LUT depth         ; 11.30                       ;
; Average LUT depth     ; 7.55                        ;
+-----------------------+-----------------------------+


+-------------------------------+
; Elapsed Time Per Partition    ;
+----------------+--------------+
; Partition Name ; Elapsed Time ;
+----------------+--------------+
; Top            ; 00:00:15     ;
+----------------+--------------+


+-------------------------------+
; Analysis & Synthesis Messages ;
+-------------------------------+
Info: *******************************************************************
Info: Running Quartus Prime Analysis & Synthesis
    Info: Version 18.1.0 Build 625 09/12/2018 SJ Lite Edition
    Info: Processing started: Sun Jun 07 10:11:37 2026
Info: Command: quartus_map --read_settings_files=on --write_settings_files=off MKRVIDOR4000 -c MKRVIDOR4000
Info (16303): Aggressive Performance optimization mode selected -- timing performance will be prioritized at the potential cost of increased logic area and compilation time
Info (20030): Parallel compilation is enabled and will use 12 of the 12 processors detected
Info (12021): Found 1 design units, including 1 entities, in source file q_multiplier.v
    Info (12023): Found entity 1: q_multiplier File: C:/Users/chani/Desktop/Tesi/a_Projet_progress/Temperature_LightQ4.4_ANN/template/projects/Neural_Network/q_multiplier.v Line: 1
Info (12021): Found 1 design units, including 1 entities, in source file /users/chani/desktop/tesi/a_projet_progress/temperature_lightq4.4_ann/template/ip/system_pll/system_pll.v
    Info (12023): Found entity 1: SYSTEM_PLL File: C:/Users/chani/Desktop/Tesi/a_Projet_progress/Temperature_LightQ4.4_ANN/template/ip/SYSTEM_PLL/SYSTEM_PLL.v Line: 40
Info (12021): Found 1 design units, including 1 entities, in source file jtag_synchronizer.bdf
    Info (12023): Found entity 1: jtag_synchronizer
Info (12021): Found 1 design units, including 1 entities, in source file mkrvidor4000_top.v
    Info (12023): Found entity 1: MKRVIDOR4000_top File: C:/Users/chani/Desktop/Tesi/a_Projet_progress/Temperature_LightQ4.4_ANN/template/projects/Neural_Network/MKRVIDOR4000_top.v Line: 21
Info (12021): Found 1 design units, including 1 entities, in source file jtag_synchronizer_basic.v
    Info (12023): Found entity 1: synchronizer_basic File: C:/Users/chani/Desktop/Tesi/a_Projet_progress/Temperature_LightQ4.4_ANN/template/projects/Neural_Network/jtag_synchronizer_basic.v Line: 2
Info (12021): Found 1 design units, including 1 entities, in source file jtag_memory.v
    Info (12023): Found entity 1: jtag_memory File: C:/Users/chani/Desktop/Tesi/a_Projet_progress/Temperature_LightQ4.4_ANN/template/projects/Neural_Network/jtag_memory.v Line: 36
Warning (12019): Can't analyze file -- file jtag_interface8.v is missing
Warning (12019): Can't analyze file -- file jtag_interface4.v is missing
Warning (12019): Can't analyze file -- file jtag_interface2.v is missing
Warning (12019): Can't analyze file -- file jtag_interface16.v is missing
Info (12021): Found 1 design units, including 1 entities, in source file jtag_interface.v
    Info (12023): Found entity 1: jtag_interface File: C:/Users/chani/Desktop/Tesi/a_Projet_progress/Temperature_LightQ4.4_ANN/template/projects/Neural_Network/jtag_interface.v Line: 2
Warning (12019): Can't analyze file -- file jtag_interface_debug.v is missing
Info (12021): Found 1 design units, including 1 entities, in source file q_multiplier_tb.v
    Info (12023): Found entity 1: q_multiplier_tb File: C:/Users/chani/Desktop/Tesi/a_Projet_progress/Temperature_LightQ4.4_ANN/template/projects/Neural_Network/q_multiplier_tb.v Line: 1
Info (12021): Found 1 design units, including 1 entities, in source file neuron.v
    Info (12023): Found entity 1: neuron File: C:/Users/chani/Desktop/Tesi/a_Projet_progress/Temperature_LightQ4.4_ANN/template/projects/Neural_Network/neuron.v Line: 1
Info (12021): Found 1 design units, including 1 entities, in source file eco_nn_top.v
    Info (12023): Found entity 1: eco_nn_top File: C:/Users/chani/Desktop/Tesi/a_Projet_progress/Temperature_LightQ4.4_ANN/template/projects/Neural_Network/eco_nn_top.v Line: 1
Warning (10236): Verilog HDL Implicit Net warning at MKRVIDOR4000_top.v(160): created implicit net for "wFLASH_CLK" File: C:/Users/chani/Desktop/Tesi/a_Projet_progress/Temperature_LightQ4.4_ANN/template/projects/Neural_Network/MKRVIDOR4000_top.v Line: 160
Info (12127): Elaborating entity "MKRVIDOR4000_top" for the top level hierarchy
Warning (10036): Verilog HDL or VHDL warning at MKRVIDOR4000_top.v(136): object "wVID_CLK" assigned a value but never read File: C:/Users/chani/Desktop/Tesi/a_Projet_progress/Temperature_LightQ4.4_ANN/template/projects/Neural_Network/MKRVIDOR4000_top.v Line: 136
Warning (10036): Verilog HDL or VHDL warning at MKRVIDOR4000_top.v(136): object "wVID_CLKx5" assigned a value but never read File: C:/Users/chani/Desktop/Tesi/a_Projet_progress/Temperature_LightQ4.4_ANN/template/projects/Neural_Network/MKRVIDOR4000_top.v Line: 136
Warning (10034): Output port "oSDRAM_ADDR" at MKRVIDOR4000_top.v(31) has no driver File: C:/Users/chani/Desktop/Tesi/a_Projet_progress/Temperature_LightQ4.4_ANN/template/projects/Neural_Network/MKRVIDOR4000_top.v Line: 31
Warning (10034): Output port "oSDRAM_BA" at MKRVIDOR4000_top.v(32) has no driver File: C:/Users/chani/Desktop/Tesi/a_Projet_progress/Temperature_LightQ4.4_ANN/template/projects/Neural_Network/MKRVIDOR4000_top.v Line: 32
Warning (10034): Output port "oSDRAM_DQM" at MKRVIDOR4000_top.v(37) has no driver File: C:/Users/chani/Desktop/Tesi/a_Projet_progress/Temperature_LightQ4.4_ANN/template/projects/Neural_Network/MKRVIDOR4000_top.v Line: 37
Warning (10034): Output port "oHDMI_TX" at MKRVIDOR4000_top.v(97) has no driver File: C:/Users/chani/Desktop/Tesi/a_Projet_progress/Temperature_LightQ4.4_ANN/template/projects/Neural_Network/MKRVIDOR4000_top.v Line: 97
Warning (10034): Output port "oSAM_INT" at MKRVIDOR4000_top.v(27) has no driver File: C:/Users/chani/Desktop/Tesi/a_Projet_progress/Temperature_LightQ4.4_ANN/template/projects/Neural_Network/MKRVIDOR4000_top.v Line: 27
Warning (10034): Output port "oSDRAM_CASn" at MKRVIDOR4000_top.v(33) has no driver File: C:/Users/chani/Desktop/Tesi/a_Projet_progress/Temperature_LightQ4.4_ANN/template/projects/Neural_Network/MKRVIDOR4000_top.v Line: 33
Warning (10034): Output port "oSDRAM_CKE" at MKRVIDOR4000_top.v(34) has no driver File: C:/Users/chani/Desktop/Tesi/a_Projet_progress/Temperature_LightQ4.4_ANN/template/projects/Neural_Network/MKRVIDOR4000_top.v Line: 34
Warning (10034): Output port "oSDRAM_CSn" at MKRVIDOR4000_top.v(35) has no driver File: C:/Users/chani/Desktop/Tesi/a_Projet_progress/Temperature_LightQ4.4_ANN/template/projects/Neural_Network/MKRVIDOR4000_top.v Line: 35
Warning (10034): Output port "oSDRAM_RASn" at MKRVIDOR4000_top.v(38) has no driver File: C:/Users/chani/Desktop/Tesi/a_Projet_progress/Temperature_LightQ4.4_ANN/template/projects/Neural_Network/MKRVIDOR4000_top.v Line: 38
Warning (10034): Output port "oSDRAM_WEn" at MKRVIDOR4000_top.v(39) has no driver File: C:/Users/chani/Desktop/Tesi/a_Projet_progress/Temperature_LightQ4.4_ANN/template/projects/Neural_Network/MKRVIDOR4000_top.v Line: 39
Warning (10034): Output port "oHDMI_CLK" at MKRVIDOR4000_top.v(98) has no driver File: C:/Users/chani/Desktop/Tesi/a_Projet_progress/Temperature_LightQ4.4_ANN/template/projects/Neural_Network/MKRVIDOR4000_top.v Line: 98
Warning (10034): Output port "oFLASH_SCK" at MKRVIDOR4000_top.v(113) has no driver File: C:/Users/chani/Desktop/Tesi/a_Projet_progress/Temperature_LightQ4.4_ANN/template/projects/Neural_Network/MKRVIDOR4000_top.v Line: 113
Warning (10034): Output port "oFLASH_CS" at MKRVIDOR4000_top.v(114) has no driver File: C:/Users/chani/Desktop/Tesi/a_Projet_progress/Temperature_LightQ4.4_ANN/template/projects/Neural_Network/MKRVIDOR4000_top.v Line: 114
Info (12128): Elaborating entity "SYSTEM_PLL" for hierarchy "SYSTEM_PLL:PLL_inst" File: C:/Users/chani/Desktop/Tesi/a_Projet_progress/Temperature_LightQ4.4_ANN/template/projects/Neural_Network/MKRVIDOR4000_top.v Line: 163
Info (12128): Elaborating entity "altpll" for hierarchy "SYSTEM_PLL:PLL_inst|altpll:altpll_component" File: C:/Users/chani/Desktop/Tesi/a_Projet_progress/Temperature_LightQ4.4_ANN/template/ip/SYSTEM_PLL/SYSTEM_PLL.v Line: 120
Info (12130): Elaborated megafunction instantiation "SYSTEM_PLL:PLL_inst|altpll:altpll_component" File: C:/Users/chani/Desktop/Tesi/a_Projet_progress/Temperature_LightQ4.4_ANN/template/ip/SYSTEM_PLL/SYSTEM_PLL.v Line: 120
Info (12133): Instantiated megafunction "SYSTEM_PLL:PLL_inst|altpll:altpll_component" with the following parameter: File: C:/Users/chani/Desktop/Tesi/a_Projet_progress/Temperature_LightQ4.4_ANN/template/ip/SYSTEM_PLL/SYSTEM_PLL.v Line: 120
    Info (12134): Parameter "bandwidth_type" = "AUTO"
    Info (12134): Parameter "clk0_divide_by" = "2"
    Info (12134): Parameter "clk0_duty_cycle" = "50"
    Info (12134): Parameter "clk0_multiply_by" = "1"
    Info (12134): Parameter "clk0_phase_shift" = "0"
    Info (12134): Parameter "clk1_divide_by" = "2"
    Info (12134): Parameter "clk1_duty_cycle" = "50"
    Info (12134): Parameter "clk1_multiply_by" = "5"
    Info (12134): Parameter "clk1_phase_shift" = "0"
    Info (12134): Parameter "clk2_divide_by" = "12"
    Info (12134): Parameter "clk2_duty_cycle" = "50"
    Info (12134): Parameter "clk2_multiply_by" = "25"
    Info (12134): Parameter "clk2_phase_shift" = "0"
    Info (12134): Parameter "clk3_divide_by" = "12"
    Info (12134): Parameter "clk3_duty_cycle" = "50"
    Info (12134): Parameter "clk3_multiply_by" = "25"
    Info (12134): Parameter "clk3_phase_shift" = "5000"
    Info (12134): Parameter "clk4_divide_by" = "4"
    Info (12134): Parameter "clk4_duty_cycle" = "50"
    Info (12134): Parameter "clk4_multiply_by" = "5"
    Info (12134): Parameter "clk4_phase_shift" = "0"
    Info (12134): Parameter "compensate_clock" = "CLK0"
    Info (12134): Parameter "inclk0_input_frequency" = "20833"
    Info (12134): Parameter "intended_device_family" = "Cyclone 10 LP"
    Info (12134): Parameter "lpm_hint" = "CBX_MODULE_PREFIX=SYSTEM_PLL"
    Info (12134): Parameter "lpm_type" = "altpll"
    Info (12134): Parameter "operation_mode" = "NORMAL"
    Info (12134): Parameter "pll_type" = "AUTO"
    Info (12134): Parameter "port_activeclock" = "PORT_UNUSED"
    Info (12134): Parameter "port_areset" = "PORT_USED"
    Info (12134): Parameter "port_clkbad0" = "PORT_UNUSED"
    Info (12134): Parameter "port_clkbad1" = "PORT_UNUSED"
    Info (12134): Parameter "port_clkloss" = "PORT_UNUSED"
    Info (12134): Parameter "port_clkswitch" = "PORT_UNUSED"
    Info (12134): Parameter "port_configupdate" = "PORT_UNUSED"
    Info (12134): Parameter "port_fbin" = "PORT_UNUSED"
    Info (12134): Parameter "port_inclk0" = "PORT_USED"
    Info (12134): Parameter "port_inclk1" = "PORT_UNUSED"
    Info (12134): Parameter "port_locked" = "PORT_USED"
    Info (12134): Parameter "port_pfdena" = "PORT_UNUSED"
    Info (12134): Parameter "port_phasecounterselect" = "PORT_UNUSED"
    Info (12134): Parameter "port_phasedone" = "PORT_UNUSED"
    Info (12134): Parameter "port_phasestep" = "PORT_UNUSED"
    Info (12134): Parameter "port_phaseupdown" = "PORT_UNUSED"
    Info (12134): Parameter "port_pllena" = "PORT_UNUSED"
    Info (12134): Parameter "port_scanaclr" = "PORT_UNUSED"
    Info (12134): Parameter "port_scanclk" = "PORT_UNUSED"
    Info (12134): Parameter "port_scanclkena" = "PORT_UNUSED"
    Info (12134): Parameter "port_scandata" = "PORT_UNUSED"
    Info (12134): Parameter "port_scandataout" = "PORT_UNUSED"
    Info (12134): Parameter "port_scandone" = "PORT_UNUSED"
    Info (12134): Parameter "port_scanread" = "PORT_UNUSED"
    Info (12134): Parameter "port_scanwrite" = "PORT_UNUSED"
    Info (12134): Parameter "port_clk0" = "PORT_USED"
    Info (12134): Parameter "port_clk1" = "PORT_USED"
    Info (12134): Parameter "port_clk2" = "PORT_USED"
    Info (12134): Parameter "port_clk3" = "PORT_USED"
    Info (12134): Parameter "port_clk4" = "PORT_USED"
    Info (12134): Parameter "port_clk5" = "PORT_UNUSED"
    Info (12134): Parameter "port_clkena0" = "PORT_UNUSED"
    Info (12134): Parameter "port_clkena1" = "PORT_UNUSED"
    Info (12134): Parameter "port_clkena2" = "PORT_UNUSED"
    Info (12134): Parameter "port_clkena3" = "PORT_UNUSED"
    Info (12134): Parameter "port_clkena4" = "PORT_UNUSED"
    Info (12134): Parameter "port_clkena5" = "PORT_UNUSED"
    Info (12134): Parameter "port_extclk0" = "PORT_UNUSED"
    Info (12134): Parameter "port_extclk1" = "PORT_UNUSED"
    Info (12134): Parameter "port_extclk2" = "PORT_UNUSED"
    Info (12134): Parameter "port_extclk3" = "PORT_UNUSED"
    Info (12134): Parameter "self_reset_on_loss_lock" = "OFF"
    Info (12134): Parameter "width_clock" = "5"
Info (12021): Found 1 design units, including 1 entities, in source file db/system_pll_altpll.v
    Info (12023): Found entity 1: SYSTEM_PLL_altpll File: C:/Users/chani/Desktop/Tesi/a_Projet_progress/Temperature_LightQ4.4_ANN/template/projects/Neural_Network/db/system_pll_altpll.v Line: 30
Info (12128): Elaborating entity "SYSTEM_PLL_altpll" for hierarchy "SYSTEM_PLL:PLL_inst|altpll:altpll_component|SYSTEM_PLL_altpll:auto_generated" File: c:/intelfpga_lite/18.1/quartus/libraries/megafunctions/altpll.tdf Line: 897
Info (12128): Elaborating entity "eco_nn_top" for hierarchy "eco_nn_top:uut" File: C:/Users/chani/Desktop/Tesi/a_Projet_progress/Temperature_LightQ4.4_ANN/template/projects/Neural_Network/MKRVIDOR4000_top.v Line: 184
Warning (10230): Verilog HDL assignment warning at eco_nn_top.v(44): truncated value with size 16 to match size of target (8) File: C:/Users/chani/Desktop/Tesi/a_Projet_progress/Temperature_LightQ4.4_ANN/template/projects/Neural_Network/eco_nn_top.v Line: 44
Warning (10230): Verilog HDL assignment warning at eco_nn_top.v(48): truncated value with size 16 to match size of target (8) File: C:/Users/chani/Desktop/Tesi/a_Projet_progress/Temperature_LightQ4.4_ANN/template/projects/Neural_Network/eco_nn_top.v Line: 48
Warning (10230): Verilog HDL assignment warning at eco_nn_top.v(52): truncated value with size 16 to match size of target (8) File: C:/Users/chani/Desktop/Tesi/a_Projet_progress/Temperature_LightQ4.4_ANN/template/projects/Neural_Network/eco_nn_top.v Line: 52
Warning (10230): Verilog HDL assignment warning at eco_nn_top.v(56): truncated value with size 16 to match size of target (8) File: C:/Users/chani/Desktop/Tesi/a_Projet_progress/Temperature_LightQ4.4_ANN/template/projects/Neural_Network/eco_nn_top.v Line: 56
Warning (10230): Verilog HDL assignment warning at eco_nn_top.v(60): truncated value with size 16 to match size of target (8) File: C:/Users/chani/Desktop/Tesi/a_Projet_progress/Temperature_LightQ4.4_ANN/template/projects/Neural_Network/eco_nn_top.v Line: 60
Warning (10230): Verilog HDL assignment warning at eco_nn_top.v(64): truncated value with size 16 to match size of target (8) File: C:/Users/chani/Desktop/Tesi/a_Projet_progress/Temperature_LightQ4.4_ANN/template/projects/Neural_Network/eco_nn_top.v Line: 64
Warning (10230): Verilog HDL assignment warning at eco_nn_top.v(68): truncated value with size 16 to match size of target (8) File: C:/Users/chani/Desktop/Tesi/a_Projet_progress/Temperature_LightQ4.4_ANN/template/projects/Neural_Network/eco_nn_top.v Line: 68
Warning (10230): Verilog HDL assignment warning at eco_nn_top.v(72): truncated value with size 16 to match size of target (8) File: C:/Users/chani/Desktop/Tesi/a_Projet_progress/Temperature_LightQ4.4_ANN/template/projects/Neural_Network/eco_nn_top.v Line: 72
Warning (10230): Verilog HDL assignment warning at eco_nn_top.v(76): truncated value with size 16 to match size of target (8) File: C:/Users/chani/Desktop/Tesi/a_Projet_progress/Temperature_LightQ4.4_ANN/template/projects/Neural_Network/eco_nn_top.v Line: 76
Warning (10230): Verilog HDL assignment warning at eco_nn_top.v(80): truncated value with size 16 to match size of target (8) File: C:/Users/chani/Desktop/Tesi/a_Projet_progress/Temperature_LightQ4.4_ANN/template/projects/Neural_Network/eco_nn_top.v Line: 80
Warning (10230): Verilog HDL assignment warning at eco_nn_top.v(84): truncated value with size 16 to match size of target (8) File: C:/Users/chani/Desktop/Tesi/a_Projet_progress/Temperature_LightQ4.4_ANN/template/projects/Neural_Network/eco_nn_top.v Line: 84
Warning (10230): Verilog HDL assignment warning at eco_nn_top.v(88): truncated value with size 16 to match size of target (8) File: C:/Users/chani/Desktop/Tesi/a_Projet_progress/Temperature_LightQ4.4_ANN/template/projects/Neural_Network/eco_nn_top.v Line: 88
Warning (10230): Verilog HDL assignment warning at eco_nn_top.v(92): truncated value with size 16 to match size of target (8) File: C:/Users/chani/Desktop/Tesi/a_Projet_progress/Temperature_LightQ4.4_ANN/template/projects/Neural_Network/eco_nn_top.v Line: 92
Warning (10230): Verilog HDL assignment warning at eco_nn_top.v(96): truncated value with size 16 to match size of target (8) File: C:/Users/chani/Desktop/Tesi/a_Projet_progress/Temperature_LightQ4.4_ANN/template/projects/Neural_Network/eco_nn_top.v Line: 96
Warning (10230): Verilog HDL assignment warning at eco_nn_top.v(100): truncated value with size 16 to match size of target (8) File: C:/Users/chani/Desktop/Tesi/a_Projet_progress/Temperature_LightQ4.4_ANN/template/projects/Neural_Network/eco_nn_top.v Line: 100
Warning (10230): Verilog HDL assignment warning at eco_nn_top.v(104): truncated value with size 16 to match size of target (8) File: C:/Users/chani/Desktop/Tesi/a_Projet_progress/Temperature_LightQ4.4_ANN/template/projects/Neural_Network/eco_nn_top.v Line: 104
Warning (10230): Verilog HDL assignment warning at eco_nn_top.v(131): truncated value with size 16 to match size of target (8) File: C:/Users/chani/Desktop/Tesi/a_Projet_progress/Temperature_LightQ4.4_ANN/template/projects/Neural_Network/eco_nn_top.v Line: 131
Warning (10230): Verilog HDL assignment warning at eco_nn_top.v(135): truncated value with size 16 to match size of target (8) File: C:/Users/chani/Desktop/Tesi/a_Projet_progress/Temperature_LightQ4.4_ANN/template/projects/Neural_Network/eco_nn_top.v Line: 135
Info (10008): Verilog HDL or VHDL information: EDA Netlist Writer cannot regroup multidimensional array "w_hidden_layer" into its bus
Info (10008): Verilog HDL or VHDL information: EDA Netlist Writer cannot regroup multidimensional array "w_output_layer" into its bus
Info (12128): Elaborating entity "neuron" for hierarchy "eco_nn_top:uut|neuron:hidden_layer[0].h_neuron" File: C:/Users/chani/Desktop/Tesi/a_Projet_progress/Temperature_LightQ4.4_ANN/template/projects/Neural_Network/eco_nn_top.v Line: 121
Info (12128): Elaborating entity "neuron" for hierarchy "eco_nn_top:uut|neuron:output_layer[0].final_neuron" File: C:/Users/chani/Desktop/Tesi/a_Projet_progress/Temperature_LightQ4.4_ANN/template/projects/Neural_Network/eco_nn_top.v Line: 150
Info (12128): Elaborating entity "jtag_interface" for hierarchy "jtag_interface:interfacejtag" File: C:/Users/chani/Desktop/Tesi/a_Projet_progress/Temperature_LightQ4.4_ANN/template/projects/Neural_Network/MKRVIDOR4000_top.v Line: 196
Info (12128): Elaborating entity "sld_virtual_jtag" for hierarchy "jtag_interface:interfacejtag|sld_virtual_jtag:jtag" File: C:/Users/chani/Desktop/Tesi/a_Projet_progress/Temperature_LightQ4.4_ANN/template/projects/Neural_Network/jtag_interface.v Line: 43
Info (12130): Elaborated megafunction instantiation "jtag_interface:interfacejtag|sld_virtual_jtag:jtag" File: C:/Users/chani/Desktop/Tesi/a_Projet_progress/Temperature_LightQ4.4_ANN/template/projects/Neural_Network/jtag_interface.v Line: 43
Info (12133): Instantiated megafunction "jtag_interface:interfacejtag|sld_virtual_jtag:jtag" with the following parameter: File: C:/Users/chani/Desktop/Tesi/a_Projet_progress/Temperature_LightQ4.4_ANN/template/projects/Neural_Network/jtag_interface.v Line: 43
    Info (12134): Parameter "sld_ir_width" = "7"
Info (12128): Elaborating entity "sld_virtual_jtag_basic" for hierarchy "jtag_interface:interfacejtag|sld_virtual_jtag:jtag|sld_virtual_jtag_basic:sld_virtual_jtag_basic_inst" File: c:/intelfpga_lite/18.1/quartus/libraries/megafunctions/sld_virtual_jtag.v Line: 151
Info (12131): Elaborated megafunction instantiation "jtag_interface:interfacejtag|sld_virtual_jtag:jtag|sld_virtual_jtag_basic:sld_virtual_jtag_basic_inst", which is child of megafunction instantiation "jtag_interface:interfacejtag|sld_virtual_jtag:jtag" File: c:/intelfpga_lite/18.1/quartus/libraries/megafunctions/sld_virtual_jtag.v Line: 151
Info (12128): Elaborating entity "sld_virtual_jtag_impl" for hierarchy "jtag_interface:interfacejtag|sld_virtual_jtag:jtag|sld_virtual_jtag_basic:sld_virtual_jtag_basic_inst|sld_virtual_jtag_impl:sld_virtual_jtag_impl_inst" File: c:/intelfpga_lite/18.1/quartus/libraries/megafunctions/sld_virtual_jtag_basic.v Line: 151
Info (12131): Elaborated megafunction instantiation "jtag_interface:interfacejtag|sld_virtual_jtag:jtag|sld_virtual_jtag_basic:sld_virtual_jtag_basic_inst|sld_virtual_jtag_impl:sld_virtual_jtag_impl_inst", which is child of megafunction instantiation "jtag_interface:interfacejtag|sld_virtual_jtag:jtag" File: c:/intelfpga_lite/18.1/quartus/libraries/megafunctions/sld_virtual_jtag_basic.v Line: 151
Info (12128): Elaborating entity "sld_jtag_endpoint_adapter" for hierarchy "jtag_interface:interfacejtag|sld_virtual_jtag:jtag|sld_virtual_jtag_basic:sld_virtual_jtag_basic_inst|sld_virtual_jtag_impl:sld_virtual_jtag_impl_inst|sld_jtag_endpoint_adapter:jtag_signal_adapter" File: c:/intelfpga_lite/18.1/quartus/libraries/megafunctions/sld_virtual_jtag_basic.v Line: 414
Info (12128): Elaborating entity "sld_jtag_endpoint_adapter_impl" for hierarchy "jtag_interface:interfacejtag|sld_virtual_jtag:jtag|sld_virtual_jtag_basic:sld_virtual_jtag_basic_inst|sld_virtual_jtag_impl:sld_virtual_jtag_impl_inst|sld_jtag_endpoint_adapter:jtag_signal_adapter|sld_jtag_endpoint_adapter_impl:sld_jtag_endpoint_adapter_impl_inst" File: c:/intelfpga_lite/18.1/quartus/libraries/megafunctions/sld_jtag_endpoint_adapter.vhd Line: 232
Info (12128): Elaborating entity "jtag_synchronizer" for hierarchy "jtag_interface:interfacejtag|jtag_synchronizer:jtag_sync" File: C:/Users/chani/Desktop/Tesi/a_Projet_progress/Temperature_LightQ4.4_ANN/template/projects/Neural_Network/jtag_interface.v Line: 63
Info (12128): Elaborating entity "synchronizer_basic" for hierarchy "jtag_interface:interfacejtag|jtag_synchronizer:jtag_sync|synchronizer_basic:inst6"
Info (12128): Elaborating entity "jtag_memory" for hierarchy "jtag_interface:interfacejtag|jtag_memory:memory" File: C:/Users/chani/Desktop/Tesi/a_Projet_progress/Temperature_LightQ4.4_ANN/template/projects/Neural_Network/jtag_interface.v Line: 83
Warning (10230): Verilog HDL assignment warning at jtag_memory.v(57): truncated value with size 32 to match size of target (3) File: C:/Users/chani/Desktop/Tesi/a_Projet_progress/Temperature_LightQ4.4_ANN/template/projects/Neural_Network/jtag_memory.v Line: 57
Info (11170): Starting IP generation for the debug fabric: alt_sld_fab.
Info (11172): 2026.06.07.10:12:05 Progress: Loading slda46de5ad/alt_sld_fab_wrapper_hw.tcl
Info (11172): Alt_sld_fab.alt_sld_fab: SLD fabric agents which did not specify prefer_host were connected to JTAG
Info (11172): Alt_sld_fab: Generating alt_sld_fab "alt_sld_fab" for QUARTUS_SYNTH
Info (11172): Alt_sld_fab: "alt_sld_fab" instantiated alt_sld_fab "alt_sld_fab"
Info (11172): Presplit: "alt_sld_fab" instantiated altera_super_splitter "presplit"
Info (11172): Splitter: "alt_sld_fab" instantiated altera_sld_splitter "splitter"
Info (11172): Sldfabric: "alt_sld_fab" instantiated altera_sld_jtag_hub "sldfabric"
Info (11172): Ident: "alt_sld_fab" instantiated altera_connection_identification_hub "ident"
Info (11172): Alt_sld_fab: Done "alt_sld_fab" with 6 modules, 6 files
Info (11171): Finished IP generation for the debug fabric: alt_sld_fab.
Info (12021): Found 1 design units, including 1 entities, in source file db/ip/slda46de5ad/alt_sld_fab.v
    Info (12023): Found entity 1: alt_sld_fab File: C:/Users/chani/Desktop/Tesi/a_Projet_progress/Temperature_LightQ4.4_ANN/template/projects/Neural_Network/db/ip/slda46de5ad/alt_sld_fab.v Line: 9
Info (12021): Found 1 design units, including 1 entities, in source file db/ip/slda46de5ad/submodules/alt_sld_fab_alt_sld_fab.v
    Info (12023): Found entity 1: alt_sld_fab_alt_sld_fab File: C:/Users/chani/Desktop/Tesi/a_Projet_progress/Temperature_LightQ4.4_ANN/template/projects/Neural_Network/db/ip/slda46de5ad/submodules/alt_sld_fab_alt_sld_fab.v Line: 9
Info (12021): Found 1 design units, including 1 entities, in source file db/ip/slda46de5ad/submodules/alt_sld_fab_alt_sld_fab_ident.sv
    Info (12023): Found entity 1: alt_sld_fab_alt_sld_fab_ident File: C:/Users/chani/Desktop/Tesi/a_Projet_progress/Temperature_LightQ4.4_ANN/template/projects/Neural_Network/db/ip/slda46de5ad/submodules/alt_sld_fab_alt_sld_fab_ident.sv Line: 33
Info (12021): Found 1 design units, including 1 entities, in source file db/ip/slda46de5ad/submodules/alt_sld_fab_alt_sld_fab_presplit.sv
    Info (12023): Found entity 1: alt_sld_fab_alt_sld_fab_presplit File: C:/Users/chani/Desktop/Tesi/a_Projet_progress/Temperature_LightQ4.4_ANN/template/projects/Neural_Network/db/ip/slda46de5ad/submodules/alt_sld_fab_alt_sld_fab_presplit.sv Line: 3
Info (12021): Found 2 design units, including 1 entities, in source file db/ip/slda46de5ad/submodules/alt_sld_fab_alt_sld_fab_sldfabric.vhd
    Info (12022): Found design unit 1: alt_sld_fab_alt_sld_fab_sldfabric-rtl File: C:/Users/chani/Desktop/Tesi/a_Projet_progress/Temperature_LightQ4.4_ANN/template/projects/Neural_Network/db/ip/slda46de5ad/submodules/alt_sld_fab_alt_sld_fab_sldfabric.vhd Line: 102
    Info (12023): Found entity 1: alt_sld_fab_alt_sld_fab_sldfabric File: C:/Users/chani/Desktop/Tesi/a_Projet_progress/Temperature_LightQ4.4_ANN/template/projects/Neural_Network/db/ip/slda46de5ad/submodules/alt_sld_fab_alt_sld_fab_sldfabric.vhd Line: 11
Info (12021): Found 1 design units, including 1 entities, in source file db/ip/slda46de5ad/submodules/alt_sld_fab_alt_sld_fab_splitter.sv
    Info (12023): Found entity 1: alt_sld_fab_alt_sld_fab_splitter File: C:/Users/chani/Desktop/Tesi/a_Projet_progress/Temperature_LightQ4.4_ANN/template/projects/Neural_Network/db/ip/slda46de5ad/submodules/alt_sld_fab_alt_sld_fab_splitter.sv Line: 3
Info (278001): Inferred 76 megafunctions from design logic
    Info (278003): Inferred multiplier megafunction ("lpm_mult") from the following logic: "eco_nn_top:uut|neuron:output_layer[0].final_neuron|Mult15" File: C:/Users/chani/Desktop/Tesi/a_Projet_progress/Temperature_LightQ4.4_ANN/template/projects/Neural_Network/neuron.v Line: 21
    Info (278003): Inferred multiplier megafunction ("lpm_mult") from the following logic: "eco_nn_top:uut|neuron:output_layer[0].final_neuron|Mult2" File: C:/Users/chani/Desktop/Tesi/a_Projet_progress/Temperature_LightQ4.4_ANN/template/projects/Neural_Network/neuron.v Line: 21
    Info (278003): Inferred multiplier megafunction ("lpm_mult") from the following logic: "eco_nn_top:uut|neuron:output_layer[0].final_neuron|Mult14" File: C:/Users/chani/Desktop/Tesi/a_Projet_progress/Temperature_LightQ4.4_ANN/template/projects/Neural_Network/neuron.v Line: 21
    Info (278003): Inferred multiplier megafunction ("lpm_mult") from the following logic: "eco_nn_top:uut|neuron:output_layer[0].final_neuron|Mult11" File: C:/Users/chani/Desktop/Tesi/a_Projet_progress/Temperature_LightQ4.4_ANN/template/projects/Neural_Network/neuron.v Line: 21
    Info (278003): Inferred multiplier megafunction ("lpm_mult") from the following logic: "eco_nn_top:uut|neuron:output_layer[1].final_neuron|Mult5" File: C:/Users/chani/Desktop/Tesi/a_Projet_progress/Temperature_LightQ4.4_ANN/template/projects/Neural_Network/neuron.v Line: 21
    Info (278003): Inferred multiplier megafunction ("lpm_mult") from the following logic: "eco_nn_top:uut|neuron:output_layer[1].final_neuron|Mult7" File: C:/Users/chani/Desktop/Tesi/a_Projet_progress/Temperature_LightQ4.4_ANN/template/projects/Neural_Network/neuron.v Line: 21
    Info (278003): Inferred multiplier megafunction ("lpm_mult") from the following logic: "eco_nn_top:uut|neuron:output_layer[1].final_neuron|Mult8" File: C:/Users/chani/Desktop/Tesi/a_Projet_progress/Temperature_LightQ4.4_ANN/template/projects/Neural_Network/neuron.v Line: 21
    Info (278003): Inferred multiplier megafunction ("lpm_mult") from the following logic: "eco_nn_top:uut|neuron:output_layer[1].final_neuron|Mult10" File: C:/Users/chani/Desktop/Tesi/a_Projet_progress/Temperature_LightQ4.4_ANN/template/projects/Neural_Network/neuron.v Line: 21
    Info (278003): Inferred multiplier megafunction ("lpm_mult") from the following logic: "eco_nn_top:uut|neuron:output_layer[1].final_neuron|Mult13" File: C:/Users/chani/Desktop/Tesi/a_Projet_progress/Temperature_LightQ4.4_ANN/template/projects/Neural_Network/neuron.v Line: 21
    Info (278003): Inferred multiplier megafunction ("lpm_mult") from the following logic: "eco_nn_top:uut|neuron:output_layer[1].final_neuron|Mult14" File: C:/Users/chani/Desktop/Tesi/a_Projet_progress/Temperature_LightQ4.4_ANN/template/projects/Neural_Network/neuron.v Line: 21
    Info (278003): Inferred multiplier megafunction ("lpm_mult") from the following logic: "eco_nn_top:uut|neuron:output_layer[1].final_neuron|Mult3" File: C:/Users/chani/Desktop/Tesi/a_Projet_progress/Temperature_LightQ4.4_ANN/template/projects/Neural_Network/neuron.v Line: 21
    Info (278003): Inferred multiplier megafunction ("lpm_mult") from the following logic: "eco_nn_top:uut|neuron:output_layer[1].final_neuron|Mult4" File: C:/Users/chani/Desktop/Tesi/a_Projet_progress/Temperature_LightQ4.4_ANN/template/projects/Neural_Network/neuron.v Line: 21
    Info (278003): Inferred multiplier megafunction ("lpm_mult") from the following logic: "eco_nn_top:uut|neuron:output_layer[1].final_neuron|Mult0" File: C:/Users/chani/Desktop/Tesi/a_Projet_progress/Temperature_LightQ4.4_ANN/template/projects/Neural_Network/neuron.v Line: 21
    Info (278003): Inferred multiplier megafunction ("lpm_mult") from the following logic: "eco_nn_top:uut|neuron:output_layer[1].final_neuron|Mult1" File: C:/Users/chani/Desktop/Tesi/a_Projet_progress/Temperature_LightQ4.4_ANN/template/projects/Neural_Network/neuron.v Line: 21
    Info (278003): Inferred multiplier megafunction ("lpm_mult") from the following logic: "eco_nn_top:uut|neuron:output_layer[0].final_neuron|Mult0" File: C:/Users/chani/Desktop/Tesi/a_Projet_progress/Temperature_LightQ4.4_ANN/template/projects/Neural_Network/neuron.v Line: 21
    Info (278003): Inferred multiplier megafunction ("lpm_mult") from the following logic: "eco_nn_top:uut|neuron:output_layer[0].final_neuron|Mult1" File: C:/Users/chani/Desktop/Tesi/a_Projet_progress/Temperature_LightQ4.4_ANN/template/projects/Neural_Network/neuron.v Line: 21
    Info (278003): Inferred multiplier megafunction ("lpm_mult") from the following logic: "eco_nn_top:uut|neuron:output_layer[0].final_neuron|Mult3" File: C:/Users/chani/Desktop/Tesi/a_Projet_progress/Temperature_LightQ4.4_ANN/template/projects/Neural_Network/neuron.v Line: 21
    Info (278003): Inferred multiplier megafunction ("lpm_mult") from the following logic: "eco_nn_top:uut|neuron:output_layer[0].final_neuron|Mult7" File: C:/Users/chani/Desktop/Tesi/a_Projet_progress/Temperature_LightQ4.4_ANN/template/projects/Neural_Network/neuron.v Line: 21
    Info (278003): Inferred multiplier megafunction ("lpm_mult") from the following logic: "eco_nn_top:uut|neuron:output_layer[0].final_neuron|Mult8" File: C:/Users/chani/Desktop/Tesi/a_Projet_progress/Temperature_LightQ4.4_ANN/template/projects/Neural_Network/neuron.v Line: 21
    Info (278003): Inferred multiplier megafunction ("lpm_mult") from the following logic: "eco_nn_top:uut|neuron:output_layer[0].final_neuron|Mult9" File: C:/Users/chani/Desktop/Tesi/a_Projet_progress/Temperature_LightQ4.4_ANN/template/projects/Neural_Network/neuron.v Line: 21
    Info (278003): Inferred multiplier megafunction ("lpm_mult") from the following logic: "eco_nn_top:uut|neuron:hidden_layer[2].h_neuron|Mult2" File: C:/Users/chani/Desktop/Tesi/a_Projet_progress/Temperature_LightQ4.4_ANN/template/projects/Neural_Network/neuron.v Line: 21
    Info (278003): Inferred multiplier megafunction ("lpm_mult") from the following logic: "eco_nn_top:uut|neuron:hidden_layer[0].h_neuron|Mult6" File: C:/Users/chani/Desktop/Tesi/a_Projet_progress/Temperature_LightQ4.4_ANN/template/projects/Neural_Network/neuron.v Line: 21
    Info (278003): Inferred multiplier megafunction ("lpm_mult") from the following logic: "eco_nn_top:uut|neuron:hidden_layer[4].h_neuron|Mult2" File: C:/Users/chani/Desktop/Tesi/a_Projet_progress/Temperature_LightQ4.4_ANN/template/projects/Neural_Network/neuron.v Line: 21
    Info (278003): Inferred multiplier megafunction ("lpm_mult") from the following logic: "eco_nn_top:uut|neuron:hidden_layer[15].h_neuron|Mult3" File: C:/Users/chani/Desktop/Tesi/a_Projet_progress/Temperature_LightQ4.4_ANN/template/projects/Neural_Network/neuron.v Line: 21
    Info (278003): Inferred multiplier megafunction ("lpm_mult") from the following logic: "eco_nn_top:uut|neuron:hidden_layer[4].h_neuron|Mult7" File: C:/Users/chani/Desktop/Tesi/a_Projet_progress/Temperature_LightQ4.4_ANN/template/projects/Neural_Network/neuron.v Line: 21
    Info (278003): Inferred multiplier megafunction ("lpm_mult") from the following logic: "eco_nn_top:uut|neuron:hidden_layer[14].h_neuron|Mult6" File: C:/Users/chani/Desktop/Tesi/a_Projet_progress/Temperature_LightQ4.4_ANN/template/projects/Neural_Network/neuron.v Line: 21
    Info (278003): Inferred multiplier megafunction ("lpm_mult") from the following logic: "eco_nn_top:uut|neuron:hidden_layer[15].h_neuron|Mult1" File: C:/Users/chani/Desktop/Tesi/a_Projet_progress/Temperature_LightQ4.4_ANN/template/projects/Neural_Network/neuron.v Line: 21
    Info (278003): Inferred multiplier megafunction ("lpm_mult") from the following logic: "eco_nn_top:uut|neuron:hidden_layer[0].h_neuron|Mult5" File: C:/Users/chani/Desktop/Tesi/a_Projet_progress/Temperature_LightQ4.4_ANN/template/projects/Neural_Network/neuron.v Line: 21
    Info (278003): Inferred multiplier megafunction ("lpm_mult") from the following logic: "eco_nn_top:uut|neuron:hidden_layer[13].h_neuron|Mult3" File: C:/Users/chani/Desktop/Tesi/a_Projet_progress/Temperature_LightQ4.4_ANN/template/projects/Neural_Network/neuron.v Line: 21
    Info (278003): Inferred multiplier megafunction ("lpm_mult") from the following logic: "eco_nn_top:uut|neuron:hidden_layer[1].h_neuron|Mult3" File: C:/Users/chani/Desktop/Tesi/a_Projet_progress/Temperature_LightQ4.4_ANN/template/projects/Neural_Network/neuron.v Line: 21
    Info (278003): Inferred multiplier megafunction ("lpm_mult") from the following logic: "eco_nn_top:uut|neuron:hidden_layer[3].h_neuron|Mult2" File: C:/Users/chani/Desktop/Tesi/a_Projet_progress/Temperature_LightQ4.4_ANN/template/projects/Neural_Network/neuron.v Line: 21
    Info (278003): Inferred multiplier megafunction ("lpm_mult") from the following logic: "eco_nn_top:uut|neuron:hidden_layer[11].h_neuron|Mult7" File: C:/Users/chani/Desktop/Tesi/a_Projet_progress/Temperature_LightQ4.4_ANN/template/projects/Neural_Network/neuron.v Line: 21
    Info (278003): Inferred multiplier megafunction ("lpm_mult") from the following logic: "eco_nn_top:uut|neuron:hidden_layer[9].h_neuron|Mult5" File: C:/Users/chani/Desktop/Tesi/a_Projet_progress/Temperature_LightQ4.4_ANN/template/projects/Neural_Network/neuron.v Line: 21
    Info (278003): Inferred multiplier megafunction ("lpm_mult") from the following logic: "eco_nn_top:uut|neuron:hidden_layer[1].h_neuron|Mult6" File: C:/Users/chani/Desktop/Tesi/a_Projet_progress/Temperature_LightQ4.4_ANN/template/projects/Neural_Network/neuron.v Line: 21
    Info (278003): Inferred multiplier megafunction ("lpm_mult") from the following logic: "eco_nn_top:uut|neuron:hidden_layer[7].h_neuron|Mult7" File: C:/Users/chani/Desktop/Tesi/a_Projet_progress/Temperature_LightQ4.4_ANN/template/projects/Neural_Network/neuron.v Line: 21
    Info (278003): Inferred multiplier megafunction ("lpm_mult") from the following logic: "eco_nn_top:uut|neuron:hidden_layer[9].h_neuron|Mult6" File: C:/Users/chani/Desktop/Tesi/a_Projet_progress/Temperature_LightQ4.4_ANN/template/projects/Neural_Network/neuron.v Line: 21
    Info (278003): Inferred multiplier megafunction ("lpm_mult") from the following logic: "eco_nn_top:uut|neuron:hidden_layer[14].h_neuron|Mult0" File: C:/Users/chani/Desktop/Tesi/a_Projet_progress/Temperature_LightQ4.4_ANN/template/projects/Neural_Network/neuron.v Line: 21
    Info (278003): Inferred multiplier megafunction ("lpm_mult") from the following logic: "eco_nn_top:uut|neuron:hidden_layer[0].h_neuron|Mult1" File: C:/Users/chani/Desktop/Tesi/a_Projet_progress/Temperature_LightQ4.4_ANN/template/projects/Neural_Network/neuron.v Line: 21
    Info (278003): Inferred multiplier megafunction ("lpm_mult") from the following logic: "eco_nn_top:uut|neuron:hidden_layer[3].h_neuron|Mult3" File: C:/Users/chani/Desktop/Tesi/a_Projet_progress/Temperature_LightQ4.4_ANN/template/projects/Neural_Network/neuron.v Line: 21
    Info (278003): Inferred multiplier megafunction ("lpm_mult") from the following logic: "eco_nn_top:uut|neuron:hidden_layer[0].h_neuron|Mult2" File: C:/Users/chani/Desktop/Tesi/a_Projet_progress/Temperature_LightQ4.4_ANN/template/projects/Neural_Network/neuron.v Line: 21
    Info (278003): Inferred multiplier megafunction ("lpm_mult") from the following logic: "eco_nn_top:uut|neuron:hidden_layer[0].h_neuron|Mult7" File: C:/Users/chani/Desktop/Tesi/a_Projet_progress/Temperature_LightQ4.4_ANN/template/projects/Neural_Network/neuron.v Line: 21
    Info (278003): Inferred multiplier megafunction ("lpm_mult") from the following logic: "eco_nn_top:uut|neuron:hidden_layer[1].h_neuron|Mult7" File: C:/Users/chani/Desktop/Tesi/a_Projet_progress/Temperature_LightQ4.4_ANN/template/projects/Neural_Network/neuron.v Line: 21
    Info (278003): Inferred multiplier megafunction ("lpm_mult") from the following logic: "eco_nn_top:uut|neuron:hidden_layer[1].h_neuron|Mult2" File: C:/Users/chani/Desktop/Tesi/a_Projet_progress/Temperature_LightQ4.4_ANN/template/projects/Neural_Network/neuron.v Line: 21
    Info (278003): Inferred multiplier megafunction ("lpm_mult") from the following logic: "eco_nn_top:uut|neuron:hidden_layer[2].h_neuron|Mult0" File: C:/Users/chani/Desktop/Tesi/a_Projet_progress/Temperature_LightQ4.4_ANN/template/projects/Neural_Network/neuron.v Line: 21
    Info (278003): Inferred multiplier megafunction ("lpm_mult") from the following logic: "eco_nn_top:uut|neuron:hidden_layer[3].h_neuron|Mult1" File: C:/Users/chani/Desktop/Tesi/a_Projet_progress/Temperature_LightQ4.4_ANN/template/projects/Neural_Network/neuron.v Line: 21
    Info (278003): Inferred multiplier megafunction ("lpm_mult") from the following logic: "eco_nn_top:uut|neuron:hidden_layer[8].h_neuron|Mult4" File: C:/Users/chani/Desktop/Tesi/a_Projet_progress/Temperature_LightQ4.4_ANN/template/projects/Neural_Network/neuron.v Line: 21
    Info (278003): Inferred multiplier megafunction ("lpm_mult") from the following logic: "eco_nn_top:uut|neuron:hidden_layer[5].h_neuron|Mult2" File: C:/Users/chani/Desktop/Tesi/a_Projet_progress/Temperature_LightQ4.4_ANN/template/projects/Neural_Network/neuron.v Line: 21
    Info (278003): Inferred multiplier megafunction ("lpm_mult") from the following logic: "eco_nn_top:uut|neuron:hidden_layer[14].h_neuron|Mult5" File: C:/Users/chani/Desktop/Tesi/a_Projet_progress/Temperature_LightQ4.4_ANN/template/projects/Neural_Network/neuron.v Line: 21
    Info (278003): Inferred multiplier megafunction ("lpm_mult") from the following logic: "eco_nn_top:uut|neuron:hidden_layer[1].h_neuron|Mult4" File: C:/Users/chani/Desktop/Tesi/a_Projet_progress/Temperature_LightQ4.4_ANN/template/projects/Neural_Network/neuron.v Line: 21
    Info (278003): Inferred multiplier megafunction ("lpm_mult") from the following logic: "eco_nn_top:uut|neuron:hidden_layer[13].h_neuron|Mult7" File: C:/Users/chani/Desktop/Tesi/a_Projet_progress/Temperature_LightQ4.4_ANN/template/projects/Neural_Network/neuron.v Line: 21
    Info (278003): Inferred multiplier megafunction ("lpm_mult") from the following logic: "eco_nn_top:uut|neuron:hidden_layer[13].h_neuron|Mult1" File: C:/Users/chani/Desktop/Tesi/a_Projet_progress/Temperature_LightQ4.4_ANN/template/projects/Neural_Network/neuron.v Line: 21
    Info (278003): Inferred multiplier megafunction ("lpm_mult") from the following logic: "eco_nn_top:uut|neuron:hidden_layer[13].h_neuron|Mult2" File: C:/Users/chani/Desktop/Tesi/a_Projet_progress/Temperature_LightQ4.4_ANN/template/projects/Neural_Network/neuron.v Line: 21
    Info (278003): Inferred multiplier megafunction ("lpm_mult") from the following logic: "eco_nn_top:uut|neuron:hidden_layer[14].h_neuron|Mult4" File: C:/Users/chani/Desktop/Tesi/a_Projet_progress/Temperature_LightQ4.4_ANN/template/projects/Neural_Network/neuron.v Line: 21
    Info (278003): Inferred multiplier megafunction ("lpm_mult") from the following logic: "eco_nn_top:uut|neuron:hidden_layer[8].h_neuron|Mult5" File: C:/Users/chani/Desktop/Tesi/a_Projet_progress/Temperature_LightQ4.4_ANN/template/projects/Neural_Network/neuron.v Line: 21
    Info (278003): Inferred multiplier megafunction ("lpm_mult") from the following logic: "eco_nn_top:uut|neuron:hidden_layer[7].h_neuron|Mult3" File: C:/Users/chani/Desktop/Tesi/a_Projet_progress/Temperature_LightQ4.4_ANN/template/projects/Neural_Network/neuron.v Line: 21
    Info (278003): Inferred multiplier megafunction ("lpm_mult") from the following logic: "eco_nn_top:uut|neuron:hidden_layer[4].h_neuron|Mult4" File: C:/Users/chani/Desktop/Tesi/a_Projet_progress/Temperature_LightQ4.4_ANN/template/projects/Neural_Network/neuron.v Line: 21
    Info (278003): Inferred multiplier megafunction ("lpm_mult") from the following logic: "eco_nn_top:uut|neuron:hidden_layer[8].h_neuron|Mult6" File: C:/Users/chani/Desktop/Tesi/a_Projet_progress/Temperature_LightQ4.4_ANN/template/projects/Neural_Network/neuron.v Line: 21
    Info (278003): Inferred multiplier megafunction ("lpm_mult") from the following logic: "eco_nn_top:uut|neuron:hidden_layer[9].h_neuron|Mult3" File: C:/Users/chani/Desktop/Tesi/a_Projet_progress/Temperature_LightQ4.4_ANN/template/projects/Neural_Network/neuron.v Line: 21
    Info (278003): Inferred multiplier megafunction ("lpm_mult") from the following logic: "eco_nn_top:uut|neuron:hidden_layer[4].h_neuron|Mult5" File: C:/Users/chani/Desktop/Tesi/a_Projet_progress/Temperature_LightQ4.4_ANN/template/projects/Neural_Network/neuron.v Line: 21
    Info (278003): Inferred multiplier megafunction ("lpm_mult") from the following logic: "eco_nn_top:uut|neuron:hidden_layer[12].h_neuron|Mult3" File: C:/Users/chani/Desktop/Tesi/a_Projet_progress/Temperature_LightQ4.4_ANN/template/projects/Neural_Network/neuron.v Line: 21
    Info (278003): Inferred multiplier megafunction ("lpm_mult") from the following logic: "eco_nn_top:uut|neuron:hidden_layer[12].h_neuron|Mult4" File: C:/Users/chani/Desktop/Tesi/a_Projet_progress/Temperature_LightQ4.4_ANN/template/projects/Neural_Network/neuron.v Line: 21
    Info (278003): Inferred multiplier megafunction ("lpm_mult") from the following logic: "eco_nn_top:uut|neuron:hidden_layer[3].h_neuron|Mult4" File: C:/Users/chani/Desktop/Tesi/a_Projet_progress/Temperature_LightQ4.4_ANN/template/projects/Neural_Network/neuron.v Line: 21
    Info (278003): Inferred multiplier megafunction ("lpm_mult") from the following logic: "eco_nn_top:uut|neuron:hidden_layer[3].h_neuron|Mult7" File: C:/Users/chani/Desktop/Tesi/a_Projet_progress/Temperature_LightQ4.4_ANN/template/projects/Neural_Network/neuron.v Line: 21
    Info (278003): Inferred multiplier megafunction ("lpm_mult") from the following logic: "eco_nn_top:uut|neuron:hidden_layer[4].h_neuron|Mult1" File: C:/Users/chani/Desktop/Tesi/a_Projet_progress/Temperature_LightQ4.4_ANN/template/projects/Neural_Network/neuron.v Line: 21
    Info (278003): Inferred multiplier megafunction ("lpm_mult") from the following logic: "eco_nn_top:uut|neuron:hidden_layer[5].h_neuron|Mult1" File: C:/Users/chani/Desktop/Tesi/a_Projet_progress/Temperature_LightQ4.4_ANN/template/projects/Neural_Network/neuron.v Line: 21
    Info (278003): Inferred multiplier megafunction ("lpm_mult") from the following logic: "eco_nn_top:uut|neuron:hidden_layer[14].h_neuron|Mult1" File: C:/Users/chani/Desktop/Tesi/a_Projet_progress/Temperature_LightQ4.4_ANN/template/projects/Neural_Network/neuron.v Line: 21
    Info (278003): Inferred multiplier megafunction ("lpm_mult") from the following logic: "eco_nn_top:uut|neuron:hidden_layer[11].h_neuron|Mult1" File: C:/Users/chani/Desktop/Tesi/a_Projet_progress/Temperature_LightQ4.4_ANN/template/projects/Neural_Network/neuron.v Line: 21
    Info (278003): Inferred multiplier megafunction ("lpm_mult") from the following logic: "eco_nn_top:uut|neuron:hidden_layer[11].h_neuron|Mult3" File: C:/Users/chani/Desktop/Tesi/a_Projet_progress/Temperature_LightQ4.4_ANN/template/projects/Neural_Network/neuron.v Line: 21
    Info (278003): Inferred multiplier megafunction ("lpm_mult") from the following logic: "eco_nn_top:uut|neuron:hidden_layer[6].h_neuron|Mult0" File: C:/Users/chani/Desktop/Tesi/a_Projet_progress/Temperature_LightQ4.4_ANN/template/projects/Neural_Network/neuron.v Line: 21
    Info (278003): Inferred multiplier megafunction ("lpm_mult") from the following logic: "eco_nn_top:uut|neuron:hidden_layer[1].h_neuron|Mult0" File: C:/Users/chani/Desktop/Tesi/a_Projet_progress/Temperature_LightQ4.4_ANN/template/projects/Neural_Network/neuron.v Line: 21
    Info (278003): Inferred multiplier megafunction ("lpm_mult") from the following logic: "eco_nn_top:uut|neuron:hidden_layer[10].h_neuron|Mult1" File: C:/Users/chani/Desktop/Tesi/a_Projet_progress/Temperature_LightQ4.4_ANN/template/projects/Neural_Network/neuron.v Line: 21
    Info (278003): Inferred multiplier megafunction ("lpm_mult") from the following logic: "eco_nn_top:uut|neuron:hidden_layer[4].h_neuron|Mult6" File: C:/Users/chani/Desktop/Tesi/a_Projet_progress/Temperature_LightQ4.4_ANN/template/projects/Neural_Network/neuron.v Line: 21
    Info (278003): Inferred multiplier megafunction ("lpm_mult") from the following logic: "eco_nn_top:uut|neuron:hidden_layer[4].h_neuron|Mult3" File: C:/Users/chani/Desktop/Tesi/a_Projet_progress/Temperature_LightQ4.4_ANN/template/projects/Neural_Network/neuron.v Line: 21
    Info (278003): Inferred multiplier megafunction ("lpm_mult") from the following logic: "eco_nn_top:uut|neuron:hidden_layer[0].h_neuron|Mult0" File: C:/Users/chani/Desktop/Tesi/a_Projet_progress/Temperature_LightQ4.4_ANN/template/projects/Neural_Network/neuron.v Line: 21
    Info (278003): Inferred multiplier megafunction ("lpm_mult") from the following logic: "eco_nn_top:uut|neuron:hidden_layer[0].h_neuron|Mult4" File: C:/Users/chani/Desktop/Tesi/a_Projet_progress/Temperature_LightQ4.4_ANN/template/projects/Neural_Network/neuron.v Line: 21
    Info (278003): Inferred multiplier megafunction ("lpm_mult") from the following logic: "eco_nn_top:uut|neuron:hidden_layer[1].h_neuron|Mult5" File: C:/Users/chani/Desktop/Tesi/a_Projet_progress/Temperature_LightQ4.4_ANN/template/projects/Neural_Network/neuron.v Line: 21
Info (12130): Elaborated megafunction instantiation "eco_nn_top:uut|neuron:output_layer[0].final_neuron|lpm_mult:Mult15" File: C:/Users/chani/Desktop/Tesi/a_Projet_progress/Temperature_LightQ4.4_ANN/template/projects/Neural_Network/neuron.v Line: 21
Info (12133): Instantiated megafunction "eco_nn_top:uut|neuron:output_layer[0].final_neuron|lpm_mult:Mult15" with the following parameter: File: C:/Users/chani/Desktop/Tesi/a_Projet_progress/Temperature_LightQ4.4_ANN/template/projects/Neural_Network/neuron.v Line: 21
    Info (12134): Parameter "LPM_WIDTHA" = "8"
    Info (12134): Parameter "LPM_WIDTHB" = "4"
    Info (12134): Parameter "LPM_WIDTHP" = "12"
    Info (12134): Parameter "LPM_WIDTHR" = "12"
    Info (12134): Parameter "LPM_WIDTHS" = "1"
    Info (12134): Parameter "LPM_REPRESENTATION" = "SIGNED"
    Info (12134): Parameter "INPUT_A_IS_CONSTANT" = "NO"
    Info (12134): Parameter "INPUT_B_IS_CONSTANT" = "YES"
    Info (12134): Parameter "MAXIMIZE_SPEED" = "5"
Info (12131): Elaborated megafunction instantiation "eco_nn_top:uut|neuron:output_layer[0].final_neuron|lpm_mult:Mult15|multcore:mult_core", which is child of megafunction instantiation "eco_nn_top:uut|neuron:output_layer[0].final_neuron|lpm_mult:Mult15" File: c:/intelfpga_lite/18.1/quartus/libraries/megafunctions/lpm_mult.tdf Line: 308
Info (12131): Elaborated megafunction instantiation "eco_nn_top:uut|neuron:output_layer[0].final_neuron|lpm_mult:Mult15|multcore:mult_core|mpar_add:padder", which is child of megafunction instantiation "eco_nn_top:uut|neuron:output_layer[0].final_neuron|lpm_mult:Mult15" File: c:/intelfpga_lite/18.1/quartus/libraries/megafunctions/multcore.tdf Line: 228
Info (12131): Elaborated megafunction instantiation "eco_nn_top:uut|neuron:output_layer[0].final_neuron|lpm_mult:Mult15|multcore:mult_core|mpar_add:padder|lpm_add_sub:adder[0]", which is child of megafunction instantiation "eco_nn_top:uut|neuron:output_layer[0].final_neuron|lpm_mult:Mult15" File: c:/intelfpga_lite/18.1/quartus/libraries/megafunctions/mpar_add.tdf Line: 115
Info (12021): Found 1 design units, including 1 entities, in source file db/add_sub_qih.tdf
    Info (12023): Found entity 1: add_sub_qih File: C:/Users/chani/Desktop/Tesi/a_Projet_progress/Temperature_LightQ4.4_ANN/template/projects/Neural_Network/db/add_sub_qih.tdf Line: 22
Info (12131): Elaborated megafunction instantiation "eco_nn_top:uut|neuron:output_layer[0].final_neuron|lpm_mult:Mult15|altshift:external_latency_ffs", which is child of megafunction instantiation "eco_nn_top:uut|neuron:output_layer[0].final_neuron|lpm_mult:Mult15" File: c:/intelfpga_lite/18.1/quartus/libraries/megafunctions/lpm_mult.tdf Line: 351
Info (12130): Elaborated megafunction instantiation "eco_nn_top:uut|neuron:output_layer[0].final_neuron|lpm_mult:Mult2" File: C:/Users/chani/Desktop/Tesi/a_Projet_progress/Temperature_LightQ4.4_ANN/template/projects/Neural_Network/neuron.v Line: 21
Info (12133): Instantiated megafunction "eco_nn_top:uut|neuron:output_layer[0].final_neuron|lpm_mult:Mult2" with the following parameter: File: C:/Users/chani/Desktop/Tesi/a_Projet_progress/Temperature_LightQ4.4_ANN/template/projects/Neural_Network/neuron.v Line: 21
    Info (12134): Parameter "LPM_WIDTHA" = "8"
    Info (12134): Parameter "LPM_WIDTHB" = "4"
    Info (12134): Parameter "LPM_WIDTHP" = "12"
    Info (12134): Parameter "LPM_WIDTHR" = "12"
    Info (12134): Parameter "LPM_WIDTHS" = "1"
    Info (12134): Parameter "LPM_REPRESENTATION" = "SIGNED"
    Info (12134): Parameter "INPUT_A_IS_CONSTANT" = "NO"
    Info (12134): Parameter "INPUT_B_IS_CONSTANT" = "YES"
    Info (12134): Parameter "MAXIMIZE_SPEED" = "5"
Info (12130): Elaborated megafunction instantiation "eco_nn_top:uut|neuron:output_layer[0].final_neuron|lpm_mult:Mult14" File: C:/Users/chani/Desktop/Tesi/a_Projet_progress/Temperature_LightQ4.4_ANN/template/projects/Neural_Network/neuron.v Line: 21
Info (12133): Instantiated megafunction "eco_nn_top:uut|neuron:output_layer[0].final_neuron|lpm_mult:Mult14" with the following parameter: File: C:/Users/chani/Desktop/Tesi/a_Projet_progress/Temperature_LightQ4.4_ANN/template/projects/Neural_Network/neuron.v Line: 21
    Info (12134): Parameter "LPM_WIDTHA" = "8"
    Info (12134): Parameter "LPM_WIDTHB" = "5"
    Info (12134): Parameter "LPM_WIDTHP" = "13"
    Info (12134): Parameter "LPM_WIDTHR" = "13"
    Info (12134): Parameter "LPM_WIDTHS" = "1"
    Info (12134): Parameter "LPM_REPRESENTATION" = "SIGNED"
    Info (12134): Parameter "INPUT_A_IS_CONSTANT" = "NO"
    Info (12134): Parameter "INPUT_B_IS_CONSTANT" = "YES"
    Info (12134): Parameter "MAXIMIZE_SPEED" = "5"
Info (12131): Elaborated megafunction instantiation "eco_nn_top:uut|neuron:output_layer[0].final_neuron|lpm_mult:Mult14|multcore:mult_core", which is child of megafunction instantiation "eco_nn_top:uut|neuron:output_layer[0].final_neuron|lpm_mult:Mult14" File: c:/intelfpga_lite/18.1/quartus/libraries/megafunctions/lpm_mult.tdf Line: 308
Info (12131): Elaborated megafunction instantiation "eco_nn_top:uut|neuron:output_layer[0].final_neuron|lpm_mult:Mult14|multcore:mult_core|mpar_add:padder", which is child of megafunction instantiation "eco_nn_top:uut|neuron:output_layer[0].final_neuron|lpm_mult:Mult14" File: c:/intelfpga_lite/18.1/quartus/libraries/megafunctions/multcore.tdf Line: 228
Info (12131): Elaborated megafunction instantiation "eco_nn_top:uut|neuron:output_layer[0].final_neuron|lpm_mult:Mult14|multcore:mult_core|mpar_add:padder|lpm_add_sub:adder[0]", which is child of megafunction instantiation "eco_nn_top:uut|neuron:output_layer[0].final_neuron|lpm_mult:Mult14" File: c:/intelfpga_lite/18.1/quartus/libraries/megafunctions/mpar_add.tdf Line: 115
Info (12021): Found 1 design units, including 1 entities, in source file db/add_sub_rih.tdf
    Info (12023): Found entity 1: add_sub_rih File: C:/Users/chani/Desktop/Tesi/a_Projet_progress/Temperature_LightQ4.4_ANN/template/projects/Neural_Network/db/add_sub_rih.tdf Line: 22
Info (12131): Elaborated megafunction instantiation "eco_nn_top:uut|neuron:output_layer[0].final_neuron|lpm_mult:Mult14|altshift:external_latency_ffs", which is child of megafunction instantiation "eco_nn_top:uut|neuron:output_layer[0].final_neuron|lpm_mult:Mult14" File: c:/intelfpga_lite/18.1/quartus/libraries/megafunctions/lpm_mult.tdf Line: 351
Info (12130): Elaborated megafunction instantiation "eco_nn_top:uut|neuron:output_layer[0].final_neuron|lpm_mult:Mult11" File: C:/Users/chani/Desktop/Tesi/a_Projet_progress/Temperature_LightQ4.4_ANN/template/projects/Neural_Network/neuron.v Line: 21
Info (12133): Instantiated megafunction "eco_nn_top:uut|neuron:output_layer[0].final_neuron|lpm_mult:Mult11" with the following parameter: File: C:/Users/chani/Desktop/Tesi/a_Projet_progress/Temperature_LightQ4.4_ANN/template/projects/Neural_Network/neuron.v Line: 21
    Info (12134): Parameter "LPM_WIDTHA" = "8"
    Info (12134): Parameter "LPM_WIDTHB" = "2"
    Info (12134): Parameter "LPM_WIDTHP" = "10"
    Info (12134): Parameter "LPM_WIDTHR" = "10"
    Info (12134): Parameter "LPM_WIDTHS" = "1"
    Info (12134): Parameter "LPM_REPRESENTATION" = "SIGNED"
    Info (12134): Parameter "INPUT_A_IS_CONSTANT" = "NO"
    Info (12134): Parameter "INPUT_B_IS_CONSTANT" = "YES"
    Info (12134): Parameter "MAXIMIZE_SPEED" = "5"
Info (12131): Elaborated megafunction instantiation "eco_nn_top:uut|neuron:output_layer[0].final_neuron|lpm_mult:Mult11|multcore:mult_core", which is child of megafunction instantiation "eco_nn_top:uut|neuron:output_layer[0].final_neuron|lpm_mult:Mult11" File: c:/intelfpga_lite/18.1/quartus/libraries/megafunctions/lpm_mult.tdf Line: 308
Info (12131): Elaborated megafunction instantiation "eco_nn_top:uut|neuron:output_layer[0].final_neuron|lpm_mult:Mult11|multcore:mult_core|mpar_add:padder", which is child of megafunction instantiation "eco_nn_top:uut|neuron:output_layer[0].final_neuron|lpm_mult:Mult11" File: c:/intelfpga_lite/18.1/quartus/libraries/megafunctions/multcore.tdf Line: 228
Info (12131): Elaborated megafunction instantiation "eco_nn_top:uut|neuron:output_layer[0].final_neuron|lpm_mult:Mult11|multcore:mult_core|mpar_add:padder|lpm_add_sub:adder[0]", which is child of megafunction instantiation "eco_nn_top:uut|neuron:output_layer[0].final_neuron|lpm_mult:Mult11" File: c:/intelfpga_lite/18.1/quartus/libraries/megafunctions/mpar_add.tdf Line: 115
Info (12021): Found 1 design units, including 1 entities, in source file db/add_sub_oih.tdf
    Info (12023): Found entity 1: add_sub_oih File: C:/Users/chani/Desktop/Tesi/a_Projet_progress/Temperature_LightQ4.4_ANN/template/projects/Neural_Network/db/add_sub_oih.tdf Line: 22
Info (12131): Elaborated megafunction instantiation "eco_nn_top:uut|neuron:output_layer[0].final_neuron|lpm_mult:Mult11|altshift:external_latency_ffs", which is child of megafunction instantiation "eco_nn_top:uut|neuron:output_layer[0].final_neuron|lpm_mult:Mult11" File: c:/intelfpga_lite/18.1/quartus/libraries/megafunctions/lpm_mult.tdf Line: 351
Info (12130): Elaborated megafunction instantiation "eco_nn_top:uut|neuron:output_layer[1].final_neuron|lpm_mult:Mult5" File: C:/Users/chani/Desktop/Tesi/a_Projet_progress/Temperature_LightQ4.4_ANN/template/projects/Neural_Network/neuron.v Line: 21
Info (12133): Instantiated megafunction "eco_nn_top:uut|neuron:output_layer[1].final_neuron|lpm_mult:Mult5" with the following parameter: File: C:/Users/chani/Desktop/Tesi/a_Projet_progress/Temperature_LightQ4.4_ANN/template/projects/Neural_Network/neuron.v Line: 21
    Info (12134): Parameter "LPM_WIDTHA" = "8"
    Info (12134): Parameter "LPM_WIDTHB" = "4"
    Info (12134): Parameter "LPM_WIDTHP" = "12"
    Info (12134): Parameter "LPM_WIDTHR" = "12"
    Info (12134): Parameter "LPM_WIDTHS" = "1"
    Info (12134): Parameter "LPM_REPRESENTATION" = "SIGNED"
    Info (12134): Parameter "INPUT_A_IS_CONSTANT" = "NO"
    Info (12134): Parameter "INPUT_B_IS_CONSTANT" = "YES"
    Info (12134): Parameter "MAXIMIZE_SPEED" = "5"
Info (12130): Elaborated megafunction instantiation "eco_nn_top:uut|neuron:output_layer[1].final_neuron|lpm_mult:Mult8" File: C:/Users/chani/Desktop/Tesi/a_Projet_progress/Temperature_LightQ4.4_ANN/template/projects/Neural_Network/neuron.v Line: 21
Info (12133): Instantiated megafunction "eco_nn_top:uut|neuron:output_layer[1].final_neuron|lpm_mult:Mult8" with the following parameter: File: C:/Users/chani/Desktop/Tesi/a_Projet_progress/Temperature_LightQ4.4_ANN/template/projects/Neural_Network/neuron.v Line: 21
    Info (12134): Parameter "LPM_WIDTHA" = "8"
    Info (12134): Parameter "LPM_WIDTHB" = "4"
    Info (12134): Parameter "LPM_WIDTHP" = "12"
    Info (12134): Parameter "LPM_WIDTHR" = "12"
    Info (12134): Parameter "LPM_WIDTHS" = "1"
    Info (12134): Parameter "LPM_REPRESENTATION" = "SIGNED"
    Info (12134): Parameter "INPUT_A_IS_CONSTANT" = "NO"
    Info (12134): Parameter "INPUT_B_IS_CONSTANT" = "YES"
    Info (12134): Parameter "MAXIMIZE_SPEED" = "5"
Info (12130): Elaborated megafunction instantiation "eco_nn_top:uut|neuron:output_layer[1].final_neuron|lpm_mult:Mult10" File: C:/Users/chani/Desktop/Tesi/a_Projet_progress/Temperature_LightQ4.4_ANN/template/projects/Neural_Network/neuron.v Line: 21
Info (12133): Instantiated megafunction "eco_nn_top:uut|neuron:output_layer[1].final_neuron|lpm_mult:Mult10" with the following parameter: File: C:/Users/chani/Desktop/Tesi/a_Projet_progress/Temperature_LightQ4.4_ANN/template/projects/Neural_Network/neuron.v Line: 21
    Info (12134): Parameter "LPM_WIDTHA" = "8"
    Info (12134): Parameter "LPM_WIDTHB" = "4"
    Info (12134): Parameter "LPM_WIDTHP" = "12"
    Info (12134): Parameter "LPM_WIDTHR" = "12"
    Info (12134): Parameter "LPM_WIDTHS" = "1"
    Info (12134): Parameter "LPM_REPRESENTATION" = "SIGNED"
    Info (12134): Parameter "INPUT_A_IS_CONSTANT" = "NO"
    Info (12134): Parameter "INPUT_B_IS_CONSTANT" = "YES"
    Info (12134): Parameter "MAXIMIZE_SPEED" = "5"
Info (12130): Elaborated megafunction instantiation "eco_nn_top:uut|neuron:output_layer[1].final_neuron|lpm_mult:Mult14" File: C:/Users/chani/Desktop/Tesi/a_Projet_progress/Temperature_LightQ4.4_ANN/template/projects/Neural_Network/neuron.v Line: 21
Info (12133): Instantiated megafunction "eco_nn_top:uut|neuron:output_layer[1].final_neuron|lpm_mult:Mult14" with the following parameter: File: C:/Users/chani/Desktop/Tesi/a_Projet_progress/Temperature_LightQ4.4_ANN/template/projects/Neural_Network/neuron.v Line: 21
    Info (12134): Parameter "LPM_WIDTHA" = "8"
    Info (12134): Parameter "LPM_WIDTHB" = "4"
    Info (12134): Parameter "LPM_WIDTHP" = "12"
    Info (12134): Parameter "LPM_WIDTHR" = "12"
    Info (12134): Parameter "LPM_WIDTHS" = "1"
    Info (12134): Parameter "LPM_REPRESENTATION" = "SIGNED"
    Info (12134): Parameter "INPUT_A_IS_CONSTANT" = "NO"
    Info (12134): Parameter "INPUT_B_IS_CONSTANT" = "YES"
    Info (12134): Parameter "MAXIMIZE_SPEED" = "5"
Info (12130): Elaborated megafunction instantiation "eco_nn_top:uut|neuron:output_layer[1].final_neuron|lpm_mult:Mult4" File: C:/Users/chani/Desktop/Tesi/a_Projet_progress/Temperature_LightQ4.4_ANN/template/projects/Neural_Network/neuron.v Line: 21
Info (12133): Instantiated megafunction "eco_nn_top:uut|neuron:output_layer[1].final_neuron|lpm_mult:Mult4" with the following parameter: File: C:/Users/chani/Desktop/Tesi/a_Projet_progress/Temperature_LightQ4.4_ANN/template/projects/Neural_Network/neuron.v Line: 21
    Info (12134): Parameter "LPM_WIDTHA" = "8"
    Info (12134): Parameter "LPM_WIDTHB" = "3"
    Info (12134): Parameter "LPM_WIDTHP" = "11"
    Info (12134): Parameter "LPM_WIDTHR" = "11"
    Info (12134): Parameter "LPM_WIDTHS" = "1"
    Info (12134): Parameter "LPM_REPRESENTATION" = "SIGNED"
    Info (12134): Parameter "INPUT_A_IS_CONSTANT" = "NO"
    Info (12134): Parameter "INPUT_B_IS_CONSTANT" = "YES"
    Info (12134): Parameter "MAXIMIZE_SPEED" = "5"
Info (12131): Elaborated megafunction instantiation "eco_nn_top:uut|neuron:output_layer[1].final_neuron|lpm_mult:Mult4|multcore:mult_core", which is child of megafunction instantiation "eco_nn_top:uut|neuron:output_layer[1].final_neuron|lpm_mult:Mult4" File: c:/intelfpga_lite/18.1/quartus/libraries/megafunctions/lpm_mult.tdf Line: 308
Info (12131): Elaborated megafunction instantiation "eco_nn_top:uut|neuron:output_layer[1].final_neuron|lpm_mult:Mult4|multcore:mult_core|mpar_add:padder", which is child of megafunction instantiation "eco_nn_top:uut|neuron:output_layer[1].final_neuron|lpm_mult:Mult4" File: c:/intelfpga_lite/18.1/quartus/libraries/megafunctions/multcore.tdf Line: 228
Info (12131): Elaborated megafunction instantiation "eco_nn_top:uut|neuron:output_layer[1].final_neuron|lpm_mult:Mult4|multcore:mult_core|mpar_add:padder|lpm_add_sub:adder[0]", which is child of megafunction instantiation "eco_nn_top:uut|neuron:output_layer[1].final_neuron|lpm_mult:Mult4" File: c:/intelfpga_lite/18.1/quartus/libraries/megafunctions/mpar_add.tdf Line: 115
Info (12021): Found 1 design units, including 1 entities, in source file db/add_sub_pih.tdf
    Info (12023): Found entity 1: add_sub_pih File: C:/Users/chani/Desktop/Tesi/a_Projet_progress/Temperature_LightQ4.4_ANN/template/projects/Neural_Network/db/add_sub_pih.tdf Line: 22
Info (12131): Elaborated megafunction instantiation "eco_nn_top:uut|neuron:output_layer[1].final_neuron|lpm_mult:Mult4|altshift:external_latency_ffs", which is child of megafunction instantiation "eco_nn_top:uut|neuron:output_layer[1].final_neuron|lpm_mult:Mult4" File: c:/intelfpga_lite/18.1/quartus/libraries/megafunctions/lpm_mult.tdf Line: 351
Info (12130): Elaborated megafunction instantiation "eco_nn_top:uut|neuron:hidden_layer[2].h_neuron|lpm_mult:Mult2" File: C:/Users/chani/Desktop/Tesi/a_Projet_progress/Temperature_LightQ4.4_ANN/template/projects/Neural_Network/neuron.v Line: 21
Info (12133): Instantiated megafunction "eco_nn_top:uut|neuron:hidden_layer[2].h_neuron|lpm_mult:Mult2" with the following parameter: File: C:/Users/chani/Desktop/Tesi/a_Projet_progress/Temperature_LightQ4.4_ANN/template/projects/Neural_Network/neuron.v Line: 21
    Info (12134): Parameter "LPM_WIDTHA" = "8"
    Info (12134): Parameter "LPM_WIDTHB" = "3"
    Info (12134): Parameter "LPM_WIDTHP" = "11"
    Info (12134): Parameter "LPM_WIDTHR" = "11"
    Info (12134): Parameter "LPM_WIDTHS" = "1"
    Info (12134): Parameter "LPM_REPRESENTATION" = "SIGNED"
    Info (12134): Parameter "INPUT_A_IS_CONSTANT" = "NO"
    Info (12134): Parameter "INPUT_B_IS_CONSTANT" = "YES"
    Info (12134): Parameter "MAXIMIZE_SPEED" = "5"
Info (12130): Elaborated megafunction instantiation "eco_nn_top:uut|neuron:hidden_layer[0].h_neuron|lpm_mult:Mult6" File: C:/Users/chani/Desktop/Tesi/a_Projet_progress/Temperature_LightQ4.4_ANN/template/projects/Neural_Network/neuron.v Line: 21
Info (12133): Instantiated megafunction "eco_nn_top:uut|neuron:hidden_layer[0].h_neuron|lpm_mult:Mult6" with the following parameter: File: C:/Users/chani/Desktop/Tesi/a_Projet_progress/Temperature_LightQ4.4_ANN/template/projects/Neural_Network/neuron.v Line: 21
    Info (12134): Parameter "LPM_WIDTHA" = "8"
    Info (12134): Parameter "LPM_WIDTHB" = "1"
    Info (12134): Parameter "LPM_WIDTHP" = "9"
    Info (12134): Parameter "LPM_WIDTHR" = "9"
    Info (12134): Parameter "LPM_WIDTHS" = "1"
    Info (12134): Parameter "LPM_REPRESENTATION" = "SIGNED"
    Info (12134): Parameter "INPUT_A_IS_CONSTANT" = "NO"
    Info (12134): Parameter "INPUT_B_IS_CONSTANT" = "YES"
    Info (12134): Parameter "MAXIMIZE_SPEED" = "5"
Info (12131): Elaborated megafunction instantiation "eco_nn_top:uut|neuron:hidden_layer[0].h_neuron|lpm_mult:Mult6|multcore:mult_core", which is child of megafunction instantiation "eco_nn_top:uut|neuron:hidden_layer[0].h_neuron|lpm_mult:Mult6" File: c:/intelfpga_lite/18.1/quartus/libraries/megafunctions/lpm_mult.tdf Line: 308
Info (12131): Elaborated megafunction instantiation "eco_nn_top:uut|neuron:hidden_layer[0].h_neuron|lpm_mult:Mult6|multcore:mult_core|lpm_add_sub:adder", which is child of megafunction instantiation "eco_nn_top:uut|neuron:hidden_layer[0].h_neuron|lpm_mult:Mult6" File: c:/intelfpga_lite/18.1/quartus/libraries/megafunctions/multcore.tdf Line: 439
Info (12021): Found 1 design units, including 1 entities, in source file db/add_sub_18h.tdf
    Info (12023): Found entity 1: add_sub_18h File: C:/Users/chani/Desktop/Tesi/a_Projet_progress/Temperature_LightQ4.4_ANN/template/projects/Neural_Network/db/add_sub_18h.tdf Line: 22
Info (12131): Elaborated megafunction instantiation "eco_nn_top:uut|neuron:hidden_layer[0].h_neuron|lpm_mult:Mult6|altshift:external_latency_ffs", which is child of megafunction instantiation "eco_nn_top:uut|neuron:hidden_layer[0].h_neuron|lpm_mult:Mult6" File: c:/intelfpga_lite/18.1/quartus/libraries/megafunctions/lpm_mult.tdf Line: 351
Info (12130): Elaborated megafunction instantiation "eco_nn_top:uut|neuron:hidden_layer[9].h_neuron|lpm_mult:Mult5" File: C:/Users/chani/Desktop/Tesi/a_Projet_progress/Temperature_LightQ4.4_ANN/template/projects/Neural_Network/neuron.v Line: 21
Info (12133): Instantiated megafunction "eco_nn_top:uut|neuron:hidden_layer[9].h_neuron|lpm_mult:Mult5" with the following parameter: File: C:/Users/chani/Desktop/Tesi/a_Projet_progress/Temperature_LightQ4.4_ANN/template/projects/Neural_Network/neuron.v Line: 21
    Info (12134): Parameter "LPM_WIDTHA" = "8"
    Info (12134): Parameter "LPM_WIDTHB" = "5"
    Info (12134): Parameter "LPM_WIDTHP" = "13"
    Info (12134): Parameter "LPM_WIDTHR" = "13"
    Info (12134): Parameter "LPM_WIDTHS" = "1"
    Info (12134): Parameter "LPM_REPRESENTATION" = "SIGNED"
    Info (12134): Parameter "INPUT_A_IS_CONSTANT" = "NO"
    Info (12134): Parameter "INPUT_B_IS_CONSTANT" = "YES"
    Info (12134): Parameter "MAXIMIZE_SPEED" = "5"
Info (12130): Elaborated megafunction instantiation "eco_nn_top:uut|neuron:hidden_layer[1].h_neuron|lpm_mult:Mult7" File: C:/Users/chani/Desktop/Tesi/a_Projet_progress/Temperature_LightQ4.4_ANN/template/projects/Neural_Network/neuron.v Line: 21
Info (12133): Instantiated megafunction "eco_nn_top:uut|neuron:hidden_layer[1].h_neuron|lpm_mult:Mult7" with the following parameter: File: C:/Users/chani/Desktop/Tesi/a_Projet_progress/Temperature_LightQ4.4_ANN/template/projects/Neural_Network/neuron.v Line: 21
    Info (12134): Parameter "LPM_WIDTHA" = "8"
    Info (12134): Parameter "LPM_WIDTHB" = "3"
    Info (12134): Parameter "LPM_WIDTHP" = "11"
    Info (12134): Parameter "LPM_WIDTHR" = "11"
    Info (12134): Parameter "LPM_WIDTHS" = "1"
    Info (12134): Parameter "LPM_REPRESENTATION" = "SIGNED"
    Info (12134): Parameter "INPUT_A_IS_CONSTANT" = "NO"
    Info (12134): Parameter "INPUT_B_IS_CONSTANT" = "YES"
    Info (12134): Parameter "MAXIMIZE_SPEED" = "5"
Info (12130): Elaborated megafunction instantiation "eco_nn_top:uut|neuron:hidden_layer[13].h_neuron|lpm_mult:Mult7" File: C:/Users/chani/Desktop/Tesi/a_Projet_progress/Temperature_LightQ4.4_ANN/template/projects/Neural_Network/neuron.v Line: 21
Info (12133): Instantiated megafunction "eco_nn_top:uut|neuron:hidden_layer[13].h_neuron|lpm_mult:Mult7" with the following parameter: File: C:/Users/chani/Desktop/Tesi/a_Projet_progress/Temperature_LightQ4.4_ANN/template/projects/Neural_Network/neuron.v Line: 21
    Info (12134): Parameter "LPM_WIDTHA" = "8"
    Info (12134): Parameter "LPM_WIDTHB" = "4"
    Info (12134): Parameter "LPM_WIDTHP" = "12"
    Info (12134): Parameter "LPM_WIDTHR" = "12"
    Info (12134): Parameter "LPM_WIDTHS" = "1"
    Info (12134): Parameter "LPM_REPRESENTATION" = "SIGNED"
    Info (12134): Parameter "INPUT_A_IS_CONSTANT" = "NO"
    Info (12134): Parameter "INPUT_B_IS_CONSTANT" = "YES"
    Info (12134): Parameter "MAXIMIZE_SPEED" = "5"
Warning (12241): 1 hierarchies have connectivity warnings - see the Connectivity Checks report folder
Warning (13039): The following bidirectional pins have no drivers
    Warning (13040): bidirectional pin "bSDRAM_DQ[0]" has no driver File: C:/Users/chani/Desktop/Tesi/a_Projet_progress/Temperature_LightQ4.4_ANN/template/projects/Neural_Network/MKRVIDOR4000_top.v Line: 36
    Warning (13040): bidirectional pin "bSDRAM_DQ[1]" has no driver File: C:/Users/chani/Desktop/Tesi/a_Projet_progress/Temperature_LightQ4.4_ANN/template/projects/Neural_Network/MKRVIDOR4000_top.v Line: 36
    Warning (13040): bidirectional pin "bSDRAM_DQ[2]" has no driver File: C:/Users/chani/Desktop/Tesi/a_Projet_progress/Temperature_LightQ4.4_ANN/template/projects/Neural_Network/MKRVIDOR4000_top.v Line: 36
    Warning (13040): bidirectional pin "bSDRAM_DQ[3]" has no driver File: C:/Users/chani/Desktop/Tesi/a_Projet_progress/Temperature_LightQ4.4_ANN/template/projects/Neural_Network/MKRVIDOR4000_top.v Line: 36
    Warning (13040): bidirectional pin "bSDRAM_DQ[4]" has no driver File: C:/Users/chani/Desktop/Tesi/a_Projet_progress/Temperature_LightQ4.4_ANN/template/projects/Neural_Network/MKRVIDOR4000_top.v Line: 36
    Warning (13040): bidirectional pin "bSDRAM_DQ[5]" has no driver File: C:/Users/chani/Desktop/Tesi/a_Projet_progress/Temperature_LightQ4.4_ANN/template/projects/Neural_Network/MKRVIDOR4000_top.v Line: 36
    Warning (13040): bidirectional pin "bSDRAM_DQ[6]" has no driver File: C:/Users/chani/Desktop/Tesi/a_Projet_progress/Temperature_LightQ4.4_ANN/template/projects/Neural_Network/MKRVIDOR4000_top.v Line: 36
    Warning (13040): bidirectional pin "bSDRAM_DQ[7]" has no driver File: C:/Users/chani/Desktop/Tesi/a_Projet_progress/Temperature_LightQ4.4_ANN/template/projects/Neural_Network/MKRVIDOR4000_top.v Line: 36
    Warning (13040): bidirectional pin "bSDRAM_DQ[8]" has no driver File: C:/Users/chani/Desktop/Tesi/a_Projet_progress/Temperature_LightQ4.4_ANN/template/projects/Neural_Network/MKRVIDOR4000_top.v Line: 36
    Warning (13040): bidirectional pin "bSDRAM_DQ[9]" has no driver File: C:/Users/chani/Desktop/Tesi/a_Projet_progress/Temperature_LightQ4.4_ANN/template/projects/Neural_Network/MKRVIDOR4000_top.v Line: 36
    Warning (13040): bidirectional pin "bSDRAM_DQ[10]" has no driver File: C:/Users/chani/Desktop/Tesi/a_Projet_progress/Temperature_LightQ4.4_ANN/template/projects/Neural_Network/MKRVIDOR4000_top.v Line: 36
    Warning (13040): bidirectional pin "bSDRAM_DQ[11]" has no driver File: C:/Users/chani/Desktop/Tesi/a_Projet_progress/Temperature_LightQ4.4_ANN/template/projects/Neural_Network/MKRVIDOR4000_top.v Line: 36
    Warning (13040): bidirectional pin "bSDRAM_DQ[12]" has no driver File: C:/Users/chani/Desktop/Tesi/a_Projet_progress/Temperature_LightQ4.4_ANN/template/projects/Neural_Network/MKRVIDOR4000_top.v Line: 36
    Warning (13040): bidirectional pin "bSDRAM_DQ[13]" has no driver File: C:/Users/chani/Desktop/Tesi/a_Projet_progress/Temperature_LightQ4.4_ANN/template/projects/Neural_Network/MKRVIDOR4000_top.v Line: 36
    Warning (13040): bidirectional pin "bSDRAM_DQ[14]" has no driver File: C:/Users/chani/Desktop/Tesi/a_Projet_progress/Temperature_LightQ4.4_ANN/template/projects/Neural_Network/MKRVIDOR4000_top.v Line: 36
    Warning (13040): bidirectional pin "bSDRAM_DQ[15]" has no driver File: C:/Users/chani/Desktop/Tesi/a_Projet_progress/Temperature_LightQ4.4_ANN/template/projects/Neural_Network/MKRVIDOR4000_top.v Line: 36
    Warning (13040): bidirectional pin "bMKR_AREF" has no driver File: C:/Users/chani/Desktop/Tesi/a_Projet_progress/Temperature_LightQ4.4_ANN/template/projects/Neural_Network/MKRVIDOR4000_top.v Line: 42
    Warning (13040): bidirectional pin "bMKR_A[0]" has no driver File: C:/Users/chani/Desktop/Tesi/a_Projet_progress/Temperature_LightQ4.4_ANN/template/projects/Neural_Network/MKRVIDOR4000_top.v Line: 43
    Warning (13040): bidirectional pin "bMKR_A[1]" has no driver File: C:/Users/chani/Desktop/Tesi/a_Projet_progress/Temperature_LightQ4.4_ANN/template/projects/Neural_Network/MKRVIDOR4000_top.v Line: 43
    Warning (13040): bidirectional pin "bMKR_A[2]" has no driver File: C:/Users/chani/Desktop/Tesi/a_Projet_progress/Temperature_LightQ4.4_ANN/template/projects/Neural_Network/MKRVIDOR4000_top.v Line: 43
    Warning (13040): bidirectional pin "bMKR_A[3]" has no driver File: C:/Users/chani/Desktop/Tesi/a_Projet_progress/Temperature_LightQ4.4_ANN/template/projects/Neural_Network/MKRVIDOR4000_top.v Line: 43
    Warning (13040): bidirectional pin "bMKR_A[4]" has no driver File: C:/Users/chani/Desktop/Tesi/a_Projet_progress/Temperature_LightQ4.4_ANN/template/projects/Neural_Network/MKRVIDOR4000_top.v Line: 43
    Warning (13040): bidirectional pin "bMKR_A[5]" has no driver File: C:/Users/chani/Desktop/Tesi/a_Projet_progress/Temperature_LightQ4.4_ANN/template/projects/Neural_Network/MKRVIDOR4000_top.v Line: 43
    Warning (13040): bidirectional pin "bMKR_A[6]" has no driver File: C:/Users/chani/Desktop/Tesi/a_Projet_progress/Temperature_LightQ4.4_ANN/template/projects/Neural_Network/MKRVIDOR4000_top.v Line: 43
    Warning (13040): bidirectional pin "bMKR_D[0]" has no driver File: C:/Users/chani/Desktop/Tesi/a_Projet_progress/Temperature_LightQ4.4_ANN/template/projects/Neural_Network/MKRVIDOR4000_top.v Line: 44
    Warning (13040): bidirectional pin "bMKR_D[1]" has no driver File: C:/Users/chani/Desktop/Tesi/a_Projet_progress/Temperature_LightQ4.4_ANN/template/projects/Neural_Network/MKRVIDOR4000_top.v Line: 44
    Warning (13040): bidirectional pin "bMKR_D[2]" has no driver File: C:/Users/chani/Desktop/Tesi/a_Projet_progress/Temperature_LightQ4.4_ANN/template/projects/Neural_Network/MKRVIDOR4000_top.v Line: 44
    Warning (13040): bidirectional pin "bMKR_D[3]" has no driver File: C:/Users/chani/Desktop/Tesi/a_Projet_progress/Temperature_LightQ4.4_ANN/template/projects/Neural_Network/MKRVIDOR4000_top.v Line: 44
    Warning (13040): bidirectional pin "bMKR_D[4]" has no driver File: C:/Users/chani/Desktop/Tesi/a_Projet_progress/Temperature_LightQ4.4_ANN/template/projects/Neural_Network/MKRVIDOR4000_top.v Line: 44
    Warning (13040): bidirectional pin "bMKR_D[5]" has no driver File: C:/Users/chani/Desktop/Tesi/a_Projet_progress/Temperature_LightQ4.4_ANN/template/projects/Neural_Network/MKRVIDOR4000_top.v Line: 44
    Warning (13040): bidirectional pin "bMKR_D[6]" has no driver File: C:/Users/chani/Desktop/Tesi/a_Projet_progress/Temperature_LightQ4.4_ANN/template/projects/Neural_Network/MKRVIDOR4000_top.v Line: 44
    Warning (13040): bidirectional pin "bMKR_D[7]" has no driver File: C:/Users/chani/Desktop/Tesi/a_Projet_progress/Temperature_LightQ4.4_ANN/template/projects/Neural_Network/MKRVIDOR4000_top.v Line: 44
    Warning (13040): bidirectional pin "bMKR_D[8]" has no driver File: C:/Users/chani/Desktop/Tesi/a_Projet_progress/Temperature_LightQ4.4_ANN/template/projects/Neural_Network/MKRVIDOR4000_top.v Line: 44
    Warning (13040): bidirectional pin "bMKR_D[9]" has no driver File: C:/Users/chani/Desktop/Tesi/a_Projet_progress/Temperature_LightQ4.4_ANN/template/projects/Neural_Network/MKRVIDOR4000_top.v Line: 44
    Warning (13040): bidirectional pin "bMKR_D[10]" has no driver File: C:/Users/chani/Desktop/Tesi/a_Projet_progress/Temperature_LightQ4.4_ANN/template/projects/Neural_Network/MKRVIDOR4000_top.v Line: 44
    Warning (13040): bidirectional pin "bMKR_D[11]" has no driver File: C:/Users/chani/Desktop/Tesi/a_Projet_progress/Temperature_LightQ4.4_ANN/template/projects/Neural_Network/MKRVIDOR4000_top.v Line: 44
    Warning (13040): bidirectional pin "bMKR_D[12]" has no driver File: C:/Users/chani/Desktop/Tesi/a_Projet_progress/Temperature_LightQ4.4_ANN/template/projects/Neural_Network/MKRVIDOR4000_top.v Line: 44
    Warning (13040): bidirectional pin "bMKR_D[13]" has no driver File: C:/Users/chani/Desktop/Tesi/a_Projet_progress/Temperature_LightQ4.4_ANN/template/projects/Neural_Network/MKRVIDOR4000_top.v Line: 44
    Warning (13040): bidirectional pin "bMKR_D[14]" has no driver File: C:/Users/chani/Desktop/Tesi/a_Projet_progress/Temperature_LightQ4.4_ANN/template/projects/Neural_Network/MKRVIDOR4000_top.v Line: 44
    Warning (13040): bidirectional pin "bPEX_RST" has no driver File: C:/Users/chani/Desktop/Tesi/a_Projet_progress/Temperature_LightQ4.4_ANN/template/projects/Neural_Network/MKRVIDOR4000_top.v Line: 47
    Warning (13040): bidirectional pin "bPEX_PIN6" has no driver File: C:/Users/chani/Desktop/Tesi/a_Projet_progress/Temperature_LightQ4.4_ANN/template/projects/Neural_Network/MKRVIDOR4000_top.v Line: 48
    Warning (13040): bidirectional pin "bPEX_PIN8" has no driver File: C:/Users/chani/Desktop/Tesi/a_Projet_progress/Temperature_LightQ4.4_ANN/template/projects/Neural_Network/MKRVIDOR4000_top.v Line: 49
    Warning (13040): bidirectional pin "bPEX_PIN10" has no driver File: C:/Users/chani/Desktop/Tesi/a_Projet_progress/Temperature_LightQ4.4_ANN/template/projects/Neural_Network/MKRVIDOR4000_top.v Line: 50
    Warning (13040): bidirectional pin "bPEX_PIN12" has no driver File: C:/Users/chani/Desktop/Tesi/a_Projet_progress/Temperature_LightQ4.4_ANN/template/projects/Neural_Network/MKRVIDOR4000_top.v Line: 52
    Warning (13040): bidirectional pin "bPEX_PIN14" has no driver File: C:/Users/chani/Desktop/Tesi/a_Projet_progress/Temperature_LightQ4.4_ANN/template/projects/Neural_Network/MKRVIDOR4000_top.v Line: 54
    Warning (13040): bidirectional pin "bPEX_PIN16" has no driver File: C:/Users/chani/Desktop/Tesi/a_Projet_progress/Temperature_LightQ4.4_ANN/template/projects/Neural_Network/MKRVIDOR4000_top.v Line: 55
    Warning (13040): bidirectional pin "bPEX_PIN20" has no driver File: C:/Users/chani/Desktop/Tesi/a_Projet_progress/Temperature_LightQ4.4_ANN/template/projects/Neural_Network/MKRVIDOR4000_top.v Line: 56
    Warning (13040): bidirectional pin "bPEX_PIN28" has no driver File: C:/Users/chani/Desktop/Tesi/a_Projet_progress/Temperature_LightQ4.4_ANN/template/projects/Neural_Network/MKRVIDOR4000_top.v Line: 59
    Warning (13040): bidirectional pin "bPEX_PIN30" has no driver File: C:/Users/chani/Desktop/Tesi/a_Projet_progress/Temperature_LightQ4.4_ANN/template/projects/Neural_Network/MKRVIDOR4000_top.v Line: 60
    Warning (13040): bidirectional pin "bPEX_PIN32" has no driver File: C:/Users/chani/Desktop/Tesi/a_Projet_progress/Temperature_LightQ4.4_ANN/template/projects/Neural_Network/MKRVIDOR4000_top.v Line: 62
    Warning (13040): bidirectional pin "bPEX_PIN42" has no driver File: C:/Users/chani/Desktop/Tesi/a_Projet_progress/Temperature_LightQ4.4_ANN/template/projects/Neural_Network/MKRVIDOR4000_top.v Line: 64
    Warning (13040): bidirectional pin "bPEX_PIN44" has no driver File: C:/Users/chani/Desktop/Tesi/a_Projet_progress/Temperature_LightQ4.4_ANN/template/projects/Neural_Network/MKRVIDOR4000_top.v Line: 65
    Warning (13040): bidirectional pin "bPEX_PIN45" has no driver File: C:/Users/chani/Desktop/Tesi/a_Projet_progress/Temperature_LightQ4.4_ANN/template/projects/Neural_Network/MKRVIDOR4000_top.v Line: 66
    Warning (13040): bidirectional pin "bPEX_PIN46" has no driver File: C:/Users/chani/Desktop/Tesi/a_Projet_progress/Temperature_LightQ4.4_ANN/template/projects/Neural_Network/MKRVIDOR4000_top.v Line: 67
    Warning (13040): bidirectional pin "bPEX_PIN47" has no driver File: C:/Users/chani/Desktop/Tesi/a_Projet_progress/Temperature_LightQ4.4_ANN/template/projects/Neural_Network/MKRVIDOR4000_top.v Line: 68
    Warning (13040): bidirectional pin "bPEX_PIN48" has no driver File: C:/Users/chani/Desktop/Tesi/a_Projet_progress/Temperature_LightQ4.4_ANN/template/projects/Neural_Network/MKRVIDOR4000_top.v Line: 69
    Warning (13040): bidirectional pin "bPEX_PIN49" has no driver File: C:/Users/chani/Desktop/Tesi/a_Projet_progress/Temperature_LightQ4.4_ANN/template/projects/Neural_Network/MKRVIDOR4000_top.v Line: 70
    Warning (13040): bidirectional pin "bPEX_PIN51" has no driver File: C:/Users/chani/Desktop/Tesi/a_Projet_progress/Temperature_LightQ4.4_ANN/template/projects/Neural_Network/MKRVIDOR4000_top.v Line: 71
    Warning (13040): bidirectional pin "bWM_PIO1" has no driver File: C:/Users/chani/Desktop/Tesi/a_Projet_progress/Temperature_LightQ4.4_ANN/template/projects/Neural_Network/MKRVIDOR4000_top.v Line: 74
    Warning (13040): bidirectional pin "bWM_PIO2" has no driver File: C:/Users/chani/Desktop/Tesi/a_Projet_progress/Temperature_LightQ4.4_ANN/template/projects/Neural_Network/MKRVIDOR4000_top.v Line: 75
    Warning (13040): bidirectional pin "bWM_PIO3" has no driver File: C:/Users/chani/Desktop/Tesi/a_Projet_progress/Temperature_LightQ4.4_ANN/template/projects/Neural_Network/MKRVIDOR4000_top.v Line: 76
    Warning (13040): bidirectional pin "bWM_PIO4" has no driver File: C:/Users/chani/Desktop/Tesi/a_Projet_progress/Temperature_LightQ4.4_ANN/template/projects/Neural_Network/MKRVIDOR4000_top.v Line: 77
    Warning (13040): bidirectional pin "bWM_PIO5" has no driver File: C:/Users/chani/Desktop/Tesi/a_Projet_progress/Temperature_LightQ4.4_ANN/template/projects/Neural_Network/MKRVIDOR4000_top.v Line: 78
    Warning (13040): bidirectional pin "bWM_PIO7" has no driver File: C:/Users/chani/Desktop/Tesi/a_Projet_progress/Temperature_LightQ4.4_ANN/template/projects/Neural_Network/MKRVIDOR4000_top.v Line: 79
    Warning (13040): bidirectional pin "bWM_PIO8" has no driver File: C:/Users/chani/Desktop/Tesi/a_Projet_progress/Temperature_LightQ4.4_ANN/template/projects/Neural_Network/MKRVIDOR4000_top.v Line: 80
    Warning (13040): bidirectional pin "bWM_PIO18" has no driver File: C:/Users/chani/Desktop/Tesi/a_Projet_progress/Temperature_LightQ4.4_ANN/template/projects/Neural_Network/MKRVIDOR4000_top.v Line: 81
    Warning (13040): bidirectional pin "bWM_PIO20" has no driver File: C:/Users/chani/Desktop/Tesi/a_Projet_progress/Temperature_LightQ4.4_ANN/template/projects/Neural_Network/MKRVIDOR4000_top.v Line: 82
    Warning (13040): bidirectional pin "bWM_PIO21" has no driver File: C:/Users/chani/Desktop/Tesi/a_Projet_progress/Temperature_LightQ4.4_ANN/template/projects/Neural_Network/MKRVIDOR4000_top.v Line: 83
    Warning (13040): bidirectional pin "bWM_PIO27" has no driver File: C:/Users/chani/Desktop/Tesi/a_Projet_progress/Temperature_LightQ4.4_ANN/template/projects/Neural_Network/MKRVIDOR4000_top.v Line: 84
    Warning (13040): bidirectional pin "bWM_PIO28" has no driver File: C:/Users/chani/Desktop/Tesi/a_Projet_progress/Temperature_LightQ4.4_ANN/template/projects/Neural_Network/MKRVIDOR4000_top.v Line: 85
    Warning (13040): bidirectional pin "bWM_PIO29" has no driver File: C:/Users/chani/Desktop/Tesi/a_Projet_progress/Temperature_LightQ4.4_ANN/template/projects/Neural_Network/MKRVIDOR4000_top.v Line: 86
    Warning (13040): bidirectional pin "bWM_PIO31" has no driver File: C:/Users/chani/Desktop/Tesi/a_Projet_progress/Temperature_LightQ4.4_ANN/template/projects/Neural_Network/MKRVIDOR4000_top.v Line: 87
    Warning (13040): bidirectional pin "bWM_PIO34" has no driver File: C:/Users/chani/Desktop/Tesi/a_Projet_progress/Temperature_LightQ4.4_ANN/template/projects/Neural_Network/MKRVIDOR4000_top.v Line: 89
    Warning (13040): bidirectional pin "bWM_PIO35" has no driver File: C:/Users/chani/Desktop/Tesi/a_Projet_progress/Temperature_LightQ4.4_ANN/template/projects/Neural_Network/MKRVIDOR4000_top.v Line: 90
    Warning (13040): bidirectional pin "bWM_PIO36" has no driver File: C:/Users/chani/Desktop/Tesi/a_Projet_progress/Temperature_LightQ4.4_ANN/template/projects/Neural_Network/MKRVIDOR4000_top.v Line: 91
    Warning (13040): bidirectional pin "oWM_RX" has no driver File: C:/Users/chani/Desktop/Tesi/a_Projet_progress/Temperature_LightQ4.4_ANN/template/projects/Neural_Network/MKRVIDOR4000_top.v Line: 93
    Warning (13040): bidirectional pin "oWM_RESET" has no driver File: C:/Users/chani/Desktop/Tesi/a_Projet_progress/Temperature_LightQ4.4_ANN/template/projects/Neural_Network/MKRVIDOR4000_top.v Line: 94
    Warning (13040): bidirectional pin "bHDMI_SDA" has no driver File: C:/Users/chani/Desktop/Tesi/a_Projet_progress/Temperature_LightQ4.4_ANN/template/projects/Neural_Network/MKRVIDOR4000_top.v Line: 100
    Warning (13040): bidirectional pin "bHDMI_SCL" has no driver File: C:/Users/chani/Desktop/Tesi/a_Projet_progress/Temperature_LightQ4.4_ANN/template/projects/Neural_Network/MKRVIDOR4000_top.v Line: 101
    Warning (13040): bidirectional pin "bMIPI_SDA" has no driver File: C:/Users/chani/Desktop/Tesi/a_Projet_progress/Temperature_LightQ4.4_ANN/template/projects/Neural_Network/MKRVIDOR4000_top.v Line: 108
    Warning (13040): bidirectional pin "bMIPI_SCL" has no driver File: C:/Users/chani/Desktop/Tesi/a_Projet_progress/Temperature_LightQ4.4_ANN/template/projects/Neural_Network/MKRVIDOR4000_top.v Line: 109
    Warning (13040): bidirectional pin "bMIPI_GP[0]" has no driver File: C:/Users/chani/Desktop/Tesi/a_Projet_progress/Temperature_LightQ4.4_ANN/template/projects/Neural_Network/MKRVIDOR4000_top.v Line: 110
    Warning (13040): bidirectional pin "bMIPI_GP[1]" has no driver File: C:/Users/chani/Desktop/Tesi/a_Projet_progress/Temperature_LightQ4.4_ANN/template/projects/Neural_Network/MKRVIDOR4000_top.v Line: 110
    Warning (13040): bidirectional pin "oFLASH_MOSI" has no driver File: C:/Users/chani/Desktop/Tesi/a_Projet_progress/Temperature_LightQ4.4_ANN/template/projects/Neural_Network/MKRVIDOR4000_top.v Line: 115
    Warning (13040): bidirectional pin "iFLASH_MISO" has no driver File: C:/Users/chani/Desktop/Tesi/a_Projet_progress/Temperature_LightQ4.4_ANN/template/projects/Neural_Network/MKRVIDOR4000_top.v Line: 116
    Warning (13040): bidirectional pin "oFLASH_HOLD" has no driver File: C:/Users/chani/Desktop/Tesi/a_Projet_progress/Temperature_LightQ4.4_ANN/template/projects/Neural_Network/MKRVIDOR4000_top.v Line: 117
    Warning (13040): bidirectional pin "oFLASH_WP" has no driver File: C:/Users/chani/Desktop/Tesi/a_Projet_progress/Temperature_LightQ4.4_ANN/template/projects/Neural_Network/MKRVIDOR4000_top.v Line: 120
Warning (13024): Output pins are stuck at VCC or GND
    Warning (13410): Pin "oSAM_INT" is stuck at GND File: C:/Users/chani/Desktop/Tesi/a_Projet_progress/Temperature_LightQ4.4_ANN/template/projects/Neural_Network/MKRVIDOR4000_top.v Line: 27
    Warning (13410): Pin "oSDRAM_ADDR[0]" is stuck at GND File: C:/Users/chani/Desktop/Tesi/a_Projet_progress/Temperature_LightQ4.4_ANN/template/projects/Neural_Network/MKRVIDOR4000_top.v Line: 31
    Warning (13410): Pin "oSDRAM_ADDR[1]" is stuck at GND File: C:/Users/chani/Desktop/Tesi/a_Projet_progress/Temperature_LightQ4.4_ANN/template/projects/Neural_Network/MKRVIDOR4000_top.v Line: 31
    Warning (13410): Pin "oSDRAM_ADDR[2]" is stuck at GND File: C:/Users/chani/Desktop/Tesi/a_Projet_progress/Temperature_LightQ4.4_ANN/template/projects/Neural_Network/MKRVIDOR4000_top.v Line: 31
    Warning (13410): Pin "oSDRAM_ADDR[3]" is stuck at GND File: C:/Users/chani/Desktop/Tesi/a_Projet_progress/Temperature_LightQ4.4_ANN/template/projects/Neural_Network/MKRVIDOR4000_top.v Line: 31
    Warning (13410): Pin "oSDRAM_ADDR[4]" is stuck at GND File: C:/Users/chani/Desktop/Tesi/a_Projet_progress/Temperature_LightQ4.4_ANN/template/projects/Neural_Network/MKRVIDOR4000_top.v Line: 31
    Warning (13410): Pin "oSDRAM_ADDR[5]" is stuck at GND File: C:/Users/chani/Desktop/Tesi/a_Projet_progress/Temperature_LightQ4.4_ANN/template/projects/Neural_Network/MKRVIDOR4000_top.v Line: 31
    Warning (13410): Pin "oSDRAM_ADDR[6]" is stuck at GND File: C:/Users/chani/Desktop/Tesi/a_Projet_progress/Temperature_LightQ4.4_ANN/template/projects/Neural_Network/MKRVIDOR4000_top.v Line: 31
    Warning (13410): Pin "oSDRAM_ADDR[7]" is stuck at GND File: C:/Users/chani/Desktop/Tesi/a_Projet_progress/Temperature_LightQ4.4_ANN/template/projects/Neural_Network/MKRVIDOR4000_top.v Line: 31
    Warning (13410): Pin "oSDRAM_ADDR[8]" is stuck at GND File: C:/Users/chani/Desktop/Tesi/a_Projet_progress/Temperature_LightQ4.4_ANN/template/projects/Neural_Network/MKRVIDOR4000_top.v Line: 31
    Warning (13410): Pin "oSDRAM_ADDR[9]" is stuck at GND File: C:/Users/chani/Desktop/Tesi/a_Projet_progress/Temperature_LightQ4.4_ANN/template/projects/Neural_Network/MKRVIDOR4000_top.v Line: 31
    Warning (13410): Pin "oSDRAM_ADDR[10]" is stuck at GND File: C:/Users/chani/Desktop/Tesi/a_Projet_progress/Temperature_LightQ4.4_ANN/template/projects/Neural_Network/MKRVIDOR4000_top.v Line: 31
    Warning (13410): Pin "oSDRAM_ADDR[11]" is stuck at GND File: C:/Users/chani/Desktop/Tesi/a_Projet_progress/Temperature_LightQ4.4_ANN/template/projects/Neural_Network/MKRVIDOR4000_top.v Line: 31
    Warning (13410): Pin "oSDRAM_BA[0]" is stuck at GND File: C:/Users/chani/Desktop/Tesi/a_Projet_progress/Temperature_LightQ4.4_ANN/template/projects/Neural_Network/MKRVIDOR4000_top.v Line: 32
    Warning (13410): Pin "oSDRAM_BA[1]" is stuck at GND File: C:/Users/chani/Desktop/Tesi/a_Projet_progress/Temperature_LightQ4.4_ANN/template/projects/Neural_Network/MKRVIDOR4000_top.v Line: 32
    Warning (13410): Pin "oSDRAM_CASn" is stuck at GND File: C:/Users/chani/Desktop/Tesi/a_Projet_progress/Temperature_LightQ4.4_ANN/template/projects/Neural_Network/MKRVIDOR4000_top.v Line: 33
    Warning (13410): Pin "oSDRAM_CKE" is stuck at GND File: C:/Users/chani/Desktop/Tesi/a_Projet_progress/Temperature_LightQ4.4_ANN/template/projects/Neural_Network/MKRVIDOR4000_top.v Line: 34
    Warning (13410): Pin "oSDRAM_CSn" is stuck at GND File: C:/Users/chani/Desktop/Tesi/a_Projet_progress/Temperature_LightQ4.4_ANN/template/projects/Neural_Network/MKRVIDOR4000_top.v Line: 35
    Warning (13410): Pin "oSDRAM_DQM[0]" is stuck at GND File: C:/Users/chani/Desktop/Tesi/a_Projet_progress/Temperature_LightQ4.4_ANN/template/projects/Neural_Network/MKRVIDOR4000_top.v Line: 37
    Warning (13410): Pin "oSDRAM_DQM[1]" is stuck at GND File: C:/Users/chani/Desktop/Tesi/a_Projet_progress/Temperature_LightQ4.4_ANN/template/projects/Neural_Network/MKRVIDOR4000_top.v Line: 37
    Warning (13410): Pin "oSDRAM_RASn" is stuck at GND File: C:/Users/chani/Desktop/Tesi/a_Projet_progress/Temperature_LightQ4.4_ANN/template/projects/Neural_Network/MKRVIDOR4000_top.v Line: 38
    Warning (13410): Pin "oSDRAM_WEn" is stuck at GND File: C:/Users/chani/Desktop/Tesi/a_Projet_progress/Temperature_LightQ4.4_ANN/template/projects/Neural_Network/MKRVIDOR4000_top.v Line: 39
    Warning (13410): Pin "oHDMI_TX[0]" is stuck at GND File: C:/Users/chani/Desktop/Tesi/a_Projet_progress/Temperature_LightQ4.4_ANN/template/projects/Neural_Network/MKRVIDOR4000_top.v Line: 97
    Warning (13410): Pin "oHDMI_TX[1]" is stuck at GND File: C:/Users/chani/Desktop/Tesi/a_Projet_progress/Temperature_LightQ4.4_ANN/template/projects/Neural_Network/MKRVIDOR4000_top.v Line: 97
    Warning (13410): Pin "oHDMI_TX[2]" is stuck at GND File: C:/Users/chani/Desktop/Tesi/a_Projet_progress/Temperature_LightQ4.4_ANN/template/projects/Neural_Network/MKRVIDOR4000_top.v Line: 97
    Warning (13410): Pin "oHDMI_CLK" is stuck at GND File: C:/Users/chani/Desktop/Tesi/a_Projet_progress/Temperature_LightQ4.4_ANN/template/projects/Neural_Network/MKRVIDOR4000_top.v Line: 98
    Warning (13410): Pin "oFLASH_SCK" is stuck at GND File: C:/Users/chani/Desktop/Tesi/a_Projet_progress/Temperature_LightQ4.4_ANN/template/projects/Neural_Network/MKRVIDOR4000_top.v Line: 113
    Warning (13410): Pin "oFLASH_CS" is stuck at GND File: C:/Users/chani/Desktop/Tesi/a_Projet_progress/Temperature_LightQ4.4_ANN/template/projects/Neural_Network/MKRVIDOR4000_top.v Line: 114
Info (286031): Timing-Driven Synthesis is running on partition "Top"
Info (17049): 4 registers lost all their fanouts during netlist optimizations.
Warning (15897): PLL "SYSTEM_PLL:PLL_inst|altpll:altpll_component|SYSTEM_PLL_altpll:auto_generated|pll1" has parameter compensate_clock set to clock0 but port CLK[0] is not connected File: C:/Users/chani/Desktop/Tesi/a_Projet_progress/Temperature_LightQ4.4_ANN/template/projects/Neural_Network/db/system_pll_altpll.v Line: 50
Warning (15899): PLL "SYSTEM_PLL:PLL_inst|altpll:altpll_component|SYSTEM_PLL_altpll:auto_generated|pll1" has parameters clk0_multiply_by and clk0_divide_by specified but port CLK[0] is not connected File: C:/Users/chani/Desktop/Tesi/a_Projet_progress/Temperature_LightQ4.4_ANN/template/projects/Neural_Network/db/system_pll_altpll.v Line: 50
Info (128000): Starting physical synthesis optimizations for speed
Info (332128): Timing requirements not specified -- optimizing circuit to achieve the following default global requirements
    Info (332127): Assuming a default timing requirement
Info (332111): Found 5 clocks
    Info (332111):   Period   Clock Name
    Info (332111): ======== ============
    Info (332111):   20.833         iCLK
    Info (332111):    1.000 jtag.bp.interfacejtag_jtag_sld_virtual_jtag_basic_inst_sld_virtual_jtag_impl_inst_raw_tck
    Info (332111):    1.000 jtag_interface:interfacejtag|jtag_synchronizer:jtag_sync|synchronizer_basic:inst6|sync2
    Info (332111):    8.333 PLL_inst|altpll_component|auto_generated|pll1|clk[1]
    Info (332111):    9.999 PLL_inst|altpll_component|auto_generated|pll1|clk[3]
Info (128002): Starting physical synthesis algorithm register retiming
Info (128003): Physical synthesis algorithm register retiming complete: estimated slack improvement of 0 ps
Info (128002): Starting physical synthesis algorithm combinational resynthesis using boolean division
Info (128003): Physical synthesis algorithm combinational resynthesis using boolean division complete: estimated slack improvement of 75 ps
Info (128001): Physical synthesis optimizations for speed complete: elapsed time is 00:00:01
Info (144001): Generated suppressed messages file C:/Users/chani/Desktop/Tesi/a_Projet_progress/Temperature_LightQ4.4_ANN/template/projects/Neural_Network/output_files/MKRVIDOR4000.map.smsg
Info (16010): Generating hard_block partition "hard_block:auto_generated_inst"
    Info (16011): Adding 1 node(s), including 0 DDIO, 1 PLL, 0 transceiver and 0 LCELL
Warning (21074): Design contains 13 input pin(s) that do not drive logic
    Warning (15610): No output dependent on input pin "iSAM_INT" File: C:/Users/chani/Desktop/Tesi/a_Projet_progress/Temperature_LightQ4.4_ANN/template/projects/Neural_Network/MKRVIDOR4000_top.v Line: 26
    Warning (15610): No output dependent on input pin "iPEX_PIN11" File: C:/Users/chani/Desktop/Tesi/a_Projet_progress/Temperature_LightQ4.4_ANN/template/projects/Neural_Network/MKRVIDOR4000_top.v Line: 51
    Warning (15610): No output dependent on input pin "iPEX_PIN13" File: C:/Users/chani/Desktop/Tesi/a_Projet_progress/Temperature_LightQ4.4_ANN/template/projects/Neural_Network/MKRVIDOR4000_top.v Line: 53
    Warning (15610): No output dependent on input pin "iPEX_PIN23" File: C:/Users/chani/Desktop/Tesi/a_Projet_progress/Temperature_LightQ4.4_ANN/template/projects/Neural_Network/MKRVIDOR4000_top.v Line: 57
    Warning (15610): No output dependent on input pin "iPEX_PIN25" File: C:/Users/chani/Desktop/Tesi/a_Projet_progress/Temperature_LightQ4.4_ANN/template/projects/Neural_Network/MKRVIDOR4000_top.v Line: 58
    Warning (15610): No output dependent on input pin "iPEX_PIN31" File: C:/Users/chani/Desktop/Tesi/a_Projet_progress/Temperature_LightQ4.4_ANN/template/projects/Neural_Network/MKRVIDOR4000_top.v Line: 61
    Warning (15610): No output dependent on input pin "iPEX_PIN33" File: C:/Users/chani/Desktop/Tesi/a_Projet_progress/Temperature_LightQ4.4_ANN/template/projects/Neural_Network/MKRVIDOR4000_top.v Line: 63
    Warning (15610): No output dependent on input pin "iWM_PIO32" File: C:/Users/chani/Desktop/Tesi/a_Projet_progress/Temperature_LightQ4.4_ANN/template/projects/Neural_Network/MKRVIDOR4000_top.v Line: 88
    Warning (15610): No output dependent on input pin "iWM_TX" File: C:/Users/chani/Desktop/Tesi/a_Projet_progress/Temperature_LightQ4.4_ANN/template/projects/Neural_Network/MKRVIDOR4000_top.v Line: 92
    Warning (15610): No output dependent on input pin "iHDMI_HPD" File: C:/Users/chani/Desktop/Tesi/a_Projet_progress/Temperature_LightQ4.4_ANN/template/projects/Neural_Network/MKRVIDOR4000_top.v Line: 103
    Warning (15610): No output dependent on input pin "iMIPI_D[0]" File: C:/Users/chani/Desktop/Tesi/a_Projet_progress/Temperature_LightQ4.4_ANN/template/projects/Neural_Network/MKRVIDOR4000_top.v Line: 106
    Warning (15610): No output dependent on input pin "iMIPI_D[1]" File: C:/Users/chani/Desktop/Tesi/a_Projet_progress/Temperature_LightQ4.4_ANN/template/projects/Neural_Network/MKRVIDOR4000_top.v Line: 106
    Warning (15610): No output dependent on input pin "iMIPI_CLK" File: C:/Users/chani/Desktop/Tesi/a_Projet_progress/Temperature_LightQ4.4_ANN/template/projects/Neural_Network/MKRVIDOR4000_top.v Line: 107
Info (21057): Implemented 2891 device resources after synthesis - the final resource count might be different
    Info (21058): Implemented 18 input pins
    Info (21059): Implemented 30 output pins
    Info (21060): Implemented 87 bidirectional pins
    Info (21061): Implemented 2754 logic cells
    Info (21065): Implemented 1 PLLs
Info: Quartus Prime Analysis & Synthesis was successful. 0 errors, 174 warnings
    Info: Peak virtual memory: 4950 megabytes
    Info: Processing ended: Sun Jun 07 10:12:37 2026
    Info: Elapsed time: 00:01:00
    Info: Total CPU time (on all processors): 00:01:32


+------------------------------------------+
; Analysis & Synthesis Suppressed Messages ;
+------------------------------------------+
The suppressed messages can be found in C:/Users/chani/Desktop/Tesi/a_Projet_progress/Temperature_LightQ4.4_ANN/template/projects/Neural_Network/output_files/MKRVIDOR4000.map.smsg.


