Analysis & Synthesis report for MKRVIDOR4000
Wed Sep  9 11:57:27 2026
Quartus Prime Version 25.1std.0 Build 1129 10/21/2025 SC Lite Edition


---------------------
; Table of Contents ;
---------------------
  1. Legal Notice
  2. Analysis & Synthesis Summary
  3. Analysis & Synthesis Settings
  4. Parallel Compilation
  5. Analysis & Synthesis Source Files Read
  6. Analysis & Synthesis Resource Usage Summary
  7. Analysis & Synthesis Resource Utilization by Entity
  8. Analysis & Synthesis DSP Block Usage Summary
  9. Analysis & Synthesis IP Cores Summary
 10. State Machine - |MKRVIDOR4000_top|eco_nn_top:uut|state
 11. Registers Removed During Synthesis
 12. Removed Registers Triggering Further Register Optimizations
 13. General Register Statistics
 14. Inverted Register Statistics
 15. Multiplexer Restructuring Statistics (Restructuring Performed)
 16. Parameter Settings for User Entity Instance: jtag_interface:interfacejtag
 17. Parameter Settings for User Entity Instance: jtag_interface:interfacejtag|sld_virtual_jtag:jtag
 18. Parameter Settings for User Entity Instance: jtag_interface:interfacejtag|jtag_memory:memory
 19. Parameter Settings for Inferred Entity Instance: eco_nn_top:uut|lpm_mult:Mult1
 20. Parameter Settings for Inferred Entity Instance: eco_nn_top:uut|lpm_mult:Mult0
 21. lpm_mult Parameter Settings by Entity Instance
 22. Port Connectivity Checks: "jtag_interface:interfacejtag|sld_virtual_jtag:jtag"
 23. Port Connectivity Checks: "jtag_interface:interfacejtag"
 24. Port Connectivity Checks: "SYSTEM_PLL:PLL_inst|SYSTEM_PLL_altpll:altpll_component"
 25. Port Connectivity Checks: "SYSTEM_PLL:PLL_inst"
 26. Virtual JTAG Settings
 27. Post-Synthesis Netlist Statistics for Top Partition
 28. Elapsed Time Per Partition
 29. Analysis & Synthesis Messages
 30. Analysis & Synthesis Suppressed Messages



----------------
; Legal Notice ;
----------------
Copyright (C) 2025  Altera Corporation. All rights reserved.
Your use of Altera Corporation's design tools, logic functions 
and other software and tools, and any partner logic 
functions, and any output files from any of the foregoing 
(including device programming or simulation files), and any 
associated documentation or information are expressly subject 
to the terms and conditions of the Altera Program License 
Subscription Agreement, the Altera Quartus Prime License Agreement,
the Altera IP License Agreement, or other applicable license
agreement, including, without limitation, that your use is for
the sole purpose of programming logic devices manufactured by
Altera and sold by Altera or its authorized distributors.  Please
refer to the Altera Software License Subscription Agreements 
on the Quartus Prime software download page.



+--------------------------------------------------------------------------------------+
; Analysis & Synthesis Summary                                                         ;
+------------------------------------+-------------------------------------------------+
; Analysis & Synthesis Status        ; Successful - Wed Sep  9 11:57:27 2026           ;
; Quartus Prime Version              ; 25.1std.0 Build 1129 10/21/2025 SC Lite Edition ;
; Revision Name                      ; MKRVIDOR4000                                    ;
; Top-level Entity Name              ; MKRVIDOR4000_top                                ;
; Family                             ; Cyclone 10 LP                                   ;
; Total logic elements               ; 862                                             ;
;     Total combinational functions  ; 525                                             ;
;     Dedicated logic registers      ; 473                                             ;
; Total registers                    ; 473                                             ;
; Total pins                         ; 131                                             ;
; Total virtual pins                 ; 0                                               ;
; Total memory bits                  ; 0                                               ;
; Embedded Multiplier 9-bit elements ; 2                                               ;
; Total PLLs                         ; 1                                               ;
+------------------------------------+-------------------------------------------------+


+------------------------------------------------------------------------------------------------------------+
; Analysis & Synthesis Settings                                                                              ;
+------------------------------------------------------------------+--------------------+--------------------+
; Option                                                           ; Setting            ; Default Value      ;
+------------------------------------------------------------------+--------------------+--------------------+
; Device                                                           ; 10CL016YU256C8G    ;                    ;
; Top-level entity name                                            ; MKRVIDOR4000_top   ; MKRVIDOR4000       ;
; Family name                                                      ; Cyclone 10 LP      ; Cyclone V          ;
; Maximum processors allowed for parallel compilation              ; All                ;                    ;
; Verilog Show LMF Mapping Messages                                ; Off                ;                    ;
; Verilog Version                                                  ; SystemVerilog_2005 ; Verilog_2001       ;
; Power Optimization During Synthesis                              ; Extra effort       ; Normal compilation ;
; Use smart compilation                                            ; Off                ; Off                ;
; Enable parallel Assembler and Timing Analyzer during compilation ; On                 ; On                 ;
; Enable compact report table                                      ; Off                ; Off                ;
; Restructure Multiplexers                                         ; Auto               ; Auto               ;
; Create Debugging Nodes for IP Cores                              ; Off                ; Off                ;
; Preserve fewer node names                                        ; On                 ; On                 ;
; Intel FPGA IP Evaluation Mode                                    ; Enable             ; Enable             ;
; VHDL Version                                                     ; VHDL_1993          ; VHDL_1993          ;
; State Machine Processing                                         ; Auto               ; Auto               ;
; Safe State Machine                                               ; Off                ; Off                ;
; Extract Verilog State Machines                                   ; On                 ; On                 ;
; Extract VHDL State Machines                                      ; On                 ; On                 ;
; Ignore Verilog initial constructs                                ; Off                ; Off                ;
; Iteration limit for constant Verilog loops                       ; 5000               ; 5000               ;
; Iteration limit for non-constant Verilog loops                   ; 250                ; 250                ;
; Add Pass-Through Logic to Inferred RAMs                          ; On                 ; On                 ;
; Infer RAMs from Raw Logic                                        ; On                 ; On                 ;
; Parallel Synthesis                                               ; On                 ; On                 ;
; DSP Block Balancing                                              ; Auto               ; Auto               ;
; NOT Gate Push-Back                                               ; On                 ; On                 ;
; Power-Up Don't Care                                              ; On                 ; On                 ;
; Remove Redundant Logic Cells                                     ; Off                ; Off                ;
; Remove Duplicate Registers                                       ; On                 ; On                 ;
; Ignore CARRY Buffers                                             ; Off                ; Off                ;
; Ignore CASCADE Buffers                                           ; Off                ; Off                ;
; Ignore GLOBAL Buffers                                            ; Off                ; Off                ;
; Ignore ROW GLOBAL Buffers                                        ; Off                ; Off                ;
; Ignore LCELL Buffers                                             ; Off                ; Off                ;
; Ignore SOFT Buffers                                              ; On                 ; On                 ;
; Limit AHDL Integers to 32 Bits                                   ; Off                ; Off                ;
; Optimization Technique                                           ; Balanced           ; Balanced           ;
; Carry Chain Length                                               ; 70                 ; 70                 ;
; Auto Carry Chains                                                ; On                 ; On                 ;
; Auto Open-Drain Pins                                             ; On                 ; On                 ;
; Perform WYSIWYG Primitive Resynthesis                            ; Off                ; Off                ;
; Auto ROM Replacement                                             ; On                 ; On                 ;
; Auto RAM Replacement                                             ; On                 ; On                 ;
; Auto DSP Block Replacement                                       ; On                 ; On                 ;
; Auto Shift Register Replacement                                  ; Auto               ; Auto               ;
; Allow Shift Register Merging across Hierarchies                  ; Auto               ; Auto               ;
; Auto Clock Enable Replacement                                    ; On                 ; On                 ;
; Strict RAM Replacement                                           ; Off                ; Off                ;
; Allow Synchronous Control Signals                                ; On                 ; On                 ;
; Force Use of Synchronous Clear Signals                           ; Off                ; Off                ;
; Auto RAM Block Balancing                                         ; On                 ; On                 ;
; Auto RAM to Logic Cell Conversion                                ; Off                ; Off                ;
; Auto Resource Sharing                                            ; Off                ; Off                ;
; Allow Any RAM Size For Recognition                               ; Off                ; Off                ;
; Allow Any ROM Size For Recognition                               ; Off                ; Off                ;
; Allow Any Shift Register Size For Recognition                    ; Off                ; Off                ;
; Use LogicLock Constraints during Resource Balancing              ; On                 ; On                 ;
; Ignore translate_off and synthesis_off directives                ; Off                ; Off                ;
; Timing-Driven Synthesis                                          ; On                 ; On                 ;
; Report Parameter Settings                                        ; On                 ; On                 ;
; Report Source Assignments                                        ; On                 ; On                 ;
; Report Connectivity Checks                                       ; On                 ; On                 ;
; Ignore Maximum Fan-Out Assignments                               ; Off                ; Off                ;
; Synchronization Register Chain Length                            ; 2                  ; 2                  ;
; HDL message level                                                ; Level2             ; Level2             ;
; Suppress Register Optimization Related Messages                  ; Off                ; Off                ;
; Number of Removed Registers Reported in Synthesis Report         ; 5000               ; 5000               ;
; Number of Swept Nodes Reported in Synthesis Report               ; 5000               ; 5000               ;
; Number of Inverted Registers Reported in Synthesis Report        ; 100                ; 100                ;
; Clock MUX Protection                                             ; On                 ; On                 ;
; Auto Gated Clock Conversion                                      ; Off                ; Off                ;
; Block Design Naming                                              ; Auto               ; Auto               ;
; SDC constraint protection                                        ; Off                ; Off                ;
; Synthesis Effort                                                 ; Auto               ; Auto               ;
; Shift Register Replacement - Allow Asynchronous Clear Signal     ; On                 ; On                 ;
; Pre-Mapping Resynthesis Optimization                             ; Off                ; Off                ;
; Analysis & Synthesis Message Level                               ; Medium             ; Medium             ;
; Disable Register Merging Across Hierarchies                      ; Auto               ; Auto               ;
; Resource Aware Inference For Block RAM                           ; On                 ; On                 ;
+------------------------------------------------------------------+--------------------+--------------------+


+------------------------------------------+
; Parallel Compilation                     ;
+----------------------------+-------------+
; Processors                 ; Number      ;
+----------------------------+-------------+
; Number detected on machine ; 4           ;
; Maximum allowed            ; 2           ;
;                            ;             ;
; Average used               ; 1.00        ;
; Maximum used               ; 2           ;
;                            ;             ;
; Usage by Processor         ; % Time Used ;
;     Processor 1            ; 100.0%      ;
;     Processor 2            ;   0.1%      ;
+----------------------------+-------------+


+-----------------------------------------------------------------------------------------------------------------------------------------------------------------------------------------------------------------------------------------------------------------------------------------------------------------------------------------+
; Analysis & Synthesis Source Files Read                                                                                                                                                                                                                                                                                                  ;
+--------------------------------------------------------------------+-----------------+----------------------------------------------+-------------------------------------------------------------------------------------------------------------------------------------------------------------------------------------+-------------+
; File Name with User-Entered Path                                   ; Used in Netlist ; File Type                                    ; File Name with Absolute Path                                                                                                                                                        ; Library     ;
+--------------------------------------------------------------------+-----------------+----------------------------------------------+-------------------------------------------------------------------------------------------------------------------------------------------------------------------------------------+-------------+
; SYSTEM_PLL.v                                                       ; yes             ; User Verilog HDL File                        ; C:/Users/PC/OneDrive/Escritorio/DEEPCEL/QuartusProject/ANeural_Network_power25_ultralowpower_light_q4_4_seq_1mhz/SYSTEM_PLL.v                                                       ;             ;
; SYSTEM_PLL_altpll.v                                                ; yes             ; User Verilog HDL File                        ; C:/Users/PC/OneDrive/Escritorio/DEEPCEL/QuartusProject/ANeural_Network_power25_ultralowpower_light_q4_4_seq_1mhz/SYSTEM_PLL_altpll.v                                                ;             ;
; jtag_synchronizer.bdf                                              ; yes             ; User Block Diagram/Schematic File            ; C:/Users/PC/OneDrive/Escritorio/DEEPCEL/QuartusProject/ANeural_Network_power25_ultralowpower_light_q4_4_seq_1mhz/jtag_synchronizer.bdf                                              ;             ;
; MKRVIDOR4000_top.v                                                 ; yes             ; User Verilog HDL File                        ; C:/Users/PC/OneDrive/Escritorio/DEEPCEL/QuartusProject/ANeural_Network_power25_ultralowpower_light_q4_4_seq_1mhz/MKRVIDOR4000_top.v                                                 ;             ;
; jtag_synchronizer_basic.v                                          ; yes             ; User Verilog HDL File                        ; C:/Users/PC/OneDrive/Escritorio/DEEPCEL/QuartusProject/ANeural_Network_power25_ultralowpower_light_q4_4_seq_1mhz/jtag_synchronizer_basic.v                                          ;             ;
; jtag_memory.v                                                      ; yes             ; User Verilog HDL File                        ; C:/Users/PC/OneDrive/Escritorio/DEEPCEL/QuartusProject/ANeural_Network_power25_ultralowpower_light_q4_4_seq_1mhz/jtag_memory.v                                                      ;             ;
; jtag_interface.v                                                   ; yes             ; User Verilog HDL File                        ; C:/Users/PC/OneDrive/Escritorio/DEEPCEL/QuartusProject/ANeural_Network_power25_ultralowpower_light_q4_4_seq_1mhz/jtag_interface.v                                                   ;             ;
; eco_nn_top.v                                                       ; yes             ; User Verilog HDL File                        ; C:/Users/PC/OneDrive/Escritorio/DEEPCEL/QuartusProject/ANeural_Network_power25_ultralowpower_light_q4_4_seq_1mhz/eco_nn_top.v                                                       ;             ;
; sld_virtual_jtag.v                                                 ; yes             ; Megafunction                                 ; c:/altera_lite/25.1std/quartus/libraries/megafunctions/sld_virtual_jtag.v                                                                                                           ;             ;
; sld_virtual_jtag_basic.v                                           ; yes             ; Megafunction                                 ; c:/altera_lite/25.1std/quartus/libraries/megafunctions/sld_virtual_jtag_basic.v                                                                                                     ;             ;
; sld_jtag_endpoint_adapter.vhd                                      ; yes             ; Encrypted Megafunction                       ; c:/altera_lite/25.1std/quartus/libraries/megafunctions/sld_jtag_endpoint_adapter.vhd                                                                                                ;             ;
; sld_jtag_endpoint_adapter_impl.sv                                  ; yes             ; Encrypted Megafunction                       ; c:/altera_lite/25.1std/quartus/libraries/megafunctions/sld_jtag_endpoint_adapter_impl.sv                                                                                            ;             ;
; sld_hub.vhd                                                        ; yes             ; Encrypted Megafunction                       ; c:/altera_lite/25.1std/quartus/libraries/megafunctions/sld_hub.vhd                                                                                                                  ; altera_sld  ;
; db/ip/slda46de5ad/alt_sld_fab.v                                    ; yes             ; Encrypted Auto-Found Verilog HDL File        ; C:/Users/PC/OneDrive/Escritorio/DEEPCEL/QuartusProject/ANeural_Network_power25_ultralowpower_light_q4_4_seq_1mhz/db/ip/slda46de5ad/alt_sld_fab.v                                    ; alt_sld_fab ;
; db/ip/slda46de5ad/submodules/alt_sld_fab_alt_sld_fab.v             ; yes             ; Encrypted Auto-Found Verilog HDL File        ; C:/Users/PC/OneDrive/Escritorio/DEEPCEL/QuartusProject/ANeural_Network_power25_ultralowpower_light_q4_4_seq_1mhz/db/ip/slda46de5ad/submodules/alt_sld_fab_alt_sld_fab.v             ; alt_sld_fab ;
; db/ip/slda46de5ad/submodules/alt_sld_fab_alt_sld_fab_ident.sv      ; yes             ; Auto-Found SystemVerilog HDL File            ; C:/Users/PC/OneDrive/Escritorio/DEEPCEL/QuartusProject/ANeural_Network_power25_ultralowpower_light_q4_4_seq_1mhz/db/ip/slda46de5ad/submodules/alt_sld_fab_alt_sld_fab_ident.sv      ; alt_sld_fab ;
; db/ip/slda46de5ad/submodules/alt_sld_fab_alt_sld_fab_presplit.sv   ; yes             ; Encrypted Auto-Found SystemVerilog HDL File  ; C:/Users/PC/OneDrive/Escritorio/DEEPCEL/QuartusProject/ANeural_Network_power25_ultralowpower_light_q4_4_seq_1mhz/db/ip/slda46de5ad/submodules/alt_sld_fab_alt_sld_fab_presplit.sv   ; alt_sld_fab ;
; db/ip/slda46de5ad/submodules/alt_sld_fab_alt_sld_fab_sldfabric.vhd ; yes             ; Encrypted Auto-Found VHDL File               ; C:/Users/PC/OneDrive/Escritorio/DEEPCEL/QuartusProject/ANeural_Network_power25_ultralowpower_light_q4_4_seq_1mhz/db/ip/slda46de5ad/submodules/alt_sld_fab_alt_sld_fab_sldfabric.vhd ; alt_sld_fab ;
; db/ip/slda46de5ad/submodules/alt_sld_fab_alt_sld_fab_splitter.sv   ; yes             ; Encrypted Auto-Found SystemVerilog HDL File  ; C:/Users/PC/OneDrive/Escritorio/DEEPCEL/QuartusProject/ANeural_Network_power25_ultralowpower_light_q4_4_seq_1mhz/db/ip/slda46de5ad/submodules/alt_sld_fab_alt_sld_fab_splitter.sv   ; alt_sld_fab ;
; sld_jtag_hub.vhd                                                   ; yes             ; Encrypted Megafunction                       ; c:/altera_lite/25.1std/quartus/libraries/megafunctions/sld_jtag_hub.vhd                                                                                                             ;             ;
; sld_rom_sr.vhd                                                     ; yes             ; Encrypted Megafunction                       ; c:/altera_lite/25.1std/quartus/libraries/megafunctions/sld_rom_sr.vhd                                                                                                               ;             ;
; lpm_mult.tdf                                                       ; yes             ; Megafunction                                 ; c:/altera_lite/25.1std/quartus/libraries/megafunctions/lpm_mult.tdf                                                                                                                 ;             ;
; aglobal251.inc                                                     ; yes             ; Megafunction                                 ; c:/altera_lite/25.1std/quartus/libraries/megafunctions/aglobal251.inc                                                                                                               ;             ;
; lpm_add_sub.inc                                                    ; yes             ; Megafunction                                 ; c:/altera_lite/25.1std/quartus/libraries/megafunctions/lpm_add_sub.inc                                                                                                              ;             ;
; multcore.inc                                                       ; yes             ; Megafunction                                 ; c:/altera_lite/25.1std/quartus/libraries/megafunctions/multcore.inc                                                                                                                 ;             ;
; bypassff.inc                                                       ; yes             ; Megafunction                                 ; c:/altera_lite/25.1std/quartus/libraries/megafunctions/bypassff.inc                                                                                                                 ;             ;
; altshift.inc                                                       ; yes             ; Megafunction                                 ; c:/altera_lite/25.1std/quartus/libraries/megafunctions/altshift.inc                                                                                                                 ;             ;
; db/mult_q2t.tdf                                                    ; yes             ; Auto-Generated Megafunction                  ; C:/Users/PC/OneDrive/Escritorio/DEEPCEL/QuartusProject/ANeural_Network_power25_ultralowpower_light_q4_4_seq_1mhz/db/mult_q2t.tdf                                                    ;             ;
; multcore.tdf                                                       ; yes             ; Megafunction                                 ; c:/altera_lite/25.1std/quartus/libraries/megafunctions/multcore.tdf                                                                                                                 ;             ;
; csa_add.inc                                                        ; yes             ; Megafunction                                 ; c:/altera_lite/25.1std/quartus/libraries/megafunctions/csa_add.inc                                                                                                                  ;             ;
; mpar_add.inc                                                       ; yes             ; Megafunction                                 ; c:/altera_lite/25.1std/quartus/libraries/megafunctions/mpar_add.inc                                                                                                                 ;             ;
; muleabz.inc                                                        ; yes             ; Megafunction                                 ; c:/altera_lite/25.1std/quartus/libraries/megafunctions/muleabz.inc                                                                                                                  ;             ;
; mul_lfrg.inc                                                       ; yes             ; Megafunction                                 ; c:/altera_lite/25.1std/quartus/libraries/megafunctions/mul_lfrg.inc                                                                                                                 ;             ;
; mul_boothc.inc                                                     ; yes             ; Megafunction                                 ; c:/altera_lite/25.1std/quartus/libraries/megafunctions/mul_boothc.inc                                                                                                               ;             ;
; alt_ded_mult.inc                                                   ; yes             ; Megafunction                                 ; c:/altera_lite/25.1std/quartus/libraries/megafunctions/alt_ded_mult.inc                                                                                                             ;             ;
; alt_ded_mult_y.inc                                                 ; yes             ; Megafunction                                 ; c:/altera_lite/25.1std/quartus/libraries/megafunctions/alt_ded_mult_y.inc                                                                                                           ;             ;
; dffpipe.inc                                                        ; yes             ; Megafunction                                 ; c:/altera_lite/25.1std/quartus/libraries/megafunctions/dffpipe.inc                                                                                                                  ;             ;
; mpar_add.tdf                                                       ; yes             ; Megafunction                                 ; c:/altera_lite/25.1std/quartus/libraries/megafunctions/mpar_add.tdf                                                                                                                 ;             ;
; lpm_add_sub.tdf                                                    ; yes             ; Megafunction                                 ; c:/altera_lite/25.1std/quartus/libraries/megafunctions/lpm_add_sub.tdf                                                                                                              ;             ;
; addcore.inc                                                        ; yes             ; Megafunction                                 ; c:/altera_lite/25.1std/quartus/libraries/megafunctions/addcore.inc                                                                                                                  ;             ;
; look_add.inc                                                       ; yes             ; Megafunction                                 ; c:/altera_lite/25.1std/quartus/libraries/megafunctions/look_add.inc                                                                                                                 ;             ;
; alt_stratix_add_sub.inc                                            ; yes             ; Megafunction                                 ; c:/altera_lite/25.1std/quartus/libraries/megafunctions/alt_stratix_add_sub.inc                                                                                                      ;             ;
; db/add_sub_qih.tdf                                                 ; yes             ; Auto-Generated Megafunction                  ; C:/Users/PC/OneDrive/Escritorio/DEEPCEL/QuartusProject/ANeural_Network_power25_ultralowpower_light_q4_4_seq_1mhz/db/add_sub_qih.tdf                                                 ;             ;
; altshift.tdf                                                       ; yes             ; Megafunction                                 ; c:/altera_lite/25.1std/quartus/libraries/megafunctions/altshift.tdf                                                                                                                 ;             ;
; db/add_sub_rih.tdf                                                 ; yes             ; Auto-Generated Megafunction                  ; C:/Users/PC/OneDrive/Escritorio/DEEPCEL/QuartusProject/ANeural_Network_power25_ultralowpower_light_q4_4_seq_1mhz/db/add_sub_rih.tdf                                                 ;             ;
; db/add_sub_oih.tdf                                                 ; yes             ; Auto-Generated Megafunction                  ; C:/Users/PC/OneDrive/Escritorio/DEEPCEL/QuartusProject/ANeural_Network_power25_ultralowpower_light_q4_4_seq_1mhz/db/add_sub_oih.tdf                                                 ;             ;
; db/add_sub_pih.tdf                                                 ; yes             ; Auto-Generated Megafunction                  ; C:/Users/PC/OneDrive/Escritorio/DEEPCEL/QuartusProject/ANeural_Network_power25_ultralowpower_light_q4_4_seq_1mhz/db/add_sub_pih.tdf                                                 ;             ;
; db/add_sub_18h.tdf                                                 ; yes             ; Auto-Generated Megafunction                  ; C:/Users/PC/OneDrive/Escritorio/DEEPCEL/QuartusProject/ANeural_Network_power25_ultralowpower_light_q4_4_seq_1mhz/db/add_sub_18h.tdf                                                 ;             ;
+--------------------------------------------------------------------+-----------------+----------------------------------------------+-------------------------------------------------------------------------------------------------------------------------------------------------------------------------------------+-------------+


+-----------------------------------------------------------------------------------------------------------------------+
; Analysis & Synthesis Resource Usage Summary                                                                           ;
+---------------------------------------------+-------------------------------------------------------------------------+
; Resource                                    ; Usage                                                                   ;
+---------------------------------------------+-------------------------------------------------------------------------+
; Estimated Total logic elements              ; 862                                                                     ;
;                                             ;                                                                         ;
; Total combinational functions               ; 525                                                                     ;
; Logic element usage by number of LUT inputs ;                                                                         ;
;     -- 4 input functions                    ; 298                                                                     ;
;     -- 3 input functions                    ; 136                                                                     ;
;     -- <=2 input functions                  ; 91                                                                      ;
;                                             ;                                                                         ;
; Logic elements by mode                      ;                                                                         ;
;     -- normal mode                          ; 483                                                                     ;
;     -- arithmetic mode                      ; 42                                                                      ;
;                                             ;                                                                         ;
; Total registers                             ; 473                                                                     ;
;     -- Dedicated logic registers            ; 473                                                                     ;
;     -- I/O registers                        ; 0                                                                       ;
;                                             ;                                                                         ;
; I/O pins                                    ; 131                                                                     ;
;                                             ;                                                                         ;
; Embedded Multiplier 9-bit elements          ; 2                                                                       ;
;                                             ;                                                                         ;
; Total PLLs                                  ; 1                                                                       ;
;     -- PLLs                                 ; 1                                                                       ;
;                                             ;                                                                         ;
; Maximum fan-out node                        ; SYSTEM_PLL:PLL_inst|SYSTEM_PLL_altpll:altpll_component|wire_pll1_clk[0] ;
; Maximum fan-out                             ; 325                                                                     ;
; Total fan-out                               ; 3751                                                                    ;
; Average fan-out                             ; 2.76                                                                    ;
+---------------------------------------------+-------------------------------------------------------------------------+


+--------------------------------------------------------------------------------------------------------------------------------------------------------------------------------------------------------------------------------------------------------------------------------------------------------------------------------------------------------------------------------------------------------------------------------------------------------------------------------------------------------------------------------------------------------------------------------------------------------------------------------------------------------------------------------------+
; Analysis & Synthesis Resource Utilization by Entity                                                                                                                                                                                                                                                                                                                                                                                                                                                                                                                                                                                                                                  ;
+-----------------------------------------------------------------------------------------------------------------------------------------+---------------------+---------------------------+-------------+--------------+---------+-----------+------+--------------+--------------------------------------------------------------------------------------------------------------------------------------------------------------------------------------------------------------------------------------------------------------------------------------------------------------------------------------------------------------+-----------------------------------+--------------+
; Compilation Hierarchy Node                                                                                                              ; Combinational ALUTs ; Dedicated Logic Registers ; Memory Bits ; DSP Elements ; DSP 9x9 ; DSP 18x18 ; Pins ; Virtual Pins ; Full Hierarchy Name                                                                                                                                                                                                                                                                                                                                          ; Entity Name                       ; Library Name ;
+-----------------------------------------------------------------------------------------------------------------------------------------+---------------------+---------------------------+-------------+--------------+---------+-----------+------+--------------+--------------------------------------------------------------------------------------------------------------------------------------------------------------------------------------------------------------------------------------------------------------------------------------------------------------------------------------------------------------+-----------------------------------+--------------+
; |MKRVIDOR4000_top                                                                                                                       ; 525 (2)             ; 473 (0)                   ; 0           ; 2            ; 2       ; 0         ; 131  ; 0            ; |MKRVIDOR4000_top                                                                                                                                                                                                                                                                                                                                            ; MKRVIDOR4000_top                  ; work         ;
;    |SYSTEM_PLL:PLL_inst|                                                                                                                ; 0 (0)               ; 0 (0)                     ; 0           ; 0            ; 0       ; 0         ; 0    ; 0            ; |MKRVIDOR4000_top|SYSTEM_PLL:PLL_inst                                                                                                                                                                                                                                                                                                                        ; SYSTEM_PLL                        ; work         ;
;       |SYSTEM_PLL_altpll:altpll_component|                                                                                              ; 0 (0)               ; 0 (0)                     ; 0           ; 0            ; 0       ; 0         ; 0    ; 0            ; |MKRVIDOR4000_top|SYSTEM_PLL:PLL_inst|SYSTEM_PLL_altpll:altpll_component                                                                                                                                                                                                                                                                                     ; SYSTEM_PLL_altpll                 ; work         ;
;    |eco_nn_top:uut|                                                                                                                     ; 351 (351)           ; 312 (312)                 ; 0           ; 2            ; 2       ; 0         ; 0    ; 0            ; |MKRVIDOR4000_top|eco_nn_top:uut                                                                                                                                                                                                                                                                                                                             ; eco_nn_top                        ; work         ;
;       |lpm_mult:Mult0|                                                                                                                  ; 0 (0)               ; 0 (0)                     ; 0           ; 1            ; 1       ; 0         ; 0    ; 0            ; |MKRVIDOR4000_top|eco_nn_top:uut|lpm_mult:Mult0                                                                                                                                                                                                                                                                                                              ; lpm_mult                          ; work         ;
;          |mult_q2t:auto_generated|                                                                                                      ; 0 (0)               ; 0 (0)                     ; 0           ; 1            ; 1       ; 0         ; 0    ; 0            ; |MKRVIDOR4000_top|eco_nn_top:uut|lpm_mult:Mult0|mult_q2t:auto_generated                                                                                                                                                                                                                                                                                      ; mult_q2t                          ; work         ;
;       |lpm_mult:Mult1|                                                                                                                  ; 0 (0)               ; 0 (0)                     ; 0           ; 1            ; 1       ; 0         ; 0    ; 0            ; |MKRVIDOR4000_top|eco_nn_top:uut|lpm_mult:Mult1                                                                                                                                                                                                                                                                                                              ; lpm_mult                          ; work         ;
;          |mult_q2t:auto_generated|                                                                                                      ; 0 (0)               ; 0 (0)                     ; 0           ; 1            ; 1       ; 0         ; 0    ; 0            ; |MKRVIDOR4000_top|eco_nn_top:uut|lpm_mult:Mult1|mult_q2t:auto_generated                                                                                                                                                                                                                                                                                      ; mult_q2t                          ; work         ;
;    |jtag_interface:interfacejtag|                                                                                                       ; 44 (0)              ; 77 (0)                    ; 0           ; 0            ; 0       ; 0         ; 0    ; 0            ; |MKRVIDOR4000_top|jtag_interface:interfacejtag                                                                                                                                                                                                                                                                                                               ; jtag_interface                    ; work         ;
;       |jtag_memory:memory|                                                                                                              ; 41 (41)             ; 64 (64)                   ; 0           ; 0            ; 0       ; 0         ; 0    ; 0            ; |MKRVIDOR4000_top|jtag_interface:interfacejtag|jtag_memory:memory                                                                                                                                                                                                                                                                                            ; jtag_memory                       ; work         ;
;       |jtag_synchronizer:jtag_sync|                                                                                                     ; 0 (0)               ; 13 (1)                    ; 0           ; 0            ; 0       ; 0         ; 0    ; 0            ; |MKRVIDOR4000_top|jtag_interface:interfacejtag|jtag_synchronizer:jtag_sync                                                                                                                                                                                                                                                                                   ; jtag_synchronizer                 ; work         ;
;          |synchronizer_basic:inst1|                                                                                                     ; 0 (0)               ; 2 (2)                     ; 0           ; 0            ; 0       ; 0         ; 0    ; 0            ; |MKRVIDOR4000_top|jtag_interface:interfacejtag|jtag_synchronizer:jtag_sync|synchronizer_basic:inst1                                                                                                                                                                                                                                                          ; synchronizer_basic                ; work         ;
;          |synchronizer_basic:inst2|                                                                                                     ; 0 (0)               ; 2 (2)                     ; 0           ; 0            ; 0       ; 0         ; 0    ; 0            ; |MKRVIDOR4000_top|jtag_interface:interfacejtag|jtag_synchronizer:jtag_sync|synchronizer_basic:inst2                                                                                                                                                                                                                                                          ; synchronizer_basic                ; work         ;
;          |synchronizer_basic:inst3|                                                                                                     ; 0 (0)               ; 2 (2)                     ; 0           ; 0            ; 0       ; 0         ; 0    ; 0            ; |MKRVIDOR4000_top|jtag_interface:interfacejtag|jtag_synchronizer:jtag_sync|synchronizer_basic:inst3                                                                                                                                                                                                                                                          ; synchronizer_basic                ; work         ;
;          |synchronizer_basic:inst5|                                                                                                     ; 0 (0)               ; 2 (2)                     ; 0           ; 0            ; 0       ; 0         ; 0    ; 0            ; |MKRVIDOR4000_top|jtag_interface:interfacejtag|jtag_synchronizer:jtag_sync|synchronizer_basic:inst5                                                                                                                                                                                                                                                          ; synchronizer_basic                ; work         ;
;          |synchronizer_basic:inst6|                                                                                                     ; 0 (0)               ; 2 (2)                     ; 0           ; 0            ; 0       ; 0         ; 0    ; 0            ; |MKRVIDOR4000_top|jtag_interface:interfacejtag|jtag_synchronizer:jtag_sync|synchronizer_basic:inst6                                                                                                                                                                                                                                                          ; synchronizer_basic                ; work         ;
;          |synchronizer_basic:inst|                                                                                                      ; 0 (0)               ; 2 (2)                     ; 0           ; 0            ; 0       ; 0         ; 0    ; 0            ; |MKRVIDOR4000_top|jtag_interface:interfacejtag|jtag_synchronizer:jtag_sync|synchronizer_basic:inst                                                                                                                                                                                                                                                           ; synchronizer_basic                ; work         ;
;       |sld_virtual_jtag:jtag|                                                                                                           ; 3 (0)               ; 0 (0)                     ; 0           ; 0            ; 0       ; 0         ; 0    ; 0            ; |MKRVIDOR4000_top|jtag_interface:interfacejtag|sld_virtual_jtag:jtag                                                                                                                                                                                                                                                                                         ; sld_virtual_jtag                  ; work         ;
;          |sld_virtual_jtag_basic:sld_virtual_jtag_basic_inst|                                                                           ; 3 (3)               ; 0 (0)                     ; 0           ; 0            ; 0       ; 0         ; 0    ; 0            ; |MKRVIDOR4000_top|jtag_interface:interfacejtag|sld_virtual_jtag:jtag|sld_virtual_jtag_basic:sld_virtual_jtag_basic_inst                                                                                                                                                                                                                                      ; sld_virtual_jtag_basic            ; work         ;
;    |sld_hub:auto_hub|                                                                                                                   ; 128 (1)             ; 84 (0)                    ; 0           ; 0            ; 0       ; 0         ; 0    ; 0            ; |MKRVIDOR4000_top|sld_hub:auto_hub                                                                                                                                                                                                                                                                                                                           ; sld_hub                           ; altera_sld   ;
;       |alt_sld_fab_with_jtag_input:\instrumentation_fabric_with_node_gen:fabric_gen_new_way:with_jtag_input_gen:instrumentation_fabric| ; 127 (0)             ; 84 (0)                    ; 0           ; 0            ; 0       ; 0         ; 0    ; 0            ; |MKRVIDOR4000_top|sld_hub:auto_hub|alt_sld_fab_with_jtag_input:\instrumentation_fabric_with_node_gen:fabric_gen_new_way:with_jtag_input_gen:instrumentation_fabric                                                                                                                                                                                           ; alt_sld_fab_with_jtag_input       ; altera_sld   ;
;          |alt_sld_fab:instrumentation_fabric|                                                                                           ; 127 (0)             ; 84 (0)                    ; 0           ; 0            ; 0       ; 0         ; 0    ; 0            ; |MKRVIDOR4000_top|sld_hub:auto_hub|alt_sld_fab_with_jtag_input:\instrumentation_fabric_with_node_gen:fabric_gen_new_way:with_jtag_input_gen:instrumentation_fabric|alt_sld_fab:instrumentation_fabric                                                                                                                                                        ; alt_sld_fab                       ; alt_sld_fab  ;
;             |alt_sld_fab_alt_sld_fab:alt_sld_fab|                                                                                       ; 127 (1)             ; 84 (5)                    ; 0           ; 0            ; 0       ; 0         ; 0    ; 0            ; |MKRVIDOR4000_top|sld_hub:auto_hub|alt_sld_fab_with_jtag_input:\instrumentation_fabric_with_node_gen:fabric_gen_new_way:with_jtag_input_gen:instrumentation_fabric|alt_sld_fab:instrumentation_fabric|alt_sld_fab_alt_sld_fab:alt_sld_fab                                                                                                                    ; alt_sld_fab_alt_sld_fab           ; alt_sld_fab  ;
;                |alt_sld_fab_alt_sld_fab_ident:ident|                                                                                    ; 12 (12)             ; 0 (0)                     ; 0           ; 0            ; 0       ; 0         ; 0    ; 0            ; |MKRVIDOR4000_top|sld_hub:auto_hub|alt_sld_fab_with_jtag_input:\instrumentation_fabric_with_node_gen:fabric_gen_new_way:with_jtag_input_gen:instrumentation_fabric|alt_sld_fab:instrumentation_fabric|alt_sld_fab_alt_sld_fab:alt_sld_fab|alt_sld_fab_alt_sld_fab_ident:ident                                                                                ; alt_sld_fab_alt_sld_fab_ident     ; alt_sld_fab  ;
;                |alt_sld_fab_alt_sld_fab_sldfabric:sldfabric|                                                                            ; 114 (0)             ; 79 (0)                    ; 0           ; 0            ; 0       ; 0         ; 0    ; 0            ; |MKRVIDOR4000_top|sld_hub:auto_hub|alt_sld_fab_with_jtag_input:\instrumentation_fabric_with_node_gen:fabric_gen_new_way:with_jtag_input_gen:instrumentation_fabric|alt_sld_fab:instrumentation_fabric|alt_sld_fab_alt_sld_fab:alt_sld_fab|alt_sld_fab_alt_sld_fab_sldfabric:sldfabric                                                                        ; alt_sld_fab_alt_sld_fab_sldfabric ; alt_sld_fab  ;
;                   |sld_jtag_hub:\jtag_hub_gen:real_sld_jtag_hub|                                                                        ; 114 (73)            ; 79 (51)                   ; 0           ; 0            ; 0       ; 0         ; 0    ; 0            ; |MKRVIDOR4000_top|sld_hub:auto_hub|alt_sld_fab_with_jtag_input:\instrumentation_fabric_with_node_gen:fabric_gen_new_way:with_jtag_input_gen:instrumentation_fabric|alt_sld_fab:instrumentation_fabric|alt_sld_fab_alt_sld_fab:alt_sld_fab|alt_sld_fab_alt_sld_fab_sldfabric:sldfabric|sld_jtag_hub:\jtag_hub_gen:real_sld_jtag_hub                           ; sld_jtag_hub                      ; work         ;
;                      |sld_rom_sr:hub_info_reg|                                                                                          ; 23 (23)             ; 9 (9)                     ; 0           ; 0            ; 0       ; 0         ; 0    ; 0            ; |MKRVIDOR4000_top|sld_hub:auto_hub|alt_sld_fab_with_jtag_input:\instrumentation_fabric_with_node_gen:fabric_gen_new_way:with_jtag_input_gen:instrumentation_fabric|alt_sld_fab:instrumentation_fabric|alt_sld_fab_alt_sld_fab:alt_sld_fab|alt_sld_fab_alt_sld_fab_sldfabric:sldfabric|sld_jtag_hub:\jtag_hub_gen:real_sld_jtag_hub|sld_rom_sr:hub_info_reg   ; sld_rom_sr                        ; work         ;
;                      |sld_shadow_jsm:shadow_jsm|                                                                                        ; 18 (18)             ; 19 (19)                   ; 0           ; 0            ; 0       ; 0         ; 0    ; 0            ; |MKRVIDOR4000_top|sld_hub:auto_hub|alt_sld_fab_with_jtag_input:\instrumentation_fabric_with_node_gen:fabric_gen_new_way:with_jtag_input_gen:instrumentation_fabric|alt_sld_fab:instrumentation_fabric|alt_sld_fab_alt_sld_fab:alt_sld_fab|alt_sld_fab_alt_sld_fab_sldfabric:sldfabric|sld_jtag_hub:\jtag_hub_gen:real_sld_jtag_hub|sld_shadow_jsm:shadow_jsm ; sld_shadow_jsm                    ; altera_sld   ;
+-----------------------------------------------------------------------------------------------------------------------------------------+---------------------+---------------------------+-------------+--------------+---------+-----------+------+--------------+--------------------------------------------------------------------------------------------------------------------------------------------------------------------------------------------------------------------------------------------------------------------------------------------------------------------------------------------------------------+-----------------------------------+--------------+
Note: For table entries with two numbers listed, the numbers in parentheses indicate the number of resources of the given type used by the specific entity alone. The numbers listed outside of parentheses indicate the total resources of the given type used by the specific entity and all of its sub-entities in the hierarchy.


+-----------------------------------------------------+
; Analysis & Synthesis DSP Block Usage Summary        ;
+---------------------------------------+-------------+
; Statistic                             ; Number Used ;
+---------------------------------------+-------------+
; Simple Multipliers (9-bit)            ; 2           ;
; Simple Multipliers (18-bit)           ; 0           ;
; Embedded Multiplier Blocks            ; --          ;
; Embedded Multiplier 9-bit elements    ; 2           ;
; Signed Embedded Multipliers           ; 2           ;
; Unsigned Embedded Multipliers         ; 0           ;
; Mixed Sign Embedded Multipliers       ; 0           ;
; Variable Sign Embedded Multipliers    ; 0           ;
; Dedicated Input Shift Register Chains ; 0           ;
+---------------------------------------+-------------+
Note: number of Embedded Multiplier Blocks used is only available after a successful fit.


+-------------------------------------------------------------------------------------------------------------------------------------------------------------------------------------------------------------------------------------------------------------------------------------------------------------------------------------------------------------------------+
; Analysis & Synthesis IP Cores Summary                                                                                                                                                                                                                                                                                                                                   ;
+--------+--------------+---------+--------------+--------------+---------------------------------------------------------------------------------------------------------------------------------------------------------------------------------------------------------------------------------------------------------------------------------------+-----------------+
; Vendor ; IP Core Name ; Version ; Release Date ; License Type ; Entity Instance                                                                                                                                                                                                                                                                       ; IP Include File ;
+--------+--------------+---------+--------------+--------------+---------------------------------------------------------------------------------------------------------------------------------------------------------------------------------------------------------------------------------------------------------------------------------------+-----------------+
; Altera ; Signal Tap   ; N/A     ; N/A          ; Licensed     ; |MKRVIDOR4000_top|sld_hub:auto_hub|alt_sld_fab_with_jtag_input:\instrumentation_fabric_with_node_gen:fabric_gen_new_way:with_jtag_input_gen:instrumentation_fabric|alt_sld_fab:instrumentation_fabric                                                                                 ;                 ;
; Altera ; Signal Tap   ; N/A     ; N/A          ; Licensed     ; |MKRVIDOR4000_top|sld_hub:auto_hub|alt_sld_fab_with_jtag_input:\instrumentation_fabric_with_node_gen:fabric_gen_new_way:with_jtag_input_gen:instrumentation_fabric|alt_sld_fab:instrumentation_fabric|alt_sld_fab_alt_sld_fab:alt_sld_fab                                             ;                 ;
; Altera ; Signal Tap   ; N/A     ; N/A          ; Licensed     ; |MKRVIDOR4000_top|sld_hub:auto_hub|alt_sld_fab_with_jtag_input:\instrumentation_fabric_with_node_gen:fabric_gen_new_way:with_jtag_input_gen:instrumentation_fabric|alt_sld_fab:instrumentation_fabric|alt_sld_fab_alt_sld_fab:alt_sld_fab|alt_sld_fab_alt_sld_fab_presplit:presplit   ;                 ;
; Altera ; Signal Tap   ; N/A     ; N/A          ; Licensed     ; |MKRVIDOR4000_top|sld_hub:auto_hub|alt_sld_fab_with_jtag_input:\instrumentation_fabric_with_node_gen:fabric_gen_new_way:with_jtag_input_gen:instrumentation_fabric|alt_sld_fab:instrumentation_fabric|alt_sld_fab_alt_sld_fab:alt_sld_fab|alt_sld_fab_alt_sld_fab_sldfabric:sldfabric ;                 ;
; Altera ; Signal Tap   ; N/A     ; N/A          ; Licensed     ; |MKRVIDOR4000_top|sld_hub:auto_hub|alt_sld_fab_with_jtag_input:\instrumentation_fabric_with_node_gen:fabric_gen_new_way:with_jtag_input_gen:instrumentation_fabric|alt_sld_fab:instrumentation_fabric|alt_sld_fab_alt_sld_fab:alt_sld_fab|alt_sld_fab_alt_sld_fab_splitter:splitter   ;                 ;
+--------+--------------+---------+--------------+--------------+---------------------------------------------------------------------------------------------------------------------------------------------------------------------------------------------------------------------------------------------------------------------------------------+-----------------+


Encoding Type:  One-Hot
+---------------------------------------------------------------------------------------------------------------------------------------+
; State Machine - |MKRVIDOR4000_top|eco_nn_top:uut|state                                                                                ;
+-----------------------+-----------------------+-----------------------+-----------------------+---------------+-----------------------+
; Name                  ; state.ST_OUTPUT_ACCUM ; state.ST_HIDDEN_STORE ; state.ST_HIDDEN_ACCUM ; state.ST_IDLE ; state.ST_OUTPUT_STORE ;
+-----------------------+-----------------------+-----------------------+-----------------------+---------------+-----------------------+
; state.ST_IDLE         ; 0                     ; 0                     ; 0                     ; 0             ; 0                     ;
; state.ST_HIDDEN_ACCUM ; 0                     ; 0                     ; 1                     ; 1             ; 0                     ;
; state.ST_HIDDEN_STORE ; 0                     ; 1                     ; 0                     ; 1             ; 0                     ;
; state.ST_OUTPUT_ACCUM ; 1                     ; 0                     ; 0                     ; 1             ; 0                     ;
; state.ST_OUTPUT_STORE ; 0                     ; 0                     ; 0                     ; 1             ; 1                     ;
+-----------------------+-----------------------+-----------------------+-----------------------+---------------+-----------------------+


+-------------------------------------------------------------------------------------------------------+
; Registers Removed During Synthesis                                                                    ;
+--------------------------------------------------------------+----------------------------------------+
; Register name                                                ; Reason for Removal                     ;
+--------------------------------------------------------------+----------------------------------------+
; jtag_interface:interfacejtag|jtag_memory:memory|idReg[14,15] ; Stuck at GND due to stuck port data_in ;
; eco_nn_top:uut|state~6                                       ; Lost fanout                            ;
; eco_nn_top:uut|state~7                                       ; Lost fanout                            ;
; Total Number of Removed Registers = 4                        ;                                        ;
+--------------------------------------------------------------+----------------------------------------+


+---------------------------------------------------------------------------------------------------------------------------------------------------+
; Removed Registers Triggering Further Register Optimizations                                                                                       ;
+-----------------------------------------------------------+---------------------------+-----------------------------------------------------------+
; Register name                                             ; Reason for Removal        ; Registers Removed due to This Register                    ;
+-----------------------------------------------------------+---------------------------+-----------------------------------------------------------+
; jtag_interface:interfacejtag|jtag_memory:memory|idReg[15] ; Stuck at GND              ; jtag_interface:interfacejtag|jtag_memory:memory|idReg[14] ;
;                                                           ; due to stuck port data_in ;                                                           ;
+-----------------------------------------------------------+---------------------------+-----------------------------------------------------------+


+------------------------------------------------------+
; General Register Statistics                          ;
+----------------------------------------------+-------+
; Statistic                                    ; Value ;
+----------------------------------------------+-------+
; Total registers                              ; 473   ;
; Number of registers using Synchronous Clear  ; 336   ;
; Number of registers using Synchronous Load   ; 10    ;
; Number of registers using Asynchronous Clear ; 31    ;
; Number of registers using Asynchronous Load  ; 0     ;
; Number of registers using Clock Enable       ; 407   ;
; Number of registers using Preset             ; 0     ;
+----------------------------------------------+-------+


+-------------------------------------------------------------------------------------------------------------------------------------------------------------------------------------------------------------------------------------------------------------------------------------------------------------------------------------------+
; Inverted Register Statistics                                                                                                                                                                                                                                                                                                              ;
+---------------------------------------------------------------------------------------------------------------------------------------------------------------------------------------------------------------------------------------------------------------------------------------------------------------------------------+---------+
; Inverted Register                                                                                                                                                                                                                                                                                                               ; Fan out ;
+---------------------------------------------------------------------------------------------------------------------------------------------------------------------------------------------------------------------------------------------------------------------------------------------------------------------------------+---------+
; sld_hub:auto_hub|alt_sld_fab_with_jtag_input:\instrumentation_fabric_with_node_gen:fabric_gen_new_way:with_jtag_input_gen:instrumentation_fabric|alt_sld_fab:instrumentation_fabric|alt_sld_fab_alt_sld_fab:alt_sld_fab|alt_sld_fab_alt_sld_fab_sldfabric:sldfabric|sld_jtag_hub:\jtag_hub_gen:real_sld_jtag_hub|jtag_ir_reg[2] ; 2       ;
; sld_hub:auto_hub|alt_sld_fab_with_jtag_input:\instrumentation_fabric_with_node_gen:fabric_gen_new_way:with_jtag_input_gen:instrumentation_fabric|alt_sld_fab:instrumentation_fabric|alt_sld_fab_alt_sld_fab:alt_sld_fab|alt_sld_fab_alt_sld_fab_sldfabric:sldfabric|sld_jtag_hub:\jtag_hub_gen:real_sld_jtag_hub|jtag_ir_reg[1] ; 3       ;
; Total number of inverted registers = 2                                                                                                                                                                                                                                                                                          ;         ;
+---------------------------------------------------------------------------------------------------------------------------------------------------------------------------------------------------------------------------------------------------------------------------------------------------------------------------------+---------+


+---------------------------------------------------------------------------------------------------------------------------------------------------------------------------------------------+
; Multiplexer Restructuring Statistics (Restructuring Performed)                                                                                                                              ;
+--------------------+-----------+---------------+----------------------+------------------------+------------+-------------------------------------------------------------------------------+
; Multiplexer Inputs ; Bus Width ; Baseline Area ; Area if Restructured ; Saving if Restructured ; Registered ; Example Multiplexer Output                                                    ;
+--------------------+-----------+---------------+----------------------+------------------------+------------+-------------------------------------------------------------------------------+
; 3:1                ; 32 bits   ; 64 LEs        ; 0 LEs                ; 64 LEs                 ; Yes        ; |MKRVIDOR4000_top|eco_nn_top:uut|window[3][6]                                 ;
; 3:1                ; 32 bits   ; 64 LEs        ; 0 LEs                ; 64 LEs                 ; Yes        ; |MKRVIDOR4000_top|eco_nn_top:uut|window[4][2]                                 ;
; 3:1                ; 24 bits   ; 48 LEs        ; 0 LEs                ; 48 LEs                 ; Yes        ; |MKRVIDOR4000_top|jtag_interface:interfacejtag|jtag_memory:memory|workReg[17] ;
; 3:1                ; 13 bits   ; 26 LEs        ; 13 LEs               ; 13 LEs                 ; Yes        ; |MKRVIDOR4000_top|jtag_interface:interfacejtag|jtag_memory:memory|idReg[0]    ;
; 3:1                ; 8 bits    ; 16 LEs        ; 0 LEs                ; 16 LEs                 ; Yes        ; |MKRVIDOR4000_top|eco_nn_top:uut|prediction_light_reg[1]                      ;
; 3:1                ; 8 bits    ; 16 LEs        ; 0 LEs                ; 16 LEs                 ; Yes        ; |MKRVIDOR4000_top|eco_nn_top:uut|prediction_temperature_reg[3]                ;
; 3:1                ; 64 bits   ; 128 LEs       ; 0 LEs                ; 128 LEs                ; Yes        ; |MKRVIDOR4000_top|eco_nn_top:uut|compute_inputs[1][1]                         ;
; 3:1                ; 8 bits    ; 16 LEs        ; 0 LEs                ; 16 LEs                 ; Yes        ; |MKRVIDOR4000_top|eco_nn_top:uut|hidden_outs[0][3]                            ;
; 3:1                ; 8 bits    ; 16 LEs        ; 0 LEs                ; 16 LEs                 ; Yes        ; |MKRVIDOR4000_top|eco_nn_top:uut|hidden_outs[1][3]                            ;
; 3:1                ; 8 bits    ; 16 LEs        ; 0 LEs                ; 16 LEs                 ; Yes        ; |MKRVIDOR4000_top|eco_nn_top:uut|hidden_outs[2][3]                            ;
; 3:1                ; 8 bits    ; 16 LEs        ; 0 LEs                ; 16 LEs                 ; Yes        ; |MKRVIDOR4000_top|eco_nn_top:uut|hidden_outs[3][5]                            ;
; 3:1                ; 8 bits    ; 16 LEs        ; 0 LEs                ; 16 LEs                 ; Yes        ; |MKRVIDOR4000_top|eco_nn_top:uut|hidden_outs[4][2]                            ;
; 3:1                ; 8 bits    ; 16 LEs        ; 0 LEs                ; 16 LEs                 ; Yes        ; |MKRVIDOR4000_top|eco_nn_top:uut|hidden_outs[5][1]                            ;
; 3:1                ; 8 bits    ; 16 LEs        ; 0 LEs                ; 16 LEs                 ; Yes        ; |MKRVIDOR4000_top|eco_nn_top:uut|hidden_outs[6][3]                            ;
; 3:1                ; 8 bits    ; 16 LEs        ; 0 LEs                ; 16 LEs                 ; Yes        ; |MKRVIDOR4000_top|eco_nn_top:uut|hidden_outs[7][6]                            ;
; 3:1                ; 8 bits    ; 16 LEs        ; 0 LEs                ; 16 LEs                 ; Yes        ; |MKRVIDOR4000_top|eco_nn_top:uut|hidden_outs[8][2]                            ;
; 3:1                ; 8 bits    ; 16 LEs        ; 0 LEs                ; 16 LEs                 ; Yes        ; |MKRVIDOR4000_top|eco_nn_top:uut|hidden_outs[9][3]                            ;
; 3:1                ; 8 bits    ; 16 LEs        ; 0 LEs                ; 16 LEs                 ; Yes        ; |MKRVIDOR4000_top|eco_nn_top:uut|hidden_outs[10][5]                           ;
; 3:1                ; 8 bits    ; 16 LEs        ; 0 LEs                ; 16 LEs                 ; Yes        ; |MKRVIDOR4000_top|eco_nn_top:uut|hidden_outs[11][0]                           ;
; 3:1                ; 8 bits    ; 16 LEs        ; 0 LEs                ; 16 LEs                 ; Yes        ; |MKRVIDOR4000_top|eco_nn_top:uut|hidden_outs[12][1]                           ;
; 3:1                ; 8 bits    ; 16 LEs        ; 0 LEs                ; 16 LEs                 ; Yes        ; |MKRVIDOR4000_top|eco_nn_top:uut|hidden_outs[13][6]                           ;
; 3:1                ; 8 bits    ; 16 LEs        ; 0 LEs                ; 16 LEs                 ; Yes        ; |MKRVIDOR4000_top|eco_nn_top:uut|hidden_outs[14][2]                           ;
; 3:1                ; 8 bits    ; 16 LEs        ; 0 LEs                ; 16 LEs                 ; Yes        ; |MKRVIDOR4000_top|eco_nn_top:uut|hidden_outs[15][7]                           ;
; 7:1                ; 8 bits    ; 32 LEs        ; 16 LEs               ; 16 LEs                 ; Yes        ; |MKRVIDOR4000_top|jtag_interface:interfacejtag|jtag_memory:memory|workReg[5]  ;
; 6:1                ; 4 bits    ; 16 LEs        ; 4 LEs                ; 12 LEs                 ; Yes        ; |MKRVIDOR4000_top|eco_nn_top:uut|hidden_index[0]                              ;
; 8:1                ; 14 bits   ; 70 LEs        ; 28 LEs               ; 42 LEs                 ; Yes        ; |MKRVIDOR4000_top|eco_nn_top:uut|accumulator[3]                               ;
; 9:1                ; 2 bits    ; 12 LEs        ; 8 LEs                ; 4 LEs                  ; Yes        ; |MKRVIDOR4000_top|eco_nn_top:uut|accumulator[0]                               ;
; 10:1               ; 5 bits    ; 30 LEs        ; 5 LEs                ; 25 LEs                 ; Yes        ; |MKRVIDOR4000_top|eco_nn_top:uut|input_index[0]                               ;
; 8:1                ; 8 bits    ; 40 LEs        ; 40 LEs               ; 0 LEs                  ; No         ; |MKRVIDOR4000_top|eco_nn_top:uut|Mux4                                         ;
; 16:1               ; 8 bits    ; 80 LEs        ; 80 LEs               ; 0 LEs                  ; No         ; |MKRVIDOR4000_top|eco_nn_top:uut|Mux76                                        ;
; 8:1                ; 2 bits    ; 10 LEs        ; 8 LEs                ; 2 LEs                  ; No         ; |MKRVIDOR4000_top|eco_nn_top:uut|state                                        ;
+--------------------+-----------+---------------+----------------------+------------------------+------------+-------------------------------------------------------------------------------+


+---------------------------------------------------------------------------+
; Parameter Settings for User Entity Instance: jtag_interface:interfacejtag ;
+---------------------+-------+---------------------------------------------+
; Parameter Name      ; Value ; Type                                        ;
+---------------------+-------+---------------------------------------------+
; REGISTER_SIZE       ; 32    ; Signed Integer                              ;
; NUMBER_OF_REGISTERS ; 4     ; Signed Integer                              ;
+---------------------+-------+---------------------------------------------+
Note: In order to hide this table in the UI and the text report file, please set the "Show Parameter Settings in Synthesis Report" option in "Analysis and Synthesis Settings -> More Settings" to "Off".


+-------------------------------------------------------------------------------------------------+
; Parameter Settings for User Entity Instance: jtag_interface:interfacejtag|sld_virtual_jtag:jtag ;
+-------------------------+------------------+----------------------------------------------------+
; Parameter Name          ; Value            ; Type                                               ;
+-------------------------+------------------+----------------------------------------------------+
; sld_auto_instance_index ; NO               ; String                                             ;
; sld_instance_index      ; 0                ; Signed Integer                                     ;
; sld_ir_width            ; 7                ; Signed Integer                                     ;
; sld_sim_n_scan          ; 0                ; Signed Integer                                     ;
; sld_sim_action          ; UNUSED           ; String                                             ;
; sld_sim_total_length    ; 0                ; Signed Integer                                     ;
; lpm_type                ; sld_virtual_jtag ; String                                             ;
; lpm_hint                ; UNUSED           ; String                                             ;
+-------------------------+------------------+----------------------------------------------------+
Note: In order to hide this table in the UI and the text report file, please set the "Show Parameter Settings in Synthesis Report" option in "Analysis and Synthesis Settings -> More Settings" to "Off".


+----------------------------------------------------------------------------------------------+
; Parameter Settings for User Entity Instance: jtag_interface:interfacejtag|jtag_memory:memory ;
+---------------------+-------+----------------------------------------------------------------+
; Parameter Name      ; Value ; Type                                                           ;
+---------------------+-------+----------------------------------------------------------------+
; REGISTER_SIZE       ; 32    ; Signed Integer                                                 ;
; NUMBER_OF_REGISTERS ; 4     ; Signed Integer                                                 ;
+---------------------+-------+----------------------------------------------------------------+
Note: In order to hide this table in the UI and the text report file, please set the "Show Parameter Settings in Synthesis Report" option in "Analysis and Synthesis Settings -> More Settings" to "Off".


+--------------------------------------------------------------------------------------+
; Parameter Settings for Inferred Entity Instance: eco_nn_top:uut|lpm_mult:Mult1       ;
+------------------------------------------------+---------------+---------------------+
; Parameter Name                                 ; Value         ; Type                ;
+------------------------------------------------+---------------+---------------------+
; AUTO_CARRY_CHAINS                              ; ON            ; AUTO_CARRY          ;
; IGNORE_CARRY_BUFFERS                           ; OFF           ; IGNORE_CARRY        ;
; AUTO_CASCADE_CHAINS                            ; ON            ; AUTO_CASCADE        ;
; IGNORE_CASCADE_BUFFERS                         ; OFF           ; IGNORE_CASCADE      ;
; LPM_WIDTHA                                     ; 8             ; Untyped             ;
; LPM_WIDTHB                                     ; 5             ; Untyped             ;
; LPM_WIDTHP                                     ; 13            ; Untyped             ;
; LPM_WIDTHR                                     ; 13            ; Untyped             ;
; LPM_WIDTHS                                     ; 1             ; Untyped             ;
; LPM_REPRESENTATION                             ; SIGNED        ; Untyped             ;
; LPM_PIPELINE                                   ; 0             ; Untyped             ;
; LATENCY                                        ; 0             ; Untyped             ;
; INPUT_A_IS_CONSTANT                            ; NO            ; Untyped             ;
; INPUT_B_IS_CONSTANT                            ; NO            ; Untyped             ;
; USE_EAB                                        ; OFF           ; Untyped             ;
; MAXIMIZE_SPEED                                 ; 5             ; Untyped             ;
; DEVICE_FAMILY                                  ; Cyclone 10 LP ; Untyped             ;
; CARRY_CHAIN                                    ; MANUAL        ; Untyped             ;
; APEX20K_TECHNOLOGY_MAPPER                      ; LUT           ; TECH_MAPPER_APEX20K ;
; DEDICATED_MULTIPLIER_CIRCUITRY                 ; AUTO          ; Untyped             ;
; DEDICATED_MULTIPLIER_MIN_INPUT_WIDTH_FOR_AUTO  ; 0             ; Untyped             ;
; DEDICATED_MULTIPLIER_MIN_OUTPUT_WIDTH_FOR_AUTO ; 0             ; Untyped             ;
; CBXI_PARAMETER                                 ; mult_q2t      ; Untyped             ;
; INPUT_A_FIXED_VALUE                            ; Bx            ; Untyped             ;
; INPUT_B_FIXED_VALUE                            ; Bx            ; Untyped             ;
; USE_AHDL_IMPLEMENTATION                        ; OFF           ; Untyped             ;
+------------------------------------------------+---------------+---------------------+
Note: In order to hide this table in the UI and the text report file, please set the "Show Parameter Settings in Synthesis Report" option in "Analysis and Synthesis Settings -> More Settings" to "Off".


+--------------------------------------------------------------------------------------+
; Parameter Settings for Inferred Entity Instance: eco_nn_top:uut|lpm_mult:Mult0       ;
+------------------------------------------------+---------------+---------------------+
; Parameter Name                                 ; Value         ; Type                ;
+------------------------------------------------+---------------+---------------------+
; AUTO_CARRY_CHAINS                              ; ON            ; AUTO_CARRY          ;
; IGNORE_CARRY_BUFFERS                           ; OFF           ; IGNORE_CARRY        ;
; AUTO_CASCADE_CHAINS                            ; ON            ; AUTO_CASCADE        ;
; IGNORE_CASCADE_BUFFERS                         ; OFF           ; IGNORE_CASCADE      ;
; LPM_WIDTHA                                     ; 8             ; Untyped             ;
; LPM_WIDTHB                                     ; 5             ; Untyped             ;
; LPM_WIDTHP                                     ; 13            ; Untyped             ;
; LPM_WIDTHR                                     ; 13            ; Untyped             ;
; LPM_WIDTHS                                     ; 1             ; Untyped             ;
; LPM_REPRESENTATION                             ; SIGNED        ; Untyped             ;
; LPM_PIPELINE                                   ; 0             ; Untyped             ;
; LATENCY                                        ; 0             ; Untyped             ;
; INPUT_A_IS_CONSTANT                            ; NO            ; Untyped             ;
; INPUT_B_IS_CONSTANT                            ; NO            ; Untyped             ;
; USE_EAB                                        ; OFF           ; Untyped             ;
; MAXIMIZE_SPEED                                 ; 5             ; Untyped             ;
; DEVICE_FAMILY                                  ; Cyclone 10 LP ; Untyped             ;
; CARRY_CHAIN                                    ; MANUAL        ; Untyped             ;
; APEX20K_TECHNOLOGY_MAPPER                      ; LUT           ; TECH_MAPPER_APEX20K ;
; DEDICATED_MULTIPLIER_CIRCUITRY                 ; AUTO          ; Untyped             ;
; DEDICATED_MULTIPLIER_MIN_INPUT_WIDTH_FOR_AUTO  ; 0             ; Untyped             ;
; DEDICATED_MULTIPLIER_MIN_OUTPUT_WIDTH_FOR_AUTO ; 0             ; Untyped             ;
; CBXI_PARAMETER                                 ; mult_q2t      ; Untyped             ;
; INPUT_A_FIXED_VALUE                            ; Bx            ; Untyped             ;
; INPUT_B_FIXED_VALUE                            ; Bx            ; Untyped             ;
; USE_AHDL_IMPLEMENTATION                        ; OFF           ; Untyped             ;
+------------------------------------------------+---------------+---------------------+
Note: In order to hide this table in the UI and the text report file, please set the "Show Parameter Settings in Synthesis Report" option in "Analysis and Synthesis Settings -> More Settings" to "Off".


+-----------------------------------------------------------------------+
; lpm_mult Parameter Settings by Entity Instance                        ;
+---------------------------------------+-------------------------------+
; Name                                  ; Value                         ;
+---------------------------------------+-------------------------------+
; Number of entity instances            ; 2                             ;
; Entity Instance                       ; eco_nn_top:uut|lpm_mult:Mult1 ;
;     -- LPM_WIDTHA                     ; 8                             ;
;     -- LPM_WIDTHB                     ; 5                             ;
;     -- LPM_WIDTHP                     ; 13                            ;
;     -- LPM_REPRESENTATION             ; SIGNED                        ;
;     -- INPUT_A_IS_CONSTANT            ; NO                            ;
;     -- INPUT_B_IS_CONSTANT            ; NO                            ;
;     -- USE_EAB                        ; OFF                           ;
;     -- DEDICATED_MULTIPLIER_CIRCUITRY ; AUTO                          ;
;     -- INPUT_A_FIXED_VALUE            ; Bx                            ;
;     -- INPUT_B_FIXED_VALUE            ; Bx                            ;
; Entity Instance                       ; eco_nn_top:uut|lpm_mult:Mult0 ;
;     -- LPM_WIDTHA                     ; 8                             ;
;     -- LPM_WIDTHB                     ; 5                             ;
;     -- LPM_WIDTHP                     ; 13                            ;
;     -- LPM_REPRESENTATION             ; SIGNED                        ;
;     -- INPUT_A_IS_CONSTANT            ; NO                            ;
;     -- INPUT_B_IS_CONSTANT            ; NO                            ;
;     -- USE_EAB                        ; OFF                           ;
;     -- DEDICATED_MULTIPLIER_CIRCUITRY ; AUTO                          ;
;     -- INPUT_A_FIXED_VALUE            ; Bx                            ;
;     -- INPUT_B_FIXED_VALUE            ; Bx                            ;
+---------------------------------------+-------------------------------+


+---------------------------------------------------------------------------------------------------------------------------------------------------------------------------------------+
; Port Connectivity Checks: "jtag_interface:interfacejtag|sld_virtual_jtag:jtag"                                                                                                        ;
+--------------------+--------+----------+----------------------------------------------------------------------------------------------------------------------------------------------+
; Port               ; Type   ; Severity ; Details                                                                                                                                      ;
+--------------------+--------+----------+----------------------------------------------------------------------------------------------------------------------------------------------+
; ir_out             ; Input  ; Warning  ; Declared by entity but not connected by instance. If a default value exists, it will be used.  Otherwise, the port will be connected to GND. ;
; virtual_state_e1dr ; Output ; Warning  ; Declared by entity but not connected by instance. Logic that only feeds a dangling port will be removed.                                     ;
; virtual_state_pdr  ; Output ; Warning  ; Declared by entity but not connected by instance. Logic that only feeds a dangling port will be removed.                                     ;
; virtual_state_e2dr ; Output ; Warning  ; Declared by entity but not connected by instance. Logic that only feeds a dangling port will be removed.                                     ;
; virtual_state_cir  ; Output ; Warning  ; Declared by entity but not connected by instance. Logic that only feeds a dangling port will be removed.                                     ;
; virtual_state_uir  ; Output ; Warning  ; Declared by entity but not connected by instance. Logic that only feeds a dangling port will be removed.                                     ;
; tms                ; Output ; Warning  ; Declared by entity but not connected by instance. Logic that only feeds a dangling port will be removed.                                     ;
; jtag_state_tlr     ; Output ; Warning  ; Declared by entity but not connected by instance. Logic that only feeds a dangling port will be removed.                                     ;
; jtag_state_rti     ; Output ; Warning  ; Declared by entity but not connected by instance. Logic that only feeds a dangling port will be removed.                                     ;
; jtag_state_sdrs    ; Output ; Warning  ; Declared by entity but not connected by instance. Logic that only feeds a dangling port will be removed.                                     ;
; jtag_state_cdr     ; Output ; Warning  ; Declared by entity but not connected by instance. Logic that only feeds a dangling port will be removed.                                     ;
; jtag_state_sdr     ; Output ; Warning  ; Declared by entity but not connected by instance. Logic that only feeds a dangling port will be removed.                                     ;
; jtag_state_e1dr    ; Output ; Warning  ; Declared by entity but not connected by instance. Logic that only feeds a dangling port will be removed.                                     ;
; jtag_state_pdr     ; Output ; Warning  ; Declared by entity but not connected by instance. Logic that only feeds a dangling port will be removed.                                     ;
; jtag_state_e2dr    ; Output ; Warning  ; Declared by entity but not connected by instance. Logic that only feeds a dangling port will be removed.                                     ;
; jtag_state_udr     ; Output ; Warning  ; Declared by entity but not connected by instance. Logic that only feeds a dangling port will be removed.                                     ;
; jtag_state_sirs    ; Output ; Warning  ; Declared by entity but not connected by instance. Logic that only feeds a dangling port will be removed.                                     ;
; jtag_state_cir     ; Output ; Warning  ; Declared by entity but not connected by instance. Logic that only feeds a dangling port will be removed.                                     ;
; jtag_state_sir     ; Output ; Warning  ; Declared by entity but not connected by instance. Logic that only feeds a dangling port will be removed.                                     ;
; jtag_state_e1ir    ; Output ; Warning  ; Declared by entity but not connected by instance. Logic that only feeds a dangling port will be removed.                                     ;
; jtag_state_pir     ; Output ; Warning  ; Declared by entity but not connected by instance. Logic that only feeds a dangling port will be removed.                                     ;
; jtag_state_e2ir    ; Output ; Warning  ; Declared by entity but not connected by instance. Logic that only feeds a dangling port will be removed.                                     ;
; jtag_state_uir     ; Output ; Warning  ; Declared by entity but not connected by instance. Logic that only feeds a dangling port will be removed.                                     ;
+--------------------+--------+----------+----------------------------------------------------------------------------------------------------------------------------------------------+


+---------------------------------------------------------------------------------------------------------------------------+
; Port Connectivity Checks: "jtag_interface:interfacejtag"                                                                  ;
+-----------------+--------+----------+-------------------------------------------------------------------------------------+
; Port            ; Type   ; Severity ; Details                                                                             ;
+-----------------+--------+----------+-------------------------------------------------------------------------------------+
; iDATA[3..2]     ; Input  ; Info     ; Stuck at GND                                                                        ;
; iDATA[1][31..8] ; Input  ; Info     ; Stuck at GND                                                                        ;
; iDATA[0][31..8] ; Input  ; Info     ; Stuck at GND                                                                        ;
; oDATA[3][31..1] ; Output ; Info     ; Connected to dangling logic. Logic that only feeds a dangling port will be removed. ;
; oDATA[2][31..1] ; Output ; Info     ; Connected to dangling logic. Logic that only feeds a dangling port will be removed. ;
; oDATA[1][31..8] ; Output ; Info     ; Connected to dangling logic. Logic that only feeds a dangling port will be removed. ;
; oDATA[0][31..8] ; Output ; Info     ; Connected to dangling logic. Logic that only feeds a dangling port will be removed. ;
+-----------------+--------+----------+-------------------------------------------------------------------------------------+


+------------------------------------------------------------------------------------+
; Port Connectivity Checks: "SYSTEM_PLL:PLL_inst|SYSTEM_PLL_altpll:altpll_component" ;
+----------+-------+----------+------------------------------------------------------+
; Port     ; Type  ; Severity ; Details                                              ;
+----------+-------+----------+------------------------------------------------------+
; inclk[1] ; Input ; Info     ; Stuck at GND                                         ;
+----------+-------+----------+------------------------------------------------------+


+-----------------------------------------------------+
; Port Connectivity Checks: "SYSTEM_PLL:PLL_inst"     ;
+--------+--------+----------+------------------------+
; Port   ; Type   ; Severity ; Details                ;
+--------+--------+----------+------------------------+
; areset ; Input  ; Info     ; Stuck at GND           ;
; locked ; Output ; Info     ; Explicitly unconnected ;
+--------+--------+----------+------------------------+


+----------------------------------------------------------------------------------------------------------------------------------------------------------------------+
; Virtual JTAG Settings                                                                                                                                                ;
+----------------+------------+------------------+----------+---------+-----------------+-------------------------+----------------------------------------------------+
; Instance Index ; Auto Index ; Index Reassigned ; IR Width ; Address ; USER1 DR length ; VIR capture instruction ; Hierarchy Location                                 ;
+----------------+------------+------------------+----------+---------+-----------------+-------------------------+----------------------------------------------------+
; 0              ; NO         ; NO               ; 7        ; 0x80    ; 8               ; 0x0B                    ; jtag_interface:interfacejtag|sld_virtual_jtag:jtag ;
+----------------+------------+------------------+----------+---------+-----------------+-------------------------+----------------------------------------------------+


+-----------------------------------------------------+
; Post-Synthesis Netlist Statistics for Top Partition ;
+-----------------------+-----------------------------+
; Type                  ; Count                       ;
+-----------------------+-----------------------------+
; boundary_port         ; 168                         ;
; cycloneiii_ff         ; 389                         ;
;     ENA               ; 32                          ;
;     ENA SCLR          ; 323                         ;
;     SCLR              ; 6                           ;
;     plain             ; 28                          ;
; cycloneiii_io_obuf    ; 87                          ;
; cycloneiii_lcell_comb ; 397                         ;
;     arith             ; 34                          ;
;         2 data inputs ; 4                           ;
;         3 data inputs ; 30                          ;
;     normal            ; 363                         ;
;         0 data inputs ; 2                           ;
;         1 data inputs ; 1                           ;
;         2 data inputs ; 48                          ;
;         3 data inputs ; 72                          ;
;         4 data inputs ; 240                         ;
; cycloneiii_mac_mult   ; 2                           ;
; cycloneiii_mac_out    ; 2                           ;
; cycloneiii_pll        ; 1                           ;
;                       ;                             ;
; Max LUT depth         ; 5.00                        ;
; Average LUT depth     ; 2.24                        ;
+-----------------------+-----------------------------+


+-------------------------------+
; Elapsed Time Per Partition    ;
+----------------+--------------+
; Partition Name ; Elapsed Time ;
+----------------+--------------+
; Top            ; 00:00:02     ;
+----------------+--------------+


+-------------------------------+
; Analysis & Synthesis Messages ;
+-------------------------------+
Info: *******************************************************************
Info: Running Quartus Prime Analysis & Synthesis
    Info: Version 25.1std.0 Build 1129 10/21/2025 SC Lite Edition
    Info: Processing started: Wed Sep  9 11:56:28 2026
Info: Command: quartus_map --read_settings_files=on --write_settings_files=off MKRVIDOR4000 -c MKRVIDOR4000
Info (16303): Aggressive Power optimization mode selected -- dynamic power will be prioritized at the potential cost of reduced timing performance and increased compilation time
Info (20030): Parallel compilation is enabled and will use 2 of the 2 processors detected
Info (12021): Found 1 design units, including 1 entities, in source file q_multiplier.v
    Info (12023): Found entity 1: q_multiplier File: C:/Users/PC/OneDrive/Escritorio/DEEPCEL/QuartusProject/ANeural_Network_power25_ultralowpower_light_q4_4_seq_1mhz/q_multiplier.v Line: 1
Info (12021): Found 1 design units, including 1 entities, in source file system_pll.v
    Info (12023): Found entity 1: SYSTEM_PLL File: C:/Users/PC/OneDrive/Escritorio/DEEPCEL/QuartusProject/ANeural_Network_power25_ultralowpower_light_q4_4_seq_1mhz/SYSTEM_PLL.v Line: 1
Info (12021): Found 1 design units, including 1 entities, in source file system_pll_altpll.v
    Info (12023): Found entity 1: SYSTEM_PLL_altpll File: C:/Users/PC/OneDrive/Escritorio/DEEPCEL/QuartusProject/ANeural_Network_power25_ultralowpower_light_q4_4_seq_1mhz/SYSTEM_PLL_altpll.v Line: 6
Info (12021): Found 1 design units, including 1 entities, in source file jtag_synchronizer.bdf
    Info (12023): Found entity 1: jtag_synchronizer
Info (12021): Found 1 design units, including 1 entities, in source file mkrvidor4000_top.v
    Info (12023): Found entity 1: MKRVIDOR4000_top File: C:/Users/PC/OneDrive/Escritorio/DEEPCEL/QuartusProject/ANeural_Network_power25_ultralowpower_light_q4_4_seq_1mhz/MKRVIDOR4000_top.v Line: 9
Info (12021): Found 1 design units, including 1 entities, in source file jtag_synchronizer_basic.v
    Info (12023): Found entity 1: synchronizer_basic File: C:/Users/PC/OneDrive/Escritorio/DEEPCEL/QuartusProject/ANeural_Network_power25_ultralowpower_light_q4_4_seq_1mhz/jtag_synchronizer_basic.v Line: 2
Info (12021): Found 1 design units, including 1 entities, in source file jtag_memory.v
    Info (12023): Found entity 1: jtag_memory File: C:/Users/PC/OneDrive/Escritorio/DEEPCEL/QuartusProject/ANeural_Network_power25_ultralowpower_light_q4_4_seq_1mhz/jtag_memory.v Line: 36
Info (12021): Found 1 design units, including 1 entities, in source file jtag_interface.v
    Info (12023): Found entity 1: jtag_interface File: C:/Users/PC/OneDrive/Escritorio/DEEPCEL/QuartusProject/ANeural_Network_power25_ultralowpower_light_q4_4_seq_1mhz/jtag_interface.v Line: 2
Info (12021): Found 1 design units, including 1 entities, in source file q_multiplier_tb.v
    Info (12023): Found entity 1: q_multiplier_tb File: C:/Users/PC/OneDrive/Escritorio/DEEPCEL/QuartusProject/ANeural_Network_power25_ultralowpower_light_q4_4_seq_1mhz/q_multiplier_tb.v Line: 1
Info (12021): Found 1 design units, including 1 entities, in source file neuron.v
    Info (12023): Found entity 1: neuron File: C:/Users/PC/OneDrive/Escritorio/DEEPCEL/QuartusProject/ANeural_Network_power25_ultralowpower_light_q4_4_seq_1mhz/neuron.v Line: 1
Info (12021): Found 1 design units, including 1 entities, in source file eco_nn_top.v
    Info (12023): Found entity 1: eco_nn_top File: C:/Users/PC/OneDrive/Escritorio/DEEPCEL/QuartusProject/ANeural_Network_power25_ultralowpower_light_q4_4_seq_1mhz/eco_nn_top.v Line: 1
Info (12021): Found 1 design units, including 1 entities, in source file eco_nn_top_tb .v
    Info (12023): Found entity 1: eco_nn_top_tb File: C:/Users/PC/OneDrive/Escritorio/DEEPCEL/QuartusProject/ANeural_Network_power25_ultralowpower_light_q4_4_seq_1mhz/eco_nn_top_Tb .v Line: 3
Info (12127): Elaborating entity "MKRVIDOR4000_top" for the top level hierarchy
Info (12128): Elaborating entity "SYSTEM_PLL" for hierarchy "SYSTEM_PLL:PLL_inst" File: C:/Users/PC/OneDrive/Escritorio/DEEPCEL/QuartusProject/ANeural_Network_power25_ultralowpower_light_q4_4_seq_1mhz/MKRVIDOR4000_top.v Line: 116
Info (12128): Elaborating entity "SYSTEM_PLL_altpll" for hierarchy "SYSTEM_PLL:PLL_inst|SYSTEM_PLL_altpll:altpll_component" File: C:/Users/PC/OneDrive/Escritorio/DEEPCEL/QuartusProject/ANeural_Network_power25_ultralowpower_light_q4_4_seq_1mhz/SYSTEM_PLL.v Line: 16
Info (12128): Elaborating entity "eco_nn_top" for hierarchy "eco_nn_top:uut" File: C:/Users/PC/OneDrive/Escritorio/DEEPCEL/QuartusProject/ANeural_Network_power25_ultralowpower_light_q4_4_seq_1mhz/MKRVIDOR4000_top.v Line: 127
Info (10008): Verilog HDL or VHDL information: EDA Netlist Writer cannot regroup multidimensional array "w_hidden_layer" into its bus
Info (10008): Verilog HDL or VHDL information: EDA Netlist Writer cannot regroup multidimensional array "w_output_layer" into its bus
Info (12128): Elaborating entity "jtag_interface" for hierarchy "jtag_interface:interfacejtag" File: C:/Users/PC/OneDrive/Escritorio/DEEPCEL/QuartusProject/ANeural_Network_power25_ultralowpower_light_q4_4_seq_1mhz/MKRVIDOR4000_top.v Line: 136
Info (12128): Elaborating entity "sld_virtual_jtag" for hierarchy "jtag_interface:interfacejtag|sld_virtual_jtag:jtag" File: C:/Users/PC/OneDrive/Escritorio/DEEPCEL/QuartusProject/ANeural_Network_power25_ultralowpower_light_q4_4_seq_1mhz/jtag_interface.v Line: 43
Info (12130): Elaborated megafunction instantiation "jtag_interface:interfacejtag|sld_virtual_jtag:jtag" File: C:/Users/PC/OneDrive/Escritorio/DEEPCEL/QuartusProject/ANeural_Network_power25_ultralowpower_light_q4_4_seq_1mhz/jtag_interface.v Line: 43
Info (12133): Instantiated megafunction "jtag_interface:interfacejtag|sld_virtual_jtag:jtag" with the following parameter: File: C:/Users/PC/OneDrive/Escritorio/DEEPCEL/QuartusProject/ANeural_Network_power25_ultralowpower_light_q4_4_seq_1mhz/jtag_interface.v Line: 43
    Info (12134): Parameter "sld_ir_width" = "7"
Info (12128): Elaborating entity "sld_virtual_jtag_basic" for hierarchy "jtag_interface:interfacejtag|sld_virtual_jtag:jtag|sld_virtual_jtag_basic:sld_virtual_jtag_basic_inst" File: c:/altera_lite/25.1std/quartus/libraries/megafunctions/sld_virtual_jtag.v Line: 152
Info (12131): Elaborated megafunction instantiation "jtag_interface:interfacejtag|sld_virtual_jtag:jtag|sld_virtual_jtag_basic:sld_virtual_jtag_basic_inst", which is child of megafunction instantiation "jtag_interface:interfacejtag|sld_virtual_jtag:jtag" File: c:/altera_lite/25.1std/quartus/libraries/megafunctions/sld_virtual_jtag.v Line: 152
Info (12128): Elaborating entity "sld_virtual_jtag_impl" for hierarchy "jtag_interface:interfacejtag|sld_virtual_jtag:jtag|sld_virtual_jtag_basic:sld_virtual_jtag_basic_inst|sld_virtual_jtag_impl:sld_virtual_jtag_impl_inst" File: c:/altera_lite/25.1std/quartus/libraries/megafunctions/sld_virtual_jtag_basic.v Line: 152
Info (12131): Elaborated megafunction instantiation "jtag_interface:interfacejtag|sld_virtual_jtag:jtag|sld_virtual_jtag_basic:sld_virtual_jtag_basic_inst|sld_virtual_jtag_impl:sld_virtual_jtag_impl_inst", which is child of megafunction instantiation "jtag_interface:interfacejtag|sld_virtual_jtag:jtag" File: c:/altera_lite/25.1std/quartus/libraries/megafunctions/sld_virtual_jtag_basic.v Line: 152
Info (12128): Elaborating entity "sld_jtag_endpoint_adapter" for hierarchy "jtag_interface:interfacejtag|sld_virtual_jtag:jtag|sld_virtual_jtag_basic:sld_virtual_jtag_basic_inst|sld_virtual_jtag_impl:sld_virtual_jtag_impl_inst|sld_jtag_endpoint_adapter:jtag_signal_adapter" File: c:/altera_lite/25.1std/quartus/libraries/megafunctions/sld_virtual_jtag_basic.v Line: 415
Info (12128): Elaborating entity "sld_jtag_endpoint_adapter_impl" for hierarchy "jtag_interface:interfacejtag|sld_virtual_jtag:jtag|sld_virtual_jtag_basic:sld_virtual_jtag_basic_inst|sld_virtual_jtag_impl:sld_virtual_jtag_impl_inst|sld_jtag_endpoint_adapter:jtag_signal_adapter|sld_jtag_endpoint_adapter_impl:sld_jtag_endpoint_adapter_impl_inst" File: c:/altera_lite/25.1std/quartus/libraries/megafunctions/sld_jtag_endpoint_adapter.vhd Line: 232
Info (12128): Elaborating entity "jtag_synchronizer" for hierarchy "jtag_interface:interfacejtag|jtag_synchronizer:jtag_sync" File: C:/Users/PC/OneDrive/Escritorio/DEEPCEL/QuartusProject/ANeural_Network_power25_ultralowpower_light_q4_4_seq_1mhz/jtag_interface.v Line: 63
Info (12128): Elaborating entity "synchronizer_basic" for hierarchy "jtag_interface:interfacejtag|jtag_synchronizer:jtag_sync|synchronizer_basic:inst6"
Info (12128): Elaborating entity "jtag_memory" for hierarchy "jtag_interface:interfacejtag|jtag_memory:memory" File: C:/Users/PC/OneDrive/Escritorio/DEEPCEL/QuartusProject/ANeural_Network_power25_ultralowpower_light_q4_4_seq_1mhz/jtag_interface.v Line: 83
Warning (10230): Verilog HDL assignment warning at jtag_memory.v(57): truncated value with size 32 to match size of target (3) File: C:/Users/PC/OneDrive/Escritorio/DEEPCEL/QuartusProject/ANeural_Network_power25_ultralowpower_light_q4_4_seq_1mhz/jtag_memory.v Line: 57
Info (11170): Starting IP generation for the debug fabric: alt_sld_fab.
Info (11172): 2026.09.09.11:56:58 Progress: Loading slda46de5ad/alt_sld_fab_wrapper_hw.tcl
Info (11172): Alt_sld_fab.alt_sld_fab: SLD fabric agents which did not specify prefer_host were connected to JTAG
Info (11172): Alt_sld_fab: Generating "alt_sld_fab" for QUARTUS_SYNTH
Info (11172): Alt_sld_fab: "alt_sld_fab" instantiated alt_sld_fab "alt_sld_fab"
Info (11172): Presplit: "alt_sld_fab" instantiated altera_super_splitter "presplit"
Info (11172): Splitter: "alt_sld_fab" instantiated altera_sld_splitter "splitter"
Info (11172): Sldfabric: "alt_sld_fab" instantiated altera_sld_jtag_hub "sldfabric"
Info (11172): Ident: "alt_sld_fab" instantiated altera_connection_identification_hub "ident"
Info (11172): Alt_sld_fab: Done "alt_sld_fab" with 6 modules, 6 files
Info (11171): Finished IP generation for the debug fabric: alt_sld_fab.
Info (12021): Found 1 design units, including 1 entities, in source file db/ip/slda46de5ad/alt_sld_fab.v
    Info (12023): Found entity 1: alt_sld_fab File: C:/Users/PC/OneDrive/Escritorio/DEEPCEL/QuartusProject/ANeural_Network_power25_ultralowpower_light_q4_4_seq_1mhz/db/ip/slda46de5ad/alt_sld_fab.v Line: 9
Info (12021): Found 1 design units, including 1 entities, in source file db/ip/slda46de5ad/submodules/alt_sld_fab_alt_sld_fab.v
    Info (12023): Found entity 1: alt_sld_fab_alt_sld_fab File: C:/Users/PC/OneDrive/Escritorio/DEEPCEL/QuartusProject/ANeural_Network_power25_ultralowpower_light_q4_4_seq_1mhz/db/ip/slda46de5ad/submodules/alt_sld_fab_alt_sld_fab.v Line: 9
Info (12021): Found 1 design units, including 1 entities, in source file db/ip/slda46de5ad/submodules/alt_sld_fab_alt_sld_fab_ident.sv
    Info (12023): Found entity 1: alt_sld_fab_alt_sld_fab_ident File: C:/Users/PC/OneDrive/Escritorio/DEEPCEL/QuartusProject/ANeural_Network_power25_ultralowpower_light_q4_4_seq_1mhz/db/ip/slda46de5ad/submodules/alt_sld_fab_alt_sld_fab_ident.sv Line: 33
Info (12021): Found 1 design units, including 1 entities, in source file db/ip/slda46de5ad/submodules/alt_sld_fab_alt_sld_fab_presplit.sv
    Info (12023): Found entity 1: alt_sld_fab_alt_sld_fab_presplit File: C:/Users/PC/OneDrive/Escritorio/DEEPCEL/QuartusProject/ANeural_Network_power25_ultralowpower_light_q4_4_seq_1mhz/db/ip/slda46de5ad/submodules/alt_sld_fab_alt_sld_fab_presplit.sv Line: 3
Info (12021): Found 2 design units, including 1 entities, in source file db/ip/slda46de5ad/submodules/alt_sld_fab_alt_sld_fab_sldfabric.vhd
    Info (12022): Found design unit 1: alt_sld_fab_alt_sld_fab_sldfabric-rtl File: C:/Users/PC/OneDrive/Escritorio/DEEPCEL/QuartusProject/ANeural_Network_power25_ultralowpower_light_q4_4_seq_1mhz/db/ip/slda46de5ad/submodules/alt_sld_fab_alt_sld_fab_sldfabric.vhd Line: 102
    Info (12023): Found entity 1: alt_sld_fab_alt_sld_fab_sldfabric File: C:/Users/PC/OneDrive/Escritorio/DEEPCEL/QuartusProject/ANeural_Network_power25_ultralowpower_light_q4_4_seq_1mhz/db/ip/slda46de5ad/submodules/alt_sld_fab_alt_sld_fab_sldfabric.vhd Line: 11
Info (12021): Found 1 design units, including 1 entities, in source file db/ip/slda46de5ad/submodules/alt_sld_fab_alt_sld_fab_splitter.sv
    Info (12023): Found entity 1: alt_sld_fab_alt_sld_fab_splitter File: C:/Users/PC/OneDrive/Escritorio/DEEPCEL/QuartusProject/ANeural_Network_power25_ultralowpower_light_q4_4_seq_1mhz/db/ip/slda46de5ad/submodules/alt_sld_fab_alt_sld_fab_splitter.sv Line: 3
Info (278001): Inferred 2 megafunctions from design logic
    Info (278003): Inferred multiplier megafunction ("lpm_mult") from the following logic: "eco_nn_top:uut|Mult1" File: C:/Users/PC/OneDrive/Escritorio/DEEPCEL/QuartusProject/ANeural_Network_power25_ultralowpower_light_q4_4_seq_1mhz/eco_nn_top.v Line: 94
    Info (278003): Inferred multiplier megafunction ("lpm_mult") from the following logic: "eco_nn_top:uut|Mult0" File: C:/Users/PC/OneDrive/Escritorio/DEEPCEL/QuartusProject/ANeural_Network_power25_ultralowpower_light_q4_4_seq_1mhz/eco_nn_top.v Line: 92
Info (12130): Elaborated megafunction instantiation "eco_nn_top:uut|lpm_mult:Mult1" File: C:/Users/PC/OneDrive/Escritorio/DEEPCEL/QuartusProject/ANeural_Network_power25_ultralowpower_light_q4_4_seq_1mhz/eco_nn_top.v Line: 94
Info (12133): Instantiated megafunction "eco_nn_top:uut|lpm_mult:Mult1" with the following parameter: File: C:/Users/PC/OneDrive/Escritorio/DEEPCEL/QuartusProject/ANeural_Network_power25_ultralowpower_light_q4_4_seq_1mhz/eco_nn_top.v Line: 94
    Info (12134): Parameter "LPM_WIDTHA" = "8"
    Info (12134): Parameter "LPM_WIDTHB" = "5"
    Info (12134): Parameter "LPM_WIDTHP" = "13"
    Info (12134): Parameter "LPM_WIDTHR" = "13"
    Info (12134): Parameter "LPM_WIDTHS" = "1"
    Info (12134): Parameter "LPM_REPRESENTATION" = "SIGNED"
    Info (12134): Parameter "INPUT_A_IS_CONSTANT" = "NO"
    Info (12134): Parameter "INPUT_B_IS_CONSTANT" = "NO"
    Info (12134): Parameter "MAXIMIZE_SPEED" = "5"
Info (12021): Found 1 design units, including 1 entities, in source file db/mult_q2t.tdf
    Info (12023): Found entity 1: mult_q2t File: C:/Users/PC/OneDrive/Escritorio/DEEPCEL/QuartusProject/ANeural_Network_power25_ultralowpower_light_q4_4_seq_1mhz/db/mult_q2t.tdf Line: 29
Warning (12241): 1 hierarchies have connectivity warnings - see the Connectivity Checks report folder
Warning (13024): Output pins are stuck at VCC or GND
    Warning (13410): Pin "oSAM_INT" is stuck at GND File: C:/Users/PC/OneDrive/Escritorio/DEEPCEL/QuartusProject/ANeural_Network_power25_ultralowpower_light_q4_4_seq_1mhz/MKRVIDOR4000_top.v Line: 14
    Warning (13410): Pin "oSDRAM_CLK" is stuck at GND File: C:/Users/PC/OneDrive/Escritorio/DEEPCEL/QuartusProject/ANeural_Network_power25_ultralowpower_light_q4_4_seq_1mhz/MKRVIDOR4000_top.v Line: 16
    Warning (13410): Pin "oSDRAM_ADDR[0]" is stuck at GND File: C:/Users/PC/OneDrive/Escritorio/DEEPCEL/QuartusProject/ANeural_Network_power25_ultralowpower_light_q4_4_seq_1mhz/MKRVIDOR4000_top.v Line: 17
    Warning (13410): Pin "oSDRAM_ADDR[1]" is stuck at GND File: C:/Users/PC/OneDrive/Escritorio/DEEPCEL/QuartusProject/ANeural_Network_power25_ultralowpower_light_q4_4_seq_1mhz/MKRVIDOR4000_top.v Line: 17
    Warning (13410): Pin "oSDRAM_ADDR[2]" is stuck at GND File: C:/Users/PC/OneDrive/Escritorio/DEEPCEL/QuartusProject/ANeural_Network_power25_ultralowpower_light_q4_4_seq_1mhz/MKRVIDOR4000_top.v Line: 17
    Warning (13410): Pin "oSDRAM_ADDR[3]" is stuck at GND File: C:/Users/PC/OneDrive/Escritorio/DEEPCEL/QuartusProject/ANeural_Network_power25_ultralowpower_light_q4_4_seq_1mhz/MKRVIDOR4000_top.v Line: 17
    Warning (13410): Pin "oSDRAM_ADDR[4]" is stuck at GND File: C:/Users/PC/OneDrive/Escritorio/DEEPCEL/QuartusProject/ANeural_Network_power25_ultralowpower_light_q4_4_seq_1mhz/MKRVIDOR4000_top.v Line: 17
    Warning (13410): Pin "oSDRAM_ADDR[5]" is stuck at GND File: C:/Users/PC/OneDrive/Escritorio/DEEPCEL/QuartusProject/ANeural_Network_power25_ultralowpower_light_q4_4_seq_1mhz/MKRVIDOR4000_top.v Line: 17
    Warning (13410): Pin "oSDRAM_ADDR[6]" is stuck at GND File: C:/Users/PC/OneDrive/Escritorio/DEEPCEL/QuartusProject/ANeural_Network_power25_ultralowpower_light_q4_4_seq_1mhz/MKRVIDOR4000_top.v Line: 17
    Warning (13410): Pin "oSDRAM_ADDR[7]" is stuck at GND File: C:/Users/PC/OneDrive/Escritorio/DEEPCEL/QuartusProject/ANeural_Network_power25_ultralowpower_light_q4_4_seq_1mhz/MKRVIDOR4000_top.v Line: 17
    Warning (13410): Pin "oSDRAM_ADDR[8]" is stuck at GND File: C:/Users/PC/OneDrive/Escritorio/DEEPCEL/QuartusProject/ANeural_Network_power25_ultralowpower_light_q4_4_seq_1mhz/MKRVIDOR4000_top.v Line: 17
    Warning (13410): Pin "oSDRAM_ADDR[9]" is stuck at GND File: C:/Users/PC/OneDrive/Escritorio/DEEPCEL/QuartusProject/ANeural_Network_power25_ultralowpower_light_q4_4_seq_1mhz/MKRVIDOR4000_top.v Line: 17
    Warning (13410): Pin "oSDRAM_ADDR[10]" is stuck at GND File: C:/Users/PC/OneDrive/Escritorio/DEEPCEL/QuartusProject/ANeural_Network_power25_ultralowpower_light_q4_4_seq_1mhz/MKRVIDOR4000_top.v Line: 17
    Warning (13410): Pin "oSDRAM_ADDR[11]" is stuck at GND File: C:/Users/PC/OneDrive/Escritorio/DEEPCEL/QuartusProject/ANeural_Network_power25_ultralowpower_light_q4_4_seq_1mhz/MKRVIDOR4000_top.v Line: 17
    Warning (13410): Pin "oSDRAM_BA[0]" is stuck at GND File: C:/Users/PC/OneDrive/Escritorio/DEEPCEL/QuartusProject/ANeural_Network_power25_ultralowpower_light_q4_4_seq_1mhz/MKRVIDOR4000_top.v Line: 18
    Warning (13410): Pin "oSDRAM_BA[1]" is stuck at GND File: C:/Users/PC/OneDrive/Escritorio/DEEPCEL/QuartusProject/ANeural_Network_power25_ultralowpower_light_q4_4_seq_1mhz/MKRVIDOR4000_top.v Line: 18
    Warning (13410): Pin "oSDRAM_CASn" is stuck at VCC File: C:/Users/PC/OneDrive/Escritorio/DEEPCEL/QuartusProject/ANeural_Network_power25_ultralowpower_light_q4_4_seq_1mhz/MKRVIDOR4000_top.v Line: 19
    Warning (13410): Pin "oSDRAM_CKE" is stuck at GND File: C:/Users/PC/OneDrive/Escritorio/DEEPCEL/QuartusProject/ANeural_Network_power25_ultralowpower_light_q4_4_seq_1mhz/MKRVIDOR4000_top.v Line: 20
    Warning (13410): Pin "oSDRAM_CSn" is stuck at VCC File: C:/Users/PC/OneDrive/Escritorio/DEEPCEL/QuartusProject/ANeural_Network_power25_ultralowpower_light_q4_4_seq_1mhz/MKRVIDOR4000_top.v Line: 21
    Warning (13410): Pin "oSDRAM_DQM[0]" is stuck at VCC File: C:/Users/PC/OneDrive/Escritorio/DEEPCEL/QuartusProject/ANeural_Network_power25_ultralowpower_light_q4_4_seq_1mhz/MKRVIDOR4000_top.v Line: 23
    Warning (13410): Pin "oSDRAM_DQM[1]" is stuck at VCC File: C:/Users/PC/OneDrive/Escritorio/DEEPCEL/QuartusProject/ANeural_Network_power25_ultralowpower_light_q4_4_seq_1mhz/MKRVIDOR4000_top.v Line: 23
    Warning (13410): Pin "oSDRAM_RASn" is stuck at VCC File: C:/Users/PC/OneDrive/Escritorio/DEEPCEL/QuartusProject/ANeural_Network_power25_ultralowpower_light_q4_4_seq_1mhz/MKRVIDOR4000_top.v Line: 24
    Warning (13410): Pin "oSDRAM_WEn" is stuck at VCC File: C:/Users/PC/OneDrive/Escritorio/DEEPCEL/QuartusProject/ANeural_Network_power25_ultralowpower_light_q4_4_seq_1mhz/MKRVIDOR4000_top.v Line: 25
    Warning (13410): Pin "oHDMI_TX[0]" is stuck at GND File: C:/Users/PC/OneDrive/Escritorio/DEEPCEL/QuartusProject/ANeural_Network_power25_ultralowpower_light_q4_4_seq_1mhz/MKRVIDOR4000_top.v Line: 79
    Warning (13410): Pin "oHDMI_TX[1]" is stuck at GND File: C:/Users/PC/OneDrive/Escritorio/DEEPCEL/QuartusProject/ANeural_Network_power25_ultralowpower_light_q4_4_seq_1mhz/MKRVIDOR4000_top.v Line: 79
    Warning (13410): Pin "oHDMI_TX[2]" is stuck at GND File: C:/Users/PC/OneDrive/Escritorio/DEEPCEL/QuartusProject/ANeural_Network_power25_ultralowpower_light_q4_4_seq_1mhz/MKRVIDOR4000_top.v Line: 79
    Warning (13410): Pin "oHDMI_CLK" is stuck at GND File: C:/Users/PC/OneDrive/Escritorio/DEEPCEL/QuartusProject/ANeural_Network_power25_ultralowpower_light_q4_4_seq_1mhz/MKRVIDOR4000_top.v Line: 80
    Warning (13410): Pin "oFLASH_SCK" is stuck at GND File: C:/Users/PC/OneDrive/Escritorio/DEEPCEL/QuartusProject/ANeural_Network_power25_ultralowpower_light_q4_4_seq_1mhz/MKRVIDOR4000_top.v Line: 91
    Warning (13410): Pin "oFLASH_CS" is stuck at VCC File: C:/Users/PC/OneDrive/Escritorio/DEEPCEL/QuartusProject/ANeural_Network_power25_ultralowpower_light_q4_4_seq_1mhz/MKRVIDOR4000_top.v Line: 92
Info (286031): Timing-Driven Synthesis is running on partition "Top"
Info (17049): 2 registers lost all their fanouts during netlist optimizations.
Info (144001): Generated suppressed messages file C:/Users/PC/OneDrive/Escritorio/DEEPCEL/QuartusProject/ANeural_Network_power25_ultralowpower_light_q4_4_seq_1mhz/output_files/MKRVIDOR4000.map.smsg
Info (16010): Generating hard_block partition "hard_block:auto_generated_inst"
    Info (16011): Adding 1 node(s), including 0 DDIO, 1 PLL, 0 transceiver and 0 LCELL
Warning (21074): Design contains 13 input pin(s) that do not drive logic
    Warning (15610): No output dependent on input pin "iSAM_INT" File: C:/Users/PC/OneDrive/Escritorio/DEEPCEL/QuartusProject/ANeural_Network_power25_ultralowpower_light_q4_4_seq_1mhz/MKRVIDOR4000_top.v Line: 13
    Warning (15610): No output dependent on input pin "iPEX_PIN11" File: C:/Users/PC/OneDrive/Escritorio/DEEPCEL/QuartusProject/ANeural_Network_power25_ultralowpower_light_q4_4_seq_1mhz/MKRVIDOR4000_top.v Line: 35
    Warning (15610): No output dependent on input pin "iPEX_PIN13" File: C:/Users/PC/OneDrive/Escritorio/DEEPCEL/QuartusProject/ANeural_Network_power25_ultralowpower_light_q4_4_seq_1mhz/MKRVIDOR4000_top.v Line: 37
    Warning (15610): No output dependent on input pin "iPEX_PIN23" File: C:/Users/PC/OneDrive/Escritorio/DEEPCEL/QuartusProject/ANeural_Network_power25_ultralowpower_light_q4_4_seq_1mhz/MKRVIDOR4000_top.v Line: 41
    Warning (15610): No output dependent on input pin "iPEX_PIN25" File: C:/Users/PC/OneDrive/Escritorio/DEEPCEL/QuartusProject/ANeural_Network_power25_ultralowpower_light_q4_4_seq_1mhz/MKRVIDOR4000_top.v Line: 42
    Warning (15610): No output dependent on input pin "iPEX_PIN31" File: C:/Users/PC/OneDrive/Escritorio/DEEPCEL/QuartusProject/ANeural_Network_power25_ultralowpower_light_q4_4_seq_1mhz/MKRVIDOR4000_top.v Line: 45
    Warning (15610): No output dependent on input pin "iPEX_PIN33" File: C:/Users/PC/OneDrive/Escritorio/DEEPCEL/QuartusProject/ANeural_Network_power25_ultralowpower_light_q4_4_seq_1mhz/MKRVIDOR4000_top.v Line: 47
    Warning (15610): No output dependent on input pin "iWM_PIO32" File: C:/Users/PC/OneDrive/Escritorio/DEEPCEL/QuartusProject/ANeural_Network_power25_ultralowpower_light_q4_4_seq_1mhz/MKRVIDOR4000_top.v Line: 71
    Warning (15610): No output dependent on input pin "iWM_TX" File: C:/Users/PC/OneDrive/Escritorio/DEEPCEL/QuartusProject/ANeural_Network_power25_ultralowpower_light_q4_4_seq_1mhz/MKRVIDOR4000_top.v Line: 75
    Warning (15610): No output dependent on input pin "iHDMI_HPD" File: C:/Users/PC/OneDrive/Escritorio/DEEPCEL/QuartusProject/ANeural_Network_power25_ultralowpower_light_q4_4_seq_1mhz/MKRVIDOR4000_top.v Line: 83
    Warning (15610): No output dependent on input pin "iMIPI_D[0]" File: C:/Users/PC/OneDrive/Escritorio/DEEPCEL/QuartusProject/ANeural_Network_power25_ultralowpower_light_q4_4_seq_1mhz/MKRVIDOR4000_top.v Line: 85
    Warning (15610): No output dependent on input pin "iMIPI_D[1]" File: C:/Users/PC/OneDrive/Escritorio/DEEPCEL/QuartusProject/ANeural_Network_power25_ultralowpower_light_q4_4_seq_1mhz/MKRVIDOR4000_top.v Line: 85
    Warning (15610): No output dependent on input pin "iMIPI_CLK" File: C:/Users/PC/OneDrive/Escritorio/DEEPCEL/QuartusProject/ANeural_Network_power25_ultralowpower_light_q4_4_seq_1mhz/MKRVIDOR4000_top.v Line: 86
Info (21057): Implemented 1013 device resources after synthesis - the final resource count might be different
    Info (21058): Implemented 18 input pins
    Info (21059): Implemented 30 output pins
    Info (21060): Implemented 87 bidirectional pins
    Info (21061): Implemented 874 logic cells
    Info (21065): Implemented 1 PLLs
    Info (21062): Implemented 2 DSP elements
Info: Quartus Prime Analysis & Synthesis was successful. 0 errors, 46 warnings
    Info: Peak virtual memory: 4843 megabytes
    Info: Processing ended: Wed Sep  9 11:57:27 2026
    Info: Elapsed time: 00:00:59
    Info: Total CPU time (on all processors): 00:01:25


+------------------------------------------+
; Analysis & Synthesis Suppressed Messages ;
+------------------------------------------+
The suppressed messages can be found in C:/Users/PC/OneDrive/Escritorio/DEEPCEL/QuartusProject/ANeural_Network_power25_ultralowpower_light_q4_4_seq_1mhz/output_files/MKRVIDOR4000.map.smsg.


