Power Analyzer report for MKRVIDOR4000
Tue Sep  8 15:46:38 2026
Quartus Prime Version 25.1std.0 Build 1129 10/21/2025 SC Lite Edition


---------------------
; Table of Contents ;
---------------------
  1. Legal Notice
  2. Parallel Compilation
  3. Power Analyzer Summary
  4. Power Analyzer Settings
  5. Indeterminate Toggle Rates
  6. Operating Conditions Used
  7. Thermal Power Dissipation by Block
  8. Thermal Power Dissipation by Block Type
  9. Thermal Power Dissipation by Hierarchy
 10. Core Dynamic Thermal Power Dissipation by Clock Domain
 11. Current Drawn from Voltage Supplies Summary
 12. VCCIO Supply Current Drawn by I/O Bank
 13. VCCIO Supply Current Drawn by Voltage
 14. Confidence Metric Details
 15. Signal Activities
 16. Power Analyzer Messages



----------------
; Legal Notice ;
----------------
Copyright (C) 2025  Altera Corporation. All rights reserved.
Your use of Altera Corporation's design tools, logic functions 
and other software and tools, and any partner logic 
functions, and any output files from any of the foregoing 
(including device programming or simulation files), and any 
associated documentation or information are expressly subject 
to the terms and conditions of the Altera Program License 
Subscription Agreement, the Altera Quartus Prime License Agreement,
the Altera IP License Agreement, or other applicable license
agreement, including, without limitation, that your use is for
the sole purpose of programming logic devices manufactured by
Altera and sold by Altera or its authorized distributors.  Please
refer to the Altera Software License Subscription Agreements 
on the Quartus Prime software download page.



+------------------------------------------+
; Parallel Compilation                     ;
+----------------------------+-------------+
; Processors                 ; Number      ;
+----------------------------+-------------+
; Number detected on machine ; 4           ;
; Maximum allowed            ; 2           ;
;                            ;             ;
; Average used               ; 1.06        ;
; Maximum used               ; 2           ;
;                            ;             ;
; Usage by Processor         ; % Time Used ;
;     Processor 1            ; 100.0%      ;
;     Processor 2            ;   5.5%      ;
+----------------------------+-------------+


+-------------------------------------------------------------------------------------------+
; Power Analyzer Summary                                                                    ;
+----------------------------------------+--------------------------------------------------+
; Power Analyzer Status                  ; Successful - Tue Sep  8 15:46:38 2026            ;
; Quartus Prime Version                  ; 25.1std.0 Build 1129 10/21/2025 SC Lite Edition  ;
; Revision Name                          ; MKRVIDOR4000                                     ;
; Top-level Entity Name                  ; MKRVIDOR4000_top                                 ;
; Family                                 ; Cyclone 10 LP                                    ;
; Device                                 ; 10CL016YU256C8G                                  ;
; Power Models                           ; Final                                            ;
; Total Thermal Power Dissipation        ; 212.19 mW                                        ;
; Core Dynamic Thermal Power Dissipation ; 24.23 mW                                         ;
; Core Static Thermal Power Dissipation  ; 52.71 mW                                         ;
; I/O Thermal Power Dissipation          ; 135.25 mW                                        ;
; Power Estimation Confidence            ; Low: user provided insufficient toggle rate data ;
+----------------------------------------+--------------------------------------------------+


+--------------------------------------------------------------------------------------------------------------------------+
; Power Analyzer Settings                                                                                                  ;
+------------------------------------------------------------------+---------------------------------------+---------------+
; Option                                                           ; Setting                               ; Default Value ;
+------------------------------------------------------------------+---------------------------------------+---------------+
; Maximum processors allowed for parallel compilation              ; All                                   ;               ;
; Use smart compilation                                            ; Off                                   ; Off           ;
; Enable parallel Assembler and Timing Analyzer during compilation ; On                                    ; On            ;
; Enable compact report table                                      ; Off                                   ; Off           ;
; Default Power Input I/O Toggle Rate                              ; 100.0%                                ; 12.5%         ;
; Preset Cooling Solution                                          ; 23 MM HEAT SINK WITH 200 LFPM AIRFLOW ;               ;
; Board thermal model                                              ; None (CONSERVATIVE)                   ;               ;
; Default Power Toggle Rate                                        ; 12.5%                                 ; 12.5%         ;
; Use vectorless estimation                                        ; On                                    ; On            ;
; Use Input Files                                                  ; Off                                   ; Off           ;
; Filter Glitches in VCD File Reader                               ; On                                    ; On            ;
; Power Analyzer Report Signal Activity                            ; Off                                   ; Off           ;
; Power Analyzer Report Power Dissipation                          ; Off                                   ; Off           ;
; Device Power Characteristics                                     ; TYPICAL                               ; TYPICAL       ;
; Automatically Compute Junction Temperature                       ; On                                    ; On            ;
; Specified Junction Temperature                                   ; 25                                    ; 25            ;
; Ambient Temperature                                              ; 25                                    ; 25            ;
; Use Custom Cooling Solution                                      ; Off                                   ; Off           ;
; Board Temperature                                                ; 25                                    ; 25            ;
+------------------------------------------------------------------+---------------------------------------+---------------+


+---------------------------------------------+
; Indeterminate Toggle Rates                  ;
+---------------+-----------------------------+
; Node          ; Reason                      ;
+---------------+-----------------------------+
; iSAM_INT      ; No valid clock domain found ;
; iPEX_PIN11    ; No valid clock domain found ;
; iPEX_PIN13    ; No valid clock domain found ;
; iPEX_PIN23    ; No valid clock domain found ;
; iPEX_PIN25    ; No valid clock domain found ;
; iPEX_PIN31    ; No valid clock domain found ;
; iPEX_PIN33    ; No valid clock domain found ;
; iWM_PIO32     ; No valid clock domain found ;
; iWM_TX        ; No valid clock domain found ;
; iHDMI_HPD     ; No valid clock domain found ;
; iMIPI_D[0]    ; No valid clock domain found ;
; iMIPI_D[1]    ; No valid clock domain found ;
; iMIPI_CLK     ; No valid clock domain found ;
; bSDRAM_DQ[0]  ; No valid clock domain found ;
; bSDRAM_DQ[1]  ; No valid clock domain found ;
; bSDRAM_DQ[2]  ; No valid clock domain found ;
; bSDRAM_DQ[3]  ; No valid clock domain found ;
; bSDRAM_DQ[4]  ; No valid clock domain found ;
; bSDRAM_DQ[5]  ; No valid clock domain found ;
; bSDRAM_DQ[6]  ; No valid clock domain found ;
; bSDRAM_DQ[7]  ; No valid clock domain found ;
; bSDRAM_DQ[8]  ; No valid clock domain found ;
; bSDRAM_DQ[9]  ; No valid clock domain found ;
; bSDRAM_DQ[10] ; No valid clock domain found ;
; bSDRAM_DQ[11] ; No valid clock domain found ;
; bSDRAM_DQ[12] ; No valid clock domain found ;
; bSDRAM_DQ[13] ; No valid clock domain found ;
; bSDRAM_DQ[14] ; No valid clock domain found ;
; bSDRAM_DQ[15] ; No valid clock domain found ;
; bMKR_AREF     ; No valid clock domain found ;
; bMKR_A[0]     ; No valid clock domain found ;
; bMKR_A[1]     ; No valid clock domain found ;
; bMKR_A[2]     ; No valid clock domain found ;
; bMKR_A[3]     ; No valid clock domain found ;
; bMKR_A[4]     ; No valid clock domain found ;
; bMKR_A[5]     ; No valid clock domain found ;
; bMKR_A[6]     ; No valid clock domain found ;
; bMKR_D[0]     ; No valid clock domain found ;
; bMKR_D[1]     ; No valid clock domain found ;
; bMKR_D[2]     ; No valid clock domain found ;
; bMKR_D[3]     ; No valid clock domain found ;
; bMKR_D[4]     ; No valid clock domain found ;
; bMKR_D[5]     ; No valid clock domain found ;
; bMKR_D[6]     ; No valid clock domain found ;
; bMKR_D[7]     ; No valid clock domain found ;
; bMKR_D[8]     ; No valid clock domain found ;
; bMKR_D[9]     ; No valid clock domain found ;
; bMKR_D[10]    ; No valid clock domain found ;
; bMKR_D[11]    ; No valid clock domain found ;
; bMKR_D[12]    ; No valid clock domain found ;
; bMKR_D[13]    ; No valid clock domain found ;
; bMKR_D[14]    ; No valid clock domain found ;
; bPEX_RST      ; No valid clock domain found ;
; bPEX_PIN6     ; No valid clock domain found ;
; bPEX_PIN8     ; No valid clock domain found ;
; bPEX_PIN10    ; No valid clock domain found ;
; bPEX_PIN12    ; No valid clock domain found ;
; bPEX_PIN14    ; No valid clock domain found ;
; bPEX_PIN16    ; No valid clock domain found ;
; bPEX_PIN20    ; No valid clock domain found ;
; bPEX_PIN28    ; No valid clock domain found ;
; bPEX_PIN30    ; No valid clock domain found ;
; bPEX_PIN32    ; No valid clock domain found ;
; bPEX_PIN42    ; No valid clock domain found ;
; bPEX_PIN44    ; No valid clock domain found ;
; bPEX_PIN45    ; No valid clock domain found ;
; bPEX_PIN46    ; No valid clock domain found ;
; bPEX_PIN47    ; No valid clock domain found ;
; bPEX_PIN48    ; No valid clock domain found ;
; bPEX_PIN49    ; No valid clock domain found ;
; bPEX_PIN51    ; No valid clock domain found ;
; bWM_PIO1      ; No valid clock domain found ;
; bWM_PIO2      ; No valid clock domain found ;
; bWM_PIO3      ; No valid clock domain found ;
; bWM_PIO4      ; No valid clock domain found ;
; bWM_PIO5      ; No valid clock domain found ;
; bWM_PIO7      ; No valid clock domain found ;
; bWM_PIO8      ; No valid clock domain found ;
; bWM_PIO18     ; No valid clock domain found ;
; bWM_PIO20     ; No valid clock domain found ;
; bWM_PIO21     ; No valid clock domain found ;
; bWM_PIO27     ; No valid clock domain found ;
; bWM_PIO28     ; No valid clock domain found ;
; bWM_PIO29     ; No valid clock domain found ;
; bWM_PIO31     ; No valid clock domain found ;
; bWM_PIO34     ; No valid clock domain found ;
; bWM_PIO35     ; No valid clock domain found ;
; bWM_PIO36     ; No valid clock domain found ;
; oWM_RX        ; No valid clock domain found ;
; oWM_RESET     ; No valid clock domain found ;
; bHDMI_SDA     ; No valid clock domain found ;
; bHDMI_SCL     ; No valid clock domain found ;
; bMIPI_SDA     ; No valid clock domain found ;
; bMIPI_SCL     ; No valid clock domain found ;
; bMIPI_GP[0]   ; No valid clock domain found ;
; bMIPI_GP[1]   ; No valid clock domain found ;
; oFLASH_MOSI   ; No valid clock domain found ;
; iFLASH_MISO   ; No valid clock domain found ;
; oFLASH_HOLD   ; No valid clock domain found ;
; oFLASH_WP     ; No valid clock domain found ;
+---------------+-----------------------------+


+-------------------------------------------------------------------------+
; Operating Conditions Used                                               ;
+---------------------------------------------+---------------------------+
; Setting                                     ; Value                     ;
+---------------------------------------------+---------------------------+
; Device power characteristics                ; Typical                   ;
;                                             ;                           ;
; Voltages                                    ;                           ;
;     VCCINT                                  ; 1.20 V                    ;
;     VCCA                                    ; 2.50 V                    ;
;     VCCD                                    ; 1.20 V                    ;
;     3.3-V LVTTL I/O Standard                ; 3.3 V                     ;
;     3.3-V LVCMOS I/O Standard               ; 3.3 V                     ;
;     2.5 V I/O Standard                      ; 2.5 V                     ;
;     LVDS I/O Standard                       ; 2.5 V                     ;
;                                             ;                           ;
; Auto computed junction temperature          ; 28.0 degrees Celsius      ;
;     Ambient temperature                     ; 25.0 degrees Celsius      ;
;     Junction-to-Case thermal resistance     ; 7.60 degrees Celsius/Watt ;
;     Case-to-Heat Sink thermal resistance    ; 0.10 degrees Celsius/Watt ;
;     Heat Sink-to-Ambient thermal resistance ; 6.40 degrees Celsius/Watt ;
;                                             ;                           ;
; Board model used                            ; None                      ;
+---------------------------------------------+---------------------------+


+----------------------------------------------------------------------------------------------------------------------------------------------+
; Thermal Power Dissipation by Block                                                                                                           ;
+------------+------------+---------------------+-----------------------------+--------------------------------+-------------------------------+
; Block Name ; Block Type ; Total Thermal Power ; Block Thermal Dynamic Power ; Block Thermal Static Power (1) ; Routing Thermal Dynamic Power ;
+------------+------------+---------------------+-----------------------------+--------------------------------+-------------------------------+
(1) The "Thermal Power Dissipation by Block" Table has been hidden. To show this table, please select the "Write power dissipation by block to report file" option under "PowerPlay Power Analyzer Settings".


+--------------------------------------------------------------------------------------------------------------------------------------------------------------------------------------------------------------------+
; Thermal Power Dissipation by Block Type                                                                                                                                                                            ;
+---------------------+-----------------------------------+-----------------------------+--------------------------------+-------------------------------+-----------------------------------------------------------+
; Block Type          ; Total Thermal Power by Block Type ; Block Thermal Dynamic Power ; Block Thermal Static Power (1) ; Routing Thermal Dynamic Power ; Block Average Toggle Rate (millions of transitions / sec) ;
+---------------------+-----------------------------------+-----------------------------+--------------------------------+-------------------------------+-----------------------------------------------------------+
; JTAG                ; 0.04 mW                           ; 0.00 mW                     ; --                             ; 0.04 mW                       ;   10.500                                                  ;
; PLL                 ; 12.93 mW                          ; 12.93 mW                    ; --                             ; 0.00 mW                       ;  122.008                                                  ;
; Combinational cell  ; 3.11 mW                           ; 1.51 mW                     ; --                             ; 1.60 mW                       ;    2.426                                                  ;
; Clock control block ; 5.67 mW                           ; 0.00 mW                     ; --                             ; 5.67 mW                       ;  107.206                                                  ;
; Register cell       ; 2.12 mW                           ; 1.28 mW                     ; --                             ; 0.84 mW                       ;    5.118                                                  ;
; I/O                 ; 110.06 mW                         ; 3.63 mW                     ; 106.08 mW                      ; 0.36 mW                       ;    2.549                                                  ;
+---------------------+-----------------------------------+-----------------------------+--------------------------------+-------------------------------+-----------------------------------------------------------+
(1) The "Block Thermal Static Power" for all block types except Pins and the Voltage Regulator, if one exists, is part of the "Core Static Thermal Power Dissipation" value found on the PowerPlay Power Analyzer-->Summary report panel. The "Core Static Thermal Power Dissipation" also contains the thermal static power dissipated by the routing.


+----------------------------------------------------------------------------------------------------------------------------------------------------------------------------------------------------------------------------------------------------------------------------------------------------------------------------------------------------------------------------------------------------------------------------------------------------------------------------------------------------------------------------------------------------------------------------------------------------------------------------------------------------------+
; Thermal Power Dissipation by Hierarchy                                                                                                                                                                                                                                                                                                                                                                                                                                                                                                                                                                                                                   ;
+------------------------------------------------------------------------------------------------------------------------------------------+--------------------------------------+---------------------------------+-----------------------------------+-----------------------------------+--------------------------------------------------------------------------------------------------------------------------------------------------------------------------------------------------------------------------------------------------------------------------------------------------------------------------------------------------------------+
; Compilation Hierarchy Node                                                                                                               ; Total Thermal Power by Hierarchy (1) ; Block Thermal Dynamic Power (1) ; Block Thermal Static Power (1)(2) ; Routing Thermal Dynamic Power (1) ; Full Hierarchy Name                                                                                                                                                                                                                                                                                                                                          ;
+------------------------------------------------------------------------------------------------------------------------------------------+--------------------------------------+---------------------------------+-----------------------------------+-----------------------------------+--------------------------------------------------------------------------------------------------------------------------------------------------------------------------------------------------------------------------------------------------------------------------------------------------------------------------------------------------------------+
; |MKRVIDOR4000_top                                                                                                                        ; 133.94 mW (110.27 mW)                ; 19.35 mW (3.63 mW)              ; 106.08 mW (106.08 mW)             ; 8.51 mW (0.57 mW)                 ; |MKRVIDOR4000_top                                                                                                                                                                                                                                                                                                                                            ;
;     |SYSTEM_PLL:PLL_inst                                                                                                                 ; 18.08 mW (0.00 mW)                   ; 12.93 mW (0.00 mW)              ; --                                ; 5.15 mW (0.00 mW)                 ; |MKRVIDOR4000_top|SYSTEM_PLL:PLL_inst                                                                                                                                                                                                                                                                                                                        ;
;         |SYSTEM_PLL_altpll:altpll_component                                                                                              ; 18.08 mW (18.08 mW)                  ; 12.93 mW (12.93 mW)             ; --                                ; 5.15 mW (5.15 mW)                 ; |MKRVIDOR4000_top|SYSTEM_PLL:PLL_inst|SYSTEM_PLL_altpll:altpll_component                                                                                                                                                                                                                                                                                     ;
;     |hard_block:auto_generated_inst                                                                                                      ; 0.00 mW (0.00 mW)                    ; 0.00 mW (0.00 mW)               ; --                                ; 0.00 mW (0.00 mW)                 ; |MKRVIDOR4000_top|hard_block:auto_generated_inst                                                                                                                                                                                                                                                                                                             ;
;     |sld_hub:auto_hub                                                                                                                    ; 0.17 mW (0.00 mW)                    ; 0.13 mW (0.00 mW)               ; --                                ; 0.04 mW (0.00 mW)                 ; |MKRVIDOR4000_top|sld_hub:auto_hub                                                                                                                                                                                                                                                                                                                           ;
;         |alt_sld_fab_with_jtag_input:\instrumentation_fabric_with_node_gen:fabric_gen_new_way:with_jtag_input_gen:instrumentation_fabric ; 0.17 mW (0.00 mW)                    ; 0.13 mW (0.00 mW)               ; --                                ; 0.04 mW (0.00 mW)                 ; |MKRVIDOR4000_top|sld_hub:auto_hub|alt_sld_fab_with_jtag_input:\instrumentation_fabric_with_node_gen:fabric_gen_new_way:with_jtag_input_gen:instrumentation_fabric                                                                                                                                                                                           ;
;             |alt_sld_fab:instrumentation_fabric                                                                                          ; 0.17 mW (0.00 mW)                    ; 0.13 mW (0.00 mW)               ; --                                ; 0.04 mW (0.00 mW)                 ; |MKRVIDOR4000_top|sld_hub:auto_hub|alt_sld_fab_with_jtag_input:\instrumentation_fabric_with_node_gen:fabric_gen_new_way:with_jtag_input_gen:instrumentation_fabric|alt_sld_fab:instrumentation_fabric                                                                                                                                                        ;
;                 |alt_sld_fab_alt_sld_fab:alt_sld_fab                                                                                     ; 0.17 mW (0.01 mW)                    ; 0.13 mW (0.00 mW)               ; --                                ; 0.04 mW (0.00 mW)                 ; |MKRVIDOR4000_top|sld_hub:auto_hub|alt_sld_fab_with_jtag_input:\instrumentation_fabric_with_node_gen:fabric_gen_new_way:with_jtag_input_gen:instrumentation_fabric|alt_sld_fab:instrumentation_fabric|alt_sld_fab_alt_sld_fab:alt_sld_fab                                                                                                                    ;
;                     |alt_sld_fab_alt_sld_fab_ident:ident                                                                                 ; 0.00 mW (0.00 mW)                    ; 0.00 mW (0.00 mW)               ; --                                ; 0.00 mW (0.00 mW)                 ; |MKRVIDOR4000_top|sld_hub:auto_hub|alt_sld_fab_with_jtag_input:\instrumentation_fabric_with_node_gen:fabric_gen_new_way:with_jtag_input_gen:instrumentation_fabric|alt_sld_fab:instrumentation_fabric|alt_sld_fab_alt_sld_fab:alt_sld_fab|alt_sld_fab_alt_sld_fab_ident:ident                                                                                ;
;                     |alt_sld_fab_alt_sld_fab_sldfabric:sldfabric                                                                         ; 0.16 mW (0.00 mW)                    ; 0.12 mW (0.00 mW)               ; --                                ; 0.04 mW (0.00 mW)                 ; |MKRVIDOR4000_top|sld_hub:auto_hub|alt_sld_fab_with_jtag_input:\instrumentation_fabric_with_node_gen:fabric_gen_new_way:with_jtag_input_gen:instrumentation_fabric|alt_sld_fab:instrumentation_fabric|alt_sld_fab_alt_sld_fab:alt_sld_fab|alt_sld_fab_alt_sld_fab_sldfabric:sldfabric                                                                        ;
;                         |sld_jtag_hub:\jtag_hub_gen:real_sld_jtag_hub                                                                    ; 0.16 mW (0.10 mW)                    ; 0.12 mW (0.08 mW)               ; --                                ; 0.04 mW (0.02 mW)                 ; |MKRVIDOR4000_top|sld_hub:auto_hub|alt_sld_fab_with_jtag_input:\instrumentation_fabric_with_node_gen:fabric_gen_new_way:with_jtag_input_gen:instrumentation_fabric|alt_sld_fab:instrumentation_fabric|alt_sld_fab_alt_sld_fab:alt_sld_fab|alt_sld_fab_alt_sld_fab_sldfabric:sldfabric|sld_jtag_hub:\jtag_hub_gen:real_sld_jtag_hub                           ;
;                             |sld_rom_sr:hub_info_reg                                                                                     ; 0.02 mW (0.02 mW)                    ; 0.01 mW (0.01 mW)               ; --                                ; 0.00 mW (0.00 mW)                 ; |MKRVIDOR4000_top|sld_hub:auto_hub|alt_sld_fab_with_jtag_input:\instrumentation_fabric_with_node_gen:fabric_gen_new_way:with_jtag_input_gen:instrumentation_fabric|alt_sld_fab:instrumentation_fabric|alt_sld_fab_alt_sld_fab:alt_sld_fab|alt_sld_fab_alt_sld_fab_sldfabric:sldfabric|sld_jtag_hub:\jtag_hub_gen:real_sld_jtag_hub|sld_rom_sr:hub_info_reg   ;
;                             |sld_shadow_jsm:shadow_jsm                                                                                   ; 0.04 mW (0.04 mW)                    ; 0.03 mW (0.03 mW)               ; --                                ; 0.01 mW (0.01 mW)                 ; |MKRVIDOR4000_top|sld_hub:auto_hub|alt_sld_fab_with_jtag_input:\instrumentation_fabric_with_node_gen:fabric_gen_new_way:with_jtag_input_gen:instrumentation_fabric|alt_sld_fab:instrumentation_fabric|alt_sld_fab_alt_sld_fab:alt_sld_fab|alt_sld_fab_alt_sld_fab_sldfabric:sldfabric|sld_jtag_hub:\jtag_hub_gen:real_sld_jtag_hub|sld_shadow_jsm:shadow_jsm ;
;         |sld_jtag_interface_mod:\jtag_interface_mod_gen:device_family_mod_inst                                                           ; 0.00 mW (0.00 mW)                    ; 0.00 mW (0.00 mW)               ; --                                ; 0.00 mW (0.00 mW)                 ; |MKRVIDOR4000_top|sld_hub:auto_hub|sld_jtag_interface_mod:\jtag_interface_mod_gen:device_family_mod_inst                                                                                                                                                                                                                                                     ;
;     |jtag_interface:interfacejtag                                                                                                        ; 1.03 mW (0.00 mW)                    ; 0.46 mW (0.00 mW)               ; --                                ; 0.57 mW (0.00 mW)                 ; |MKRVIDOR4000_top|jtag_interface:interfacejtag                                                                                                                                                                                                                                                                                                               ;
;         |sld_virtual_jtag:jtag                                                                                                           ; 0.00 mW (0.00 mW)                    ; 0.00 mW (0.00 mW)               ; --                                ; 0.00 mW (0.00 mW)                 ; |MKRVIDOR4000_top|jtag_interface:interfacejtag|sld_virtual_jtag:jtag                                                                                                                                                                                                                                                                                         ;
;             |sld_virtual_jtag_basic:sld_virtual_jtag_basic_inst                                                                          ; 0.00 mW (0.00 mW)                    ; 0.00 mW (0.00 mW)               ; --                                ; 0.00 mW (0.00 mW)                 ; |MKRVIDOR4000_top|jtag_interface:interfacejtag|sld_virtual_jtag:jtag|sld_virtual_jtag_basic:sld_virtual_jtag_basic_inst                                                                                                                                                                                                                                      ;
;                 |sld_virtual_jtag_impl:sld_virtual_jtag_impl_inst                                                                        ; 0.00 mW (0.00 mW)                    ; 0.00 mW (0.00 mW)               ; --                                ; 0.00 mW (0.00 mW)                 ; |MKRVIDOR4000_top|jtag_interface:interfacejtag|sld_virtual_jtag:jtag|sld_virtual_jtag_basic:sld_virtual_jtag_basic_inst|sld_virtual_jtag_impl:sld_virtual_jtag_impl_inst                                                                                                                                                                                     ;
;                     |sld_jtag_endpoint_adapter:jtag_signal_adapter                                                                       ; 0.00 mW (0.00 mW)                    ; 0.00 mW (0.00 mW)               ; --                                ; 0.00 mW (0.00 mW)                 ; |MKRVIDOR4000_top|jtag_interface:interfacejtag|sld_virtual_jtag:jtag|sld_virtual_jtag_basic:sld_virtual_jtag_basic_inst|sld_virtual_jtag_impl:sld_virtual_jtag_impl_inst|sld_jtag_endpoint_adapter:jtag_signal_adapter                                                                                                                                       ;
;         |jtag_synchronizer:jtag_sync                                                                                                     ; 0.63 mW (0.00 mW)                    ; 0.24 mW (0.00 mW)               ; --                                ; 0.39 mW (0.00 mW)                 ; |MKRVIDOR4000_top|jtag_interface:interfacejtag|jtag_synchronizer:jtag_sync                                                                                                                                                                                                                                                                                   ;
;             |synchronizer_basic:inst                                                                                                     ; 0.02 mW (0.02 mW)                    ; 0.02 mW (0.02 mW)               ; --                                ; 0.00 mW (0.00 mW)                 ; |MKRVIDOR4000_top|jtag_interface:interfacejtag|jtag_synchronizer:jtag_sync|synchronizer_basic:inst                                                                                                                                                                                                                                                           ;
;             |synchronizer_basic:inst1                                                                                                    ; 0.04 mW (0.04 mW)                    ; 0.02 mW (0.02 mW)               ; --                                ; 0.02 mW (0.02 mW)                 ; |MKRVIDOR4000_top|jtag_interface:interfacejtag|jtag_synchronizer:jtag_sync|synchronizer_basic:inst1                                                                                                                                                                                                                                                          ;
;             |synchronizer_basic:inst2                                                                                                    ; 0.03 mW (0.03 mW)                    ; 0.02 mW (0.02 mW)               ; --                                ; 0.01 mW (0.01 mW)                 ; |MKRVIDOR4000_top|jtag_interface:interfacejtag|jtag_synchronizer:jtag_sync|synchronizer_basic:inst2                                                                                                                                                                                                                                                          ;
;             |synchronizer_basic:inst3                                                                                                    ; 0.04 mW (0.04 mW)                    ; 0.04 mW (0.04 mW)               ; --                                ; 0.00 mW (0.00 mW)                 ; |MKRVIDOR4000_top|jtag_interface:interfacejtag|jtag_synchronizer:jtag_sync|synchronizer_basic:inst3                                                                                                                                                                                                                                                          ;
;             |synchronizer_basic:inst5                                                                                                    ; 0.05 mW (0.05 mW)                    ; 0.05 mW (0.05 mW)               ; --                                ; 0.00 mW (0.00 mW)                 ; |MKRVIDOR4000_top|jtag_interface:interfacejtag|jtag_synchronizer:jtag_sync|synchronizer_basic:inst5                                                                                                                                                                                                                                                          ;
;             |synchronizer_basic:inst6                                                                                                    ; 0.45 mW (0.45 mW)                    ; 0.08 mW (0.08 mW)               ; --                                ; 0.36 mW (0.36 mW)                 ; |MKRVIDOR4000_top|jtag_interface:interfacejtag|jtag_synchronizer:jtag_sync|synchronizer_basic:inst6                                                                                                                                                                                                                                                          ;
;         |jtag_memory:memory                                                                                                              ; 0.40 mW (0.40 mW)                    ; 0.22 mW (0.22 mW)               ; --                                ; 0.18 mW (0.18 mW)                 ; |MKRVIDOR4000_top|jtag_interface:interfacejtag|jtag_memory:memory                                                                                                                                                                                                                                                                                            ;
;     |eco_nn_top:uut                                                                                                                      ; 4.39 mW (1.05 mW)                    ; 2.20 mW (0.37 mW)               ; --                                ; 2.19 mW (0.69 mW)                 ; |MKRVIDOR4000_top|eco_nn_top:uut                                                                                                                                                                                                                                                                                                                             ;
;         |neuron:hidden_layer[0].h_neuron                                                                                                 ; 0.37 mW (0.28 mW)                    ; 0.12 mW (0.09 mW)               ; --                                ; 0.25 mW (0.19 mW)                 ; |MKRVIDOR4000_top|eco_nn_top:uut|neuron:hidden_layer[0].h_neuron                                                                                                                                                                                                                                                                                             ;
;             |lpm_mult:Mult0                                                                                                              ; 0.01 mW (0.00 mW)                    ; 0.01 mW (0.00 mW)               ; --                                ; 0.00 mW (0.00 mW)                 ; |MKRVIDOR4000_top|eco_nn_top:uut|neuron:hidden_layer[0].h_neuron|lpm_mult:Mult0                                                                                                                                                                                                                                                                              ;
;                 |multcore:mult_core                                                                                                      ; 0.01 mW (0.01 mW)                    ; 0.01 mW (0.01 mW)               ; --                                ; 0.00 mW (0.00 mW)                 ; |MKRVIDOR4000_top|eco_nn_top:uut|neuron:hidden_layer[0].h_neuron|lpm_mult:Mult0|multcore:mult_core                                                                                                                                                                                                                                                           ;
;                     |mpar_add:padder                                                                                                     ; 0.00 mW (0.00 mW)                    ; 0.00 mW (0.00 mW)               ; --                                ; 0.00 mW (0.00 mW)                 ; |MKRVIDOR4000_top|eco_nn_top:uut|neuron:hidden_layer[0].h_neuron|lpm_mult:Mult0|multcore:mult_core|mpar_add:padder                                                                                                                                                                                                                                           ;
;                         |lpm_add_sub:adder[0]                                                                                            ; 0.00 mW (0.00 mW)                    ; 0.00 mW (0.00 mW)               ; --                                ; 0.00 mW (0.00 mW)                 ; |MKRVIDOR4000_top|eco_nn_top:uut|neuron:hidden_layer[0].h_neuron|lpm_mult:Mult0|multcore:mult_core|mpar_add:padder|lpm_add_sub:adder[0]                                                                                                                                                                                                                      ;
;                             |add_sub_qih:auto_generated                                                                                  ; 0.00 mW (0.00 mW)                    ; 0.00 mW (0.00 mW)               ; --                                ; 0.00 mW (0.00 mW)                 ; |MKRVIDOR4000_top|eco_nn_top:uut|neuron:hidden_layer[0].h_neuron|lpm_mult:Mult0|multcore:mult_core|mpar_add:padder|lpm_add_sub:adder[0]|add_sub_qih:auto_generated                                                                                                                                                                                           ;
;             |lpm_mult:Mult1                                                                                                              ; 0.01 mW (0.00 mW)                    ; 0.01 mW (0.00 mW)               ; --                                ; 0.01 mW (0.00 mW)                 ; |MKRVIDOR4000_top|eco_nn_top:uut|neuron:hidden_layer[0].h_neuron|lpm_mult:Mult1                                                                                                                                                                                                                                                                              ;
;                 |multcore:mult_core                                                                                                      ; 0.01 mW (0.00 mW)                    ; 0.01 mW (0.00 mW)               ; --                                ; 0.01 mW (0.00 mW)                 ; |MKRVIDOR4000_top|eco_nn_top:uut|neuron:hidden_layer[0].h_neuron|lpm_mult:Mult1|multcore:mult_core                                                                                                                                                                                                                                                           ;
;                     |mpar_add:padder                                                                                                     ; 0.01 mW (0.00 mW)                    ; 0.00 mW (0.00 mW)               ; --                                ; 0.01 mW (0.00 mW)                 ; |MKRVIDOR4000_top|eco_nn_top:uut|neuron:hidden_layer[0].h_neuron|lpm_mult:Mult1|multcore:mult_core|mpar_add:padder                                                                                                                                                                                                                                           ;
;                         |lpm_add_sub:adder[0]                                                                                            ; 0.01 mW (0.00 mW)                    ; 0.00 mW (0.00 mW)               ; --                                ; 0.01 mW (0.00 mW)                 ; |MKRVIDOR4000_top|eco_nn_top:uut|neuron:hidden_layer[0].h_neuron|lpm_mult:Mult1|multcore:mult_core|mpar_add:padder|lpm_add_sub:adder[0]                                                                                                                                                                                                                      ;
;                             |add_sub_pih:auto_generated                                                                                  ; 0.01 mW (0.01 mW)                    ; 0.00 mW (0.00 mW)               ; --                                ; 0.01 mW (0.01 mW)                 ; |MKRVIDOR4000_top|eco_nn_top:uut|neuron:hidden_layer[0].h_neuron|lpm_mult:Mult1|multcore:mult_core|mpar_add:padder|lpm_add_sub:adder[0]|add_sub_pih:auto_generated                                                                                                                                                                                           ;
;             |lpm_mult:Mult2                                                                                                              ; 0.01 mW (0.00 mW)                    ; 0.01 mW (0.00 mW)               ; --                                ; 0.01 mW (0.00 mW)                 ; |MKRVIDOR4000_top|eco_nn_top:uut|neuron:hidden_layer[0].h_neuron|lpm_mult:Mult2                                                                                                                                                                                                                                                                              ;
;                 |multcore:mult_core                                                                                                      ; 0.01 mW (0.00 mW)                    ; 0.01 mW (0.00 mW)               ; --                                ; 0.01 mW (0.00 mW)                 ; |MKRVIDOR4000_top|eco_nn_top:uut|neuron:hidden_layer[0].h_neuron|lpm_mult:Mult2|multcore:mult_core                                                                                                                                                                                                                                                           ;
;                     |mpar_add:padder                                                                                                     ; 0.01 mW (0.00 mW)                    ; 0.00 mW (0.00 mW)               ; --                                ; 0.01 mW (0.00 mW)                 ; |MKRVIDOR4000_top|eco_nn_top:uut|neuron:hidden_layer[0].h_neuron|lpm_mult:Mult2|multcore:mult_core|mpar_add:padder                                                                                                                                                                                                                                           ;
;                         |lpm_add_sub:adder[0]                                                                                            ; 0.01 mW (0.00 mW)                    ; 0.00 mW (0.00 mW)               ; --                                ; 0.01 mW (0.00 mW)                 ; |MKRVIDOR4000_top|eco_nn_top:uut|neuron:hidden_layer[0].h_neuron|lpm_mult:Mult2|multcore:mult_core|mpar_add:padder|lpm_add_sub:adder[0]                                                                                                                                                                                                                      ;
;                             |add_sub_rih:auto_generated                                                                                  ; 0.01 mW (0.01 mW)                    ; 0.00 mW (0.00 mW)               ; --                                ; 0.01 mW (0.01 mW)                 ; |MKRVIDOR4000_top|eco_nn_top:uut|neuron:hidden_layer[0].h_neuron|lpm_mult:Mult2|multcore:mult_core|mpar_add:padder|lpm_add_sub:adder[0]|add_sub_rih:auto_generated                                                                                                                                                                                           ;
;             |lpm_mult:Mult4                                                                                                              ; 0.01 mW (0.00 mW)                    ; 0.00 mW (0.00 mW)               ; --                                ; 0.00 mW (0.00 mW)                 ; |MKRVIDOR4000_top|eco_nn_top:uut|neuron:hidden_layer[0].h_neuron|lpm_mult:Mult4                                                                                                                                                                                                                                                                              ;
;                 |multcore:mult_core                                                                                                      ; 0.01 mW (0.00 mW)                    ; 0.00 mW (0.00 mW)               ; --                                ; 0.00 mW (0.00 mW)                 ; |MKRVIDOR4000_top|eco_nn_top:uut|neuron:hidden_layer[0].h_neuron|lpm_mult:Mult4|multcore:mult_core                                                                                                                                                                                                                                                           ;
;                     |lpm_add_sub:adder                                                                                                   ; 0.01 mW (0.00 mW)                    ; 0.00 mW (0.00 mW)               ; --                                ; 0.00 mW (0.00 mW)                 ; |MKRVIDOR4000_top|eco_nn_top:uut|neuron:hidden_layer[0].h_neuron|lpm_mult:Mult4|multcore:mult_core|lpm_add_sub:adder                                                                                                                                                                                                                                         ;
;                         |add_sub_18h:auto_generated                                                                                      ; 0.01 mW (0.01 mW)                    ; 0.00 mW (0.00 mW)               ; --                                ; 0.00 mW (0.00 mW)                 ; |MKRVIDOR4000_top|eco_nn_top:uut|neuron:hidden_layer[0].h_neuron|lpm_mult:Mult4|multcore:mult_core|lpm_add_sub:adder|add_sub_18h:auto_generated                                                                                                                                                                                                              ;
;             |lpm_mult:Mult5                                                                                                              ; 0.02 mW (0.00 mW)                    ; 0.00 mW (0.00 mW)               ; --                                ; 0.01 mW (0.00 mW)                 ; |MKRVIDOR4000_top|eco_nn_top:uut|neuron:hidden_layer[0].h_neuron|lpm_mult:Mult5                                                                                                                                                                                                                                                                              ;
;                 |multcore:mult_core                                                                                                      ; 0.02 mW (0.00 mW)                    ; 0.00 mW (0.00 mW)               ; --                                ; 0.01 mW (0.00 mW)                 ; |MKRVIDOR4000_top|eco_nn_top:uut|neuron:hidden_layer[0].h_neuron|lpm_mult:Mult5|multcore:mult_core                                                                                                                                                                                                                                                           ;
;                     |lpm_add_sub:adder                                                                                                   ; 0.02 mW (0.00 mW)                    ; 0.00 mW (0.00 mW)               ; --                                ; 0.01 mW (0.00 mW)                 ; |MKRVIDOR4000_top|eco_nn_top:uut|neuron:hidden_layer[0].h_neuron|lpm_mult:Mult5|multcore:mult_core|lpm_add_sub:adder                                                                                                                                                                                                                                         ;
;                         |add_sub_18h:auto_generated                                                                                      ; 0.02 mW (0.02 mW)                    ; 0.00 mW (0.00 mW)               ; --                                ; 0.01 mW (0.01 mW)                 ; |MKRVIDOR4000_top|eco_nn_top:uut|neuron:hidden_layer[0].h_neuron|lpm_mult:Mult5|multcore:mult_core|lpm_add_sub:adder|add_sub_18h:auto_generated                                                                                                                                                                                                              ;
;             |lpm_mult:Mult6                                                                                                              ; 0.02 mW (0.00 mW)                    ; 0.00 mW (0.00 mW)               ; --                                ; 0.02 mW (0.00 mW)                 ; |MKRVIDOR4000_top|eco_nn_top:uut|neuron:hidden_layer[0].h_neuron|lpm_mult:Mult6                                                                                                                                                                                                                                                                              ;
;                 |multcore:mult_core                                                                                                      ; 0.02 mW (0.00 mW)                    ; 0.00 mW (0.00 mW)               ; --                                ; 0.02 mW (0.00 mW)                 ; |MKRVIDOR4000_top|eco_nn_top:uut|neuron:hidden_layer[0].h_neuron|lpm_mult:Mult6|multcore:mult_core                                                                                                                                                                                                                                                           ;
;                     |lpm_add_sub:adder                                                                                                   ; 0.02 mW (0.00 mW)                    ; 0.00 mW (0.00 mW)               ; --                                ; 0.02 mW (0.00 mW)                 ; |MKRVIDOR4000_top|eco_nn_top:uut|neuron:hidden_layer[0].h_neuron|lpm_mult:Mult6|multcore:mult_core|lpm_add_sub:adder                                                                                                                                                                                                                                         ;
;                         |add_sub_18h:auto_generated                                                                                      ; 0.02 mW (0.02 mW)                    ; 0.00 mW (0.00 mW)               ; --                                ; 0.02 mW (0.02 mW)                 ; |MKRVIDOR4000_top|eco_nn_top:uut|neuron:hidden_layer[0].h_neuron|lpm_mult:Mult6|multcore:mult_core|lpm_add_sub:adder|add_sub_18h:auto_generated                                                                                                                                                                                                              ;
;             |lpm_mult:Mult7                                                                                                              ; 0.01 mW (0.00 mW)                    ; 0.00 mW (0.00 mW)               ; --                                ; 0.01 mW (0.00 mW)                 ; |MKRVIDOR4000_top|eco_nn_top:uut|neuron:hidden_layer[0].h_neuron|lpm_mult:Mult7                                                                                                                                                                                                                                                                              ;
;                 |multcore:mult_core                                                                                                      ; 0.01 mW (0.01 mW)                    ; 0.00 mW (0.00 mW)               ; --                                ; 0.01 mW (0.00 mW)                 ; |MKRVIDOR4000_top|eco_nn_top:uut|neuron:hidden_layer[0].h_neuron|lpm_mult:Mult7|multcore:mult_core                                                                                                                                                                                                                                                           ;
;                     |mpar_add:padder                                                                                                     ; 0.00 mW (0.00 mW)                    ; 0.00 mW (0.00 mW)               ; --                                ; 0.00 mW (0.00 mW)                 ; |MKRVIDOR4000_top|eco_nn_top:uut|neuron:hidden_layer[0].h_neuron|lpm_mult:Mult7|multcore:mult_core|mpar_add:padder                                                                                                                                                                                                                                           ;
;                         |lpm_add_sub:adder[0]                                                                                            ; 0.00 mW (0.00 mW)                    ; 0.00 mW (0.00 mW)               ; --                                ; 0.00 mW (0.00 mW)                 ; |MKRVIDOR4000_top|eco_nn_top:uut|neuron:hidden_layer[0].h_neuron|lpm_mult:Mult7|multcore:mult_core|mpar_add:padder|lpm_add_sub:adder[0]                                                                                                                                                                                                                      ;
;                             |add_sub_oih:auto_generated                                                                                  ; 0.00 mW (0.00 mW)                    ; 0.00 mW (0.00 mW)               ; --                                ; 0.00 mW (0.00 mW)                 ; |MKRVIDOR4000_top|eco_nn_top:uut|neuron:hidden_layer[0].h_neuron|lpm_mult:Mult7|multcore:mult_core|mpar_add:padder|lpm_add_sub:adder[0]|add_sub_oih:auto_generated                                                                                                                                                                                           ;
;         |neuron:hidden_layer[1].h_neuron                                                                                                 ; 0.22 mW (0.13 mW)                    ; 0.12 mW (0.08 mW)               ; --                                ; 0.10 mW (0.04 mW)                 ; |MKRVIDOR4000_top|eco_nn_top:uut|neuron:hidden_layer[1].h_neuron                                                                                                                                                                                                                                                                                             ;
;             |lpm_mult:Mult0                                                                                                              ; 0.02 mW (0.00 mW)                    ; 0.01 mW (0.00 mW)               ; --                                ; 0.01 mW (0.00 mW)                 ; |MKRVIDOR4000_top|eco_nn_top:uut|neuron:hidden_layer[1].h_neuron|lpm_mult:Mult0                                                                                                                                                                                                                                                                              ;
;                 |multcore:mult_core                                                                                                      ; 0.02 mW (0.01 mW)                    ; 0.01 mW (0.00 mW)               ; --                                ; 0.01 mW (0.00 mW)                 ; |MKRVIDOR4000_top|eco_nn_top:uut|neuron:hidden_layer[1].h_neuron|lpm_mult:Mult0|multcore:mult_core                                                                                                                                                                                                                                                           ;
;                     |mpar_add:padder                                                                                                     ; 0.01 mW (0.00 mW)                    ; 0.00 mW (0.00 mW)               ; --                                ; 0.01 mW (0.00 mW)                 ; |MKRVIDOR4000_top|eco_nn_top:uut|neuron:hidden_layer[1].h_neuron|lpm_mult:Mult0|multcore:mult_core|mpar_add:padder                                                                                                                                                                                                                                           ;
;                         |lpm_add_sub:adder[0]                                                                                            ; 0.01 mW (0.00 mW)                    ; 0.00 mW (0.00 mW)               ; --                                ; 0.01 mW (0.00 mW)                 ; |MKRVIDOR4000_top|eco_nn_top:uut|neuron:hidden_layer[1].h_neuron|lpm_mult:Mult0|multcore:mult_core|mpar_add:padder|lpm_add_sub:adder[0]                                                                                                                                                                                                                      ;
;                             |add_sub_pih:auto_generated                                                                                  ; 0.01 mW (0.01 mW)                    ; 0.00 mW (0.00 mW)               ; --                                ; 0.01 mW (0.01 mW)                 ; |MKRVIDOR4000_top|eco_nn_top:uut|neuron:hidden_layer[1].h_neuron|lpm_mult:Mult0|multcore:mult_core|mpar_add:padder|lpm_add_sub:adder[0]|add_sub_pih:auto_generated                                                                                                                                                                                           ;
;             |lpm_mult:Mult2                                                                                                              ; 0.00 mW (0.00 mW)                    ; 0.00 mW (0.00 mW)               ; --                                ; 0.00 mW (0.00 mW)                 ; |MKRVIDOR4000_top|eco_nn_top:uut|neuron:hidden_layer[1].h_neuron|lpm_mult:Mult2                                                                                                                                                                                                                                                                              ;
;                 |multcore:mult_core                                                                                                      ; 0.00 mW (0.00 mW)                    ; 0.00 mW (0.00 mW)               ; --                                ; 0.00 mW (0.00 mW)                 ; |MKRVIDOR4000_top|eco_nn_top:uut|neuron:hidden_layer[1].h_neuron|lpm_mult:Mult2|multcore:mult_core                                                                                                                                                                                                                                                           ;
;                     |mpar_add:padder                                                                                                     ; 0.00 mW (0.00 mW)                    ; 0.00 mW (0.00 mW)               ; --                                ; 0.00 mW (0.00 mW)                 ; |MKRVIDOR4000_top|eco_nn_top:uut|neuron:hidden_layer[1].h_neuron|lpm_mult:Mult2|multcore:mult_core|mpar_add:padder                                                                                                                                                                                                                                           ;
;                         |lpm_add_sub:adder[0]                                                                                            ; 0.00 mW (0.00 mW)                    ; 0.00 mW (0.00 mW)               ; --                                ; 0.00 mW (0.00 mW)                 ; |MKRVIDOR4000_top|eco_nn_top:uut|neuron:hidden_layer[1].h_neuron|lpm_mult:Mult2|multcore:mult_core|mpar_add:padder|lpm_add_sub:adder[0]                                                                                                                                                                                                                      ;
;                             |add_sub_oih:auto_generated                                                                                  ; 0.00 mW (0.00 mW)                    ; 0.00 mW (0.00 mW)               ; --                                ; 0.00 mW (0.00 mW)                 ; |MKRVIDOR4000_top|eco_nn_top:uut|neuron:hidden_layer[1].h_neuron|lpm_mult:Mult2|multcore:mult_core|mpar_add:padder|lpm_add_sub:adder[0]|add_sub_oih:auto_generated                                                                                                                                                                                           ;
;             |lpm_mult:Mult3                                                                                                              ; 0.02 mW (0.00 mW)                    ; 0.01 mW (0.00 mW)               ; --                                ; 0.02 mW (0.00 mW)                 ; |MKRVIDOR4000_top|eco_nn_top:uut|neuron:hidden_layer[1].h_neuron|lpm_mult:Mult3                                                                                                                                                                                                                                                                              ;
;                 |multcore:mult_core                                                                                                      ; 0.02 mW (0.00 mW)                    ; 0.01 mW (0.00 mW)               ; --                                ; 0.02 mW (0.00 mW)                 ; |MKRVIDOR4000_top|eco_nn_top:uut|neuron:hidden_layer[1].h_neuron|lpm_mult:Mult3|multcore:mult_core                                                                                                                                                                                                                                                           ;
;                     |mpar_add:padder                                                                                                     ; 0.02 mW (0.00 mW)                    ; 0.00 mW (0.00 mW)               ; --                                ; 0.01 mW (0.00 mW)                 ; |MKRVIDOR4000_top|eco_nn_top:uut|neuron:hidden_layer[1].h_neuron|lpm_mult:Mult3|multcore:mult_core|mpar_add:padder                                                                                                                                                                                                                                           ;
;                         |lpm_add_sub:adder[0]                                                                                            ; 0.02 mW (0.00 mW)                    ; 0.00 mW (0.00 mW)               ; --                                ; 0.01 mW (0.00 mW)                 ; |MKRVIDOR4000_top|eco_nn_top:uut|neuron:hidden_layer[1].h_neuron|lpm_mult:Mult3|multcore:mult_core|mpar_add:padder|lpm_add_sub:adder[0]                                                                                                                                                                                                                      ;
;                             |add_sub_qih:auto_generated                                                                                  ; 0.02 mW (0.02 mW)                    ; 0.00 mW (0.00 mW)               ; --                                ; 0.01 mW (0.01 mW)                 ; |MKRVIDOR4000_top|eco_nn_top:uut|neuron:hidden_layer[1].h_neuron|lpm_mult:Mult3|multcore:mult_core|mpar_add:padder|lpm_add_sub:adder[0]|add_sub_qih:auto_generated                                                                                                                                                                                           ;
;             |lpm_mult:Mult4                                                                                                              ; 0.02 mW (0.00 mW)                    ; 0.01 mW (0.00 mW)               ; --                                ; 0.01 mW (0.00 mW)                 ; |MKRVIDOR4000_top|eco_nn_top:uut|neuron:hidden_layer[1].h_neuron|lpm_mult:Mult4                                                                                                                                                                                                                                                                              ;
;                 |multcore:mult_core                                                                                                      ; 0.02 mW (0.00 mW)                    ; 0.01 mW (0.00 mW)               ; --                                ; 0.01 mW (0.00 mW)                 ; |MKRVIDOR4000_top|eco_nn_top:uut|neuron:hidden_layer[1].h_neuron|lpm_mult:Mult4|multcore:mult_core                                                                                                                                                                                                                                                           ;
;                     |mpar_add:padder                                                                                                     ; 0.01 mW (0.00 mW)                    ; 0.00 mW (0.00 mW)               ; --                                ; 0.01 mW (0.00 mW)                 ; |MKRVIDOR4000_top|eco_nn_top:uut|neuron:hidden_layer[1].h_neuron|lpm_mult:Mult4|multcore:mult_core|mpar_add:padder                                                                                                                                                                                                                                           ;
;                         |lpm_add_sub:adder[0]                                                                                            ; 0.01 mW (0.00 mW)                    ; 0.00 mW (0.00 mW)               ; --                                ; 0.01 mW (0.00 mW)                 ; |MKRVIDOR4000_top|eco_nn_top:uut|neuron:hidden_layer[1].h_neuron|lpm_mult:Mult4|multcore:mult_core|mpar_add:padder|lpm_add_sub:adder[0]                                                                                                                                                                                                                      ;
;                             |add_sub_qih:auto_generated                                                                                  ; 0.01 mW (0.01 mW)                    ; 0.00 mW (0.00 mW)               ; --                                ; 0.01 mW (0.01 mW)                 ; |MKRVIDOR4000_top|eco_nn_top:uut|neuron:hidden_layer[1].h_neuron|lpm_mult:Mult4|multcore:mult_core|mpar_add:padder|lpm_add_sub:adder[0]|add_sub_qih:auto_generated                                                                                                                                                                                           ;
;             |lpm_mult:Mult5                                                                                                              ; 0.01 mW (0.00 mW)                    ; 0.01 mW (0.00 mW)               ; --                                ; 0.00 mW (0.00 mW)                 ; |MKRVIDOR4000_top|eco_nn_top:uut|neuron:hidden_layer[1].h_neuron|lpm_mult:Mult5                                                                                                                                                                                                                                                                              ;
;                 |multcore:mult_core                                                                                                      ; 0.01 mW (0.01 mW)                    ; 0.01 mW (0.01 mW)               ; --                                ; 0.00 mW (0.00 mW)                 ; |MKRVIDOR4000_top|eco_nn_top:uut|neuron:hidden_layer[1].h_neuron|lpm_mult:Mult5|multcore:mult_core                                                                                                                                                                                                                                                           ;
;                     |mpar_add:padder                                                                                                     ; 0.01 mW (0.00 mW)                    ; 0.00 mW (0.00 mW)               ; --                                ; 0.00 mW (0.00 mW)                 ; |MKRVIDOR4000_top|eco_nn_top:uut|neuron:hidden_layer[1].h_neuron|lpm_mult:Mult5|multcore:mult_core|mpar_add:padder                                                                                                                                                                                                                                           ;
;                         |lpm_add_sub:adder[0]                                                                                            ; 0.01 mW (0.00 mW)                    ; 0.00 mW (0.00 mW)               ; --                                ; 0.00 mW (0.00 mW)                 ; |MKRVIDOR4000_top|eco_nn_top:uut|neuron:hidden_layer[1].h_neuron|lpm_mult:Mult5|multcore:mult_core|mpar_add:padder|lpm_add_sub:adder[0]                                                                                                                                                                                                                      ;
;                             |add_sub_qih:auto_generated                                                                                  ; 0.01 mW (0.01 mW)                    ; 0.00 mW (0.00 mW)               ; --                                ; 0.00 mW (0.00 mW)                 ; |MKRVIDOR4000_top|eco_nn_top:uut|neuron:hidden_layer[1].h_neuron|lpm_mult:Mult5|multcore:mult_core|mpar_add:padder|lpm_add_sub:adder[0]|add_sub_qih:auto_generated                                                                                                                                                                                           ;
;             |lpm_mult:Mult6                                                                                                              ; 0.01 mW (0.00 mW)                    ; 0.00 mW (0.00 mW)               ; --                                ; 0.01 mW (0.00 mW)                 ; |MKRVIDOR4000_top|eco_nn_top:uut|neuron:hidden_layer[1].h_neuron|lpm_mult:Mult6                                                                                                                                                                                                                                                                              ;
;                 |multcore:mult_core                                                                                                      ; 0.01 mW (0.00 mW)                    ; 0.00 mW (0.00 mW)               ; --                                ; 0.01 mW (0.00 mW)                 ; |MKRVIDOR4000_top|eco_nn_top:uut|neuron:hidden_layer[1].h_neuron|lpm_mult:Mult6|multcore:mult_core                                                                                                                                                                                                                                                           ;
;                     |mpar_add:padder                                                                                                     ; 0.01 mW (0.00 mW)                    ; 0.00 mW (0.00 mW)               ; --                                ; 0.01 mW (0.00 mW)                 ; |MKRVIDOR4000_top|eco_nn_top:uut|neuron:hidden_layer[1].h_neuron|lpm_mult:Mult6|multcore:mult_core|mpar_add:padder                                                                                                                                                                                                                                           ;
;                         |lpm_add_sub:adder[0]                                                                                            ; 0.01 mW (0.00 mW)                    ; 0.00 mW (0.00 mW)               ; --                                ; 0.01 mW (0.00 mW)                 ; |MKRVIDOR4000_top|eco_nn_top:uut|neuron:hidden_layer[1].h_neuron|lpm_mult:Mult6|multcore:mult_core|mpar_add:padder|lpm_add_sub:adder[0]                                                                                                                                                                                                                      ;
;                             |add_sub_pih:auto_generated                                                                                  ; 0.01 mW (0.01 mW)                    ; 0.00 mW (0.00 mW)               ; --                                ; 0.01 mW (0.01 mW)                 ; |MKRVIDOR4000_top|eco_nn_top:uut|neuron:hidden_layer[1].h_neuron|lpm_mult:Mult6|multcore:mult_core|mpar_add:padder|lpm_add_sub:adder[0]|add_sub_pih:auto_generated                                                                                                                                                                                           ;
;             |lpm_mult:Mult7                                                                                                              ; 0.01 mW (0.00 mW)                    ; 0.00 mW (0.00 mW)               ; --                                ; 0.00 mW (0.00 mW)                 ; |MKRVIDOR4000_top|eco_nn_top:uut|neuron:hidden_layer[1].h_neuron|lpm_mult:Mult7                                                                                                                                                                                                                                                                              ;
;                 |multcore:mult_core                                                                                                      ; 0.01 mW (0.00 mW)                    ; 0.00 mW (0.00 mW)               ; --                                ; 0.00 mW (0.00 mW)                 ; |MKRVIDOR4000_top|eco_nn_top:uut|neuron:hidden_layer[1].h_neuron|lpm_mult:Mult7|multcore:mult_core                                                                                                                                                                                                                                                           ;
;                     |mpar_add:padder                                                                                                     ; 0.01 mW (0.00 mW)                    ; 0.00 mW (0.00 mW)               ; --                                ; 0.00 mW (0.00 mW)                 ; |MKRVIDOR4000_top|eco_nn_top:uut|neuron:hidden_layer[1].h_neuron|lpm_mult:Mult7|multcore:mult_core|mpar_add:padder                                                                                                                                                                                                                                           ;
;                         |lpm_add_sub:adder[0]                                                                                            ; 0.01 mW (0.00 mW)                    ; 0.00 mW (0.00 mW)               ; --                                ; 0.00 mW (0.00 mW)                 ; |MKRVIDOR4000_top|eco_nn_top:uut|neuron:hidden_layer[1].h_neuron|lpm_mult:Mult7|multcore:mult_core|mpar_add:padder|lpm_add_sub:adder[0]                                                                                                                                                                                                                      ;
;                             |add_sub_pih:auto_generated                                                                                  ; 0.01 mW (0.01 mW)                    ; 0.00 mW (0.00 mW)               ; --                                ; 0.00 mW (0.00 mW)                 ; |MKRVIDOR4000_top|eco_nn_top:uut|neuron:hidden_layer[1].h_neuron|lpm_mult:Mult7|multcore:mult_core|mpar_add:padder|lpm_add_sub:adder[0]|add_sub_pih:auto_generated                                                                                                                                                                                           ;
;         |neuron:hidden_layer[2].h_neuron                                                                                                 ; 0.15 mW (0.12 mW)                    ; 0.10 mW (0.08 mW)               ; --                                ; 0.05 mW (0.03 mW)                 ; |MKRVIDOR4000_top|eco_nn_top:uut|neuron:hidden_layer[2].h_neuron                                                                                                                                                                                                                                                                                             ;
;             |lpm_mult:Mult0                                                                                                              ; 0.01 mW (0.00 mW)                    ; 0.01 mW (0.00 mW)               ; --                                ; 0.01 mW (0.00 mW)                 ; |MKRVIDOR4000_top|eco_nn_top:uut|neuron:hidden_layer[2].h_neuron|lpm_mult:Mult0                                                                                                                                                                                                                                                                              ;
;                 |multcore:mult_core                                                                                                      ; 0.01 mW (0.01 mW)                    ; 0.01 mW (0.00 mW)               ; --                                ; 0.01 mW (0.00 mW)                 ; |MKRVIDOR4000_top|eco_nn_top:uut|neuron:hidden_layer[2].h_neuron|lpm_mult:Mult0|multcore:mult_core                                                                                                                                                                                                                                                           ;
;                     |mpar_add:padder                                                                                                     ; 0.01 mW (0.00 mW)                    ; 0.00 mW (0.00 mW)               ; --                                ; 0.00 mW (0.00 mW)                 ; |MKRVIDOR4000_top|eco_nn_top:uut|neuron:hidden_layer[2].h_neuron|lpm_mult:Mult0|multcore:mult_core|mpar_add:padder                                                                                                                                                                                                                                           ;
;                         |lpm_add_sub:adder[0]                                                                                            ; 0.01 mW (0.00 mW)                    ; 0.00 mW (0.00 mW)               ; --                                ; 0.00 mW (0.00 mW)                 ; |MKRVIDOR4000_top|eco_nn_top:uut|neuron:hidden_layer[2].h_neuron|lpm_mult:Mult0|multcore:mult_core|mpar_add:padder|lpm_add_sub:adder[0]                                                                                                                                                                                                                      ;
;                             |add_sub_qih:auto_generated                                                                                  ; 0.01 mW (0.01 mW)                    ; 0.00 mW (0.00 mW)               ; --                                ; 0.00 mW (0.00 mW)                 ; |MKRVIDOR4000_top|eco_nn_top:uut|neuron:hidden_layer[2].h_neuron|lpm_mult:Mult0|multcore:mult_core|mpar_add:padder|lpm_add_sub:adder[0]|add_sub_qih:auto_generated                                                                                                                                                                                           ;
;             |lpm_mult:Mult2                                                                                                              ; 0.02 mW (0.00 mW)                    ; 0.01 mW (0.00 mW)               ; --                                ; 0.01 mW (0.00 mW)                 ; |MKRVIDOR4000_top|eco_nn_top:uut|neuron:hidden_layer[2].h_neuron|lpm_mult:Mult2                                                                                                                                                                                                                                                                              ;
;                 |multcore:mult_core                                                                                                      ; 0.02 mW (0.01 mW)                    ; 0.01 mW (0.00 mW)               ; --                                ; 0.01 mW (0.00 mW)                 ; |MKRVIDOR4000_top|eco_nn_top:uut|neuron:hidden_layer[2].h_neuron|lpm_mult:Mult2|multcore:mult_core                                                                                                                                                                                                                                                           ;
;                     |mpar_add:padder                                                                                                     ; 0.01 mW (0.00 mW)                    ; 0.00 mW (0.00 mW)               ; --                                ; 0.01 mW (0.00 mW)                 ; |MKRVIDOR4000_top|eco_nn_top:uut|neuron:hidden_layer[2].h_neuron|lpm_mult:Mult2|multcore:mult_core|mpar_add:padder                                                                                                                                                                                                                                           ;
;                         |lpm_add_sub:adder[0]                                                                                            ; 0.01 mW (0.00 mW)                    ; 0.00 mW (0.00 mW)               ; --                                ; 0.01 mW (0.00 mW)                 ; |MKRVIDOR4000_top|eco_nn_top:uut|neuron:hidden_layer[2].h_neuron|lpm_mult:Mult2|multcore:mult_core|mpar_add:padder|lpm_add_sub:adder[0]                                                                                                                                                                                                                      ;
;                             |add_sub_pih:auto_generated                                                                                  ; 0.01 mW (0.01 mW)                    ; 0.00 mW (0.00 mW)               ; --                                ; 0.01 mW (0.01 mW)                 ; |MKRVIDOR4000_top|eco_nn_top:uut|neuron:hidden_layer[2].h_neuron|lpm_mult:Mult2|multcore:mult_core|mpar_add:padder|lpm_add_sub:adder[0]|add_sub_pih:auto_generated                                                                                                                                                                                           ;
;         |neuron:hidden_layer[3].h_neuron                                                                                                 ; 0.19 mW (0.12 mW)                    ; 0.11 mW (0.07 mW)               ; --                                ; 0.09 mW (0.04 mW)                 ; |MKRVIDOR4000_top|eco_nn_top:uut|neuron:hidden_layer[3].h_neuron                                                                                                                                                                                                                                                                                             ;
;             |lpm_mult:Mult1                                                                                                              ; 0.03 mW (0.00 mW)                    ; 0.01 mW (0.00 mW)               ; --                                ; 0.02 mW (0.00 mW)                 ; |MKRVIDOR4000_top|eco_nn_top:uut|neuron:hidden_layer[3].h_neuron|lpm_mult:Mult1                                                                                                                                                                                                                                                                              ;
;                 |multcore:mult_core                                                                                                      ; 0.03 mW (0.01 mW)                    ; 0.01 mW (0.00 mW)               ; --                                ; 0.02 mW (0.00 mW)                 ; |MKRVIDOR4000_top|eco_nn_top:uut|neuron:hidden_layer[3].h_neuron|lpm_mult:Mult1|multcore:mult_core                                                                                                                                                                                                                                                           ;
;                     |mpar_add:padder                                                                                                     ; 0.02 mW (0.00 mW)                    ; 0.00 mW (0.00 mW)               ; --                                ; 0.02 mW (0.00 mW)                 ; |MKRVIDOR4000_top|eco_nn_top:uut|neuron:hidden_layer[3].h_neuron|lpm_mult:Mult1|multcore:mult_core|mpar_add:padder                                                                                                                                                                                                                                           ;
;                         |lpm_add_sub:adder[0]                                                                                            ; 0.02 mW (0.00 mW)                    ; 0.00 mW (0.00 mW)               ; --                                ; 0.02 mW (0.00 mW)                 ; |MKRVIDOR4000_top|eco_nn_top:uut|neuron:hidden_layer[3].h_neuron|lpm_mult:Mult1|multcore:mult_core|mpar_add:padder|lpm_add_sub:adder[0]                                                                                                                                                                                                                      ;
;                             |add_sub_qih:auto_generated                                                                                  ; 0.02 mW (0.02 mW)                    ; 0.00 mW (0.00 mW)               ; --                                ; 0.02 mW (0.02 mW)                 ; |MKRVIDOR4000_top|eco_nn_top:uut|neuron:hidden_layer[3].h_neuron|lpm_mult:Mult1|multcore:mult_core|mpar_add:padder|lpm_add_sub:adder[0]|add_sub_qih:auto_generated                                                                                                                                                                                           ;
;             |lpm_mult:Mult2                                                                                                              ; 0.02 mW (0.00 mW)                    ; 0.01 mW (0.00 mW)               ; --                                ; 0.01 mW (0.00 mW)                 ; |MKRVIDOR4000_top|eco_nn_top:uut|neuron:hidden_layer[3].h_neuron|lpm_mult:Mult2                                                                                                                                                                                                                                                                              ;
;                 |multcore:mult_core                                                                                                      ; 0.02 mW (0.00 mW)                    ; 0.01 mW (0.00 mW)               ; --                                ; 0.01 mW (0.00 mW)                 ; |MKRVIDOR4000_top|eco_nn_top:uut|neuron:hidden_layer[3].h_neuron|lpm_mult:Mult2|multcore:mult_core                                                                                                                                                                                                                                                           ;
;                     |mpar_add:padder                                                                                                     ; 0.02 mW (0.00 mW)                    ; 0.00 mW (0.00 mW)               ; --                                ; 0.01 mW (0.00 mW)                 ; |MKRVIDOR4000_top|eco_nn_top:uut|neuron:hidden_layer[3].h_neuron|lpm_mult:Mult2|multcore:mult_core|mpar_add:padder                                                                                                                                                                                                                                           ;
;                         |lpm_add_sub:adder[0]                                                                                            ; 0.02 mW (0.00 mW)                    ; 0.00 mW (0.00 mW)               ; --                                ; 0.01 mW (0.00 mW)                 ; |MKRVIDOR4000_top|eco_nn_top:uut|neuron:hidden_layer[3].h_neuron|lpm_mult:Mult2|multcore:mult_core|mpar_add:padder|lpm_add_sub:adder[0]                                                                                                                                                                                                                      ;
;                             |add_sub_qih:auto_generated                                                                                  ; 0.02 mW (0.02 mW)                    ; 0.00 mW (0.00 mW)               ; --                                ; 0.01 mW (0.01 mW)                 ; |MKRVIDOR4000_top|eco_nn_top:uut|neuron:hidden_layer[3].h_neuron|lpm_mult:Mult2|multcore:mult_core|mpar_add:padder|lpm_add_sub:adder[0]|add_sub_qih:auto_generated                                                                                                                                                                                           ;
;             |lpm_mult:Mult3                                                                                                              ; 0.01 mW (0.00 mW)                    ; 0.01 mW (0.00 mW)               ; --                                ; 0.00 mW (0.00 mW)                 ; |MKRVIDOR4000_top|eco_nn_top:uut|neuron:hidden_layer[3].h_neuron|lpm_mult:Mult3                                                                                                                                                                                                                                                                              ;
;                 |multcore:mult_core                                                                                                      ; 0.01 mW (0.00 mW)                    ; 0.01 mW (0.00 mW)               ; --                                ; 0.00 mW (0.00 mW)                 ; |MKRVIDOR4000_top|eco_nn_top:uut|neuron:hidden_layer[3].h_neuron|lpm_mult:Mult3|multcore:mult_core                                                                                                                                                                                                                                                           ;
;                     |mpar_add:padder                                                                                                     ; 0.01 mW (0.00 mW)                    ; 0.00 mW (0.00 mW)               ; --                                ; 0.00 mW (0.00 mW)                 ; |MKRVIDOR4000_top|eco_nn_top:uut|neuron:hidden_layer[3].h_neuron|lpm_mult:Mult3|multcore:mult_core|mpar_add:padder                                                                                                                                                                                                                                           ;
;                         |lpm_add_sub:adder[0]                                                                                            ; 0.01 mW (0.00 mW)                    ; 0.00 mW (0.00 mW)               ; --                                ; 0.00 mW (0.00 mW)                 ; |MKRVIDOR4000_top|eco_nn_top:uut|neuron:hidden_layer[3].h_neuron|lpm_mult:Mult3|multcore:mult_core|mpar_add:padder|lpm_add_sub:adder[0]                                                                                                                                                                                                                      ;
;                             |add_sub_qih:auto_generated                                                                                  ; 0.01 mW (0.01 mW)                    ; 0.00 mW (0.00 mW)               ; --                                ; 0.00 mW (0.00 mW)                 ; |MKRVIDOR4000_top|eco_nn_top:uut|neuron:hidden_layer[3].h_neuron|lpm_mult:Mult3|multcore:mult_core|mpar_add:padder|lpm_add_sub:adder[0]|add_sub_qih:auto_generated                                                                                                                                                                                           ;
;             |lpm_mult:Mult4                                                                                                              ; 0.01 mW (0.00 mW)                    ; 0.01 mW (0.00 mW)               ; --                                ; 0.00 mW (0.00 mW)                 ; |MKRVIDOR4000_top|eco_nn_top:uut|neuron:hidden_layer[3].h_neuron|lpm_mult:Mult4                                                                                                                                                                                                                                                                              ;
;                 |multcore:mult_core                                                                                                      ; 0.01 mW (0.01 mW)                    ; 0.01 mW (0.01 mW)               ; --                                ; 0.00 mW (0.00 mW)                 ; |MKRVIDOR4000_top|eco_nn_top:uut|neuron:hidden_layer[3].h_neuron|lpm_mult:Mult4|multcore:mult_core                                                                                                                                                                                                                                                           ;
;                     |mpar_add:padder                                                                                                     ; 0.01 mW (0.00 mW)                    ; 0.00 mW (0.00 mW)               ; --                                ; 0.00 mW (0.00 mW)                 ; |MKRVIDOR4000_top|eco_nn_top:uut|neuron:hidden_layer[3].h_neuron|lpm_mult:Mult4|multcore:mult_core|mpar_add:padder                                                                                                                                                                                                                                           ;
;                         |lpm_add_sub:adder[0]                                                                                            ; 0.01 mW (0.00 mW)                    ; 0.00 mW (0.00 mW)               ; --                                ; 0.00 mW (0.00 mW)                 ; |MKRVIDOR4000_top|eco_nn_top:uut|neuron:hidden_layer[3].h_neuron|lpm_mult:Mult4|multcore:mult_core|mpar_add:padder|lpm_add_sub:adder[0]                                                                                                                                                                                                                      ;
;                             |add_sub_qih:auto_generated                                                                                  ; 0.01 mW (0.01 mW)                    ; 0.00 mW (0.00 mW)               ; --                                ; 0.00 mW (0.00 mW)                 ; |MKRVIDOR4000_top|eco_nn_top:uut|neuron:hidden_layer[3].h_neuron|lpm_mult:Mult4|multcore:mult_core|mpar_add:padder|lpm_add_sub:adder[0]|add_sub_qih:auto_generated                                                                                                                                                                                           ;
;             |lpm_mult:Mult7                                                                                                              ; 0.00 mW (0.00 mW)                    ; 0.00 mW (0.00 mW)               ; --                                ; 0.00 mW (0.00 mW)                 ; |MKRVIDOR4000_top|eco_nn_top:uut|neuron:hidden_layer[3].h_neuron|lpm_mult:Mult7                                                                                                                                                                                                                                                                              ;
;                 |multcore:mult_core                                                                                                      ; 0.00 mW (0.00 mW)                    ; 0.00 mW (0.00 mW)               ; --                                ; 0.00 mW (0.00 mW)                 ; |MKRVIDOR4000_top|eco_nn_top:uut|neuron:hidden_layer[3].h_neuron|lpm_mult:Mult7|multcore:mult_core                                                                                                                                                                                                                                                           ;
;                     |lpm_add_sub:adder                                                                                                   ; 0.00 mW (0.00 mW)                    ; 0.00 mW (0.00 mW)               ; --                                ; 0.00 mW (0.00 mW)                 ; |MKRVIDOR4000_top|eco_nn_top:uut|neuron:hidden_layer[3].h_neuron|lpm_mult:Mult7|multcore:mult_core|lpm_add_sub:adder                                                                                                                                                                                                                                         ;
;                         |add_sub_18h:auto_generated                                                                                      ; 0.00 mW (0.00 mW)                    ; 0.00 mW (0.00 mW)               ; --                                ; 0.00 mW (0.00 mW)                 ; |MKRVIDOR4000_top|eco_nn_top:uut|neuron:hidden_layer[3].h_neuron|lpm_mult:Mult7|multcore:mult_core|lpm_add_sub:adder|add_sub_18h:auto_generated                                                                                                                                                                                                              ;
;         |neuron:hidden_layer[4].h_neuron                                                                                                 ; 0.27 mW (0.13 mW)                    ; 0.13 mW (0.08 mW)               ; --                                ; 0.13 mW (0.05 mW)                 ; |MKRVIDOR4000_top|eco_nn_top:uut|neuron:hidden_layer[4].h_neuron                                                                                                                                                                                                                                                                                             ;
;             |lpm_mult:Mult1                                                                                                              ; 0.01 mW (0.00 mW)                    ; 0.01 mW (0.00 mW)               ; --                                ; 0.01 mW (0.00 mW)                 ; |MKRVIDOR4000_top|eco_nn_top:uut|neuron:hidden_layer[4].h_neuron|lpm_mult:Mult1                                                                                                                                                                                                                                                                              ;
;                 |multcore:mult_core                                                                                                      ; 0.01 mW (0.01 mW)                    ; 0.01 mW (0.00 mW)               ; --                                ; 0.01 mW (0.01 mW)                 ; |MKRVIDOR4000_top|eco_nn_top:uut|neuron:hidden_layer[4].h_neuron|lpm_mult:Mult1|multcore:mult_core                                                                                                                                                                                                                                                           ;
;                     |mpar_add:padder                                                                                                     ; 0.00 mW (0.00 mW)                    ; 0.00 mW (0.00 mW)               ; --                                ; 0.00 mW (0.00 mW)                 ; |MKRVIDOR4000_top|eco_nn_top:uut|neuron:hidden_layer[4].h_neuron|lpm_mult:Mult1|multcore:mult_core|mpar_add:padder                                                                                                                                                                                                                                           ;
;                         |lpm_add_sub:adder[0]                                                                                            ; 0.00 mW (0.00 mW)                    ; 0.00 mW (0.00 mW)               ; --                                ; 0.00 mW (0.00 mW)                 ; |MKRVIDOR4000_top|eco_nn_top:uut|neuron:hidden_layer[4].h_neuron|lpm_mult:Mult1|multcore:mult_core|mpar_add:padder|lpm_add_sub:adder[0]                                                                                                                                                                                                                      ;
;                             |add_sub_pih:auto_generated                                                                                  ; 0.00 mW (0.00 mW)                    ; 0.00 mW (0.00 mW)               ; --                                ; 0.00 mW (0.00 mW)                 ; |MKRVIDOR4000_top|eco_nn_top:uut|neuron:hidden_layer[4].h_neuron|lpm_mult:Mult1|multcore:mult_core|mpar_add:padder|lpm_add_sub:adder[0]|add_sub_pih:auto_generated                                                                                                                                                                                           ;
;             |lpm_mult:Mult2                                                                                                              ; 0.02 mW (0.00 mW)                    ; 0.01 mW (0.00 mW)               ; --                                ; 0.02 mW (0.00 mW)                 ; |MKRVIDOR4000_top|eco_nn_top:uut|neuron:hidden_layer[4].h_neuron|lpm_mult:Mult2                                                                                                                                                                                                                                                                              ;
;                 |multcore:mult_core                                                                                                      ; 0.02 mW (0.01 mW)                    ; 0.01 mW (0.01 mW)               ; --                                ; 0.02 mW (0.00 mW)                 ; |MKRVIDOR4000_top|eco_nn_top:uut|neuron:hidden_layer[4].h_neuron|lpm_mult:Mult2|multcore:mult_core                                                                                                                                                                                                                                                           ;
;                     |mpar_add:padder                                                                                                     ; 0.02 mW (0.00 mW)                    ; 0.00 mW (0.00 mW)               ; --                                ; 0.01 mW (0.00 mW)                 ; |MKRVIDOR4000_top|eco_nn_top:uut|neuron:hidden_layer[4].h_neuron|lpm_mult:Mult2|multcore:mult_core|mpar_add:padder                                                                                                                                                                                                                                           ;
;                         |lpm_add_sub:adder[0]                                                                                            ; 0.02 mW (0.00 mW)                    ; 0.00 mW (0.00 mW)               ; --                                ; 0.01 mW (0.00 mW)                 ; |MKRVIDOR4000_top|eco_nn_top:uut|neuron:hidden_layer[4].h_neuron|lpm_mult:Mult2|multcore:mult_core|mpar_add:padder|lpm_add_sub:adder[0]                                                                                                                                                                                                                      ;
;                             |add_sub_pih:auto_generated                                                                                  ; 0.02 mW (0.02 mW)                    ; 0.00 mW (0.00 mW)               ; --                                ; 0.01 mW (0.01 mW)                 ; |MKRVIDOR4000_top|eco_nn_top:uut|neuron:hidden_layer[4].h_neuron|lpm_mult:Mult2|multcore:mult_core|mpar_add:padder|lpm_add_sub:adder[0]|add_sub_pih:auto_generated                                                                                                                                                                                           ;
;             |lpm_mult:Mult3                                                                                                              ; 0.02 mW (0.00 mW)                    ; 0.01 mW (0.00 mW)               ; --                                ; 0.01 mW (0.00 mW)                 ; |MKRVIDOR4000_top|eco_nn_top:uut|neuron:hidden_layer[4].h_neuron|lpm_mult:Mult3                                                                                                                                                                                                                                                                              ;
;                 |multcore:mult_core                                                                                                      ; 0.02 mW (0.02 mW)                    ; 0.01 mW (0.00 mW)               ; --                                ; 0.01 mW (0.01 mW)                 ; |MKRVIDOR4000_top|eco_nn_top:uut|neuron:hidden_layer[4].h_neuron|lpm_mult:Mult3|multcore:mult_core                                                                                                                                                                                                                                                           ;
;                     |mpar_add:padder                                                                                                     ; 0.00 mW (0.00 mW)                    ; 0.00 mW (0.00 mW)               ; --                                ; 0.00 mW (0.00 mW)                 ; |MKRVIDOR4000_top|eco_nn_top:uut|neuron:hidden_layer[4].h_neuron|lpm_mult:Mult3|multcore:mult_core|mpar_add:padder                                                                                                                                                                                                                                           ;
;                         |lpm_add_sub:adder[0]                                                                                            ; 0.00 mW (0.00 mW)                    ; 0.00 mW (0.00 mW)               ; --                                ; 0.00 mW (0.00 mW)                 ; |MKRVIDOR4000_top|eco_nn_top:uut|neuron:hidden_layer[4].h_neuron|lpm_mult:Mult3|multcore:mult_core|mpar_add:padder|lpm_add_sub:adder[0]                                                                                                                                                                                                                      ;
;                             |add_sub_oih:auto_generated                                                                                  ; 0.00 mW (0.00 mW)                    ; 0.00 mW (0.00 mW)               ; --                                ; 0.00 mW (0.00 mW)                 ; |MKRVIDOR4000_top|eco_nn_top:uut|neuron:hidden_layer[4].h_neuron|lpm_mult:Mult3|multcore:mult_core|mpar_add:padder|lpm_add_sub:adder[0]|add_sub_oih:auto_generated                                                                                                                                                                                           ;
;             |lpm_mult:Mult4                                                                                                              ; 0.02 mW (0.00 mW)                    ; 0.01 mW (0.00 mW)               ; --                                ; 0.01 mW (0.00 mW)                 ; |MKRVIDOR4000_top|eco_nn_top:uut|neuron:hidden_layer[4].h_neuron|lpm_mult:Mult4                                                                                                                                                                                                                                                                              ;
;                 |multcore:mult_core                                                                                                      ; 0.02 mW (0.00 mW)                    ; 0.01 mW (0.00 mW)               ; --                                ; 0.01 mW (0.00 mW)                 ; |MKRVIDOR4000_top|eco_nn_top:uut|neuron:hidden_layer[4].h_neuron|lpm_mult:Mult4|multcore:mult_core                                                                                                                                                                                                                                                           ;
;                     |mpar_add:padder                                                                                                     ; 0.01 mW (0.00 mW)                    ; 0.00 mW (0.00 mW)               ; --                                ; 0.01 mW (0.00 mW)                 ; |MKRVIDOR4000_top|eco_nn_top:uut|neuron:hidden_layer[4].h_neuron|lpm_mult:Mult4|multcore:mult_core|mpar_add:padder                                                                                                                                                                                                                                           ;
;                         |lpm_add_sub:adder[0]                                                                                            ; 0.01 mW (0.00 mW)                    ; 0.00 mW (0.00 mW)               ; --                                ; 0.01 mW (0.00 mW)                 ; |MKRVIDOR4000_top|eco_nn_top:uut|neuron:hidden_layer[4].h_neuron|lpm_mult:Mult4|multcore:mult_core|mpar_add:padder|lpm_add_sub:adder[0]                                                                                                                                                                                                                      ;
;                             |add_sub_pih:auto_generated                                                                                  ; 0.01 mW (0.01 mW)                    ; 0.00 mW (0.00 mW)               ; --                                ; 0.01 mW (0.01 mW)                 ; |MKRVIDOR4000_top|eco_nn_top:uut|neuron:hidden_layer[4].h_neuron|lpm_mult:Mult4|multcore:mult_core|mpar_add:padder|lpm_add_sub:adder[0]|add_sub_pih:auto_generated                                                                                                                                                                                           ;
;             |lpm_mult:Mult5                                                                                                              ; 0.02 mW (0.00 mW)                    ; 0.01 mW (0.00 mW)               ; --                                ; 0.01 mW (0.00 mW)                 ; |MKRVIDOR4000_top|eco_nn_top:uut|neuron:hidden_layer[4].h_neuron|lpm_mult:Mult5                                                                                                                                                                                                                                                                              ;
;                 |multcore:mult_core                                                                                                      ; 0.02 mW (0.01 mW)                    ; 0.01 mW (0.01 mW)               ; --                                ; 0.01 mW (0.00 mW)                 ; |MKRVIDOR4000_top|eco_nn_top:uut|neuron:hidden_layer[4].h_neuron|lpm_mult:Mult5|multcore:mult_core                                                                                                                                                                                                                                                           ;
;                     |mpar_add:padder                                                                                                     ; 0.01 mW (0.00 mW)                    ; 0.00 mW (0.00 mW)               ; --                                ; 0.01 mW (0.00 mW)                 ; |MKRVIDOR4000_top|eco_nn_top:uut|neuron:hidden_layer[4].h_neuron|lpm_mult:Mult5|multcore:mult_core|mpar_add:padder                                                                                                                                                                                                                                           ;
;                         |lpm_add_sub:adder[0]                                                                                            ; 0.01 mW (0.00 mW)                    ; 0.00 mW (0.00 mW)               ; --                                ; 0.01 mW (0.00 mW)                 ; |MKRVIDOR4000_top|eco_nn_top:uut|neuron:hidden_layer[4].h_neuron|lpm_mult:Mult5|multcore:mult_core|mpar_add:padder|lpm_add_sub:adder[0]                                                                                                                                                                                                                      ;
;                             |add_sub_qih:auto_generated                                                                                  ; 0.01 mW (0.01 mW)                    ; 0.00 mW (0.00 mW)               ; --                                ; 0.01 mW (0.01 mW)                 ; |MKRVIDOR4000_top|eco_nn_top:uut|neuron:hidden_layer[4].h_neuron|lpm_mult:Mult5|multcore:mult_core|mpar_add:padder|lpm_add_sub:adder[0]|add_sub_qih:auto_generated                                                                                                                                                                                           ;
;             |lpm_mult:Mult6                                                                                                              ; 0.01 mW (0.00 mW)                    ; 0.01 mW (0.00 mW)               ; --                                ; 0.01 mW (0.00 mW)                 ; |MKRVIDOR4000_top|eco_nn_top:uut|neuron:hidden_layer[4].h_neuron|lpm_mult:Mult6                                                                                                                                                                                                                                                                              ;
;                 |multcore:mult_core                                                                                                      ; 0.01 mW (0.00 mW)                    ; 0.01 mW (0.00 mW)               ; --                                ; 0.01 mW (0.00 mW)                 ; |MKRVIDOR4000_top|eco_nn_top:uut|neuron:hidden_layer[4].h_neuron|lpm_mult:Mult6|multcore:mult_core                                                                                                                                                                                                                                                           ;
;                     |mpar_add:padder                                                                                                     ; 0.01 mW (0.00 mW)                    ; 0.00 mW (0.00 mW)               ; --                                ; 0.01 mW (0.00 mW)                 ; |MKRVIDOR4000_top|eco_nn_top:uut|neuron:hidden_layer[4].h_neuron|lpm_mult:Mult6|multcore:mult_core|mpar_add:padder                                                                                                                                                                                                                                           ;
;                         |lpm_add_sub:adder[0]                                                                                            ; 0.01 mW (0.00 mW)                    ; 0.00 mW (0.00 mW)               ; --                                ; 0.01 mW (0.00 mW)                 ; |MKRVIDOR4000_top|eco_nn_top:uut|neuron:hidden_layer[4].h_neuron|lpm_mult:Mult6|multcore:mult_core|mpar_add:padder|lpm_add_sub:adder[0]                                                                                                                                                                                                                      ;
;                             |add_sub_qih:auto_generated                                                                                  ; 0.01 mW (0.01 mW)                    ; 0.00 mW (0.00 mW)               ; --                                ; 0.01 mW (0.01 mW)                 ; |MKRVIDOR4000_top|eco_nn_top:uut|neuron:hidden_layer[4].h_neuron|lpm_mult:Mult6|multcore:mult_core|mpar_add:padder|lpm_add_sub:adder[0]|add_sub_qih:auto_generated                                                                                                                                                                                           ;
;             |lpm_mult:Mult7                                                                                                              ; 0.03 mW (0.00 mW)                    ; 0.01 mW (0.00 mW)               ; --                                ; 0.02 mW (0.00 mW)                 ; |MKRVIDOR4000_top|eco_nn_top:uut|neuron:hidden_layer[4].h_neuron|lpm_mult:Mult7                                                                                                                                                                                                                                                                              ;
;                 |multcore:mult_core                                                                                                      ; 0.03 mW (0.01 mW)                    ; 0.01 mW (0.00 mW)               ; --                                ; 0.02 mW (0.00 mW)                 ; |MKRVIDOR4000_top|eco_nn_top:uut|neuron:hidden_layer[4].h_neuron|lpm_mult:Mult7|multcore:mult_core                                                                                                                                                                                                                                                           ;
;                     |mpar_add:padder                                                                                                     ; 0.02 mW (0.00 mW)                    ; 0.00 mW (0.00 mW)               ; --                                ; 0.02 mW (0.00 mW)                 ; |MKRVIDOR4000_top|eco_nn_top:uut|neuron:hidden_layer[4].h_neuron|lpm_mult:Mult7|multcore:mult_core|mpar_add:padder                                                                                                                                                                                                                                           ;
;                         |lpm_add_sub:adder[0]                                                                                            ; 0.02 mW (0.00 mW)                    ; 0.00 mW (0.00 mW)               ; --                                ; 0.02 mW (0.00 mW)                 ; |MKRVIDOR4000_top|eco_nn_top:uut|neuron:hidden_layer[4].h_neuron|lpm_mult:Mult7|multcore:mult_core|mpar_add:padder|lpm_add_sub:adder[0]                                                                                                                                                                                                                      ;
;                             |add_sub_qih:auto_generated                                                                                  ; 0.02 mW (0.02 mW)                    ; 0.00 mW (0.00 mW)               ; --                                ; 0.02 mW (0.02 mW)                 ; |MKRVIDOR4000_top|eco_nn_top:uut|neuron:hidden_layer[4].h_neuron|lpm_mult:Mult7|multcore:mult_core|mpar_add:padder|lpm_add_sub:adder[0]|add_sub_qih:auto_generated                                                                                                                                                                                           ;
;         |neuron:hidden_layer[5].h_neuron                                                                                                 ; 0.14 mW (0.12 mW)                    ; 0.08 mW (0.07 mW)               ; --                                ; 0.05 mW (0.04 mW)                 ; |MKRVIDOR4000_top|eco_nn_top:uut|neuron:hidden_layer[5].h_neuron                                                                                                                                                                                                                                                                                             ;
;             |lpm_mult:Mult1                                                                                                              ; 0.01 mW (0.00 mW)                    ; 0.01 mW (0.00 mW)               ; --                                ; 0.01 mW (0.00 mW)                 ; |MKRVIDOR4000_top|eco_nn_top:uut|neuron:hidden_layer[5].h_neuron|lpm_mult:Mult1                                                                                                                                                                                                                                                                              ;
;                 |multcore:mult_core                                                                                                      ; 0.01 mW (0.01 mW)                    ; 0.01 mW (0.00 mW)               ; --                                ; 0.01 mW (0.00 mW)                 ; |MKRVIDOR4000_top|eco_nn_top:uut|neuron:hidden_layer[5].h_neuron|lpm_mult:Mult1|multcore:mult_core                                                                                                                                                                                                                                                           ;
;                     |mpar_add:padder                                                                                                     ; 0.01 mW (0.00 mW)                    ; 0.00 mW (0.00 mW)               ; --                                ; 0.00 mW (0.00 mW)                 ; |MKRVIDOR4000_top|eco_nn_top:uut|neuron:hidden_layer[5].h_neuron|lpm_mult:Mult1|multcore:mult_core|mpar_add:padder                                                                                                                                                                                                                                           ;
;                         |lpm_add_sub:adder[0]                                                                                            ; 0.01 mW (0.00 mW)                    ; 0.00 mW (0.00 mW)               ; --                                ; 0.00 mW (0.00 mW)                 ; |MKRVIDOR4000_top|eco_nn_top:uut|neuron:hidden_layer[5].h_neuron|lpm_mult:Mult1|multcore:mult_core|mpar_add:padder|lpm_add_sub:adder[0]                                                                                                                                                                                                                      ;
;                             |add_sub_qih:auto_generated                                                                                  ; 0.01 mW (0.01 mW)                    ; 0.00 mW (0.00 mW)               ; --                                ; 0.00 mW (0.00 mW)                 ; |MKRVIDOR4000_top|eco_nn_top:uut|neuron:hidden_layer[5].h_neuron|lpm_mult:Mult1|multcore:mult_core|mpar_add:padder|lpm_add_sub:adder[0]|add_sub_qih:auto_generated                                                                                                                                                                                           ;
;             |lpm_mult:Mult2                                                                                                              ; 0.01 mW (0.00 mW)                    ; 0.00 mW (0.00 mW)               ; --                                ; 0.00 mW (0.00 mW)                 ; |MKRVIDOR4000_top|eco_nn_top:uut|neuron:hidden_layer[5].h_neuron|lpm_mult:Mult2                                                                                                                                                                                                                                                                              ;
;                 |multcore:mult_core                                                                                                      ; 0.01 mW (0.00 mW)                    ; 0.00 mW (0.00 mW)               ; --                                ; 0.00 mW (0.00 mW)                 ; |MKRVIDOR4000_top|eco_nn_top:uut|neuron:hidden_layer[5].h_neuron|lpm_mult:Mult2|multcore:mult_core                                                                                                                                                                                                                                                           ;
;                     |mpar_add:padder                                                                                                     ; 0.00 mW (0.00 mW)                    ; 0.00 mW (0.00 mW)               ; --                                ; 0.00 mW (0.00 mW)                 ; |MKRVIDOR4000_top|eco_nn_top:uut|neuron:hidden_layer[5].h_neuron|lpm_mult:Mult2|multcore:mult_core|mpar_add:padder                                                                                                                                                                                                                                           ;
;                         |lpm_add_sub:adder[0]                                                                                            ; 0.00 mW (0.00 mW)                    ; 0.00 mW (0.00 mW)               ; --                                ; 0.00 mW (0.00 mW)                 ; |MKRVIDOR4000_top|eco_nn_top:uut|neuron:hidden_layer[5].h_neuron|lpm_mult:Mult2|multcore:mult_core|mpar_add:padder|lpm_add_sub:adder[0]                                                                                                                                                                                                                      ;
;                             |add_sub_pih:auto_generated                                                                                  ; 0.00 mW (0.00 mW)                    ; 0.00 mW (0.00 mW)               ; --                                ; 0.00 mW (0.00 mW)                 ; |MKRVIDOR4000_top|eco_nn_top:uut|neuron:hidden_layer[5].h_neuron|lpm_mult:Mult2|multcore:mult_core|mpar_add:padder|lpm_add_sub:adder[0]|add_sub_pih:auto_generated                                                                                                                                                                                           ;
;         |neuron:hidden_layer[6].h_neuron                                                                                                 ; 0.11 mW (0.10 mW)                    ; 0.07 mW (0.06 mW)               ; --                                ; 0.04 mW (0.04 mW)                 ; |MKRVIDOR4000_top|eco_nn_top:uut|neuron:hidden_layer[6].h_neuron                                                                                                                                                                                                                                                                                             ;
;             |lpm_mult:Mult0                                                                                                              ; 0.01 mW (0.00 mW)                    ; 0.01 mW (0.00 mW)               ; --                                ; 0.00 mW (0.00 mW)                 ; |MKRVIDOR4000_top|eco_nn_top:uut|neuron:hidden_layer[6].h_neuron|lpm_mult:Mult0                                                                                                                                                                                                                                                                              ;
;                 |multcore:mult_core                                                                                                      ; 0.01 mW (0.00 mW)                    ; 0.01 mW (0.00 mW)               ; --                                ; 0.00 mW (0.00 mW)                 ; |MKRVIDOR4000_top|eco_nn_top:uut|neuron:hidden_layer[6].h_neuron|lpm_mult:Mult0|multcore:mult_core                                                                                                                                                                                                                                                           ;
;                     |mpar_add:padder                                                                                                     ; 0.00 mW (0.00 mW)                    ; 0.00 mW (0.00 mW)               ; --                                ; 0.00 mW (0.00 mW)                 ; |MKRVIDOR4000_top|eco_nn_top:uut|neuron:hidden_layer[6].h_neuron|lpm_mult:Mult0|multcore:mult_core|mpar_add:padder                                                                                                                                                                                                                                           ;
;                         |lpm_add_sub:adder[0]                                                                                            ; 0.00 mW (0.00 mW)                    ; 0.00 mW (0.00 mW)               ; --                                ; 0.00 mW (0.00 mW)                 ; |MKRVIDOR4000_top|eco_nn_top:uut|neuron:hidden_layer[6].h_neuron|lpm_mult:Mult0|multcore:mult_core|mpar_add:padder|lpm_add_sub:adder[0]                                                                                                                                                                                                                      ;
;                             |add_sub_qih:auto_generated                                                                                  ; 0.00 mW (0.00 mW)                    ; 0.00 mW (0.00 mW)               ; --                                ; 0.00 mW (0.00 mW)                 ; |MKRVIDOR4000_top|eco_nn_top:uut|neuron:hidden_layer[6].h_neuron|lpm_mult:Mult0|multcore:mult_core|mpar_add:padder|lpm_add_sub:adder[0]|add_sub_qih:auto_generated                                                                                                                                                                                           ;
;         |neuron:hidden_layer[7].h_neuron                                                                                                 ; 0.16 mW (0.14 mW)                    ; 0.09 mW (0.08 mW)               ; --                                ; 0.07 mW (0.06 mW)                 ; |MKRVIDOR4000_top|eco_nn_top:uut|neuron:hidden_layer[7].h_neuron                                                                                                                                                                                                                                                                                             ;
;             |lpm_mult:Mult3                                                                                                              ; 0.00 mW (0.00 mW)                    ; 0.00 mW (0.00 mW)               ; --                                ; 0.00 mW (0.00 mW)                 ; |MKRVIDOR4000_top|eco_nn_top:uut|neuron:hidden_layer[7].h_neuron|lpm_mult:Mult3                                                                                                                                                                                                                                                                              ;
;                 |multcore:mult_core                                                                                                      ; 0.00 mW (0.00 mW)                    ; 0.00 mW (0.00 mW)               ; --                                ; 0.00 mW (0.00 mW)                 ; |MKRVIDOR4000_top|eco_nn_top:uut|neuron:hidden_layer[7].h_neuron|lpm_mult:Mult3|multcore:mult_core                                                                                                                                                                                                                                                           ;
;                     |lpm_add_sub:adder                                                                                                   ; 0.00 mW (0.00 mW)                    ; 0.00 mW (0.00 mW)               ; --                                ; 0.00 mW (0.00 mW)                 ; |MKRVIDOR4000_top|eco_nn_top:uut|neuron:hidden_layer[7].h_neuron|lpm_mult:Mult3|multcore:mult_core|lpm_add_sub:adder                                                                                                                                                                                                                                         ;
;                         |add_sub_18h:auto_generated                                                                                      ; 0.00 mW (0.00 mW)                    ; 0.00 mW (0.00 mW)               ; --                                ; 0.00 mW (0.00 mW)                 ; |MKRVIDOR4000_top|eco_nn_top:uut|neuron:hidden_layer[7].h_neuron|lpm_mult:Mult3|multcore:mult_core|lpm_add_sub:adder|add_sub_18h:auto_generated                                                                                                                                                                                                              ;
;             |lpm_mult:Mult7                                                                                                              ; 0.01 mW (0.00 mW)                    ; 0.01 mW (0.00 mW)               ; --                                ; 0.01 mW (0.00 mW)                 ; |MKRVIDOR4000_top|eco_nn_top:uut|neuron:hidden_layer[7].h_neuron|lpm_mult:Mult7                                                                                                                                                                                                                                                                              ;
;                 |multcore:mult_core                                                                                                      ; 0.01 mW (0.01 mW)                    ; 0.01 mW (0.00 mW)               ; --                                ; 0.01 mW (0.00 mW)                 ; |MKRVIDOR4000_top|eco_nn_top:uut|neuron:hidden_layer[7].h_neuron|lpm_mult:Mult7|multcore:mult_core                                                                                                                                                                                                                                                           ;
;                     |mpar_add:padder                                                                                                     ; 0.01 mW (0.00 mW)                    ; 0.00 mW (0.00 mW)               ; --                                ; 0.00 mW (0.00 mW)                 ; |MKRVIDOR4000_top|eco_nn_top:uut|neuron:hidden_layer[7].h_neuron|lpm_mult:Mult7|multcore:mult_core|mpar_add:padder                                                                                                                                                                                                                                           ;
;                         |lpm_add_sub:adder[0]                                                                                            ; 0.01 mW (0.00 mW)                    ; 0.00 mW (0.00 mW)               ; --                                ; 0.00 mW (0.00 mW)                 ; |MKRVIDOR4000_top|eco_nn_top:uut|neuron:hidden_layer[7].h_neuron|lpm_mult:Mult7|multcore:mult_core|mpar_add:padder|lpm_add_sub:adder[0]                                                                                                                                                                                                                      ;
;                             |add_sub_qih:auto_generated                                                                                  ; 0.01 mW (0.01 mW)                    ; 0.00 mW (0.00 mW)               ; --                                ; 0.00 mW (0.00 mW)                 ; |MKRVIDOR4000_top|eco_nn_top:uut|neuron:hidden_layer[7].h_neuron|lpm_mult:Mult7|multcore:mult_core|mpar_add:padder|lpm_add_sub:adder[0]|add_sub_qih:auto_generated                                                                                                                                                                                           ;
;         |neuron:hidden_layer[8].h_neuron                                                                                                 ; 0.12 mW (0.09 mW)                    ; 0.07 mW (0.06 mW)               ; --                                ; 0.05 mW (0.04 mW)                 ; |MKRVIDOR4000_top|eco_nn_top:uut|neuron:hidden_layer[8].h_neuron                                                                                                                                                                                                                                                                                             ;
;             |lpm_mult:Mult4                                                                                                              ; 0.01 mW (0.00 mW)                    ; 0.00 mW (0.00 mW)               ; --                                ; 0.01 mW (0.00 mW)                 ; |MKRVIDOR4000_top|eco_nn_top:uut|neuron:hidden_layer[8].h_neuron|lpm_mult:Mult4                                                                                                                                                                                                                                                                              ;
;                 |multcore:mult_core                                                                                                      ; 0.01 mW (0.01 mW)                    ; 0.00 mW (0.00 mW)               ; --                                ; 0.01 mW (0.01 mW)                 ; |MKRVIDOR4000_top|eco_nn_top:uut|neuron:hidden_layer[8].h_neuron|lpm_mult:Mult4|multcore:mult_core                                                                                                                                                                                                                                                           ;
;                     |mpar_add:padder                                                                                                     ; 0.00 mW (0.00 mW)                    ; 0.00 mW (0.00 mW)               ; --                                ; 0.00 mW (0.00 mW)                 ; |MKRVIDOR4000_top|eco_nn_top:uut|neuron:hidden_layer[8].h_neuron|lpm_mult:Mult4|multcore:mult_core|mpar_add:padder                                                                                                                                                                                                                                           ;
;                         |lpm_add_sub:adder[0]                                                                                            ; 0.00 mW (0.00 mW)                    ; 0.00 mW (0.00 mW)               ; --                                ; 0.00 mW (0.00 mW)                 ; |MKRVIDOR4000_top|eco_nn_top:uut|neuron:hidden_layer[8].h_neuron|lpm_mult:Mult4|multcore:mult_core|mpar_add:padder|lpm_add_sub:adder[0]                                                                                                                                                                                                                      ;
;                             |add_sub_oih:auto_generated                                                                                  ; 0.00 mW (0.00 mW)                    ; 0.00 mW (0.00 mW)               ; --                                ; 0.00 mW (0.00 mW)                 ; |MKRVIDOR4000_top|eco_nn_top:uut|neuron:hidden_layer[8].h_neuron|lpm_mult:Mult4|multcore:mult_core|mpar_add:padder|lpm_add_sub:adder[0]|add_sub_oih:auto_generated                                                                                                                                                                                           ;
;             |lpm_mult:Mult5                                                                                                              ; 0.01 mW (0.00 mW)                    ; 0.00 mW (0.00 mW)               ; --                                ; 0.01 mW (0.00 mW)                 ; |MKRVIDOR4000_top|eco_nn_top:uut|neuron:hidden_layer[8].h_neuron|lpm_mult:Mult5                                                                                                                                                                                                                                                                              ;
;                 |multcore:mult_core                                                                                                      ; 0.01 mW (0.00 mW)                    ; 0.00 mW (0.00 mW)               ; --                                ; 0.01 mW (0.00 mW)                 ; |MKRVIDOR4000_top|eco_nn_top:uut|neuron:hidden_layer[8].h_neuron|lpm_mult:Mult5|multcore:mult_core                                                                                                                                                                                                                                                           ;
;                     |mpar_add:padder                                                                                                     ; 0.01 mW (0.00 mW)                    ; 0.00 mW (0.00 mW)               ; --                                ; 0.01 mW (0.00 mW)                 ; |MKRVIDOR4000_top|eco_nn_top:uut|neuron:hidden_layer[8].h_neuron|lpm_mult:Mult5|multcore:mult_core|mpar_add:padder                                                                                                                                                                                                                                           ;
;                         |lpm_add_sub:adder[0]                                                                                            ; 0.01 mW (0.00 mW)                    ; 0.00 mW (0.00 mW)               ; --                                ; 0.01 mW (0.00 mW)                 ; |MKRVIDOR4000_top|eco_nn_top:uut|neuron:hidden_layer[8].h_neuron|lpm_mult:Mult5|multcore:mult_core|mpar_add:padder|lpm_add_sub:adder[0]                                                                                                                                                                                                                      ;
;                             |add_sub_pih:auto_generated                                                                                  ; 0.01 mW (0.01 mW)                    ; 0.00 mW (0.00 mW)               ; --                                ; 0.01 mW (0.01 mW)                 ; |MKRVIDOR4000_top|eco_nn_top:uut|neuron:hidden_layer[8].h_neuron|lpm_mult:Mult5|multcore:mult_core|mpar_add:padder|lpm_add_sub:adder[0]|add_sub_pih:auto_generated                                                                                                                                                                                           ;
;             |lpm_mult:Mult6                                                                                                              ; 0.01 mW (0.00 mW)                    ; 0.01 mW (0.00 mW)               ; --                                ; 0.00 mW (0.00 mW)                 ; |MKRVIDOR4000_top|eco_nn_top:uut|neuron:hidden_layer[8].h_neuron|lpm_mult:Mult6                                                                                                                                                                                                                                                                              ;
;                 |multcore:mult_core                                                                                                      ; 0.01 mW (0.00 mW)                    ; 0.01 mW (0.00 mW)               ; --                                ; 0.00 mW (0.00 mW)                 ; |MKRVIDOR4000_top|eco_nn_top:uut|neuron:hidden_layer[8].h_neuron|lpm_mult:Mult6|multcore:mult_core                                                                                                                                                                                                                                                           ;
;                     |mpar_add:padder                                                                                                     ; 0.01 mW (0.00 mW)                    ; 0.00 mW (0.00 mW)               ; --                                ; 0.00 mW (0.00 mW)                 ; |MKRVIDOR4000_top|eco_nn_top:uut|neuron:hidden_layer[8].h_neuron|lpm_mult:Mult6|multcore:mult_core|mpar_add:padder                                                                                                                                                                                                                                           ;
;                         |lpm_add_sub:adder[0]                                                                                            ; 0.01 mW (0.00 mW)                    ; 0.00 mW (0.00 mW)               ; --                                ; 0.00 mW (0.00 mW)                 ; |MKRVIDOR4000_top|eco_nn_top:uut|neuron:hidden_layer[8].h_neuron|lpm_mult:Mult6|multcore:mult_core|mpar_add:padder|lpm_add_sub:adder[0]                                                                                                                                                                                                                      ;
;                             |add_sub_qih:auto_generated                                                                                  ; 0.01 mW (0.01 mW)                    ; 0.00 mW (0.00 mW)               ; --                                ; 0.00 mW (0.00 mW)                 ; |MKRVIDOR4000_top|eco_nn_top:uut|neuron:hidden_layer[8].h_neuron|lpm_mult:Mult6|multcore:mult_core|mpar_add:padder|lpm_add_sub:adder[0]|add_sub_qih:auto_generated                                                                                                                                                                                           ;
;         |neuron:hidden_layer[9].h_neuron                                                                                                 ; 0.12 mW (0.08 mW)                    ; 0.07 mW (0.06 mW)               ; --                                ; 0.05 mW (0.03 mW)                 ; |MKRVIDOR4000_top|eco_nn_top:uut|neuron:hidden_layer[9].h_neuron                                                                                                                                                                                                                                                                                             ;
;             |lpm_mult:Mult3                                                                                                              ; 0.00 mW (0.00 mW)                    ; 0.00 mW (0.00 mW)               ; --                                ; 0.00 mW (0.00 mW)                 ; |MKRVIDOR4000_top|eco_nn_top:uut|neuron:hidden_layer[9].h_neuron|lpm_mult:Mult3                                                                                                                                                                                                                                                                              ;
;                 |multcore:mult_core                                                                                                      ; 0.00 mW (0.00 mW)                    ; 0.00 mW (0.00 mW)               ; --                                ; 0.00 mW (0.00 mW)                 ; |MKRVIDOR4000_top|eco_nn_top:uut|neuron:hidden_layer[9].h_neuron|lpm_mult:Mult3|multcore:mult_core                                                                                                                                                                                                                                                           ;
;                     |mpar_add:padder                                                                                                     ; 0.00 mW (0.00 mW)                    ; 0.00 mW (0.00 mW)               ; --                                ; 0.00 mW (0.00 mW)                 ; |MKRVIDOR4000_top|eco_nn_top:uut|neuron:hidden_layer[9].h_neuron|lpm_mult:Mult3|multcore:mult_core|mpar_add:padder                                                                                                                                                                                                                                           ;
;                         |lpm_add_sub:adder[0]                                                                                            ; 0.00 mW (0.00 mW)                    ; 0.00 mW (0.00 mW)               ; --                                ; 0.00 mW (0.00 mW)                 ; |MKRVIDOR4000_top|eco_nn_top:uut|neuron:hidden_layer[9].h_neuron|lpm_mult:Mult3|multcore:mult_core|mpar_add:padder|lpm_add_sub:adder[0]                                                                                                                                                                                                                      ;
;                             |add_sub_pih:auto_generated                                                                                  ; 0.00 mW (0.00 mW)                    ; 0.00 mW (0.00 mW)               ; --                                ; 0.00 mW (0.00 mW)                 ; |MKRVIDOR4000_top|eco_nn_top:uut|neuron:hidden_layer[9].h_neuron|lpm_mult:Mult3|multcore:mult_core|mpar_add:padder|lpm_add_sub:adder[0]|add_sub_pih:auto_generated                                                                                                                                                                                           ;
;             |lpm_mult:Mult5                                                                                                              ; 0.02 mW (0.00 mW)                    ; 0.01 mW (0.00 mW)               ; --                                ; 0.01 mW (0.00 mW)                 ; |MKRVIDOR4000_top|eco_nn_top:uut|neuron:hidden_layer[9].h_neuron|lpm_mult:Mult5                                                                                                                                                                                                                                                                              ;
;                 |multcore:mult_core                                                                                                      ; 0.02 mW (0.00 mW)                    ; 0.01 mW (0.00 mW)               ; --                                ; 0.01 mW (0.00 mW)                 ; |MKRVIDOR4000_top|eco_nn_top:uut|neuron:hidden_layer[9].h_neuron|lpm_mult:Mult5|multcore:mult_core                                                                                                                                                                                                                                                           ;
;                     |mpar_add:padder                                                                                                     ; 0.01 mW (0.00 mW)                    ; 0.00 mW (0.00 mW)               ; --                                ; 0.01 mW (0.00 mW)                 ; |MKRVIDOR4000_top|eco_nn_top:uut|neuron:hidden_layer[9].h_neuron|lpm_mult:Mult5|multcore:mult_core|mpar_add:padder                                                                                                                                                                                                                                           ;
;                         |lpm_add_sub:adder[0]                                                                                            ; 0.01 mW (0.00 mW)                    ; 0.00 mW (0.00 mW)               ; --                                ; 0.01 mW (0.00 mW)                 ; |MKRVIDOR4000_top|eco_nn_top:uut|neuron:hidden_layer[9].h_neuron|lpm_mult:Mult5|multcore:mult_core|mpar_add:padder|lpm_add_sub:adder[0]                                                                                                                                                                                                                      ;
;                             |add_sub_rih:auto_generated                                                                                  ; 0.01 mW (0.01 mW)                    ; 0.00 mW (0.00 mW)               ; --                                ; 0.01 mW (0.01 mW)                 ; |MKRVIDOR4000_top|eco_nn_top:uut|neuron:hidden_layer[9].h_neuron|lpm_mult:Mult5|multcore:mult_core|mpar_add:padder|lpm_add_sub:adder[0]|add_sub_rih:auto_generated                                                                                                                                                                                           ;
;             |lpm_mult:Mult6                                                                                                              ; 0.01 mW (0.00 mW)                    ; 0.01 mW (0.00 mW)               ; --                                ; 0.01 mW (0.00 mW)                 ; |MKRVIDOR4000_top|eco_nn_top:uut|neuron:hidden_layer[9].h_neuron|lpm_mult:Mult6                                                                                                                                                                                                                                                                              ;
;                 |multcore:mult_core                                                                                                      ; 0.01 mW (0.01 mW)                    ; 0.01 mW (0.00 mW)               ; --                                ; 0.01 mW (0.00 mW)                 ; |MKRVIDOR4000_top|eco_nn_top:uut|neuron:hidden_layer[9].h_neuron|lpm_mult:Mult6|multcore:mult_core                                                                                                                                                                                                                                                           ;
;                     |mpar_add:padder                                                                                                     ; 0.01 mW (0.00 mW)                    ; 0.00 mW (0.00 mW)               ; --                                ; 0.01 mW (0.00 mW)                 ; |MKRVIDOR4000_top|eco_nn_top:uut|neuron:hidden_layer[9].h_neuron|lpm_mult:Mult6|multcore:mult_core|mpar_add:padder                                                                                                                                                                                                                                           ;
;                         |lpm_add_sub:adder[0]                                                                                            ; 0.01 mW (0.00 mW)                    ; 0.00 mW (0.00 mW)               ; --                                ; 0.01 mW (0.00 mW)                 ; |MKRVIDOR4000_top|eco_nn_top:uut|neuron:hidden_layer[9].h_neuron|lpm_mult:Mult6|multcore:mult_core|mpar_add:padder|lpm_add_sub:adder[0]                                                                                                                                                                                                                      ;
;                             |add_sub_qih:auto_generated                                                                                  ; 0.01 mW (0.01 mW)                    ; 0.00 mW (0.00 mW)               ; --                                ; 0.01 mW (0.01 mW)                 ; |MKRVIDOR4000_top|eco_nn_top:uut|neuron:hidden_layer[9].h_neuron|lpm_mult:Mult6|multcore:mult_core|mpar_add:padder|lpm_add_sub:adder[0]|add_sub_qih:auto_generated                                                                                                                                                                                           ;
;         |neuron:hidden_layer[10].h_neuron                                                                                                ; 0.12 mW (0.12 mW)                    ; 0.07 mW (0.07 mW)               ; --                                ; 0.05 mW (0.05 mW)                 ; |MKRVIDOR4000_top|eco_nn_top:uut|neuron:hidden_layer[10].h_neuron                                                                                                                                                                                                                                                                                            ;
;             |lpm_mult:Mult1                                                                                                              ; 0.00 mW (0.00 mW)                    ; 0.00 mW (0.00 mW)               ; --                                ; 0.00 mW (0.00 mW)                 ; |MKRVIDOR4000_top|eco_nn_top:uut|neuron:hidden_layer[10].h_neuron|lpm_mult:Mult1                                                                                                                                                                                                                                                                             ;
;                 |multcore:mult_core                                                                                                      ; 0.00 mW (0.00 mW)                    ; 0.00 mW (0.00 mW)               ; --                                ; 0.00 mW (0.00 mW)                 ; |MKRVIDOR4000_top|eco_nn_top:uut|neuron:hidden_layer[10].h_neuron|lpm_mult:Mult1|multcore:mult_core                                                                                                                                                                                                                                                          ;
;                     |lpm_add_sub:adder                                                                                                   ; 0.00 mW (0.00 mW)                    ; 0.00 mW (0.00 mW)               ; --                                ; 0.00 mW (0.00 mW)                 ; |MKRVIDOR4000_top|eco_nn_top:uut|neuron:hidden_layer[10].h_neuron|lpm_mult:Mult1|multcore:mult_core|lpm_add_sub:adder                                                                                                                                                                                                                                        ;
;                         |add_sub_18h:auto_generated                                                                                      ; 0.00 mW (0.00 mW)                    ; 0.00 mW (0.00 mW)               ; --                                ; 0.00 mW (0.00 mW)                 ; |MKRVIDOR4000_top|eco_nn_top:uut|neuron:hidden_layer[10].h_neuron|lpm_mult:Mult1|multcore:mult_core|lpm_add_sub:adder|add_sub_18h:auto_generated                                                                                                                                                                                                             ;
;         |neuron:hidden_layer[11].h_neuron                                                                                                ; 0.15 mW (0.11 mW)                    ; 0.10 mW (0.08 mW)               ; --                                ; 0.05 mW (0.04 mW)                 ; |MKRVIDOR4000_top|eco_nn_top:uut|neuron:hidden_layer[11].h_neuron                                                                                                                                                                                                                                                                                            ;
;             |lpm_mult:Mult1                                                                                                              ; 0.01 mW (0.00 mW)                    ; 0.01 mW (0.00 mW)               ; --                                ; 0.00 mW (0.00 mW)                 ; |MKRVIDOR4000_top|eco_nn_top:uut|neuron:hidden_layer[11].h_neuron|lpm_mult:Mult1                                                                                                                                                                                                                                                                             ;
;                 |multcore:mult_core                                                                                                      ; 0.01 mW (0.01 mW)                    ; 0.01 mW (0.01 mW)               ; --                                ; 0.00 mW (0.00 mW)                 ; |MKRVIDOR4000_top|eco_nn_top:uut|neuron:hidden_layer[11].h_neuron|lpm_mult:Mult1|multcore:mult_core                                                                                                                                                                                                                                                          ;
;                     |mpar_add:padder                                                                                                     ; 0.00 mW (0.00 mW)                    ; 0.00 mW (0.00 mW)               ; --                                ; 0.00 mW (0.00 mW)                 ; |MKRVIDOR4000_top|eco_nn_top:uut|neuron:hidden_layer[11].h_neuron|lpm_mult:Mult1|multcore:mult_core|mpar_add:padder                                                                                                                                                                                                                                          ;
;                         |lpm_add_sub:adder[0]                                                                                            ; 0.00 mW (0.00 mW)                    ; 0.00 mW (0.00 mW)               ; --                                ; 0.00 mW (0.00 mW)                 ; |MKRVIDOR4000_top|eco_nn_top:uut|neuron:hidden_layer[11].h_neuron|lpm_mult:Mult1|multcore:mult_core|mpar_add:padder|lpm_add_sub:adder[0]                                                                                                                                                                                                                     ;
;                             |add_sub_qih:auto_generated                                                                                  ; 0.00 mW (0.00 mW)                    ; 0.00 mW (0.00 mW)               ; --                                ; 0.00 mW (0.00 mW)                 ; |MKRVIDOR4000_top|eco_nn_top:uut|neuron:hidden_layer[11].h_neuron|lpm_mult:Mult1|multcore:mult_core|mpar_add:padder|lpm_add_sub:adder[0]|add_sub_qih:auto_generated                                                                                                                                                                                          ;
;             |lpm_mult:Mult3                                                                                                              ; 0.01 mW (0.00 mW)                    ; 0.01 mW (0.00 mW)               ; --                                ; 0.01 mW (0.00 mW)                 ; |MKRVIDOR4000_top|eco_nn_top:uut|neuron:hidden_layer[11].h_neuron|lpm_mult:Mult3                                                                                                                                                                                                                                                                             ;
;                 |multcore:mult_core                                                                                                      ; 0.01 mW (0.01 mW)                    ; 0.01 mW (0.00 mW)               ; --                                ; 0.01 mW (0.00 mW)                 ; |MKRVIDOR4000_top|eco_nn_top:uut|neuron:hidden_layer[11].h_neuron|lpm_mult:Mult3|multcore:mult_core                                                                                                                                                                                                                                                          ;
;                     |mpar_add:padder                                                                                                     ; 0.01 mW (0.00 mW)                    ; 0.00 mW (0.00 mW)               ; --                                ; 0.01 mW (0.00 mW)                 ; |MKRVIDOR4000_top|eco_nn_top:uut|neuron:hidden_layer[11].h_neuron|lpm_mult:Mult3|multcore:mult_core|mpar_add:padder                                                                                                                                                                                                                                          ;
;                         |lpm_add_sub:adder[0]                                                                                            ; 0.01 mW (0.00 mW)                    ; 0.00 mW (0.00 mW)               ; --                                ; 0.01 mW (0.00 mW)                 ; |MKRVIDOR4000_top|eco_nn_top:uut|neuron:hidden_layer[11].h_neuron|lpm_mult:Mult3|multcore:mult_core|mpar_add:padder|lpm_add_sub:adder[0]                                                                                                                                                                                                                     ;
;                             |add_sub_qih:auto_generated                                                                                  ; 0.01 mW (0.01 mW)                    ; 0.00 mW (0.00 mW)               ; --                                ; 0.01 mW (0.01 mW)                 ; |MKRVIDOR4000_top|eco_nn_top:uut|neuron:hidden_layer[11].h_neuron|lpm_mult:Mult3|multcore:mult_core|mpar_add:padder|lpm_add_sub:adder[0]|add_sub_qih:auto_generated                                                                                                                                                                                          ;
;             |lpm_mult:Mult7                                                                                                              ; 0.01 mW (0.00 mW)                    ; 0.00 mW (0.00 mW)               ; --                                ; 0.01 mW (0.00 mW)                 ; |MKRVIDOR4000_top|eco_nn_top:uut|neuron:hidden_layer[11].h_neuron|lpm_mult:Mult7                                                                                                                                                                                                                                                                             ;
;                 |multcore:mult_core                                                                                                      ; 0.01 mW (0.00 mW)                    ; 0.00 mW (0.00 mW)               ; --                                ; 0.01 mW (0.00 mW)                 ; |MKRVIDOR4000_top|eco_nn_top:uut|neuron:hidden_layer[11].h_neuron|lpm_mult:Mult7|multcore:mult_core                                                                                                                                                                                                                                                          ;
;                     |mpar_add:padder                                                                                                     ; 0.01 mW (0.00 mW)                    ; 0.00 mW (0.00 mW)               ; --                                ; 0.01 mW (0.00 mW)                 ; |MKRVIDOR4000_top|eco_nn_top:uut|neuron:hidden_layer[11].h_neuron|lpm_mult:Mult7|multcore:mult_core|mpar_add:padder                                                                                                                                                                                                                                          ;
;                         |lpm_add_sub:adder[0]                                                                                            ; 0.01 mW (0.00 mW)                    ; 0.00 mW (0.00 mW)               ; --                                ; 0.01 mW (0.00 mW)                 ; |MKRVIDOR4000_top|eco_nn_top:uut|neuron:hidden_layer[11].h_neuron|lpm_mult:Mult7|multcore:mult_core|mpar_add:padder|lpm_add_sub:adder[0]                                                                                                                                                                                                                     ;
;                             |add_sub_pih:auto_generated                                                                                  ; 0.01 mW (0.01 mW)                    ; 0.00 mW (0.00 mW)               ; --                                ; 0.01 mW (0.01 mW)                 ; |MKRVIDOR4000_top|eco_nn_top:uut|neuron:hidden_layer[11].h_neuron|lpm_mult:Mult7|multcore:mult_core|mpar_add:padder|lpm_add_sub:adder[0]|add_sub_pih:auto_generated                                                                                                                                                                                          ;
;         |neuron:hidden_layer[12].h_neuron                                                                                                ; 0.14 mW (0.12 mW)                    ; 0.08 mW (0.07 mW)               ; --                                ; 0.06 mW (0.05 mW)                 ; |MKRVIDOR4000_top|eco_nn_top:uut|neuron:hidden_layer[12].h_neuron                                                                                                                                                                                                                                                                                            ;
;             |lpm_mult:Mult3                                                                                                              ; 0.00 mW (0.00 mW)                    ; 0.00 mW (0.00 mW)               ; --                                ; 0.00 mW (0.00 mW)                 ; |MKRVIDOR4000_top|eco_nn_top:uut|neuron:hidden_layer[12].h_neuron|lpm_mult:Mult3                                                                                                                                                                                                                                                                             ;
;                 |multcore:mult_core                                                                                                      ; 0.00 mW (0.00 mW)                    ; 0.00 mW (0.00 mW)               ; --                                ; 0.00 mW (0.00 mW)                 ; |MKRVIDOR4000_top|eco_nn_top:uut|neuron:hidden_layer[12].h_neuron|lpm_mult:Mult3|multcore:mult_core                                                                                                                                                                                                                                                          ;
;                     |mpar_add:padder                                                                                                     ; 0.00 mW (0.00 mW)                    ; 0.00 mW (0.00 mW)               ; --                                ; 0.00 mW (0.00 mW)                 ; |MKRVIDOR4000_top|eco_nn_top:uut|neuron:hidden_layer[12].h_neuron|lpm_mult:Mult3|multcore:mult_core|mpar_add:padder                                                                                                                                                                                                                                          ;
;                         |lpm_add_sub:adder[0]                                                                                            ; 0.00 mW (0.00 mW)                    ; 0.00 mW (0.00 mW)               ; --                                ; 0.00 mW (0.00 mW)                 ; |MKRVIDOR4000_top|eco_nn_top:uut|neuron:hidden_layer[12].h_neuron|lpm_mult:Mult3|multcore:mult_core|mpar_add:padder|lpm_add_sub:adder[0]                                                                                                                                                                                                                     ;
;                             |add_sub_qih:auto_generated                                                                                  ; 0.00 mW (0.00 mW)                    ; 0.00 mW (0.00 mW)               ; --                                ; 0.00 mW (0.00 mW)                 ; |MKRVIDOR4000_top|eco_nn_top:uut|neuron:hidden_layer[12].h_neuron|lpm_mult:Mult3|multcore:mult_core|mpar_add:padder|lpm_add_sub:adder[0]|add_sub_qih:auto_generated                                                                                                                                                                                          ;
;             |lpm_mult:Mult4                                                                                                              ; 0.01 mW (0.00 mW)                    ; 0.01 mW (0.00 mW)               ; --                                ; 0.00 mW (0.00 mW)                 ; |MKRVIDOR4000_top|eco_nn_top:uut|neuron:hidden_layer[12].h_neuron|lpm_mult:Mult4                                                                                                                                                                                                                                                                             ;
;                 |multcore:mult_core                                                                                                      ; 0.01 mW (0.00 mW)                    ; 0.01 mW (0.00 mW)               ; --                                ; 0.00 mW (0.00 mW)                 ; |MKRVIDOR4000_top|eco_nn_top:uut|neuron:hidden_layer[12].h_neuron|lpm_mult:Mult4|multcore:mult_core                                                                                                                                                                                                                                                          ;
;                     |mpar_add:padder                                                                                                     ; 0.01 mW (0.00 mW)                    ; 0.00 mW (0.00 mW)               ; --                                ; 0.00 mW (0.00 mW)                 ; |MKRVIDOR4000_top|eco_nn_top:uut|neuron:hidden_layer[12].h_neuron|lpm_mult:Mult4|multcore:mult_core|mpar_add:padder                                                                                                                                                                                                                                          ;
;                         |lpm_add_sub:adder[0]                                                                                            ; 0.01 mW (0.00 mW)                    ; 0.00 mW (0.00 mW)               ; --                                ; 0.00 mW (0.00 mW)                 ; |MKRVIDOR4000_top|eco_nn_top:uut|neuron:hidden_layer[12].h_neuron|lpm_mult:Mult4|multcore:mult_core|mpar_add:padder|lpm_add_sub:adder[0]                                                                                                                                                                                                                     ;
;                             |add_sub_qih:auto_generated                                                                                  ; 0.01 mW (0.01 mW)                    ; 0.00 mW (0.00 mW)               ; --                                ; 0.00 mW (0.00 mW)                 ; |MKRVIDOR4000_top|eco_nn_top:uut|neuron:hidden_layer[12].h_neuron|lpm_mult:Mult4|multcore:mult_core|mpar_add:padder|lpm_add_sub:adder[0]|add_sub_qih:auto_generated                                                                                                                                                                                          ;
;         |neuron:hidden_layer[13].h_neuron                                                                                                ; 0.16 mW (0.10 mW)                    ; 0.09 mW (0.06 mW)               ; --                                ; 0.08 mW (0.04 mW)                 ; |MKRVIDOR4000_top|eco_nn_top:uut|neuron:hidden_layer[13].h_neuron                                                                                                                                                                                                                                                                                            ;
;             |lpm_mult:Mult1                                                                                                              ; 0.01 mW (0.00 mW)                    ; 0.00 mW (0.00 mW)               ; --                                ; 0.00 mW (0.00 mW)                 ; |MKRVIDOR4000_top|eco_nn_top:uut|neuron:hidden_layer[13].h_neuron|lpm_mult:Mult1                                                                                                                                                                                                                                                                             ;
;                 |multcore:mult_core                                                                                                      ; 0.01 mW (0.00 mW)                    ; 0.00 mW (0.00 mW)               ; --                                ; 0.00 mW (0.00 mW)                 ; |MKRVIDOR4000_top|eco_nn_top:uut|neuron:hidden_layer[13].h_neuron|lpm_mult:Mult1|multcore:mult_core                                                                                                                                                                                                                                                          ;
;                     |mpar_add:padder                                                                                                     ; 0.01 mW (0.00 mW)                    ; 0.00 mW (0.00 mW)               ; --                                ; 0.00 mW (0.00 mW)                 ; |MKRVIDOR4000_top|eco_nn_top:uut|neuron:hidden_layer[13].h_neuron|lpm_mult:Mult1|multcore:mult_core|mpar_add:padder                                                                                                                                                                                                                                          ;
;                         |lpm_add_sub:adder[0]                                                                                            ; 0.01 mW (0.00 mW)                    ; 0.00 mW (0.00 mW)               ; --                                ; 0.00 mW (0.00 mW)                 ; |MKRVIDOR4000_top|eco_nn_top:uut|neuron:hidden_layer[13].h_neuron|lpm_mult:Mult1|multcore:mult_core|mpar_add:padder|lpm_add_sub:adder[0]                                                                                                                                                                                                                     ;
;                             |add_sub_qih:auto_generated                                                                                  ; 0.01 mW (0.01 mW)                    ; 0.00 mW (0.00 mW)               ; --                                ; 0.00 mW (0.00 mW)                 ; |MKRVIDOR4000_top|eco_nn_top:uut|neuron:hidden_layer[13].h_neuron|lpm_mult:Mult1|multcore:mult_core|mpar_add:padder|lpm_add_sub:adder[0]|add_sub_qih:auto_generated                                                                                                                                                                                          ;
;             |lpm_mult:Mult2                                                                                                              ; 0.01 mW (0.00 mW)                    ; 0.00 mW (0.00 mW)               ; --                                ; 0.01 mW (0.00 mW)                 ; |MKRVIDOR4000_top|eco_nn_top:uut|neuron:hidden_layer[13].h_neuron|lpm_mult:Mult2                                                                                                                                                                                                                                                                             ;
;                 |multcore:mult_core                                                                                                      ; 0.01 mW (0.00 mW)                    ; 0.00 mW (0.00 mW)               ; --                                ; 0.01 mW (0.00 mW)                 ; |MKRVIDOR4000_top|eco_nn_top:uut|neuron:hidden_layer[13].h_neuron|lpm_mult:Mult2|multcore:mult_core                                                                                                                                                                                                                                                          ;
;                     |mpar_add:padder                                                                                                     ; 0.01 mW (0.00 mW)                    ; 0.00 mW (0.00 mW)               ; --                                ; 0.01 mW (0.00 mW)                 ; |MKRVIDOR4000_top|eco_nn_top:uut|neuron:hidden_layer[13].h_neuron|lpm_mult:Mult2|multcore:mult_core|mpar_add:padder                                                                                                                                                                                                                                          ;
;                         |lpm_add_sub:adder[0]                                                                                            ; 0.01 mW (0.00 mW)                    ; 0.00 mW (0.00 mW)               ; --                                ; 0.01 mW (0.00 mW)                 ; |MKRVIDOR4000_top|eco_nn_top:uut|neuron:hidden_layer[13].h_neuron|lpm_mult:Mult2|multcore:mult_core|mpar_add:padder|lpm_add_sub:adder[0]                                                                                                                                                                                                                     ;
;                             |add_sub_qih:auto_generated                                                                                  ; 0.01 mW (0.01 mW)                    ; 0.00 mW (0.00 mW)               ; --                                ; 0.01 mW (0.01 mW)                 ; |MKRVIDOR4000_top|eco_nn_top:uut|neuron:hidden_layer[13].h_neuron|lpm_mult:Mult2|multcore:mult_core|mpar_add:padder|lpm_add_sub:adder[0]|add_sub_qih:auto_generated                                                                                                                                                                                          ;
;             |lpm_mult:Mult3                                                                                                              ; 0.02 mW (0.00 mW)                    ; 0.01 mW (0.00 mW)               ; --                                ; 0.01 mW (0.00 mW)                 ; |MKRVIDOR4000_top|eco_nn_top:uut|neuron:hidden_layer[13].h_neuron|lpm_mult:Mult3                                                                                                                                                                                                                                                                             ;
;                 |multcore:mult_core                                                                                                      ; 0.02 mW (0.01 mW)                    ; 0.01 mW (0.00 mW)               ; --                                ; 0.01 mW (0.00 mW)                 ; |MKRVIDOR4000_top|eco_nn_top:uut|neuron:hidden_layer[13].h_neuron|lpm_mult:Mult3|multcore:mult_core                                                                                                                                                                                                                                                          ;
;                     |mpar_add:padder                                                                                                     ; 0.01 mW (0.00 mW)                    ; 0.00 mW (0.00 mW)               ; --                                ; 0.01 mW (0.00 mW)                 ; |MKRVIDOR4000_top|eco_nn_top:uut|neuron:hidden_layer[13].h_neuron|lpm_mult:Mult3|multcore:mult_core|mpar_add:padder                                                                                                                                                                                                                                          ;
;                         |lpm_add_sub:adder[0]                                                                                            ; 0.01 mW (0.00 mW)                    ; 0.00 mW (0.00 mW)               ; --                                ; 0.01 mW (0.00 mW)                 ; |MKRVIDOR4000_top|eco_nn_top:uut|neuron:hidden_layer[13].h_neuron|lpm_mult:Mult3|multcore:mult_core|mpar_add:padder|lpm_add_sub:adder[0]                                                                                                                                                                                                                     ;
;                             |add_sub_qih:auto_generated                                                                                  ; 0.01 mW (0.01 mW)                    ; 0.00 mW (0.00 mW)               ; --                                ; 0.01 mW (0.01 mW)                 ; |MKRVIDOR4000_top|eco_nn_top:uut|neuron:hidden_layer[13].h_neuron|lpm_mult:Mult3|multcore:mult_core|mpar_add:padder|lpm_add_sub:adder[0]|add_sub_qih:auto_generated                                                                                                                                                                                          ;
;             |lpm_mult:Mult7                                                                                                              ; 0.02 mW (0.00 mW)                    ; 0.01 mW (0.00 mW)               ; --                                ; 0.01 mW (0.00 mW)                 ; |MKRVIDOR4000_top|eco_nn_top:uut|neuron:hidden_layer[13].h_neuron|lpm_mult:Mult7                                                                                                                                                                                                                                                                             ;
;                 |multcore:mult_core                                                                                                      ; 0.02 mW (0.01 mW)                    ; 0.01 mW (0.01 mW)               ; --                                ; 0.01 mW (0.01 mW)                 ; |MKRVIDOR4000_top|eco_nn_top:uut|neuron:hidden_layer[13].h_neuron|lpm_mult:Mult7|multcore:mult_core                                                                                                                                                                                                                                                          ;
;                     |mpar_add:padder                                                                                                     ; 0.01 mW (0.00 mW)                    ; 0.00 mW (0.00 mW)               ; --                                ; 0.00 mW (0.00 mW)                 ; |MKRVIDOR4000_top|eco_nn_top:uut|neuron:hidden_layer[13].h_neuron|lpm_mult:Mult7|multcore:mult_core|mpar_add:padder                                                                                                                                                                                                                                          ;
;                         |lpm_add_sub:adder[0]                                                                                            ; 0.01 mW (0.00 mW)                    ; 0.00 mW (0.00 mW)               ; --                                ; 0.00 mW (0.00 mW)                 ; |MKRVIDOR4000_top|eco_nn_top:uut|neuron:hidden_layer[13].h_neuron|lpm_mult:Mult7|multcore:mult_core|mpar_add:padder|lpm_add_sub:adder[0]                                                                                                                                                                                                                     ;
;                             |add_sub_qih:auto_generated                                                                                  ; 0.01 mW (0.01 mW)                    ; 0.00 mW (0.00 mW)               ; --                                ; 0.00 mW (0.00 mW)                 ; |MKRVIDOR4000_top|eco_nn_top:uut|neuron:hidden_layer[13].h_neuron|lpm_mult:Mult7|multcore:mult_core|mpar_add:padder|lpm_add_sub:adder[0]|add_sub_qih:auto_generated                                                                                                                                                                                          ;
;         |neuron:hidden_layer[14].h_neuron                                                                                                ; 0.18 mW (0.11 mW)                    ; 0.09 mW (0.07 mW)               ; --                                ; 0.09 mW (0.04 mW)                 ; |MKRVIDOR4000_top|eco_nn_top:uut|neuron:hidden_layer[14].h_neuron                                                                                                                                                                                                                                                                                            ;
;             |lpm_mult:Mult0                                                                                                              ; 0.01 mW (0.00 mW)                    ; 0.01 mW (0.00 mW)               ; --                                ; 0.01 mW (0.00 mW)                 ; |MKRVIDOR4000_top|eco_nn_top:uut|neuron:hidden_layer[14].h_neuron|lpm_mult:Mult0                                                                                                                                                                                                                                                                             ;
;                 |multcore:mult_core                                                                                                      ; 0.01 mW (0.00 mW)                    ; 0.01 mW (0.00 mW)               ; --                                ; 0.01 mW (0.00 mW)                 ; |MKRVIDOR4000_top|eco_nn_top:uut|neuron:hidden_layer[14].h_neuron|lpm_mult:Mult0|multcore:mult_core                                                                                                                                                                                                                                                          ;
;                     |mpar_add:padder                                                                                                     ; 0.01 mW (0.00 mW)                    ; 0.00 mW (0.00 mW)               ; --                                ; 0.01 mW (0.00 mW)                 ; |MKRVIDOR4000_top|eco_nn_top:uut|neuron:hidden_layer[14].h_neuron|lpm_mult:Mult0|multcore:mult_core|mpar_add:padder                                                                                                                                                                                                                                          ;
;                         |lpm_add_sub:adder[0]                                                                                            ; 0.01 mW (0.00 mW)                    ; 0.00 mW (0.00 mW)               ; --                                ; 0.01 mW (0.00 mW)                 ; |MKRVIDOR4000_top|eco_nn_top:uut|neuron:hidden_layer[14].h_neuron|lpm_mult:Mult0|multcore:mult_core|mpar_add:padder|lpm_add_sub:adder[0]                                                                                                                                                                                                                     ;
;                             |add_sub_qih:auto_generated                                                                                  ; 0.01 mW (0.01 mW)                    ; 0.00 mW (0.00 mW)               ; --                                ; 0.01 mW (0.01 mW)                 ; |MKRVIDOR4000_top|eco_nn_top:uut|neuron:hidden_layer[14].h_neuron|lpm_mult:Mult0|multcore:mult_core|mpar_add:padder|lpm_add_sub:adder[0]|add_sub_qih:auto_generated                                                                                                                                                                                          ;
;             |lpm_mult:Mult1                                                                                                              ; 0.01 mW (0.00 mW)                    ; 0.00 mW (0.00 mW)               ; --                                ; 0.00 mW (0.00 mW)                 ; |MKRVIDOR4000_top|eco_nn_top:uut|neuron:hidden_layer[14].h_neuron|lpm_mult:Mult1                                                                                                                                                                                                                                                                             ;
;                 |multcore:mult_core                                                                                                      ; 0.01 mW (0.00 mW)                    ; 0.00 mW (0.00 mW)               ; --                                ; 0.00 mW (0.00 mW)                 ; |MKRVIDOR4000_top|eco_nn_top:uut|neuron:hidden_layer[14].h_neuron|lpm_mult:Mult1|multcore:mult_core                                                                                                                                                                                                                                                          ;
;                     |mpar_add:padder                                                                                                     ; 0.01 mW (0.00 mW)                    ; 0.00 mW (0.00 mW)               ; --                                ; 0.00 mW (0.00 mW)                 ; |MKRVIDOR4000_top|eco_nn_top:uut|neuron:hidden_layer[14].h_neuron|lpm_mult:Mult1|multcore:mult_core|mpar_add:padder                                                                                                                                                                                                                                          ;
;                         |lpm_add_sub:adder[0]                                                                                            ; 0.01 mW (0.00 mW)                    ; 0.00 mW (0.00 mW)               ; --                                ; 0.00 mW (0.00 mW)                 ; |MKRVIDOR4000_top|eco_nn_top:uut|neuron:hidden_layer[14].h_neuron|lpm_mult:Mult1|multcore:mult_core|mpar_add:padder|lpm_add_sub:adder[0]                                                                                                                                                                                                                     ;
;                             |add_sub_qih:auto_generated                                                                                  ; 0.01 mW (0.01 mW)                    ; 0.00 mW (0.00 mW)               ; --                                ; 0.00 mW (0.00 mW)                 ; |MKRVIDOR4000_top|eco_nn_top:uut|neuron:hidden_layer[14].h_neuron|lpm_mult:Mult1|multcore:mult_core|mpar_add:padder|lpm_add_sub:adder[0]|add_sub_qih:auto_generated                                                                                                                                                                                          ;
;             |lpm_mult:Mult4                                                                                                              ; 0.01 mW (0.00 mW)                    ; 0.00 mW (0.00 mW)               ; --                                ; 0.00 mW (0.00 mW)                 ; |MKRVIDOR4000_top|eco_nn_top:uut|neuron:hidden_layer[14].h_neuron|lpm_mult:Mult4                                                                                                                                                                                                                                                                             ;
;                 |multcore:mult_core                                                                                                      ; 0.01 mW (0.00 mW)                    ; 0.00 mW (0.00 mW)               ; --                                ; 0.00 mW (0.00 mW)                 ; |MKRVIDOR4000_top|eco_nn_top:uut|neuron:hidden_layer[14].h_neuron|lpm_mult:Mult4|multcore:mult_core                                                                                                                                                                                                                                                          ;
;                     |mpar_add:padder                                                                                                     ; 0.00 mW (0.00 mW)                    ; 0.00 mW (0.00 mW)               ; --                                ; 0.00 mW (0.00 mW)                 ; |MKRVIDOR4000_top|eco_nn_top:uut|neuron:hidden_layer[14].h_neuron|lpm_mult:Mult4|multcore:mult_core|mpar_add:padder                                                                                                                                                                                                                                          ;
;                         |lpm_add_sub:adder[0]                                                                                            ; 0.00 mW (0.00 mW)                    ; 0.00 mW (0.00 mW)               ; --                                ; 0.00 mW (0.00 mW)                 ; |MKRVIDOR4000_top|eco_nn_top:uut|neuron:hidden_layer[14].h_neuron|lpm_mult:Mult4|multcore:mult_core|mpar_add:padder|lpm_add_sub:adder[0]                                                                                                                                                                                                                     ;
;                             |add_sub_pih:auto_generated                                                                                  ; 0.00 mW (0.00 mW)                    ; 0.00 mW (0.00 mW)               ; --                                ; 0.00 mW (0.00 mW)                 ; |MKRVIDOR4000_top|eco_nn_top:uut|neuron:hidden_layer[14].h_neuron|lpm_mult:Mult4|multcore:mult_core|mpar_add:padder|lpm_add_sub:adder[0]|add_sub_pih:auto_generated                                                                                                                                                                                          ;
;             |lpm_mult:Mult5                                                                                                              ; 0.03 mW (0.00 mW)                    ; 0.01 mW (0.00 mW)               ; --                                ; 0.02 mW (0.00 mW)                 ; |MKRVIDOR4000_top|eco_nn_top:uut|neuron:hidden_layer[14].h_neuron|lpm_mult:Mult5                                                                                                                                                                                                                                                                             ;
;                 |multcore:mult_core                                                                                                      ; 0.03 mW (0.01 mW)                    ; 0.01 mW (0.00 mW)               ; --                                ; 0.02 mW (0.01 mW)                 ; |MKRVIDOR4000_top|eco_nn_top:uut|neuron:hidden_layer[14].h_neuron|lpm_mult:Mult5|multcore:mult_core                                                                                                                                                                                                                                                          ;
;                     |mpar_add:padder                                                                                                     ; 0.01 mW (0.00 mW)                    ; 0.00 mW (0.00 mW)               ; --                                ; 0.01 mW (0.00 mW)                 ; |MKRVIDOR4000_top|eco_nn_top:uut|neuron:hidden_layer[14].h_neuron|lpm_mult:Mult5|multcore:mult_core|mpar_add:padder                                                                                                                                                                                                                                          ;
;                         |lpm_add_sub:adder[0]                                                                                            ; 0.01 mW (0.00 mW)                    ; 0.00 mW (0.00 mW)               ; --                                ; 0.01 mW (0.00 mW)                 ; |MKRVIDOR4000_top|eco_nn_top:uut|neuron:hidden_layer[14].h_neuron|lpm_mult:Mult5|multcore:mult_core|mpar_add:padder|lpm_add_sub:adder[0]                                                                                                                                                                                                                     ;
;                             |add_sub_qih:auto_generated                                                                                  ; 0.01 mW (0.01 mW)                    ; 0.00 mW (0.00 mW)               ; --                                ; 0.01 mW (0.01 mW)                 ; |MKRVIDOR4000_top|eco_nn_top:uut|neuron:hidden_layer[14].h_neuron|lpm_mult:Mult5|multcore:mult_core|mpar_add:padder|lpm_add_sub:adder[0]|add_sub_qih:auto_generated                                                                                                                                                                                          ;
;             |lpm_mult:Mult6                                                                                                              ; 0.02 mW (0.00 mW)                    ; 0.01 mW (0.00 mW)               ; --                                ; 0.01 mW (0.00 mW)                 ; |MKRVIDOR4000_top|eco_nn_top:uut|neuron:hidden_layer[14].h_neuron|lpm_mult:Mult6                                                                                                                                                                                                                                                                             ;
;                 |multcore:mult_core                                                                                                      ; 0.02 mW (0.01 mW)                    ; 0.01 mW (0.00 mW)               ; --                                ; 0.01 mW (0.00 mW)                 ; |MKRVIDOR4000_top|eco_nn_top:uut|neuron:hidden_layer[14].h_neuron|lpm_mult:Mult6|multcore:mult_core                                                                                                                                                                                                                                                          ;
;                     |mpar_add:padder                                                                                                     ; 0.01 mW (0.00 mW)                    ; 0.00 mW (0.00 mW)               ; --                                ; 0.01 mW (0.00 mW)                 ; |MKRVIDOR4000_top|eco_nn_top:uut|neuron:hidden_layer[14].h_neuron|lpm_mult:Mult6|multcore:mult_core|mpar_add:padder                                                                                                                                                                                                                                          ;
;                         |lpm_add_sub:adder[0]                                                                                            ; 0.01 mW (0.00 mW)                    ; 0.00 mW (0.00 mW)               ; --                                ; 0.01 mW (0.00 mW)                 ; |MKRVIDOR4000_top|eco_nn_top:uut|neuron:hidden_layer[14].h_neuron|lpm_mult:Mult6|multcore:mult_core|mpar_add:padder|lpm_add_sub:adder[0]                                                                                                                                                                                                                     ;
;                             |add_sub_oih:auto_generated                                                                                  ; 0.01 mW (0.01 mW)                    ; 0.00 mW (0.00 mW)               ; --                                ; 0.01 mW (0.01 mW)                 ; |MKRVIDOR4000_top|eco_nn_top:uut|neuron:hidden_layer[14].h_neuron|lpm_mult:Mult6|multcore:mult_core|mpar_add:padder|lpm_add_sub:adder[0]|add_sub_oih:auto_generated                                                                                                                                                                                          ;
;         |neuron:hidden_layer[15].h_neuron                                                                                                ; 0.16 mW (0.14 mW)                    ; 0.09 mW (0.08 mW)               ; --                                ; 0.06 mW (0.06 mW)                 ; |MKRVIDOR4000_top|eco_nn_top:uut|neuron:hidden_layer[15].h_neuron                                                                                                                                                                                                                                                                                            ;
;             |lpm_mult:Mult1                                                                                                              ; 0.01 mW (0.00 mW)                    ; 0.01 mW (0.00 mW)               ; --                                ; 0.00 mW (0.00 mW)                 ; |MKRVIDOR4000_top|eco_nn_top:uut|neuron:hidden_layer[15].h_neuron|lpm_mult:Mult1                                                                                                                                                                                                                                                                             ;
;                 |multcore:mult_core                                                                                                      ; 0.01 mW (0.00 mW)                    ; 0.01 mW (0.00 mW)               ; --                                ; 0.00 mW (0.00 mW)                 ; |MKRVIDOR4000_top|eco_nn_top:uut|neuron:hidden_layer[15].h_neuron|lpm_mult:Mult1|multcore:mult_core                                                                                                                                                                                                                                                          ;
;                     |mpar_add:padder                                                                                                     ; 0.01 mW (0.00 mW)                    ; 0.00 mW (0.00 mW)               ; --                                ; 0.00 mW (0.00 mW)                 ; |MKRVIDOR4000_top|eco_nn_top:uut|neuron:hidden_layer[15].h_neuron|lpm_mult:Mult1|multcore:mult_core|mpar_add:padder                                                                                                                                                                                                                                          ;
;                         |lpm_add_sub:adder[0]                                                                                            ; 0.01 mW (0.00 mW)                    ; 0.00 mW (0.00 mW)               ; --                                ; 0.00 mW (0.00 mW)                 ; |MKRVIDOR4000_top|eco_nn_top:uut|neuron:hidden_layer[15].h_neuron|lpm_mult:Mult1|multcore:mult_core|mpar_add:padder|lpm_add_sub:adder[0]                                                                                                                                                                                                                     ;
;                             |add_sub_qih:auto_generated                                                                                  ; 0.01 mW (0.01 mW)                    ; 0.00 mW (0.00 mW)               ; --                                ; 0.00 mW (0.00 mW)                 ; |MKRVIDOR4000_top|eco_nn_top:uut|neuron:hidden_layer[15].h_neuron|lpm_mult:Mult1|multcore:mult_core|mpar_add:padder|lpm_add_sub:adder[0]|add_sub_qih:auto_generated                                                                                                                                                                                          ;
;             |lpm_mult:Mult3                                                                                                              ; 0.01 mW (0.00 mW)                    ; 0.01 mW (0.00 mW)               ; --                                ; 0.00 mW (0.00 mW)                 ; |MKRVIDOR4000_top|eco_nn_top:uut|neuron:hidden_layer[15].h_neuron|lpm_mult:Mult3                                                                                                                                                                                                                                                                             ;
;                 |multcore:mult_core                                                                                                      ; 0.01 mW (0.00 mW)                    ; 0.01 mW (0.00 mW)               ; --                                ; 0.00 mW (0.00 mW)                 ; |MKRVIDOR4000_top|eco_nn_top:uut|neuron:hidden_layer[15].h_neuron|lpm_mult:Mult3|multcore:mult_core                                                                                                                                                                                                                                                          ;
;                     |mpar_add:padder                                                                                                     ; 0.00 mW (0.00 mW)                    ; 0.00 mW (0.00 mW)               ; --                                ; 0.00 mW (0.00 mW)                 ; |MKRVIDOR4000_top|eco_nn_top:uut|neuron:hidden_layer[15].h_neuron|lpm_mult:Mult3|multcore:mult_core|mpar_add:padder                                                                                                                                                                                                                                          ;
;                         |lpm_add_sub:adder[0]                                                                                            ; 0.00 mW (0.00 mW)                    ; 0.00 mW (0.00 mW)               ; --                                ; 0.00 mW (0.00 mW)                 ; |MKRVIDOR4000_top|eco_nn_top:uut|neuron:hidden_layer[15].h_neuron|lpm_mult:Mult3|multcore:mult_core|mpar_add:padder|lpm_add_sub:adder[0]                                                                                                                                                                                                                     ;
;                             |add_sub_pih:auto_generated                                                                                  ; 0.00 mW (0.00 mW)                    ; 0.00 mW (0.00 mW)               ; --                                ; 0.00 mW (0.00 mW)                 ; |MKRVIDOR4000_top|eco_nn_top:uut|neuron:hidden_layer[15].h_neuron|lpm_mult:Mult3|multcore:mult_core|mpar_add:padder|lpm_add_sub:adder[0]|add_sub_pih:auto_generated                                                                                                                                                                                          ;
;         |neuron:output_layer[0].final_neuron                                                                                             ; 0.33 mW (0.21 mW)                    ; 0.19 mW (0.12 mW)               ; --                                ; 0.14 mW (0.09 mW)                 ; |MKRVIDOR4000_top|eco_nn_top:uut|neuron:output_layer[0].final_neuron                                                                                                                                                                                                                                                                                         ;
;             |lpm_mult:Mult0                                                                                                              ; 0.01 mW (0.00 mW)                    ; 0.01 mW (0.00 mW)               ; --                                ; 0.00 mW (0.00 mW)                 ; |MKRVIDOR4000_top|eco_nn_top:uut|neuron:output_layer[0].final_neuron|lpm_mult:Mult0                                                                                                                                                                                                                                                                          ;
;                 |multcore:mult_core                                                                                                      ; 0.01 mW (0.01 mW)                    ; 0.01 mW (0.00 mW)               ; --                                ; 0.00 mW (0.00 mW)                 ; |MKRVIDOR4000_top|eco_nn_top:uut|neuron:output_layer[0].final_neuron|lpm_mult:Mult0|multcore:mult_core                                                                                                                                                                                                                                                       ;
;                     |mpar_add:padder                                                                                                     ; 0.00 mW (0.00 mW)                    ; 0.00 mW (0.00 mW)               ; --                                ; 0.00 mW (0.00 mW)                 ; |MKRVIDOR4000_top|eco_nn_top:uut|neuron:output_layer[0].final_neuron|lpm_mult:Mult0|multcore:mult_core|mpar_add:padder                                                                                                                                                                                                                                       ;
;                         |lpm_add_sub:adder[0]                                                                                            ; 0.00 mW (0.00 mW)                    ; 0.00 mW (0.00 mW)               ; --                                ; 0.00 mW (0.00 mW)                 ; |MKRVIDOR4000_top|eco_nn_top:uut|neuron:output_layer[0].final_neuron|lpm_mult:Mult0|multcore:mult_core|mpar_add:padder|lpm_add_sub:adder[0]                                                                                                                                                                                                                  ;
;                             |add_sub_qih:auto_generated                                                                                  ; 0.00 mW (0.00 mW)                    ; 0.00 mW (0.00 mW)               ; --                                ; 0.00 mW (0.00 mW)                 ; |MKRVIDOR4000_top|eco_nn_top:uut|neuron:output_layer[0].final_neuron|lpm_mult:Mult0|multcore:mult_core|mpar_add:padder|lpm_add_sub:adder[0]|add_sub_qih:auto_generated                                                                                                                                                                                       ;
;             |lpm_mult:Mult1                                                                                                              ; 0.02 mW (0.00 mW)                    ; 0.01 mW (0.00 mW)               ; --                                ; 0.01 mW (0.00 mW)                 ; |MKRVIDOR4000_top|eco_nn_top:uut|neuron:output_layer[0].final_neuron|lpm_mult:Mult1                                                                                                                                                                                                                                                                          ;
;                 |multcore:mult_core                                                                                                      ; 0.02 mW (0.01 mW)                    ; 0.01 mW (0.01 mW)               ; --                                ; 0.01 mW (0.00 mW)                 ; |MKRVIDOR4000_top|eco_nn_top:uut|neuron:output_layer[0].final_neuron|lpm_mult:Mult1|multcore:mult_core                                                                                                                                                                                                                                                       ;
;                     |mpar_add:padder                                                                                                     ; 0.01 mW (0.00 mW)                    ; 0.00 mW (0.00 mW)               ; --                                ; 0.00 mW (0.00 mW)                 ; |MKRVIDOR4000_top|eco_nn_top:uut|neuron:output_layer[0].final_neuron|lpm_mult:Mult1|multcore:mult_core|mpar_add:padder                                                                                                                                                                                                                                       ;
;                         |lpm_add_sub:adder[0]                                                                                            ; 0.01 mW (0.00 mW)                    ; 0.00 mW (0.00 mW)               ; --                                ; 0.00 mW (0.00 mW)                 ; |MKRVIDOR4000_top|eco_nn_top:uut|neuron:output_layer[0].final_neuron|lpm_mult:Mult1|multcore:mult_core|mpar_add:padder|lpm_add_sub:adder[0]                                                                                                                                                                                                                  ;
;                             |add_sub_rih:auto_generated                                                                                  ; 0.01 mW (0.01 mW)                    ; 0.00 mW (0.00 mW)               ; --                                ; 0.00 mW (0.00 mW)                 ; |MKRVIDOR4000_top|eco_nn_top:uut|neuron:output_layer[0].final_neuron|lpm_mult:Mult1|multcore:mult_core|mpar_add:padder|lpm_add_sub:adder[0]|add_sub_rih:auto_generated                                                                                                                                                                                       ;
;             |lpm_mult:Mult2                                                                                                              ; 0.02 mW (0.00 mW)                    ; 0.01 mW (0.00 mW)               ; --                                ; 0.01 mW (0.00 mW)                 ; |MKRVIDOR4000_top|eco_nn_top:uut|neuron:output_layer[0].final_neuron|lpm_mult:Mult2                                                                                                                                                                                                                                                                          ;
;                 |multcore:mult_core                                                                                                      ; 0.02 mW (0.01 mW)                    ; 0.01 mW (0.00 mW)               ; --                                ; 0.01 mW (0.00 mW)                 ; |MKRVIDOR4000_top|eco_nn_top:uut|neuron:output_layer[0].final_neuron|lpm_mult:Mult2|multcore:mult_core                                                                                                                                                                                                                                                       ;
;                     |mpar_add:padder                                                                                                     ; 0.01 mW (0.00 mW)                    ; 0.00 mW (0.00 mW)               ; --                                ; 0.01 mW (0.00 mW)                 ; |MKRVIDOR4000_top|eco_nn_top:uut|neuron:output_layer[0].final_neuron|lpm_mult:Mult2|multcore:mult_core|mpar_add:padder                                                                                                                                                                                                                                       ;
;                         |lpm_add_sub:adder[0]                                                                                            ; 0.01 mW (0.00 mW)                    ; 0.00 mW (0.00 mW)               ; --                                ; 0.01 mW (0.00 mW)                 ; |MKRVIDOR4000_top|eco_nn_top:uut|neuron:output_layer[0].final_neuron|lpm_mult:Mult2|multcore:mult_core|mpar_add:padder|lpm_add_sub:adder[0]                                                                                                                                                                                                                  ;
;                             |add_sub_qih:auto_generated                                                                                  ; 0.01 mW (0.01 mW)                    ; 0.00 mW (0.00 mW)               ; --                                ; 0.01 mW (0.01 mW)                 ; |MKRVIDOR4000_top|eco_nn_top:uut|neuron:output_layer[0].final_neuron|lpm_mult:Mult2|multcore:mult_core|mpar_add:padder|lpm_add_sub:adder[0]|add_sub_qih:auto_generated                                                                                                                                                                                       ;
;             |lpm_mult:Mult3                                                                                                              ; 0.01 mW (0.00 mW)                    ; 0.01 mW (0.00 mW)               ; --                                ; 0.00 mW (0.00 mW)                 ; |MKRVIDOR4000_top|eco_nn_top:uut|neuron:output_layer[0].final_neuron|lpm_mult:Mult3                                                                                                                                                                                                                                                                          ;
;                 |multcore:mult_core                                                                                                      ; 0.01 mW (0.00 mW)                    ; 0.01 mW (0.00 mW)               ; --                                ; 0.00 mW (0.00 mW)                 ; |MKRVIDOR4000_top|eco_nn_top:uut|neuron:output_layer[0].final_neuron|lpm_mult:Mult3|multcore:mult_core                                                                                                                                                                                                                                                       ;
;                     |mpar_add:padder                                                                                                     ; 0.01 mW (0.00 mW)                    ; 0.00 mW (0.00 mW)               ; --                                ; 0.00 mW (0.00 mW)                 ; |MKRVIDOR4000_top|eco_nn_top:uut|neuron:output_layer[0].final_neuron|lpm_mult:Mult3|multcore:mult_core|mpar_add:padder                                                                                                                                                                                                                                       ;
;                         |lpm_add_sub:adder[0]                                                                                            ; 0.01 mW (0.00 mW)                    ; 0.00 mW (0.00 mW)               ; --                                ; 0.00 mW (0.00 mW)                 ; |MKRVIDOR4000_top|eco_nn_top:uut|neuron:output_layer[0].final_neuron|lpm_mult:Mult3|multcore:mult_core|mpar_add:padder|lpm_add_sub:adder[0]                                                                                                                                                                                                                  ;
;                             |add_sub_qih:auto_generated                                                                                  ; 0.01 mW (0.01 mW)                    ; 0.00 mW (0.00 mW)               ; --                                ; 0.00 mW (0.00 mW)                 ; |MKRVIDOR4000_top|eco_nn_top:uut|neuron:output_layer[0].final_neuron|lpm_mult:Mult3|multcore:mult_core|mpar_add:padder|lpm_add_sub:adder[0]|add_sub_qih:auto_generated                                                                                                                                                                                       ;
;             |lpm_mult:Mult7                                                                                                              ; 0.01 mW (0.00 mW)                    ; 0.01 mW (0.00 mW)               ; --                                ; 0.01 mW (0.00 mW)                 ; |MKRVIDOR4000_top|eco_nn_top:uut|neuron:output_layer[0].final_neuron|lpm_mult:Mult7                                                                                                                                                                                                                                                                          ;
;                 |multcore:mult_core                                                                                                      ; 0.01 mW (0.01 mW)                    ; 0.01 mW (0.00 mW)               ; --                                ; 0.01 mW (0.00 mW)                 ; |MKRVIDOR4000_top|eco_nn_top:uut|neuron:output_layer[0].final_neuron|lpm_mult:Mult7|multcore:mult_core                                                                                                                                                                                                                                                       ;
;                     |mpar_add:padder                                                                                                     ; 0.00 mW (0.00 mW)                    ; 0.00 mW (0.00 mW)               ; --                                ; 0.00 mW (0.00 mW)                 ; |MKRVIDOR4000_top|eco_nn_top:uut|neuron:output_layer[0].final_neuron|lpm_mult:Mult7|multcore:mult_core|mpar_add:padder                                                                                                                                                                                                                                       ;
;                         |lpm_add_sub:adder[0]                                                                                            ; 0.00 mW (0.00 mW)                    ; 0.00 mW (0.00 mW)               ; --                                ; 0.00 mW (0.00 mW)                 ; |MKRVIDOR4000_top|eco_nn_top:uut|neuron:output_layer[0].final_neuron|lpm_mult:Mult7|multcore:mult_core|mpar_add:padder|lpm_add_sub:adder[0]                                                                                                                                                                                                                  ;
;                             |add_sub_qih:auto_generated                                                                                  ; 0.00 mW (0.00 mW)                    ; 0.00 mW (0.00 mW)               ; --                                ; 0.00 mW (0.00 mW)                 ; |MKRVIDOR4000_top|eco_nn_top:uut|neuron:output_layer[0].final_neuron|lpm_mult:Mult7|multcore:mult_core|mpar_add:padder|lpm_add_sub:adder[0]|add_sub_qih:auto_generated                                                                                                                                                                                       ;
;             |lpm_mult:Mult8                                                                                                              ; 0.01 mW (0.00 mW)                    ; 0.01 mW (0.00 mW)               ; --                                ; 0.00 mW (0.00 mW)                 ; |MKRVIDOR4000_top|eco_nn_top:uut|neuron:output_layer[0].final_neuron|lpm_mult:Mult8                                                                                                                                                                                                                                                                          ;
;                 |multcore:mult_core                                                                                                      ; 0.01 mW (0.01 mW)                    ; 0.01 mW (0.00 mW)               ; --                                ; 0.00 mW (0.00 mW)                 ; |MKRVIDOR4000_top|eco_nn_top:uut|neuron:output_layer[0].final_neuron|lpm_mult:Mult8|multcore:mult_core                                                                                                                                                                                                                                                       ;
;                     |mpar_add:padder                                                                                                     ; 0.00 mW (0.00 mW)                    ; 0.00 mW (0.00 mW)               ; --                                ; 0.00 mW (0.00 mW)                 ; |MKRVIDOR4000_top|eco_nn_top:uut|neuron:output_layer[0].final_neuron|lpm_mult:Mult8|multcore:mult_core|mpar_add:padder                                                                                                                                                                                                                                       ;
;                         |lpm_add_sub:adder[0]                                                                                            ; 0.00 mW (0.00 mW)                    ; 0.00 mW (0.00 mW)               ; --                                ; 0.00 mW (0.00 mW)                 ; |MKRVIDOR4000_top|eco_nn_top:uut|neuron:output_layer[0].final_neuron|lpm_mult:Mult8|multcore:mult_core|mpar_add:padder|lpm_add_sub:adder[0]                                                                                                                                                                                                                  ;
;                             |add_sub_qih:auto_generated                                                                                  ; 0.00 mW (0.00 mW)                    ; 0.00 mW (0.00 mW)               ; --                                ; 0.00 mW (0.00 mW)                 ; |MKRVIDOR4000_top|eco_nn_top:uut|neuron:output_layer[0].final_neuron|lpm_mult:Mult8|multcore:mult_core|mpar_add:padder|lpm_add_sub:adder[0]|add_sub_qih:auto_generated                                                                                                                                                                                       ;
;             |lpm_mult:Mult9                                                                                                              ; 0.01 mW (0.00 mW)                    ; 0.01 mW (0.00 mW)               ; --                                ; 0.00 mW (0.00 mW)                 ; |MKRVIDOR4000_top|eco_nn_top:uut|neuron:output_layer[0].final_neuron|lpm_mult:Mult9                                                                                                                                                                                                                                                                          ;
;                 |multcore:mult_core                                                                                                      ; 0.01 mW (0.00 mW)                    ; 0.01 mW (0.00 mW)               ; --                                ; 0.00 mW (0.00 mW)                 ; |MKRVIDOR4000_top|eco_nn_top:uut|neuron:output_layer[0].final_neuron|lpm_mult:Mult9|multcore:mult_core                                                                                                                                                                                                                                                       ;
;                     |mpar_add:padder                                                                                                     ; 0.00 mW (0.00 mW)                    ; 0.00 mW (0.00 mW)               ; --                                ; 0.00 mW (0.00 mW)                 ; |MKRVIDOR4000_top|eco_nn_top:uut|neuron:output_layer[0].final_neuron|lpm_mult:Mult9|multcore:mult_core|mpar_add:padder                                                                                                                                                                                                                                       ;
;                         |lpm_add_sub:adder[0]                                                                                            ; 0.00 mW (0.00 mW)                    ; 0.00 mW (0.00 mW)               ; --                                ; 0.00 mW (0.00 mW)                 ; |MKRVIDOR4000_top|eco_nn_top:uut|neuron:output_layer[0].final_neuron|lpm_mult:Mult9|multcore:mult_core|mpar_add:padder|lpm_add_sub:adder[0]                                                                                                                                                                                                                  ;
;                             |add_sub_oih:auto_generated                                                                                  ; 0.00 mW (0.00 mW)                    ; 0.00 mW (0.00 mW)               ; --                                ; 0.00 mW (0.00 mW)                 ; |MKRVIDOR4000_top|eco_nn_top:uut|neuron:output_layer[0].final_neuron|lpm_mult:Mult9|multcore:mult_core|mpar_add:padder|lpm_add_sub:adder[0]|add_sub_oih:auto_generated                                                                                                                                                                                       ;
;             |lpm_mult:Mult11                                                                                                             ; 0.01 mW (0.00 mW)                    ; 0.00 mW (0.00 mW)               ; --                                ; 0.00 mW (0.00 mW)                 ; |MKRVIDOR4000_top|eco_nn_top:uut|neuron:output_layer[0].final_neuron|lpm_mult:Mult11                                                                                                                                                                                                                                                                         ;
;                 |multcore:mult_core                                                                                                      ; 0.01 mW (0.01 mW)                    ; 0.00 mW (0.00 mW)               ; --                                ; 0.00 mW (0.00 mW)                 ; |MKRVIDOR4000_top|eco_nn_top:uut|neuron:output_layer[0].final_neuron|lpm_mult:Mult11|multcore:mult_core                                                                                                                                                                                                                                                      ;
;                     |mpar_add:padder                                                                                                     ; 0.00 mW (0.00 mW)                    ; 0.00 mW (0.00 mW)               ; --                                ; 0.00 mW (0.00 mW)                 ; |MKRVIDOR4000_top|eco_nn_top:uut|neuron:output_layer[0].final_neuron|lpm_mult:Mult11|multcore:mult_core|mpar_add:padder                                                                                                                                                                                                                                      ;
;                         |lpm_add_sub:adder[0]                                                                                            ; 0.00 mW (0.00 mW)                    ; 0.00 mW (0.00 mW)               ; --                                ; 0.00 mW (0.00 mW)                 ; |MKRVIDOR4000_top|eco_nn_top:uut|neuron:output_layer[0].final_neuron|lpm_mult:Mult11|multcore:mult_core|mpar_add:padder|lpm_add_sub:adder[0]                                                                                                                                                                                                                 ;
;                             |add_sub_oih:auto_generated                                                                                  ; 0.00 mW (0.00 mW)                    ; 0.00 mW (0.00 mW)               ; --                                ; 0.00 mW (0.00 mW)                 ; |MKRVIDOR4000_top|eco_nn_top:uut|neuron:output_layer[0].final_neuron|lpm_mult:Mult11|multcore:mult_core|mpar_add:padder|lpm_add_sub:adder[0]|add_sub_oih:auto_generated                                                                                                                                                                                      ;
;             |lpm_mult:Mult14                                                                                                             ; 0.02 mW (0.00 mW)                    ; 0.01 mW (0.00 mW)               ; --                                ; 0.01 mW (0.00 mW)                 ; |MKRVIDOR4000_top|eco_nn_top:uut|neuron:output_layer[0].final_neuron|lpm_mult:Mult14                                                                                                                                                                                                                                                                         ;
;                 |multcore:mult_core                                                                                                      ; 0.02 mW (0.02 mW)                    ; 0.01 mW (0.01 mW)               ; --                                ; 0.01 mW (0.01 mW)                 ; |MKRVIDOR4000_top|eco_nn_top:uut|neuron:output_layer[0].final_neuron|lpm_mult:Mult14|multcore:mult_core                                                                                                                                                                                                                                                      ;
;                     |mpar_add:padder                                                                                                     ; 0.00 mW (0.00 mW)                    ; 0.00 mW (0.00 mW)               ; --                                ; 0.00 mW (0.00 mW)                 ; |MKRVIDOR4000_top|eco_nn_top:uut|neuron:output_layer[0].final_neuron|lpm_mult:Mult14|multcore:mult_core|mpar_add:padder                                                                                                                                                                                                                                      ;
;                         |lpm_add_sub:adder[0]                                                                                            ; 0.00 mW (0.00 mW)                    ; 0.00 mW (0.00 mW)               ; --                                ; 0.00 mW (0.00 mW)                 ; |MKRVIDOR4000_top|eco_nn_top:uut|neuron:output_layer[0].final_neuron|lpm_mult:Mult14|multcore:mult_core|mpar_add:padder|lpm_add_sub:adder[0]                                                                                                                                                                                                                 ;
;                             |add_sub_rih:auto_generated                                                                                  ; 0.00 mW (0.00 mW)                    ; 0.00 mW (0.00 mW)               ; --                                ; 0.00 mW (0.00 mW)                 ; |MKRVIDOR4000_top|eco_nn_top:uut|neuron:output_layer[0].final_neuron|lpm_mult:Mult14|multcore:mult_core|mpar_add:padder|lpm_add_sub:adder[0]|add_sub_rih:auto_generated                                                                                                                                                                                      ;
;             |lpm_mult:Mult15                                                                                                             ; 0.01 mW (0.00 mW)                    ; 0.01 mW (0.00 mW)               ; --                                ; 0.00 mW (0.00 mW)                 ; |MKRVIDOR4000_top|eco_nn_top:uut|neuron:output_layer[0].final_neuron|lpm_mult:Mult15                                                                                                                                                                                                                                                                         ;
;                 |multcore:mult_core                                                                                                      ; 0.01 mW (0.01 mW)                    ; 0.01 mW (0.00 mW)               ; --                                ; 0.00 mW (0.00 mW)                 ; |MKRVIDOR4000_top|eco_nn_top:uut|neuron:output_layer[0].final_neuron|lpm_mult:Mult15|multcore:mult_core                                                                                                                                                                                                                                                      ;
;                     |mpar_add:padder                                                                                                     ; 0.01 mW (0.00 mW)                    ; 0.00 mW (0.00 mW)               ; --                                ; 0.00 mW (0.00 mW)                 ; |MKRVIDOR4000_top|eco_nn_top:uut|neuron:output_layer[0].final_neuron|lpm_mult:Mult15|multcore:mult_core|mpar_add:padder                                                                                                                                                                                                                                      ;
;                         |lpm_add_sub:adder[0]                                                                                            ; 0.01 mW (0.00 mW)                    ; 0.00 mW (0.00 mW)               ; --                                ; 0.00 mW (0.00 mW)                 ; |MKRVIDOR4000_top|eco_nn_top:uut|neuron:output_layer[0].final_neuron|lpm_mult:Mult15|multcore:mult_core|mpar_add:padder|lpm_add_sub:adder[0]                                                                                                                                                                                                                 ;
;                             |add_sub_qih:auto_generated                                                                                  ; 0.01 mW (0.01 mW)                    ; 0.00 mW (0.00 mW)               ; --                                ; 0.00 mW (0.00 mW)                 ; |MKRVIDOR4000_top|eco_nn_top:uut|neuron:output_layer[0].final_neuron|lpm_mult:Mult15|multcore:mult_core|mpar_add:padder|lpm_add_sub:adder[0]|add_sub_qih:auto_generated                                                                                                                                                                                      ;
;         |neuron:output_layer[1].final_neuron                                                                                             ; 0.26 mW (0.16 mW)                    ; 0.16 mW (0.10 mW)               ; --                                ; 0.10 mW (0.06 mW)                 ; |MKRVIDOR4000_top|eco_nn_top:uut|neuron:output_layer[1].final_neuron                                                                                                                                                                                                                                                                                         ;
;             |lpm_mult:Mult0                                                                                                              ; 0.01 mW (0.00 mW)                    ; 0.01 mW (0.00 mW)               ; --                                ; 0.00 mW (0.00 mW)                 ; |MKRVIDOR4000_top|eco_nn_top:uut|neuron:output_layer[1].final_neuron|lpm_mult:Mult0                                                                                                                                                                                                                                                                          ;
;                 |multcore:mult_core                                                                                                      ; 0.01 mW (0.01 mW)                    ; 0.01 mW (0.00 mW)               ; --                                ; 0.00 mW (0.00 mW)                 ; |MKRVIDOR4000_top|eco_nn_top:uut|neuron:output_layer[1].final_neuron|lpm_mult:Mult0|multcore:mult_core                                                                                                                                                                                                                                                       ;
;                     |mpar_add:padder                                                                                                     ; 0.00 mW (0.00 mW)                    ; 0.00 mW (0.00 mW)               ; --                                ; 0.00 mW (0.00 mW)                 ; |MKRVIDOR4000_top|eco_nn_top:uut|neuron:output_layer[1].final_neuron|lpm_mult:Mult0|multcore:mult_core|mpar_add:padder                                                                                                                                                                                                                                       ;
;                         |lpm_add_sub:adder[0]                                                                                            ; 0.00 mW (0.00 mW)                    ; 0.00 mW (0.00 mW)               ; --                                ; 0.00 mW (0.00 mW)                 ; |MKRVIDOR4000_top|eco_nn_top:uut|neuron:output_layer[1].final_neuron|lpm_mult:Mult0|multcore:mult_core|mpar_add:padder|lpm_add_sub:adder[0]                                                                                                                                                                                                                  ;
;                             |add_sub_qih:auto_generated                                                                                  ; 0.00 mW (0.00 mW)                    ; 0.00 mW (0.00 mW)               ; --                                ; 0.00 mW (0.00 mW)                 ; |MKRVIDOR4000_top|eco_nn_top:uut|neuron:output_layer[1].final_neuron|lpm_mult:Mult0|multcore:mult_core|mpar_add:padder|lpm_add_sub:adder[0]|add_sub_qih:auto_generated                                                                                                                                                                                       ;
;             |lpm_mult:Mult1                                                                                                              ; 0.01 mW (0.00 mW)                    ; 0.01 mW (0.00 mW)               ; --                                ; 0.00 mW (0.00 mW)                 ; |MKRVIDOR4000_top|eco_nn_top:uut|neuron:output_layer[1].final_neuron|lpm_mult:Mult1                                                                                                                                                                                                                                                                          ;
;                 |multcore:mult_core                                                                                                      ; 0.01 mW (0.00 mW)                    ; 0.01 mW (0.00 mW)               ; --                                ; 0.00 mW (0.00 mW)                 ; |MKRVIDOR4000_top|eco_nn_top:uut|neuron:output_layer[1].final_neuron|lpm_mult:Mult1|multcore:mult_core                                                                                                                                                                                                                                                       ;
;                     |mpar_add:padder                                                                                                     ; 0.00 mW (0.00 mW)                    ; 0.00 mW (0.00 mW)               ; --                                ; 0.00 mW (0.00 mW)                 ; |MKRVIDOR4000_top|eco_nn_top:uut|neuron:output_layer[1].final_neuron|lpm_mult:Mult1|multcore:mult_core|mpar_add:padder                                                                                                                                                                                                                                       ;
;                         |lpm_add_sub:adder[0]                                                                                            ; 0.00 mW (0.00 mW)                    ; 0.00 mW (0.00 mW)               ; --                                ; 0.00 mW (0.00 mW)                 ; |MKRVIDOR4000_top|eco_nn_top:uut|neuron:output_layer[1].final_neuron|lpm_mult:Mult1|multcore:mult_core|mpar_add:padder|lpm_add_sub:adder[0]                                                                                                                                                                                                                  ;
;                             |add_sub_qih:auto_generated                                                                                  ; 0.00 mW (0.00 mW)                    ; 0.00 mW (0.00 mW)               ; --                                ; 0.00 mW (0.00 mW)                 ; |MKRVIDOR4000_top|eco_nn_top:uut|neuron:output_layer[1].final_neuron|lpm_mult:Mult1|multcore:mult_core|mpar_add:padder|lpm_add_sub:adder[0]|add_sub_qih:auto_generated                                                                                                                                                                                       ;
;             |lpm_mult:Mult3                                                                                                              ; 0.01 mW (0.00 mW)                    ; 0.01 mW (0.00 mW)               ; --                                ; 0.00 mW (0.00 mW)                 ; |MKRVIDOR4000_top|eco_nn_top:uut|neuron:output_layer[1].final_neuron|lpm_mult:Mult3                                                                                                                                                                                                                                                                          ;
;                 |multcore:mult_core                                                                                                      ; 0.01 mW (0.01 mW)                    ; 0.01 mW (0.00 mW)               ; --                                ; 0.00 mW (0.00 mW)                 ; |MKRVIDOR4000_top|eco_nn_top:uut|neuron:output_layer[1].final_neuron|lpm_mult:Mult3|multcore:mult_core                                                                                                                                                                                                                                                       ;
;                     |mpar_add:padder                                                                                                     ; 0.00 mW (0.00 mW)                    ; 0.00 mW (0.00 mW)               ; --                                ; 0.00 mW (0.00 mW)                 ; |MKRVIDOR4000_top|eco_nn_top:uut|neuron:output_layer[1].final_neuron|lpm_mult:Mult3|multcore:mult_core|mpar_add:padder                                                                                                                                                                                                                                       ;
;                         |lpm_add_sub:adder[0]                                                                                            ; 0.00 mW (0.00 mW)                    ; 0.00 mW (0.00 mW)               ; --                                ; 0.00 mW (0.00 mW)                 ; |MKRVIDOR4000_top|eco_nn_top:uut|neuron:output_layer[1].final_neuron|lpm_mult:Mult3|multcore:mult_core|mpar_add:padder|lpm_add_sub:adder[0]                                                                                                                                                                                                                  ;
;                             |add_sub_qih:auto_generated                                                                                  ; 0.00 mW (0.00 mW)                    ; 0.00 mW (0.00 mW)               ; --                                ; 0.00 mW (0.00 mW)                 ; |MKRVIDOR4000_top|eco_nn_top:uut|neuron:output_layer[1].final_neuron|lpm_mult:Mult3|multcore:mult_core|mpar_add:padder|lpm_add_sub:adder[0]|add_sub_qih:auto_generated                                                                                                                                                                                       ;
;             |lpm_mult:Mult4                                                                                                              ; 0.01 mW (0.00 mW)                    ; 0.01 mW (0.00 mW)               ; --                                ; 0.00 mW (0.00 mW)                 ; |MKRVIDOR4000_top|eco_nn_top:uut|neuron:output_layer[1].final_neuron|lpm_mult:Mult4                                                                                                                                                                                                                                                                          ;
;                 |multcore:mult_core                                                                                                      ; 0.01 mW (0.01 mW)                    ; 0.01 mW (0.00 mW)               ; --                                ; 0.00 mW (0.00 mW)                 ; |MKRVIDOR4000_top|eco_nn_top:uut|neuron:output_layer[1].final_neuron|lpm_mult:Mult4|multcore:mult_core                                                                                                                                                                                                                                                       ;
;                     |mpar_add:padder                                                                                                     ; 0.01 mW (0.00 mW)                    ; 0.00 mW (0.00 mW)               ; --                                ; 0.00 mW (0.00 mW)                 ; |MKRVIDOR4000_top|eco_nn_top:uut|neuron:output_layer[1].final_neuron|lpm_mult:Mult4|multcore:mult_core|mpar_add:padder                                                                                                                                                                                                                                       ;
;                         |lpm_add_sub:adder[0]                                                                                            ; 0.01 mW (0.00 mW)                    ; 0.00 mW (0.00 mW)               ; --                                ; 0.00 mW (0.00 mW)                 ; |MKRVIDOR4000_top|eco_nn_top:uut|neuron:output_layer[1].final_neuron|lpm_mult:Mult4|multcore:mult_core|mpar_add:padder|lpm_add_sub:adder[0]                                                                                                                                                                                                                  ;
;                             |add_sub_pih:auto_generated                                                                                  ; 0.01 mW (0.01 mW)                    ; 0.00 mW (0.00 mW)               ; --                                ; 0.00 mW (0.00 mW)                 ; |MKRVIDOR4000_top|eco_nn_top:uut|neuron:output_layer[1].final_neuron|lpm_mult:Mult4|multcore:mult_core|mpar_add:padder|lpm_add_sub:adder[0]|add_sub_pih:auto_generated                                                                                                                                                                                       ;
;             |lpm_mult:Mult5                                                                                                              ; 0.01 mW (0.00 mW)                    ; 0.01 mW (0.00 mW)               ; --                                ; 0.01 mW (0.00 mW)                 ; |MKRVIDOR4000_top|eco_nn_top:uut|neuron:output_layer[1].final_neuron|lpm_mult:Mult5                                                                                                                                                                                                                                                                          ;
;                 |multcore:mult_core                                                                                                      ; 0.01 mW (0.01 mW)                    ; 0.01 mW (0.00 mW)               ; --                                ; 0.01 mW (0.00 mW)                 ; |MKRVIDOR4000_top|eco_nn_top:uut|neuron:output_layer[1].final_neuron|lpm_mult:Mult5|multcore:mult_core                                                                                                                                                                                                                                                       ;
;                     |mpar_add:padder                                                                                                     ; 0.01 mW (0.00 mW)                    ; 0.00 mW (0.00 mW)               ; --                                ; 0.00 mW (0.00 mW)                 ; |MKRVIDOR4000_top|eco_nn_top:uut|neuron:output_layer[1].final_neuron|lpm_mult:Mult5|multcore:mult_core|mpar_add:padder                                                                                                                                                                                                                                       ;
;                         |lpm_add_sub:adder[0]                                                                                            ; 0.01 mW (0.00 mW)                    ; 0.00 mW (0.00 mW)               ; --                                ; 0.00 mW (0.00 mW)                 ; |MKRVIDOR4000_top|eco_nn_top:uut|neuron:output_layer[1].final_neuron|lpm_mult:Mult5|multcore:mult_core|mpar_add:padder|lpm_add_sub:adder[0]                                                                                                                                                                                                                  ;
;                             |add_sub_qih:auto_generated                                                                                  ; 0.01 mW (0.01 mW)                    ; 0.00 mW (0.00 mW)               ; --                                ; 0.00 mW (0.00 mW)                 ; |MKRVIDOR4000_top|eco_nn_top:uut|neuron:output_layer[1].final_neuron|lpm_mult:Mult5|multcore:mult_core|mpar_add:padder|lpm_add_sub:adder[0]|add_sub_qih:auto_generated                                                                                                                                                                                       ;
;             |lpm_mult:Mult7                                                                                                              ; 0.01 mW (0.00 mW)                    ; 0.01 mW (0.00 mW)               ; --                                ; 0.00 mW (0.00 mW)                 ; |MKRVIDOR4000_top|eco_nn_top:uut|neuron:output_layer[1].final_neuron|lpm_mult:Mult7                                                                                                                                                                                                                                                                          ;
;                 |multcore:mult_core                                                                                                      ; 0.01 mW (0.01 mW)                    ; 0.01 mW (0.00 mW)               ; --                                ; 0.00 mW (0.00 mW)                 ; |MKRVIDOR4000_top|eco_nn_top:uut|neuron:output_layer[1].final_neuron|lpm_mult:Mult7|multcore:mult_core                                                                                                                                                                                                                                                       ;
;                     |mpar_add:padder                                                                                                     ; 0.00 mW (0.00 mW)                    ; 0.00 mW (0.00 mW)               ; --                                ; 0.00 mW (0.00 mW)                 ; |MKRVIDOR4000_top|eco_nn_top:uut|neuron:output_layer[1].final_neuron|lpm_mult:Mult7|multcore:mult_core|mpar_add:padder                                                                                                                                                                                                                                       ;
;                         |lpm_add_sub:adder[0]                                                                                            ; 0.00 mW (0.00 mW)                    ; 0.00 mW (0.00 mW)               ; --                                ; 0.00 mW (0.00 mW)                 ; |MKRVIDOR4000_top|eco_nn_top:uut|neuron:output_layer[1].final_neuron|lpm_mult:Mult7|multcore:mult_core|mpar_add:padder|lpm_add_sub:adder[0]                                                                                                                                                                                                                  ;
;                             |add_sub_qih:auto_generated                                                                                  ; 0.00 mW (0.00 mW)                    ; 0.00 mW (0.00 mW)               ; --                                ; 0.00 mW (0.00 mW)                 ; |MKRVIDOR4000_top|eco_nn_top:uut|neuron:output_layer[1].final_neuron|lpm_mult:Mult7|multcore:mult_core|mpar_add:padder|lpm_add_sub:adder[0]|add_sub_qih:auto_generated                                                                                                                                                                                       ;
;             |lpm_mult:Mult8                                                                                                              ; 0.01 mW (0.00 mW)                    ; 0.01 mW (0.00 mW)               ; --                                ; 0.00 mW (0.00 mW)                 ; |MKRVIDOR4000_top|eco_nn_top:uut|neuron:output_layer[1].final_neuron|lpm_mult:Mult8                                                                                                                                                                                                                                                                          ;
;                 |multcore:mult_core                                                                                                      ; 0.01 mW (0.01 mW)                    ; 0.01 mW (0.01 mW)               ; --                                ; 0.00 mW (0.00 mW)                 ; |MKRVIDOR4000_top|eco_nn_top:uut|neuron:output_layer[1].final_neuron|lpm_mult:Mult8|multcore:mult_core                                                                                                                                                                                                                                                       ;
;                     |mpar_add:padder                                                                                                     ; 0.00 mW (0.00 mW)                    ; 0.00 mW (0.00 mW)               ; --                                ; 0.00 mW (0.00 mW)                 ; |MKRVIDOR4000_top|eco_nn_top:uut|neuron:output_layer[1].final_neuron|lpm_mult:Mult8|multcore:mult_core|mpar_add:padder                                                                                                                                                                                                                                       ;
;                         |lpm_add_sub:adder[0]                                                                                            ; 0.00 mW (0.00 mW)                    ; 0.00 mW (0.00 mW)               ; --                                ; 0.00 mW (0.00 mW)                 ; |MKRVIDOR4000_top|eco_nn_top:uut|neuron:output_layer[1].final_neuron|lpm_mult:Mult8|multcore:mult_core|mpar_add:padder|lpm_add_sub:adder[0]                                                                                                                                                                                                                  ;
;                             |add_sub_qih:auto_generated                                                                                  ; 0.00 mW (0.00 mW)                    ; 0.00 mW (0.00 mW)               ; --                                ; 0.00 mW (0.00 mW)                 ; |MKRVIDOR4000_top|eco_nn_top:uut|neuron:output_layer[1].final_neuron|lpm_mult:Mult8|multcore:mult_core|mpar_add:padder|lpm_add_sub:adder[0]|add_sub_qih:auto_generated                                                                                                                                                                                       ;
;             |lpm_mult:Mult10                                                                                                             ; 0.01 mW (0.00 mW)                    ; 0.01 mW (0.00 mW)               ; --                                ; 0.00 mW (0.00 mW)                 ; |MKRVIDOR4000_top|eco_nn_top:uut|neuron:output_layer[1].final_neuron|lpm_mult:Mult10                                                                                                                                                                                                                                                                         ;
;                 |multcore:mult_core                                                                                                      ; 0.01 mW (0.01 mW)                    ; 0.01 mW (0.00 mW)               ; --                                ; 0.00 mW (0.00 mW)                 ; |MKRVIDOR4000_top|eco_nn_top:uut|neuron:output_layer[1].final_neuron|lpm_mult:Mult10|multcore:mult_core                                                                                                                                                                                                                                                      ;
;                     |mpar_add:padder                                                                                                     ; 0.00 mW (0.00 mW)                    ; 0.00 mW (0.00 mW)               ; --                                ; 0.00 mW (0.00 mW)                 ; |MKRVIDOR4000_top|eco_nn_top:uut|neuron:output_layer[1].final_neuron|lpm_mult:Mult10|multcore:mult_core|mpar_add:padder                                                                                                                                                                                                                                      ;
;                         |lpm_add_sub:adder[0]                                                                                            ; 0.00 mW (0.00 mW)                    ; 0.00 mW (0.00 mW)               ; --                                ; 0.00 mW (0.00 mW)                 ; |MKRVIDOR4000_top|eco_nn_top:uut|neuron:output_layer[1].final_neuron|lpm_mult:Mult10|multcore:mult_core|mpar_add:padder|lpm_add_sub:adder[0]                                                                                                                                                                                                                 ;
;                             |add_sub_qih:auto_generated                                                                                  ; 0.00 mW (0.00 mW)                    ; 0.00 mW (0.00 mW)               ; --                                ; 0.00 mW (0.00 mW)                 ; |MKRVIDOR4000_top|eco_nn_top:uut|neuron:output_layer[1].final_neuron|lpm_mult:Mult10|multcore:mult_core|mpar_add:padder|lpm_add_sub:adder[0]|add_sub_qih:auto_generated                                                                                                                                                                                      ;
;             |lpm_mult:Mult13                                                                                                             ; 0.01 mW (0.00 mW)                    ; 0.01 mW (0.00 mW)               ; --                                ; 0.01 mW (0.00 mW)                 ; |MKRVIDOR4000_top|eco_nn_top:uut|neuron:output_layer[1].final_neuron|lpm_mult:Mult13                                                                                                                                                                                                                                                                         ;
;                 |multcore:mult_core                                                                                                      ; 0.01 mW (0.01 mW)                    ; 0.01 mW (0.00 mW)               ; --                                ; 0.01 mW (0.00 mW)                 ; |MKRVIDOR4000_top|eco_nn_top:uut|neuron:output_layer[1].final_neuron|lpm_mult:Mult13|multcore:mult_core                                                                                                                                                                                                                                                      ;
;                     |mpar_add:padder                                                                                                     ; 0.01 mW (0.00 mW)                    ; 0.00 mW (0.00 mW)               ; --                                ; 0.00 mW (0.00 mW)                 ; |MKRVIDOR4000_top|eco_nn_top:uut|neuron:output_layer[1].final_neuron|lpm_mult:Mult13|multcore:mult_core|mpar_add:padder                                                                                                                                                                                                                                      ;
;                         |lpm_add_sub:adder[0]                                                                                            ; 0.01 mW (0.00 mW)                    ; 0.00 mW (0.00 mW)               ; --                                ; 0.00 mW (0.00 mW)                 ; |MKRVIDOR4000_top|eco_nn_top:uut|neuron:output_layer[1].final_neuron|lpm_mult:Mult13|multcore:mult_core|mpar_add:padder|lpm_add_sub:adder[0]                                                                                                                                                                                                                 ;
;                             |add_sub_qih:auto_generated                                                                                  ; 0.01 mW (0.01 mW)                    ; 0.00 mW (0.00 mW)               ; --                                ; 0.00 mW (0.00 mW)                 ; |MKRVIDOR4000_top|eco_nn_top:uut|neuron:output_layer[1].final_neuron|lpm_mult:Mult13|multcore:mult_core|mpar_add:padder|lpm_add_sub:adder[0]|add_sub_qih:auto_generated                                                                                                                                                                                      ;
;             |lpm_mult:Mult14                                                                                                             ; 0.01 mW (0.00 mW)                    ; 0.00 mW (0.00 mW)               ; --                                ; 0.00 mW (0.00 mW)                 ; |MKRVIDOR4000_top|eco_nn_top:uut|neuron:output_layer[1].final_neuron|lpm_mult:Mult14                                                                                                                                                                                                                                                                         ;
;                 |multcore:mult_core                                                                                                      ; 0.01 mW (0.00 mW)                    ; 0.00 mW (0.00 mW)               ; --                                ; 0.00 mW (0.00 mW)                 ; |MKRVIDOR4000_top|eco_nn_top:uut|neuron:output_layer[1].final_neuron|lpm_mult:Mult14|multcore:mult_core                                                                                                                                                                                                                                                      ;
;                     |mpar_add:padder                                                                                                     ; 0.00 mW (0.00 mW)                    ; 0.00 mW (0.00 mW)               ; --                                ; 0.00 mW (0.00 mW)                 ; |MKRVIDOR4000_top|eco_nn_top:uut|neuron:output_layer[1].final_neuron|lpm_mult:Mult14|multcore:mult_core|mpar_add:padder                                                                                                                                                                                                                                      ;
;                         |lpm_add_sub:adder[0]                                                                                            ; 0.00 mW (0.00 mW)                    ; 0.00 mW (0.00 mW)               ; --                                ; 0.00 mW (0.00 mW)                 ; |MKRVIDOR4000_top|eco_nn_top:uut|neuron:output_layer[1].final_neuron|lpm_mult:Mult14|multcore:mult_core|mpar_add:padder|lpm_add_sub:adder[0]                                                                                                                                                                                                                 ;
;                             |add_sub_qih:auto_generated                                                                                  ; 0.00 mW (0.00 mW)                    ; 0.00 mW (0.00 mW)               ; --                                ; 0.00 mW (0.00 mW)                 ; |MKRVIDOR4000_top|eco_nn_top:uut|neuron:output_layer[1].final_neuron|lpm_mult:Mult14|multcore:mult_core|mpar_add:padder|lpm_add_sub:adder[0]|add_sub_qih:auto_generated                                                                                                                                                                                      ;
+------------------------------------------------------------------------------------------------------------------------------------------+--------------------------------------+---------------------------------+-----------------------------------+-----------------------------------+--------------------------------------------------------------------------------------------------------------------------------------------------------------------------------------------------------------------------------------------------------------------------------------------------------------------------------------------------------------+
(1) Value in parentheses is the power consumed at that level of hierarchy. Value not in parentheses is the power consumed at that level of hierarchy plus the power consumed by all levels of hierarchy below it.

(2) The "Block Thermal Static Power" for all levels of hierarchy except the top-level hierarchy is part of the "Core Static Thermal Power Dissipation" value found on the PowerPlay Power Analyzer-->Summary report panel. The "Core Static Thermal Power Dissipation" also contains the thermal static power dissipated by the routing.


+----------------------------------------------------------------------------------------------------------------------------+
; Core Dynamic Thermal Power Dissipation by Clock Domain                                                                     ;
+-------------------------------------------------------------------------+-----------------------+--------------------------+
; Clock Domain                                                            ; Clock Frequency (MHz) ; Total Core Dynamic Power ;
+-------------------------------------------------------------------------+-----------------------+--------------------------+
; SYSTEM_PLL:PLL_inst|SYSTEM_PLL_altpll:altpll_component|wire_pll1_clk[0] ; 24.00                 ; 18.93                    ;
; SYSTEM_PLL:PLL_inst|SYSTEM_PLL_altpll:altpll_component|wire_pll1_clk[1] ; 120.00                ; 3.61                     ;
; SYSTEM_PLL:PLL_inst|SYSTEM_PLL_altpll:altpll_component|wire_pll1_clk[3] ; 100.01                ; 1.31                     ;
; iCLK                                                                    ; 48.00                 ; 0.00                     ;
; altera_reserved_tck                                                     ; 12.00                 ; 0.39                     ;
; oSDRAM_CLK                                                              ; 100.01                ; 0.00                     ;
; No clock domain                                                         ; 0.00                  ; 0.00                     ;
+-------------------------------------------------------------------------+-----------------------+--------------------------+


+------------------------------------------------------------------------------------------------------------------------------------+
; Current Drawn from Voltage Supplies Summary                                                                                        ;
+----------------+-------------------------+---------------------------+--------------------------+----------------------------------+
; Voltage Supply ; Total Current Drawn (1) ; Dynamic Current Drawn (1) ; Static Current Drawn (1) ; Minimum Power Supply Current (2) ;
+----------------+-------------------------+---------------------------+--------------------------+----------------------------------+
; VCCINT         ; 52.41 mA                ; 9.70 mA                   ; 42.71 mA                 ; 52.41 mA                         ;
; VCCIO          ; 34.78 mA                ; 1.00 mA                   ; 33.78 mA                 ; 34.78 mA                         ;
; VCCA           ; 19.81 mA                ; 2.19 mA                   ; 17.61 mA                 ; 19.81 mA                         ;
; VCCD           ; 10.38 mA                ; 6.21 mA                   ; 4.18 mA                  ; 10.38 mA                         ;
+----------------+-------------------------+---------------------------+--------------------------+----------------------------------+
(1) Currents reported in columns "Total Current Drawn", "Dynamic Current Drawn", and "Static Current Drawn" are sufficient for user operation of the device.  
(2) Currents reported in column "Minimum Power Supply Current" are sufficient for power-up, configuration, and user operation of the device.


+-----------------------------------------------------------------------------------------------+
; VCCIO Supply Current Drawn by I/O Bank                                                        ;
+----------+---------------+---------------------+-----------------------+----------------------+
; I/O Bank ; VCCIO Voltage ; Total Current Drawn ; Dynamic Current Drawn ; Static Current Drawn ;
+----------+---------------+---------------------+-----------------------+----------------------+
; 1        ; 3.3V          ; 1.45 mA             ; 0.14 mA               ; 1.31 mA              ;
; 2        ; 2.5V          ; 7.77 mA             ; 0.00 mA               ; 7.77 mA              ;
; 3        ; 3.3V          ; 1.46 mA             ; 0.00 mA               ; 1.46 mA              ;
; 4        ; 3.3V          ; 1.38 mA             ; 0.00 mA               ; 1.38 mA              ;
; 5        ; 2.5V          ; 17.79 mA            ; 0.00 mA               ; 17.79 mA             ;
; 6        ; 3.3V          ; 1.24 mA             ; 0.00 mA               ; 1.24 mA              ;
; 7        ; 3.3V          ; 2.30 mA             ; 0.86 mA               ; 1.45 mA              ;
; 8        ; 3.3V          ; 1.39 mA             ; 0.00 mA               ; 1.39 mA              ;
+----------+---------------+---------------------+-----------------------+----------------------+


+-----------------------------------------------------------------------------------------------------------------------------------+
; VCCIO Supply Current Drawn by Voltage                                                                                             ;
+---------------+-------------------------+---------------------------+--------------------------+----------------------------------+
; VCCIO Voltage ; Total Current Drawn (1) ; Dynamic Current Drawn (1) ; Static Current Drawn (1) ; Minimum Power Supply Current (2) ;
+---------------+-------------------------+---------------------------+--------------------------+----------------------------------+
; 2.5V          ; 25.56 mA                ; 0.00 mA                   ; 25.56 mA                 ; 25.56 mA                         ;
; 3.3V          ; 9.22 mA                 ; 1.00 mA                   ; 8.22 mA                  ; 9.22 mA                          ;
+---------------+-------------------------+---------------------------+--------------------------+----------------------------------+
(1) Currents reported in columns "Total Current Drawn", "Dynamic Current Drawn", and "Static Current Drawn" are sufficient for user operation of the device.  
(2) Currents reported in column "Minimum Power Supply Current" are sufficient for power-up, configuration, and user operation of the device.


+----------------------------------------------------------------------------------------------------------------------------------------------------+
; Confidence Metric Details                                                                                                                          ;
+----------------------------------------------------------------------------------------+--------------+-------------+--------------+---------------+
; Data Source                                                                            ; Total        ; Pin         ; Registered   ; Combinational ;
+----------------------------------------------------------------------------------------+--------------+-------------+--------------+---------------+
; Simulation (from file)                                                                 ;              ;             ;              ;               ;
;     -- Number of signals with Toggle Rate from Simulation                              ; 0 (0.0%)     ; 0 (0.0%)    ; 0 (0.0%)     ; 0 (0.0%)      ;
;     -- Number of signals with Static Probability from Simulation                       ; 0 (0.0%)     ; 0 (0.0%)    ; 0 (0.0%)     ; 0 (0.0%)      ;
;                                                                                        ;              ;             ;              ;               ;
; Node, entity or clock assignment                                                       ;              ;             ;              ;               ;
;     -- Number of signals with Toggle Rate from Node, entity or clock assignment        ; 6 (0.1%)     ; 3 (1.3%)    ; 0 (0.0%)     ; 3 (0.1%)      ;
;     -- Number of signals with Static Probability from Node, entity or clock assignment ; 6 (0.1%)     ; 3 (1.3%)    ; 0 (0.0%)     ; 3 (0.1%)      ;
;                                                                                        ;              ;             ;              ;               ;
; Vectorless estimation                                                                  ;              ;             ;              ;               ;
;     -- Number of signals with Toggle Rate from Vectorless estimation                   ; 5028 (97.8%) ; 120 (52.4%) ; 374 (100.0%) ; 4534 (99.9%)  ;
;     -- Number of signals with Zero toggle rate, from Vectorless estimation             ; 248 (4.8%)   ; 119 (52.0%) ; 2 (0.5%)     ; 127 (2.8%)    ;
;     -- Number of signals with Static Probability from Vectorless estimation            ; 5028 (97.8%) ; 120 (52.4%) ; 374 (100.0%) ; 4534 (99.9%)  ;
;                                                                                        ;              ;             ;              ;               ;
; Default assignment                                                                     ;              ;             ;              ;               ;
;     -- Number of signals with Toggle Rate from Default assignment                      ; 2 (0.0%)     ; 2 (0.9%)    ; 0 (0.0%)     ; 0 (0.0%)      ;
;     -- Number of signals with Static Probability from Default assignment               ; 106 (2.1%)   ; 106 (46.3%) ; 0 (0.0%)     ; 0 (0.0%)      ;
;                                                                                        ;              ;             ;              ;               ;
; Assumed 0                                                                              ;              ;             ;              ;               ;
;     -- Number of signals with Toggle Rate assumed 0                                    ; 104 (2.0%)   ; 104 (45.4%) ; 0 (0.0%)     ; 0 (0.0%)      ;
+----------------------------------------------------------------------------------------+--------------+-------------+--------------+---------------+


+---------------------------------------------------------------------------------------------------------------------------------------------+
; Signal Activities                                                                                                                           ;
+--------+------+---------------------------------------------+-------------------------+--------------------+--------------------------------+
; Signal ; Type ; Toggle Rate (millions of transitions / sec) ; Toggle Rate Data Source ; Static Probability ; Static Probability Data Source ;
+--------+------+---------------------------------------------+-------------------------+--------------------+--------------------------------+
(1) The "Signal Activity" Table has been hidden. To show this table, please select the "Write signal activities to report file" option under "PowerPlay Power Analyzer Settings".


+-------------------------+
; Power Analyzer Messages ;
+-------------------------+
Info: *******************************************************************
Info: Running Quartus Prime Power Analyzer
    Info: Version 25.1std.0 Build 1129 10/21/2025 SC Lite Edition
    Info: Copyright (C) 2025  Altera Corporation. All rights reserved.
    Info: Your use of Altera Corporation's design tools, logic functions 
    Info: and other software and tools, and any partner logic 
    Info: functions, and any output files from any of the foregoing 
    Info: (including device programming or simulation files), and any 
    Info: associated documentation or information are expressly subject 
    Info: to the terms and conditions of the Altera Program License 
    Info: Subscription Agreement, the Altera Quartus Prime License Agreement,
    Info: the Altera IP License Agreement, or other applicable license
    Info: agreement, including, without limitation, that your use is for
    Info: the sole purpose of programming logic devices manufactured by
    Info: Altera and sold by Altera or its authorized distributors.  Please
    Info: refer to the Altera Software License Subscription Agreements 
    Info: on the Quartus Prime software download page.
    Info: Processing started: Tue Sep  8 15:46:33 2026
Info: Command: quartus_pow MKRVIDOR4000 -c MKRVIDOR4000
Info (21077): Low junction temperature is 0 degrees C
Info (21077): High junction temperature is 85 degrees C
Info (332164): Evaluating HDL-embedded SDC commands
    Info (332165): Entity sld_hub
        Info (332166): create_clock -name altera_reserved_tck [get_ports {altera_reserved_tck}] -period 10MHz   
        Info (332166): set_clock_groups -asynchronous -group {altera_reserved_tck}
Info (332104): Reading SDC File: 'MKRVIDOR4000.sdc'
Warning (332043): Overwriting existing clock: altera_reserved_tck
Info (332110): Deriving PLL clocks
    Info (332110): create_generated_clock -source {PLL_inst|altpll_component|pll1|inclk[0]} -divide_by 2 -duty_cycle 50.00 -name {PLL_inst|altpll_component|pll1|clk[0]} {PLL_inst|altpll_component|pll1|clk[0]}
    Info (332110): create_generated_clock -source {PLL_inst|altpll_component|pll1|inclk[0]} -divide_by 2 -multiply_by 5 -duty_cycle 50.00 -name {PLL_inst|altpll_component|pll1|clk[1]} {PLL_inst|altpll_component|pll1|clk[1]}
    Info (332110): create_generated_clock -source {PLL_inst|altpll_component|pll1|inclk[0]} -divide_by 12 -multiply_by 25 -phase 180.00 -duty_cycle 50.00 -name {PLL_inst|altpll_component|pll1|clk[3]} {PLL_inst|altpll_component|pll1|clk[3]}
Info (332151): Clock uncertainty is not calculated until you update the timing netlist.
Warning (332060): Node: jtag_interface:interfacejtag|jtag_synchronizer:jtag_sync|synchronizer_basic:inst6|sync2 was determined to be a clock but was found without an associated clock assignment.
    Info (13166): Register jtag_interface:interfacejtag|jtag_memory:memory|workReg[0] is being clocked by jtag_interface:interfacejtag|jtag_synchronizer:jtag_sync|synchronizer_basic:inst6|sync2
Info (332123): Deriving Clock Uncertainty. Please refer to report_sdc in the Timing Analyzer to see clock uncertainties.
Info (223000): Starting Vectorless Power Activity Estimation
Warning (222013): Relative toggle rates could not be calculated because no clock domain could be identified for some nodes
Info (223001): Completed Vectorless Power Activity Estimation
Info (218000): Using Advanced I/O Power to simulate I/O buffers with the specified board trace model
Info (334003): Started post-fitting delay annotation
Info (334004): Delay annotation completed successfully
Info (215049): Average toggle rate for this design is 2.844 millions of transitions / sec
Info (215031): Total thermal power estimate for the design is 212.19 mW
Info: Quartus Prime Power Analyzer was successful. 0 errors, 3 warnings
    Info: Peak virtual memory: 4812 megabytes
    Info: Processing ended: Tue Sep  8 15:46:39 2026
    Info: Elapsed time: 00:00:06
    Info: Total CPU time (on all processors): 00:00:06


