Analysis & Synthesis report for MKRVIDOR4000
Tue Sep  8 15:45:15 2026
Quartus Prime Version 25.1std.0 Build 1129 10/21/2025 SC Lite Edition


---------------------
; Table of Contents ;
---------------------
  1. Legal Notice
  2. Analysis & Synthesis Summary
  3. Analysis & Synthesis Settings
  4. Parallel Compilation
  5. Analysis & Synthesis Source Files Read
  6. Analysis & Synthesis Resource Usage Summary
  7. Analysis & Synthesis Resource Utilization by Entity
  8. Analysis & Synthesis IP Cores Summary
  9. Registers Removed During Synthesis
 10. Removed Registers Triggering Further Register Optimizations
 11. General Register Statistics
 12. Inverted Register Statistics
 13. Multiplexer Restructuring Statistics (No Restructuring Performed)
 14. Parameter Settings for User Entity Instance: eco_nn_top:uut|neuron:hidden_layer[0].h_neuron
 15. Parameter Settings for User Entity Instance: eco_nn_top:uut|neuron:hidden_layer[1].h_neuron
 16. Parameter Settings for User Entity Instance: eco_nn_top:uut|neuron:hidden_layer[2].h_neuron
 17. Parameter Settings for User Entity Instance: eco_nn_top:uut|neuron:hidden_layer[3].h_neuron
 18. Parameter Settings for User Entity Instance: eco_nn_top:uut|neuron:hidden_layer[4].h_neuron
 19. Parameter Settings for User Entity Instance: eco_nn_top:uut|neuron:hidden_layer[5].h_neuron
 20. Parameter Settings for User Entity Instance: eco_nn_top:uut|neuron:hidden_layer[6].h_neuron
 21. Parameter Settings for User Entity Instance: eco_nn_top:uut|neuron:hidden_layer[7].h_neuron
 22. Parameter Settings for User Entity Instance: eco_nn_top:uut|neuron:hidden_layer[8].h_neuron
 23. Parameter Settings for User Entity Instance: eco_nn_top:uut|neuron:hidden_layer[9].h_neuron
 24. Parameter Settings for User Entity Instance: eco_nn_top:uut|neuron:hidden_layer[10].h_neuron
 25. Parameter Settings for User Entity Instance: eco_nn_top:uut|neuron:hidden_layer[11].h_neuron
 26. Parameter Settings for User Entity Instance: eco_nn_top:uut|neuron:hidden_layer[12].h_neuron
 27. Parameter Settings for User Entity Instance: eco_nn_top:uut|neuron:hidden_layer[13].h_neuron
 28. Parameter Settings for User Entity Instance: eco_nn_top:uut|neuron:hidden_layer[14].h_neuron
 29. Parameter Settings for User Entity Instance: eco_nn_top:uut|neuron:hidden_layer[15].h_neuron
 30. Parameter Settings for User Entity Instance: eco_nn_top:uut|neuron:output_layer[0].final_neuron
 31. Parameter Settings for User Entity Instance: eco_nn_top:uut|neuron:output_layer[1].final_neuron
 32. Parameter Settings for User Entity Instance: jtag_interface:interfacejtag
 33. Parameter Settings for User Entity Instance: jtag_interface:interfacejtag|sld_virtual_jtag:jtag
 34. Parameter Settings for User Entity Instance: jtag_interface:interfacejtag|jtag_memory:memory
 35. Parameter Settings for Inferred Entity Instance: eco_nn_top:uut|neuron:output_layer[0].final_neuron|lpm_mult:Mult15
 36. Parameter Settings for Inferred Entity Instance: eco_nn_top:uut|neuron:output_layer[0].final_neuron|lpm_mult:Mult2
 37. Parameter Settings for Inferred Entity Instance: eco_nn_top:uut|neuron:output_layer[0].final_neuron|lpm_mult:Mult14
 38. Parameter Settings for Inferred Entity Instance: eco_nn_top:uut|neuron:output_layer[0].final_neuron|lpm_mult:Mult11
 39. Parameter Settings for Inferred Entity Instance: eco_nn_top:uut|neuron:output_layer[1].final_neuron|lpm_mult:Mult5
 40. Parameter Settings for Inferred Entity Instance: eco_nn_top:uut|neuron:output_layer[1].final_neuron|lpm_mult:Mult7
 41. Parameter Settings for Inferred Entity Instance: eco_nn_top:uut|neuron:output_layer[1].final_neuron|lpm_mult:Mult8
 42. Parameter Settings for Inferred Entity Instance: eco_nn_top:uut|neuron:output_layer[1].final_neuron|lpm_mult:Mult10
 43. Parameter Settings for Inferred Entity Instance: eco_nn_top:uut|neuron:output_layer[1].final_neuron|lpm_mult:Mult13
 44. Parameter Settings for Inferred Entity Instance: eco_nn_top:uut|neuron:output_layer[1].final_neuron|lpm_mult:Mult14
 45. Parameter Settings for Inferred Entity Instance: eco_nn_top:uut|neuron:output_layer[1].final_neuron|lpm_mult:Mult3
 46. Parameter Settings for Inferred Entity Instance: eco_nn_top:uut|neuron:output_layer[1].final_neuron|lpm_mult:Mult4
 47. Parameter Settings for Inferred Entity Instance: eco_nn_top:uut|neuron:output_layer[1].final_neuron|lpm_mult:Mult0
 48. Parameter Settings for Inferred Entity Instance: eco_nn_top:uut|neuron:output_layer[1].final_neuron|lpm_mult:Mult1
 49. Parameter Settings for Inferred Entity Instance: eco_nn_top:uut|neuron:output_layer[0].final_neuron|lpm_mult:Mult0
 50. Parameter Settings for Inferred Entity Instance: eco_nn_top:uut|neuron:output_layer[0].final_neuron|lpm_mult:Mult1
 51. Parameter Settings for Inferred Entity Instance: eco_nn_top:uut|neuron:output_layer[0].final_neuron|lpm_mult:Mult3
 52. Parameter Settings for Inferred Entity Instance: eco_nn_top:uut|neuron:output_layer[0].final_neuron|lpm_mult:Mult7
 53. Parameter Settings for Inferred Entity Instance: eco_nn_top:uut|neuron:output_layer[0].final_neuron|lpm_mult:Mult8
 54. Parameter Settings for Inferred Entity Instance: eco_nn_top:uut|neuron:output_layer[0].final_neuron|lpm_mult:Mult9
 55. Parameter Settings for Inferred Entity Instance: eco_nn_top:uut|neuron:hidden_layer[2].h_neuron|lpm_mult:Mult2
 56. Parameter Settings for Inferred Entity Instance: eco_nn_top:uut|neuron:hidden_layer[0].h_neuron|lpm_mult:Mult6
 57. Parameter Settings for Inferred Entity Instance: eco_nn_top:uut|neuron:hidden_layer[4].h_neuron|lpm_mult:Mult2
 58. Parameter Settings for Inferred Entity Instance: eco_nn_top:uut|neuron:hidden_layer[15].h_neuron|lpm_mult:Mult3
 59. Parameter Settings for Inferred Entity Instance: eco_nn_top:uut|neuron:hidden_layer[4].h_neuron|lpm_mult:Mult7
 60. Parameter Settings for Inferred Entity Instance: eco_nn_top:uut|neuron:hidden_layer[14].h_neuron|lpm_mult:Mult6
 61. Parameter Settings for Inferred Entity Instance: eco_nn_top:uut|neuron:hidden_layer[15].h_neuron|lpm_mult:Mult1
 62. Parameter Settings for Inferred Entity Instance: eco_nn_top:uut|neuron:hidden_layer[0].h_neuron|lpm_mult:Mult5
 63. Parameter Settings for Inferred Entity Instance: eco_nn_top:uut|neuron:hidden_layer[13].h_neuron|lpm_mult:Mult3
 64. Parameter Settings for Inferred Entity Instance: eco_nn_top:uut|neuron:hidden_layer[1].h_neuron|lpm_mult:Mult3
 65. Parameter Settings for Inferred Entity Instance: eco_nn_top:uut|neuron:hidden_layer[3].h_neuron|lpm_mult:Mult2
 66. Parameter Settings for Inferred Entity Instance: eco_nn_top:uut|neuron:hidden_layer[11].h_neuron|lpm_mult:Mult7
 67. Parameter Settings for Inferred Entity Instance: eco_nn_top:uut|neuron:hidden_layer[9].h_neuron|lpm_mult:Mult5
 68. Parameter Settings for Inferred Entity Instance: eco_nn_top:uut|neuron:hidden_layer[1].h_neuron|lpm_mult:Mult6
 69. Parameter Settings for Inferred Entity Instance: eco_nn_top:uut|neuron:hidden_layer[7].h_neuron|lpm_mult:Mult7
 70. Parameter Settings for Inferred Entity Instance: eco_nn_top:uut|neuron:hidden_layer[9].h_neuron|lpm_mult:Mult6
 71. Parameter Settings for Inferred Entity Instance: eco_nn_top:uut|neuron:hidden_layer[14].h_neuron|lpm_mult:Mult0
 72. Parameter Settings for Inferred Entity Instance: eco_nn_top:uut|neuron:hidden_layer[0].h_neuron|lpm_mult:Mult1
 73. Parameter Settings for Inferred Entity Instance: eco_nn_top:uut|neuron:hidden_layer[3].h_neuron|lpm_mult:Mult3
 74. Parameter Settings for Inferred Entity Instance: eco_nn_top:uut|neuron:hidden_layer[0].h_neuron|lpm_mult:Mult2
 75. Parameter Settings for Inferred Entity Instance: eco_nn_top:uut|neuron:hidden_layer[0].h_neuron|lpm_mult:Mult7
 76. Parameter Settings for Inferred Entity Instance: eco_nn_top:uut|neuron:hidden_layer[1].h_neuron|lpm_mult:Mult7
 77. Parameter Settings for Inferred Entity Instance: eco_nn_top:uut|neuron:hidden_layer[1].h_neuron|lpm_mult:Mult2
 78. Parameter Settings for Inferred Entity Instance: eco_nn_top:uut|neuron:hidden_layer[2].h_neuron|lpm_mult:Mult0
 79. Parameter Settings for Inferred Entity Instance: eco_nn_top:uut|neuron:hidden_layer[3].h_neuron|lpm_mult:Mult1
 80. Parameter Settings for Inferred Entity Instance: eco_nn_top:uut|neuron:hidden_layer[8].h_neuron|lpm_mult:Mult4
 81. Parameter Settings for Inferred Entity Instance: eco_nn_top:uut|neuron:hidden_layer[5].h_neuron|lpm_mult:Mult2
 82. Parameter Settings for Inferred Entity Instance: eco_nn_top:uut|neuron:hidden_layer[14].h_neuron|lpm_mult:Mult5
 83. Parameter Settings for Inferred Entity Instance: eco_nn_top:uut|neuron:hidden_layer[1].h_neuron|lpm_mult:Mult4
 84. Parameter Settings for Inferred Entity Instance: eco_nn_top:uut|neuron:hidden_layer[13].h_neuron|lpm_mult:Mult7
 85. Parameter Settings for Inferred Entity Instance: eco_nn_top:uut|neuron:hidden_layer[13].h_neuron|lpm_mult:Mult1
 86. Parameter Settings for Inferred Entity Instance: eco_nn_top:uut|neuron:hidden_layer[13].h_neuron|lpm_mult:Mult2
 87. Parameter Settings for Inferred Entity Instance: eco_nn_top:uut|neuron:hidden_layer[14].h_neuron|lpm_mult:Mult4
 88. Parameter Settings for Inferred Entity Instance: eco_nn_top:uut|neuron:hidden_layer[8].h_neuron|lpm_mult:Mult5
 89. Parameter Settings for Inferred Entity Instance: eco_nn_top:uut|neuron:hidden_layer[7].h_neuron|lpm_mult:Mult3
 90. Parameter Settings for Inferred Entity Instance: eco_nn_top:uut|neuron:hidden_layer[4].h_neuron|lpm_mult:Mult4
 91. Parameter Settings for Inferred Entity Instance: eco_nn_top:uut|neuron:hidden_layer[8].h_neuron|lpm_mult:Mult6
 92. Parameter Settings for Inferred Entity Instance: eco_nn_top:uut|neuron:hidden_layer[9].h_neuron|lpm_mult:Mult3
 93. Parameter Settings for Inferred Entity Instance: eco_nn_top:uut|neuron:hidden_layer[4].h_neuron|lpm_mult:Mult5
 94. Parameter Settings for Inferred Entity Instance: eco_nn_top:uut|neuron:hidden_layer[12].h_neuron|lpm_mult:Mult3
 95. Parameter Settings for Inferred Entity Instance: eco_nn_top:uut|neuron:hidden_layer[12].h_neuron|lpm_mult:Mult4
 96. Parameter Settings for Inferred Entity Instance: eco_nn_top:uut|neuron:hidden_layer[3].h_neuron|lpm_mult:Mult4
 97. Parameter Settings for Inferred Entity Instance: eco_nn_top:uut|neuron:hidden_layer[3].h_neuron|lpm_mult:Mult7
 98. Parameter Settings for Inferred Entity Instance: eco_nn_top:uut|neuron:hidden_layer[4].h_neuron|lpm_mult:Mult1
 99. Parameter Settings for Inferred Entity Instance: eco_nn_top:uut|neuron:hidden_layer[5].h_neuron|lpm_mult:Mult1
100. Parameter Settings for Inferred Entity Instance: eco_nn_top:uut|neuron:hidden_layer[14].h_neuron|lpm_mult:Mult1
101. Parameter Settings for Inferred Entity Instance: eco_nn_top:uut|neuron:hidden_layer[11].h_neuron|lpm_mult:Mult1
102. Parameter Settings for Inferred Entity Instance: eco_nn_top:uut|neuron:hidden_layer[11].h_neuron|lpm_mult:Mult3
103. Parameter Settings for Inferred Entity Instance: eco_nn_top:uut|neuron:hidden_layer[6].h_neuron|lpm_mult:Mult0
104. Parameter Settings for Inferred Entity Instance: eco_nn_top:uut|neuron:hidden_layer[1].h_neuron|lpm_mult:Mult0
105. Parameter Settings for Inferred Entity Instance: eco_nn_top:uut|neuron:hidden_layer[10].h_neuron|lpm_mult:Mult1
106. Parameter Settings for Inferred Entity Instance: eco_nn_top:uut|neuron:hidden_layer[4].h_neuron|lpm_mult:Mult6
107. Parameter Settings for Inferred Entity Instance: eco_nn_top:uut|neuron:hidden_layer[4].h_neuron|lpm_mult:Mult3
108. Parameter Settings for Inferred Entity Instance: eco_nn_top:uut|neuron:hidden_layer[0].h_neuron|lpm_mult:Mult0
109. Parameter Settings for Inferred Entity Instance: eco_nn_top:uut|neuron:hidden_layer[0].h_neuron|lpm_mult:Mult4
110. Parameter Settings for Inferred Entity Instance: eco_nn_top:uut|neuron:hidden_layer[1].h_neuron|lpm_mult:Mult5
111. lpm_mult Parameter Settings by Entity Instance
112. Port Connectivity Checks: "jtag_interface:interfacejtag|sld_virtual_jtag:jtag"
113. Port Connectivity Checks: "jtag_interface:interfacejtag"
114. Port Connectivity Checks: "eco_nn_top:uut|neuron:output_layer[1].final_neuron"
115. Port Connectivity Checks: "eco_nn_top:uut|neuron:output_layer[0].final_neuron"
116. Port Connectivity Checks: "eco_nn_top:uut|neuron:hidden_layer[15].h_neuron"
117. Port Connectivity Checks: "eco_nn_top:uut|neuron:hidden_layer[14].h_neuron"
118. Port Connectivity Checks: "eco_nn_top:uut|neuron:hidden_layer[13].h_neuron"
119. Port Connectivity Checks: "eco_nn_top:uut|neuron:hidden_layer[12].h_neuron"
120. Port Connectivity Checks: "eco_nn_top:uut|neuron:hidden_layer[11].h_neuron"
121. Port Connectivity Checks: "eco_nn_top:uut|neuron:hidden_layer[10].h_neuron"
122. Port Connectivity Checks: "eco_nn_top:uut|neuron:hidden_layer[9].h_neuron"
123. Port Connectivity Checks: "eco_nn_top:uut|neuron:hidden_layer[8].h_neuron"
124. Port Connectivity Checks: "eco_nn_top:uut|neuron:hidden_layer[7].h_neuron"
125. Port Connectivity Checks: "eco_nn_top:uut|neuron:hidden_layer[6].h_neuron"
126. Port Connectivity Checks: "eco_nn_top:uut|neuron:hidden_layer[5].h_neuron"
127. Port Connectivity Checks: "eco_nn_top:uut|neuron:hidden_layer[4].h_neuron"
128. Port Connectivity Checks: "eco_nn_top:uut|neuron:hidden_layer[3].h_neuron"
129. Port Connectivity Checks: "eco_nn_top:uut|neuron:hidden_layer[2].h_neuron"
130. Port Connectivity Checks: "eco_nn_top:uut|neuron:hidden_layer[1].h_neuron"
131. Port Connectivity Checks: "eco_nn_top:uut|neuron:hidden_layer[0].h_neuron"
132. Port Connectivity Checks: "SYSTEM_PLL:PLL_inst|SYSTEM_PLL_altpll:altpll_component"
133. Port Connectivity Checks: "SYSTEM_PLL:PLL_inst"
134. Virtual JTAG Settings
135. Post-Synthesis Netlist Statistics for Top Partition
136. Elapsed Time Per Partition
137. Analysis & Synthesis Messages
138. Analysis & Synthesis Suppressed Messages



----------------
; Legal Notice ;
----------------
Copyright (C) 2025  Altera Corporation. All rights reserved.
Your use of Altera Corporation's design tools, logic functions 
and other software and tools, and any partner logic 
functions, and any output files from any of the foregoing 
(including device programming or simulation files), and any 
associated documentation or information are expressly subject 
to the terms and conditions of the Altera Program License 
Subscription Agreement, the Altera Quartus Prime License Agreement,
the Altera IP License Agreement, or other applicable license
agreement, including, without limitation, that your use is for
the sole purpose of programming logic devices manufactured by
Altera and sold by Altera or its authorized distributors.  Please
refer to the Altera Software License Subscription Agreements 
on the Quartus Prime software download page.



+--------------------------------------------------------------------------------------+
; Analysis & Synthesis Summary                                                         ;
+------------------------------------+-------------------------------------------------+
; Analysis & Synthesis Status        ; Successful - Tue Sep  8 15:45:15 2026           ;
; Quartus Prime Version              ; 25.1std.0 Build 1129 10/21/2025 SC Lite Edition ;
; Revision Name                      ; MKRVIDOR4000                                    ;
; Top-level Entity Name              ; MKRVIDOR4000_top                                ;
; Family                             ; Cyclone 10 LP                                   ;
; Total logic elements               ; 2,770                                           ;
;     Total combinational functions  ; 2,721                                           ;
;     Dedicated logic registers      ; 375                                             ;
; Total registers                    ; 375                                             ;
; Total pins                         ; 131                                             ;
; Total virtual pins                 ; 0                                               ;
; Total memory bits                  ; 0                                               ;
; Embedded Multiplier 9-bit elements ; 0                                               ;
; Total PLLs                         ; 1                                               ;
+------------------------------------+-------------------------------------------------+


+------------------------------------------------------------------------------------------------------------+
; Analysis & Synthesis Settings                                                                              ;
+------------------------------------------------------------------+--------------------+--------------------+
; Option                                                           ; Setting            ; Default Value      ;
+------------------------------------------------------------------+--------------------+--------------------+
; Device                                                           ; 10CL016YU256C8G    ;                    ;
; Top-level entity name                                            ; MKRVIDOR4000_top   ; MKRVIDOR4000       ;
; Family name                                                      ; Cyclone 10 LP      ; Cyclone V          ;
; Maximum processors allowed for parallel compilation              ; All                ;                    ;
; Restructure Multiplexers                                         ; Off                ; Auto               ;
; Verilog Show LMF Mapping Messages                                ; Off                ;                    ;
; Verilog Version                                                  ; SystemVerilog_2005 ; Verilog_2001       ;
; Use smart compilation                                            ; Off                ; Off                ;
; Enable parallel Assembler and Timing Analyzer during compilation ; On                 ; On                 ;
; Enable compact report table                                      ; Off                ; Off                ;
; Create Debugging Nodes for IP Cores                              ; Off                ; Off                ;
; Preserve fewer node names                                        ; On                 ; On                 ;
; Intel FPGA IP Evaluation Mode                                    ; Enable             ; Enable             ;
; VHDL Version                                                     ; VHDL_1993          ; VHDL_1993          ;
; State Machine Processing                                         ; Auto               ; Auto               ;
; Safe State Machine                                               ; Off                ; Off                ;
; Extract Verilog State Machines                                   ; On                 ; On                 ;
; Extract VHDL State Machines                                      ; On                 ; On                 ;
; Ignore Verilog initial constructs                                ; Off                ; Off                ;
; Iteration limit for constant Verilog loops                       ; 5000               ; 5000               ;
; Iteration limit for non-constant Verilog loops                   ; 250                ; 250                ;
; Add Pass-Through Logic to Inferred RAMs                          ; On                 ; On                 ;
; Infer RAMs from Raw Logic                                        ; On                 ; On                 ;
; Parallel Synthesis                                               ; On                 ; On                 ;
; DSP Block Balancing                                              ; Auto               ; Auto               ;
; NOT Gate Push-Back                                               ; On                 ; On                 ;
; Power-Up Don't Care                                              ; On                 ; On                 ;
; Remove Redundant Logic Cells                                     ; Off                ; Off                ;
; Remove Duplicate Registers                                       ; On                 ; On                 ;
; Ignore CARRY Buffers                                             ; Off                ; Off                ;
; Ignore CASCADE Buffers                                           ; Off                ; Off                ;
; Ignore GLOBAL Buffers                                            ; Off                ; Off                ;
; Ignore ROW GLOBAL Buffers                                        ; Off                ; Off                ;
; Ignore LCELL Buffers                                             ; Off                ; Off                ;
; Ignore SOFT Buffers                                              ; On                 ; On                 ;
; Limit AHDL Integers to 32 Bits                                   ; Off                ; Off                ;
; Optimization Technique                                           ; Balanced           ; Balanced           ;
; Carry Chain Length                                               ; 70                 ; 70                 ;
; Auto Carry Chains                                                ; On                 ; On                 ;
; Auto Open-Drain Pins                                             ; On                 ; On                 ;
; Perform WYSIWYG Primitive Resynthesis                            ; Off                ; Off                ;
; Auto ROM Replacement                                             ; On                 ; On                 ;
; Auto RAM Replacement                                             ; On                 ; On                 ;
; Auto DSP Block Replacement                                       ; On                 ; On                 ;
; Auto Shift Register Replacement                                  ; Auto               ; Auto               ;
; Allow Shift Register Merging across Hierarchies                  ; Auto               ; Auto               ;
; Auto Clock Enable Replacement                                    ; On                 ; On                 ;
; Strict RAM Replacement                                           ; Off                ; Off                ;
; Allow Synchronous Control Signals                                ; On                 ; On                 ;
; Force Use of Synchronous Clear Signals                           ; Off                ; Off                ;
; Auto RAM Block Balancing                                         ; On                 ; On                 ;
; Auto RAM to Logic Cell Conversion                                ; Off                ; Off                ;
; Auto Resource Sharing                                            ; Off                ; Off                ;
; Allow Any RAM Size For Recognition                               ; Off                ; Off                ;
; Allow Any ROM Size For Recognition                               ; Off                ; Off                ;
; Allow Any Shift Register Size For Recognition                    ; Off                ; Off                ;
; Use LogicLock Constraints during Resource Balancing              ; On                 ; On                 ;
; Ignore translate_off and synthesis_off directives                ; Off                ; Off                ;
; Timing-Driven Synthesis                                          ; On                 ; On                 ;
; Report Parameter Settings                                        ; On                 ; On                 ;
; Report Source Assignments                                        ; On                 ; On                 ;
; Report Connectivity Checks                                       ; On                 ; On                 ;
; Ignore Maximum Fan-Out Assignments                               ; Off                ; Off                ;
; Synchronization Register Chain Length                            ; 2                  ; 2                  ;
; Power Optimization During Synthesis                              ; Normal compilation ; Normal compilation ;
; HDL message level                                                ; Level2             ; Level2             ;
; Suppress Register Optimization Related Messages                  ; Off                ; Off                ;
; Number of Removed Registers Reported in Synthesis Report         ; 5000               ; 5000               ;
; Number of Swept Nodes Reported in Synthesis Report               ; 5000               ; 5000               ;
; Number of Inverted Registers Reported in Synthesis Report        ; 100                ; 100                ;
; Clock MUX Protection                                             ; On                 ; On                 ;
; Auto Gated Clock Conversion                                      ; Off                ; Off                ;
; Block Design Naming                                              ; Auto               ; Auto               ;
; SDC constraint protection                                        ; Off                ; Off                ;
; Synthesis Effort                                                 ; Auto               ; Auto               ;
; Shift Register Replacement - Allow Asynchronous Clear Signal     ; On                 ; On                 ;
; Pre-Mapping Resynthesis Optimization                             ; Off                ; Off                ;
; Analysis & Synthesis Message Level                               ; Medium             ; Medium             ;
; Disable Register Merging Across Hierarchies                      ; Auto               ; Auto               ;
; Resource Aware Inference For Block RAM                           ; On                 ; On                 ;
+------------------------------------------------------------------+--------------------+--------------------+


+------------------------------------------+
; Parallel Compilation                     ;
+----------------------------+-------------+
; Processors                 ; Number      ;
+----------------------------+-------------+
; Number detected on machine ; 4           ;
; Maximum allowed            ; 2           ;
;                            ;             ;
; Average used               ; 1.00        ;
; Maximum used               ; 2           ;
;                            ;             ;
; Usage by Processor         ; % Time Used ;
;     Processor 1            ; 100.0%      ;
;     Processor 2            ;   0.4%      ;
+----------------------------+-------------+


+---------------------------------------------------------------------------------------------------------------------------------------------------------------------------------------------------------------------------------------------------------------------------------------------------------------------------+
; Analysis & Synthesis Source Files Read                                                                                                                                                                                                                                                                                    ;
+--------------------------------------------------------------------+-----------------+----------------------------------------------+-----------------------------------------------------------------------------------------------------------------------------------------------------------------------+-------------+
; File Name with User-Entered Path                                   ; Used in Netlist ; File Type                                    ; File Name with Absolute Path                                                                                                                                          ; Library     ;
+--------------------------------------------------------------------+-----------------+----------------------------------------------+-----------------------------------------------------------------------------------------------------------------------------------------------------------------------+-------------+
; SYSTEM_PLL.v                                                       ; yes             ; User Verilog HDL File                        ; C:/Users/PC/OneDrive/Escritorio/DEEPCEL/QuartusProject/ANeural_Network_power25_lowpower_light_q4_4/SYSTEM_PLL.v                                                       ;             ;
; SYSTEM_PLL_altpll.v                                                ; yes             ; User Verilog HDL File                        ; C:/Users/PC/OneDrive/Escritorio/DEEPCEL/QuartusProject/ANeural_Network_power25_lowpower_light_q4_4/SYSTEM_PLL_altpll.v                                                ;             ;
; jtag_synchronizer.bdf                                              ; yes             ; User Block Diagram/Schematic File            ; C:/Users/PC/OneDrive/Escritorio/DEEPCEL/QuartusProject/ANeural_Network_power25_lowpower_light_q4_4/jtag_synchronizer.bdf                                              ;             ;
; MKRVIDOR4000_top.v                                                 ; yes             ; User Verilog HDL File                        ; C:/Users/PC/OneDrive/Escritorio/DEEPCEL/QuartusProject/ANeural_Network_power25_lowpower_light_q4_4/MKRVIDOR4000_top.v                                                 ;             ;
; jtag_synchronizer_basic.v                                          ; yes             ; User Verilog HDL File                        ; C:/Users/PC/OneDrive/Escritorio/DEEPCEL/QuartusProject/ANeural_Network_power25_lowpower_light_q4_4/jtag_synchronizer_basic.v                                          ;             ;
; jtag_memory.v                                                      ; yes             ; User Verilog HDL File                        ; C:/Users/PC/OneDrive/Escritorio/DEEPCEL/QuartusProject/ANeural_Network_power25_lowpower_light_q4_4/jtag_memory.v                                                      ;             ;
; jtag_interface.v                                                   ; yes             ; User Verilog HDL File                        ; C:/Users/PC/OneDrive/Escritorio/DEEPCEL/QuartusProject/ANeural_Network_power25_lowpower_light_q4_4/jtag_interface.v                                                   ;             ;
; neuron.v                                                           ; yes             ; User Verilog HDL File                        ; C:/Users/PC/OneDrive/Escritorio/DEEPCEL/QuartusProject/ANeural_Network_power25_lowpower_light_q4_4/neuron.v                                                           ;             ;
; eco_nn_top.v                                                       ; yes             ; User Verilog HDL File                        ; C:/Users/PC/OneDrive/Escritorio/DEEPCEL/QuartusProject/ANeural_Network_power25_lowpower_light_q4_4/eco_nn_top.v                                                       ;             ;
; sld_virtual_jtag.v                                                 ; yes             ; Megafunction                                 ; c:/altera_lite/25.1std/quartus/libraries/megafunctions/sld_virtual_jtag.v                                                                                             ;             ;
; sld_virtual_jtag_basic.v                                           ; yes             ; Megafunction                                 ; c:/altera_lite/25.1std/quartus/libraries/megafunctions/sld_virtual_jtag_basic.v                                                                                       ;             ;
; sld_jtag_endpoint_adapter.vhd                                      ; yes             ; Encrypted Megafunction                       ; c:/altera_lite/25.1std/quartus/libraries/megafunctions/sld_jtag_endpoint_adapter.vhd                                                                                  ;             ;
; sld_jtag_endpoint_adapter_impl.sv                                  ; yes             ; Encrypted Megafunction                       ; c:/altera_lite/25.1std/quartus/libraries/megafunctions/sld_jtag_endpoint_adapter_impl.sv                                                                              ;             ;
; sld_hub.vhd                                                        ; yes             ; Encrypted Megafunction                       ; c:/altera_lite/25.1std/quartus/libraries/megafunctions/sld_hub.vhd                                                                                                    ; altera_sld  ;
; db/ip/slda46de5ad/alt_sld_fab.v                                    ; yes             ; Encrypted Auto-Found Verilog HDL File        ; C:/Users/PC/OneDrive/Escritorio/DEEPCEL/QuartusProject/ANeural_Network_power25_lowpower_light_q4_4/db/ip/slda46de5ad/alt_sld_fab.v                                    ; alt_sld_fab ;
; db/ip/slda46de5ad/submodules/alt_sld_fab_alt_sld_fab.v             ; yes             ; Encrypted Auto-Found Verilog HDL File        ; C:/Users/PC/OneDrive/Escritorio/DEEPCEL/QuartusProject/ANeural_Network_power25_lowpower_light_q4_4/db/ip/slda46de5ad/submodules/alt_sld_fab_alt_sld_fab.v             ; alt_sld_fab ;
; db/ip/slda46de5ad/submodules/alt_sld_fab_alt_sld_fab_ident.sv      ; yes             ; Auto-Found SystemVerilog HDL File            ; C:/Users/PC/OneDrive/Escritorio/DEEPCEL/QuartusProject/ANeural_Network_power25_lowpower_light_q4_4/db/ip/slda46de5ad/submodules/alt_sld_fab_alt_sld_fab_ident.sv      ; alt_sld_fab ;
; db/ip/slda46de5ad/submodules/alt_sld_fab_alt_sld_fab_presplit.sv   ; yes             ; Encrypted Auto-Found SystemVerilog HDL File  ; C:/Users/PC/OneDrive/Escritorio/DEEPCEL/QuartusProject/ANeural_Network_power25_lowpower_light_q4_4/db/ip/slda46de5ad/submodules/alt_sld_fab_alt_sld_fab_presplit.sv   ; alt_sld_fab ;
; db/ip/slda46de5ad/submodules/alt_sld_fab_alt_sld_fab_sldfabric.vhd ; yes             ; Encrypted Auto-Found VHDL File               ; C:/Users/PC/OneDrive/Escritorio/DEEPCEL/QuartusProject/ANeural_Network_power25_lowpower_light_q4_4/db/ip/slda46de5ad/submodules/alt_sld_fab_alt_sld_fab_sldfabric.vhd ; alt_sld_fab ;
; db/ip/slda46de5ad/submodules/alt_sld_fab_alt_sld_fab_splitter.sv   ; yes             ; Encrypted Auto-Found SystemVerilog HDL File  ; C:/Users/PC/OneDrive/Escritorio/DEEPCEL/QuartusProject/ANeural_Network_power25_lowpower_light_q4_4/db/ip/slda46de5ad/submodules/alt_sld_fab_alt_sld_fab_splitter.sv   ; alt_sld_fab ;
; sld_jtag_hub.vhd                                                   ; yes             ; Encrypted Megafunction                       ; c:/altera_lite/25.1std/quartus/libraries/megafunctions/sld_jtag_hub.vhd                                                                                               ;             ;
; sld_rom_sr.vhd                                                     ; yes             ; Encrypted Megafunction                       ; c:/altera_lite/25.1std/quartus/libraries/megafunctions/sld_rom_sr.vhd                                                                                                 ;             ;
; lpm_mult.tdf                                                       ; yes             ; Megafunction                                 ; c:/altera_lite/25.1std/quartus/libraries/megafunctions/lpm_mult.tdf                                                                                                   ;             ;
; aglobal251.inc                                                     ; yes             ; Megafunction                                 ; c:/altera_lite/25.1std/quartus/libraries/megafunctions/aglobal251.inc                                                                                                 ;             ;
; lpm_add_sub.inc                                                    ; yes             ; Megafunction                                 ; c:/altera_lite/25.1std/quartus/libraries/megafunctions/lpm_add_sub.inc                                                                                                ;             ;
; multcore.inc                                                       ; yes             ; Megafunction                                 ; c:/altera_lite/25.1std/quartus/libraries/megafunctions/multcore.inc                                                                                                   ;             ;
; bypassff.inc                                                       ; yes             ; Megafunction                                 ; c:/altera_lite/25.1std/quartus/libraries/megafunctions/bypassff.inc                                                                                                   ;             ;
; altshift.inc                                                       ; yes             ; Megafunction                                 ; c:/altera_lite/25.1std/quartus/libraries/megafunctions/altshift.inc                                                                                                   ;             ;
; multcore.tdf                                                       ; yes             ; Megafunction                                 ; c:/altera_lite/25.1std/quartus/libraries/megafunctions/multcore.tdf                                                                                                   ;             ;
; csa_add.inc                                                        ; yes             ; Megafunction                                 ; c:/altera_lite/25.1std/quartus/libraries/megafunctions/csa_add.inc                                                                                                    ;             ;
; mpar_add.inc                                                       ; yes             ; Megafunction                                 ; c:/altera_lite/25.1std/quartus/libraries/megafunctions/mpar_add.inc                                                                                                   ;             ;
; muleabz.inc                                                        ; yes             ; Megafunction                                 ; c:/altera_lite/25.1std/quartus/libraries/megafunctions/muleabz.inc                                                                                                    ;             ;
; mul_lfrg.inc                                                       ; yes             ; Megafunction                                 ; c:/altera_lite/25.1std/quartus/libraries/megafunctions/mul_lfrg.inc                                                                                                   ;             ;
; mul_boothc.inc                                                     ; yes             ; Megafunction                                 ; c:/altera_lite/25.1std/quartus/libraries/megafunctions/mul_boothc.inc                                                                                                 ;             ;
; alt_ded_mult.inc                                                   ; yes             ; Megafunction                                 ; c:/altera_lite/25.1std/quartus/libraries/megafunctions/alt_ded_mult.inc                                                                                               ;             ;
; alt_ded_mult_y.inc                                                 ; yes             ; Megafunction                                 ; c:/altera_lite/25.1std/quartus/libraries/megafunctions/alt_ded_mult_y.inc                                                                                             ;             ;
; dffpipe.inc                                                        ; yes             ; Megafunction                                 ; c:/altera_lite/25.1std/quartus/libraries/megafunctions/dffpipe.inc                                                                                                    ;             ;
; mpar_add.tdf                                                       ; yes             ; Megafunction                                 ; c:/altera_lite/25.1std/quartus/libraries/megafunctions/mpar_add.tdf                                                                                                   ;             ;
; lpm_add_sub.tdf                                                    ; yes             ; Megafunction                                 ; c:/altera_lite/25.1std/quartus/libraries/megafunctions/lpm_add_sub.tdf                                                                                                ;             ;
; addcore.inc                                                        ; yes             ; Megafunction                                 ; c:/altera_lite/25.1std/quartus/libraries/megafunctions/addcore.inc                                                                                                    ;             ;
; look_add.inc                                                       ; yes             ; Megafunction                                 ; c:/altera_lite/25.1std/quartus/libraries/megafunctions/look_add.inc                                                                                                   ;             ;
; alt_stratix_add_sub.inc                                            ; yes             ; Megafunction                                 ; c:/altera_lite/25.1std/quartus/libraries/megafunctions/alt_stratix_add_sub.inc                                                                                        ;             ;
; db/add_sub_qih.tdf                                                 ; yes             ; Auto-Generated Megafunction                  ; C:/Users/PC/OneDrive/Escritorio/DEEPCEL/QuartusProject/ANeural_Network_power25_lowpower_light_q4_4/db/add_sub_qih.tdf                                                 ;             ;
; altshift.tdf                                                       ; yes             ; Megafunction                                 ; c:/altera_lite/25.1std/quartus/libraries/megafunctions/altshift.tdf                                                                                                   ;             ;
; db/add_sub_rih.tdf                                                 ; yes             ; Auto-Generated Megafunction                  ; C:/Users/PC/OneDrive/Escritorio/DEEPCEL/QuartusProject/ANeural_Network_power25_lowpower_light_q4_4/db/add_sub_rih.tdf                                                 ;             ;
; db/add_sub_oih.tdf                                                 ; yes             ; Auto-Generated Megafunction                  ; C:/Users/PC/OneDrive/Escritorio/DEEPCEL/QuartusProject/ANeural_Network_power25_lowpower_light_q4_4/db/add_sub_oih.tdf                                                 ;             ;
; db/add_sub_pih.tdf                                                 ; yes             ; Auto-Generated Megafunction                  ; C:/Users/PC/OneDrive/Escritorio/DEEPCEL/QuartusProject/ANeural_Network_power25_lowpower_light_q4_4/db/add_sub_pih.tdf                                                 ;             ;
; db/add_sub_18h.tdf                                                 ; yes             ; Auto-Generated Megafunction                  ; C:/Users/PC/OneDrive/Escritorio/DEEPCEL/QuartusProject/ANeural_Network_power25_lowpower_light_q4_4/db/add_sub_18h.tdf                                                 ;             ;
+--------------------------------------------------------------------+-----------------+----------------------------------------------+-----------------------------------------------------------------------------------------------------------------------------------------------------------------------+-------------+


+-----------------------------------------------------------------------------------------------------------------------+
; Analysis & Synthesis Resource Usage Summary                                                                           ;
+---------------------------------------------+-------------------------------------------------------------------------+
; Resource                                    ; Usage                                                                   ;
+---------------------------------------------+-------------------------------------------------------------------------+
; Estimated Total logic elements              ; 2,770                                                                   ;
;                                             ;                                                                         ;
; Total combinational functions               ; 2721                                                                    ;
; Logic element usage by number of LUT inputs ;                                                                         ;
;     -- 4 input functions                    ; 375                                                                     ;
;     -- 3 input functions                    ; 1613                                                                    ;
;     -- <=2 input functions                  ; 733                                                                     ;
;                                             ;                                                                         ;
; Logic elements by mode                      ;                                                                         ;
;     -- normal mode                          ; 1014                                                                    ;
;     -- arithmetic mode                      ; 1707                                                                    ;
;                                             ;                                                                         ;
; Total registers                             ; 375                                                                     ;
;     -- Dedicated logic registers            ; 375                                                                     ;
;     -- I/O registers                        ; 0                                                                       ;
;                                             ;                                                                         ;
; I/O pins                                    ; 131                                                                     ;
;                                             ;                                                                         ;
; Embedded Multiplier 9-bit elements          ; 0                                                                       ;
;                                             ;                                                                         ;
; Total PLLs                                  ; 1                                                                       ;
;     -- PLLs                                 ; 1                                                                       ;
;                                             ;                                                                         ;
; Maximum fan-out node                        ; SYSTEM_PLL:PLL_inst|SYSTEM_PLL_altpll:altpll_component|wire_pll1_clk[0] ;
; Maximum fan-out                             ; 228                                                                     ;
; Total fan-out                               ; 9217                                                                    ;
; Average fan-out                             ; 2.67                                                                    ;
+---------------------------------------------+-------------------------------------------------------------------------+


+--------------------------------------------------------------------------------------------------------------------------------------------------------------------------------------------------------------------------------------------------------------------------------------------------------------------------------------------------------------------------------------------------------------------------------------------------------------------------------------------------------------------------------------------------------------------------------------------------------------------------------------------------------------------------------------+
; Analysis & Synthesis Resource Utilization by Entity                                                                                                                                                                                                                                                                                                                                                                                                                                                                                                                                                                                                                                  ;
+-----------------------------------------------------------------------------------------------------------------------------------------+---------------------+---------------------------+-------------+--------------+---------+-----------+------+--------------+--------------------------------------------------------------------------------------------------------------------------------------------------------------------------------------------------------------------------------------------------------------------------------------------------------------------------------------------------------------+-----------------------------------+--------------+
; Compilation Hierarchy Node                                                                                                              ; Combinational ALUTs ; Dedicated Logic Registers ; Memory Bits ; DSP Elements ; DSP 9x9 ; DSP 18x18 ; Pins ; Virtual Pins ; Full Hierarchy Name                                                                                                                                                                                                                                                                                                                                          ; Entity Name                       ; Library Name ;
+-----------------------------------------------------------------------------------------------------------------------------------------+---------------------+---------------------------+-------------+--------------+---------+-----------+------+--------------+--------------------------------------------------------------------------------------------------------------------------------------------------------------------------------------------------------------------------------------------------------------------------------------------------------------------------------------------------------------+-----------------------------------+--------------+
; |MKRVIDOR4000_top                                                                                                                       ; 2721 (2)            ; 375 (0)                   ; 0           ; 0            ; 0       ; 0         ; 131  ; 0            ; |MKRVIDOR4000_top                                                                                                                                                                                                                                                                                                                                            ; MKRVIDOR4000_top                  ; work         ;
;    |SYSTEM_PLL:PLL_inst|                                                                                                                ; 0 (0)               ; 0 (0)                     ; 0           ; 0            ; 0       ; 0         ; 0    ; 0            ; |MKRVIDOR4000_top|SYSTEM_PLL:PLL_inst                                                                                                                                                                                                                                                                                                                        ; SYSTEM_PLL                        ; work         ;
;       |SYSTEM_PLL_altpll:altpll_component|                                                                                              ; 0 (0)               ; 0 (0)                     ; 0           ; 0            ; 0       ; 0         ; 0    ; 0            ; |MKRVIDOR4000_top|SYSTEM_PLL:PLL_inst|SYSTEM_PLL_altpll:altpll_component                                                                                                                                                                                                                                                                                     ; SYSTEM_PLL_altpll                 ; work         ;
;    |eco_nn_top:uut|                                                                                                                     ; 2531 (78)           ; 214 (74)                  ; 0           ; 0            ; 0       ; 0         ; 0    ; 0            ; |MKRVIDOR4000_top|eco_nn_top:uut                                                                                                                                                                                                                                                                                                                             ; eco_nn_top                        ; work         ;
;       |neuron:hidden_layer[0].h_neuron|                                                                                                 ; 165 (90)            ; 8 (8)                     ; 0           ; 0            ; 0       ; 0         ; 0    ; 0            ; |MKRVIDOR4000_top|eco_nn_top:uut|neuron:hidden_layer[0].h_neuron                                                                                                                                                                                                                                                                                             ; neuron                            ; work         ;
;          |lpm_mult:Mult0|                                                                                                               ; 16 (0)              ; 0 (0)                     ; 0           ; 0            ; 0       ; 0         ; 0    ; 0            ; |MKRVIDOR4000_top|eco_nn_top:uut|neuron:hidden_layer[0].h_neuron|lpm_mult:Mult0                                                                                                                                                                                                                                                                              ; lpm_mult                          ; work         ;
;             |multcore:mult_core|                                                                                                        ; 16 (8)              ; 0 (0)                     ; 0           ; 0            ; 0       ; 0         ; 0    ; 0            ; |MKRVIDOR4000_top|eco_nn_top:uut|neuron:hidden_layer[0].h_neuron|lpm_mult:Mult0|multcore:mult_core                                                                                                                                                                                                                                                           ; multcore                          ; work         ;
;                |mpar_add:padder|                                                                                                        ; 8 (0)               ; 0 (0)                     ; 0           ; 0            ; 0       ; 0         ; 0    ; 0            ; |MKRVIDOR4000_top|eco_nn_top:uut|neuron:hidden_layer[0].h_neuron|lpm_mult:Mult0|multcore:mult_core|mpar_add:padder                                                                                                                                                                                                                                           ; mpar_add                          ; work         ;
;                   |lpm_add_sub:adder[0]|                                                                                                ; 8 (0)               ; 0 (0)                     ; 0           ; 0            ; 0       ; 0         ; 0    ; 0            ; |MKRVIDOR4000_top|eco_nn_top:uut|neuron:hidden_layer[0].h_neuron|lpm_mult:Mult0|multcore:mult_core|mpar_add:padder|lpm_add_sub:adder[0]                                                                                                                                                                                                                      ; lpm_add_sub                       ; work         ;
;                      |add_sub_qih:auto_generated|                                                                                       ; 8 (8)               ; 0 (0)                     ; 0           ; 0            ; 0       ; 0         ; 0    ; 0            ; |MKRVIDOR4000_top|eco_nn_top:uut|neuron:hidden_layer[0].h_neuron|lpm_mult:Mult0|multcore:mult_core|mpar_add:padder|lpm_add_sub:adder[0]|add_sub_qih:auto_generated                                                                                                                                                                                           ; add_sub_qih                       ; work         ;
;          |lpm_mult:Mult1|                                                                                                               ; 11 (0)              ; 0 (0)                     ; 0           ; 0            ; 0       ; 0         ; 0    ; 0            ; |MKRVIDOR4000_top|eco_nn_top:uut|neuron:hidden_layer[0].h_neuron|lpm_mult:Mult1                                                                                                                                                                                                                                                                              ; lpm_mult                          ; work         ;
;             |multcore:mult_core|                                                                                                        ; 11 (4)              ; 0 (0)                     ; 0           ; 0            ; 0       ; 0         ; 0    ; 0            ; |MKRVIDOR4000_top|eco_nn_top:uut|neuron:hidden_layer[0].h_neuron|lpm_mult:Mult1|multcore:mult_core                                                                                                                                                                                                                                                           ; multcore                          ; work         ;
;                |mpar_add:padder|                                                                                                        ; 7 (0)               ; 0 (0)                     ; 0           ; 0            ; 0       ; 0         ; 0    ; 0            ; |MKRVIDOR4000_top|eco_nn_top:uut|neuron:hidden_layer[0].h_neuron|lpm_mult:Mult1|multcore:mult_core|mpar_add:padder                                                                                                                                                                                                                                           ; mpar_add                          ; work         ;
;                   |lpm_add_sub:adder[0]|                                                                                                ; 7 (0)               ; 0 (0)                     ; 0           ; 0            ; 0       ; 0         ; 0    ; 0            ; |MKRVIDOR4000_top|eco_nn_top:uut|neuron:hidden_layer[0].h_neuron|lpm_mult:Mult1|multcore:mult_core|mpar_add:padder|lpm_add_sub:adder[0]                                                                                                                                                                                                                      ; lpm_add_sub                       ; work         ;
;                      |add_sub_pih:auto_generated|                                                                                       ; 7 (7)               ; 0 (0)                     ; 0           ; 0            ; 0       ; 0         ; 0    ; 0            ; |MKRVIDOR4000_top|eco_nn_top:uut|neuron:hidden_layer[0].h_neuron|lpm_mult:Mult1|multcore:mult_core|mpar_add:padder|lpm_add_sub:adder[0]|add_sub_pih:auto_generated                                                                                                                                                                                           ; add_sub_pih                       ; work         ;
;          |lpm_mult:Mult2|                                                                                                               ; 16 (0)              ; 0 (0)                     ; 0           ; 0            ; 0       ; 0         ; 0    ; 0            ; |MKRVIDOR4000_top|eco_nn_top:uut|neuron:hidden_layer[0].h_neuron|lpm_mult:Mult2                                                                                                                                                                                                                                                                              ; lpm_mult                          ; work         ;
;             |multcore:mult_core|                                                                                                        ; 16 (7)              ; 0 (0)                     ; 0           ; 0            ; 0       ; 0         ; 0    ; 0            ; |MKRVIDOR4000_top|eco_nn_top:uut|neuron:hidden_layer[0].h_neuron|lpm_mult:Mult2|multcore:mult_core                                                                                                                                                                                                                                                           ; multcore                          ; work         ;
;                |mpar_add:padder|                                                                                                        ; 9 (0)               ; 0 (0)                     ; 0           ; 0            ; 0       ; 0         ; 0    ; 0            ; |MKRVIDOR4000_top|eco_nn_top:uut|neuron:hidden_layer[0].h_neuron|lpm_mult:Mult2|multcore:mult_core|mpar_add:padder                                                                                                                                                                                                                                           ; mpar_add                          ; work         ;
;                   |lpm_add_sub:adder[0]|                                                                                                ; 9 (0)               ; 0 (0)                     ; 0           ; 0            ; 0       ; 0         ; 0    ; 0            ; |MKRVIDOR4000_top|eco_nn_top:uut|neuron:hidden_layer[0].h_neuron|lpm_mult:Mult2|multcore:mult_core|mpar_add:padder|lpm_add_sub:adder[0]                                                                                                                                                                                                                      ; lpm_add_sub                       ; work         ;
;                      |add_sub_rih:auto_generated|                                                                                       ; 9 (9)               ; 0 (0)                     ; 0           ; 0            ; 0       ; 0         ; 0    ; 0            ; |MKRVIDOR4000_top|eco_nn_top:uut|neuron:hidden_layer[0].h_neuron|lpm_mult:Mult2|multcore:mult_core|mpar_add:padder|lpm_add_sub:adder[0]|add_sub_rih:auto_generated                                                                                                                                                                                           ; add_sub_rih                       ; work         ;
;          |lpm_mult:Mult4|                                                                                                               ; 8 (0)               ; 0 (0)                     ; 0           ; 0            ; 0       ; 0         ; 0    ; 0            ; |MKRVIDOR4000_top|eco_nn_top:uut|neuron:hidden_layer[0].h_neuron|lpm_mult:Mult4                                                                                                                                                                                                                                                                              ; lpm_mult                          ; work         ;
;             |multcore:mult_core|                                                                                                        ; 8 (0)               ; 0 (0)                     ; 0           ; 0            ; 0       ; 0         ; 0    ; 0            ; |MKRVIDOR4000_top|eco_nn_top:uut|neuron:hidden_layer[0].h_neuron|lpm_mult:Mult4|multcore:mult_core                                                                                                                                                                                                                                                           ; multcore                          ; work         ;
;                |lpm_add_sub:adder|                                                                                                      ; 8 (0)               ; 0 (0)                     ; 0           ; 0            ; 0       ; 0         ; 0    ; 0            ; |MKRVIDOR4000_top|eco_nn_top:uut|neuron:hidden_layer[0].h_neuron|lpm_mult:Mult4|multcore:mult_core|lpm_add_sub:adder                                                                                                                                                                                                                                         ; lpm_add_sub                       ; work         ;
;                   |add_sub_18h:auto_generated|                                                                                          ; 8 (8)               ; 0 (0)                     ; 0           ; 0            ; 0       ; 0         ; 0    ; 0            ; |MKRVIDOR4000_top|eco_nn_top:uut|neuron:hidden_layer[0].h_neuron|lpm_mult:Mult4|multcore:mult_core|lpm_add_sub:adder|add_sub_18h:auto_generated                                                                                                                                                                                                              ; add_sub_18h                       ; work         ;
;          |lpm_mult:Mult5|                                                                                                               ; 8 (0)               ; 0 (0)                     ; 0           ; 0            ; 0       ; 0         ; 0    ; 0            ; |MKRVIDOR4000_top|eco_nn_top:uut|neuron:hidden_layer[0].h_neuron|lpm_mult:Mult5                                                                                                                                                                                                                                                                              ; lpm_mult                          ; work         ;
;             |multcore:mult_core|                                                                                                        ; 8 (0)               ; 0 (0)                     ; 0           ; 0            ; 0       ; 0         ; 0    ; 0            ; |MKRVIDOR4000_top|eco_nn_top:uut|neuron:hidden_layer[0].h_neuron|lpm_mult:Mult5|multcore:mult_core                                                                                                                                                                                                                                                           ; multcore                          ; work         ;
;                |lpm_add_sub:adder|                                                                                                      ; 8 (0)               ; 0 (0)                     ; 0           ; 0            ; 0       ; 0         ; 0    ; 0            ; |MKRVIDOR4000_top|eco_nn_top:uut|neuron:hidden_layer[0].h_neuron|lpm_mult:Mult5|multcore:mult_core|lpm_add_sub:adder                                                                                                                                                                                                                                         ; lpm_add_sub                       ; work         ;
;                   |add_sub_18h:auto_generated|                                                                                          ; 8 (8)               ; 0 (0)                     ; 0           ; 0            ; 0       ; 0         ; 0    ; 0            ; |MKRVIDOR4000_top|eco_nn_top:uut|neuron:hidden_layer[0].h_neuron|lpm_mult:Mult5|multcore:mult_core|lpm_add_sub:adder|add_sub_18h:auto_generated                                                                                                                                                                                                              ; add_sub_18h                       ; work         ;
;          |lpm_mult:Mult6|                                                                                                               ; 8 (0)               ; 0 (0)                     ; 0           ; 0            ; 0       ; 0         ; 0    ; 0            ; |MKRVIDOR4000_top|eco_nn_top:uut|neuron:hidden_layer[0].h_neuron|lpm_mult:Mult6                                                                                                                                                                                                                                                                              ; lpm_mult                          ; work         ;
;             |multcore:mult_core|                                                                                                        ; 8 (0)               ; 0 (0)                     ; 0           ; 0            ; 0       ; 0         ; 0    ; 0            ; |MKRVIDOR4000_top|eco_nn_top:uut|neuron:hidden_layer[0].h_neuron|lpm_mult:Mult6|multcore:mult_core                                                                                                                                                                                                                                                           ; multcore                          ; work         ;
;                |lpm_add_sub:adder|                                                                                                      ; 8 (0)               ; 0 (0)                     ; 0           ; 0            ; 0       ; 0         ; 0    ; 0            ; |MKRVIDOR4000_top|eco_nn_top:uut|neuron:hidden_layer[0].h_neuron|lpm_mult:Mult6|multcore:mult_core|lpm_add_sub:adder                                                                                                                                                                                                                                         ; lpm_add_sub                       ; work         ;
;                   |add_sub_18h:auto_generated|                                                                                          ; 8 (8)               ; 0 (0)                     ; 0           ; 0            ; 0       ; 0         ; 0    ; 0            ; |MKRVIDOR4000_top|eco_nn_top:uut|neuron:hidden_layer[0].h_neuron|lpm_mult:Mult6|multcore:mult_core|lpm_add_sub:adder|add_sub_18h:auto_generated                                                                                                                                                                                                              ; add_sub_18h                       ; work         ;
;          |lpm_mult:Mult7|                                                                                                               ; 8 (0)               ; 0 (0)                     ; 0           ; 0            ; 0       ; 0         ; 0    ; 0            ; |MKRVIDOR4000_top|eco_nn_top:uut|neuron:hidden_layer[0].h_neuron|lpm_mult:Mult7                                                                                                                                                                                                                                                                              ; lpm_mult                          ; work         ;
;             |multcore:mult_core|                                                                                                        ; 8 (3)               ; 0 (0)                     ; 0           ; 0            ; 0       ; 0         ; 0    ; 0            ; |MKRVIDOR4000_top|eco_nn_top:uut|neuron:hidden_layer[0].h_neuron|lpm_mult:Mult7|multcore:mult_core                                                                                                                                                                                                                                                           ; multcore                          ; work         ;
;                |mpar_add:padder|                                                                                                        ; 5 (0)               ; 0 (0)                     ; 0           ; 0            ; 0       ; 0         ; 0    ; 0            ; |MKRVIDOR4000_top|eco_nn_top:uut|neuron:hidden_layer[0].h_neuron|lpm_mult:Mult7|multcore:mult_core|mpar_add:padder                                                                                                                                                                                                                                           ; mpar_add                          ; work         ;
;                   |lpm_add_sub:adder[0]|                                                                                                ; 5 (0)               ; 0 (0)                     ; 0           ; 0            ; 0       ; 0         ; 0    ; 0            ; |MKRVIDOR4000_top|eco_nn_top:uut|neuron:hidden_layer[0].h_neuron|lpm_mult:Mult7|multcore:mult_core|mpar_add:padder|lpm_add_sub:adder[0]                                                                                                                                                                                                                      ; lpm_add_sub                       ; work         ;
;                      |add_sub_oih:auto_generated|                                                                                       ; 5 (5)               ; 0 (0)                     ; 0           ; 0            ; 0       ; 0         ; 0    ; 0            ; |MKRVIDOR4000_top|eco_nn_top:uut|neuron:hidden_layer[0].h_neuron|lpm_mult:Mult7|multcore:mult_core|mpar_add:padder|lpm_add_sub:adder[0]|add_sub_oih:auto_generated                                                                                                                                                                                           ; add_sub_oih                       ; work         ;
;       |neuron:hidden_layer[10].h_neuron|                                                                                                ; 73 (65)             ; 8 (8)                     ; 0           ; 0            ; 0       ; 0         ; 0    ; 0            ; |MKRVIDOR4000_top|eco_nn_top:uut|neuron:hidden_layer[10].h_neuron                                                                                                                                                                                                                                                                                            ; neuron                            ; work         ;
;          |lpm_mult:Mult1|                                                                                                               ; 8 (0)               ; 0 (0)                     ; 0           ; 0            ; 0       ; 0         ; 0    ; 0            ; |MKRVIDOR4000_top|eco_nn_top:uut|neuron:hidden_layer[10].h_neuron|lpm_mult:Mult1                                                                                                                                                                                                                                                                             ; lpm_mult                          ; work         ;
;             |multcore:mult_core|                                                                                                        ; 8 (0)               ; 0 (0)                     ; 0           ; 0            ; 0       ; 0         ; 0    ; 0            ; |MKRVIDOR4000_top|eco_nn_top:uut|neuron:hidden_layer[10].h_neuron|lpm_mult:Mult1|multcore:mult_core                                                                                                                                                                                                                                                          ; multcore                          ; work         ;
;                |lpm_add_sub:adder|                                                                                                      ; 8 (0)               ; 0 (0)                     ; 0           ; 0            ; 0       ; 0         ; 0    ; 0            ; |MKRVIDOR4000_top|eco_nn_top:uut|neuron:hidden_layer[10].h_neuron|lpm_mult:Mult1|multcore:mult_core|lpm_add_sub:adder                                                                                                                                                                                                                                        ; lpm_add_sub                       ; work         ;
;                   |add_sub_18h:auto_generated|                                                                                          ; 8 (8)               ; 0 (0)                     ; 0           ; 0            ; 0       ; 0         ; 0    ; 0            ; |MKRVIDOR4000_top|eco_nn_top:uut|neuron:hidden_layer[10].h_neuron|lpm_mult:Mult1|multcore:mult_core|lpm_add_sub:adder|add_sub_18h:auto_generated                                                                                                                                                                                                             ; add_sub_18h                       ; work         ;
;       |neuron:hidden_layer[11].h_neuron|                                                                                                ; 124 (89)            ; 8 (8)                     ; 0           ; 0            ; 0       ; 0         ; 0    ; 0            ; |MKRVIDOR4000_top|eco_nn_top:uut|neuron:hidden_layer[11].h_neuron                                                                                                                                                                                                                                                                                            ; neuron                            ; work         ;
;          |lpm_mult:Mult1|                                                                                                               ; 15 (0)              ; 0 (0)                     ; 0           ; 0            ; 0       ; 0         ; 0    ; 0            ; |MKRVIDOR4000_top|eco_nn_top:uut|neuron:hidden_layer[11].h_neuron|lpm_mult:Mult1                                                                                                                                                                                                                                                                             ; lpm_mult                          ; work         ;
;             |multcore:mult_core|                                                                                                        ; 15 (7)              ; 0 (0)                     ; 0           ; 0            ; 0       ; 0         ; 0    ; 0            ; |MKRVIDOR4000_top|eco_nn_top:uut|neuron:hidden_layer[11].h_neuron|lpm_mult:Mult1|multcore:mult_core                                                                                                                                                                                                                                                          ; multcore                          ; work         ;
;                |mpar_add:padder|                                                                                                        ; 8 (0)               ; 0 (0)                     ; 0           ; 0            ; 0       ; 0         ; 0    ; 0            ; |MKRVIDOR4000_top|eco_nn_top:uut|neuron:hidden_layer[11].h_neuron|lpm_mult:Mult1|multcore:mult_core|mpar_add:padder                                                                                                                                                                                                                                          ; mpar_add                          ; work         ;
;                   |lpm_add_sub:adder[0]|                                                                                                ; 8 (0)               ; 0 (0)                     ; 0           ; 0            ; 0       ; 0         ; 0    ; 0            ; |MKRVIDOR4000_top|eco_nn_top:uut|neuron:hidden_layer[11].h_neuron|lpm_mult:Mult1|multcore:mult_core|mpar_add:padder|lpm_add_sub:adder[0]                                                                                                                                                                                                                     ; lpm_add_sub                       ; work         ;
;                      |add_sub_qih:auto_generated|                                                                                       ; 8 (8)               ; 0 (0)                     ; 0           ; 0            ; 0       ; 0         ; 0    ; 0            ; |MKRVIDOR4000_top|eco_nn_top:uut|neuron:hidden_layer[11].h_neuron|lpm_mult:Mult1|multcore:mult_core|mpar_add:padder|lpm_add_sub:adder[0]|add_sub_qih:auto_generated                                                                                                                                                                                          ; add_sub_qih                       ; work         ;
;          |lpm_mult:Mult3|                                                                                                               ; 13 (0)              ; 0 (0)                     ; 0           ; 0            ; 0       ; 0         ; 0    ; 0            ; |MKRVIDOR4000_top|eco_nn_top:uut|neuron:hidden_layer[11].h_neuron|lpm_mult:Mult3                                                                                                                                                                                                                                                                             ; lpm_mult                          ; work         ;
;             |multcore:mult_core|                                                                                                        ; 13 (6)              ; 0 (0)                     ; 0           ; 0            ; 0       ; 0         ; 0    ; 0            ; |MKRVIDOR4000_top|eco_nn_top:uut|neuron:hidden_layer[11].h_neuron|lpm_mult:Mult3|multcore:mult_core                                                                                                                                                                                                                                                          ; multcore                          ; work         ;
;                |mpar_add:padder|                                                                                                        ; 7 (0)               ; 0 (0)                     ; 0           ; 0            ; 0       ; 0         ; 0    ; 0            ; |MKRVIDOR4000_top|eco_nn_top:uut|neuron:hidden_layer[11].h_neuron|lpm_mult:Mult3|multcore:mult_core|mpar_add:padder                                                                                                                                                                                                                                          ; mpar_add                          ; work         ;
;                   |lpm_add_sub:adder[0]|                                                                                                ; 7 (0)               ; 0 (0)                     ; 0           ; 0            ; 0       ; 0         ; 0    ; 0            ; |MKRVIDOR4000_top|eco_nn_top:uut|neuron:hidden_layer[11].h_neuron|lpm_mult:Mult3|multcore:mult_core|mpar_add:padder|lpm_add_sub:adder[0]                                                                                                                                                                                                                     ; lpm_add_sub                       ; work         ;
;                      |add_sub_qih:auto_generated|                                                                                       ; 7 (7)               ; 0 (0)                     ; 0           ; 0            ; 0       ; 0         ; 0    ; 0            ; |MKRVIDOR4000_top|eco_nn_top:uut|neuron:hidden_layer[11].h_neuron|lpm_mult:Mult3|multcore:mult_core|mpar_add:padder|lpm_add_sub:adder[0]|add_sub_qih:auto_generated                                                                                                                                                                                          ; add_sub_qih                       ; work         ;
;          |lpm_mult:Mult7|                                                                                                               ; 7 (0)               ; 0 (0)                     ; 0           ; 0            ; 0       ; 0         ; 0    ; 0            ; |MKRVIDOR4000_top|eco_nn_top:uut|neuron:hidden_layer[11].h_neuron|lpm_mult:Mult7                                                                                                                                                                                                                                                                             ; lpm_mult                          ; work         ;
;             |multcore:mult_core|                                                                                                        ; 7 (0)               ; 0 (0)                     ; 0           ; 0            ; 0       ; 0         ; 0    ; 0            ; |MKRVIDOR4000_top|eco_nn_top:uut|neuron:hidden_layer[11].h_neuron|lpm_mult:Mult7|multcore:mult_core                                                                                                                                                                                                                                                          ; multcore                          ; work         ;
;                |mpar_add:padder|                                                                                                        ; 7 (0)               ; 0 (0)                     ; 0           ; 0            ; 0       ; 0         ; 0    ; 0            ; |MKRVIDOR4000_top|eco_nn_top:uut|neuron:hidden_layer[11].h_neuron|lpm_mult:Mult7|multcore:mult_core|mpar_add:padder                                                                                                                                                                                                                                          ; mpar_add                          ; work         ;
;                   |lpm_add_sub:adder[0]|                                                                                                ; 7 (0)               ; 0 (0)                     ; 0           ; 0            ; 0       ; 0         ; 0    ; 0            ; |MKRVIDOR4000_top|eco_nn_top:uut|neuron:hidden_layer[11].h_neuron|lpm_mult:Mult7|multcore:mult_core|mpar_add:padder|lpm_add_sub:adder[0]                                                                                                                                                                                                                     ; lpm_add_sub                       ; work         ;
;                      |add_sub_pih:auto_generated|                                                                                       ; 7 (7)               ; 0 (0)                     ; 0           ; 0            ; 0       ; 0         ; 0    ; 0            ; |MKRVIDOR4000_top|eco_nn_top:uut|neuron:hidden_layer[11].h_neuron|lpm_mult:Mult7|multcore:mult_core|mpar_add:padder|lpm_add_sub:adder[0]|add_sub_pih:auto_generated                                                                                                                                                                                          ; add_sub_pih                       ; work         ;
;       |neuron:hidden_layer[12].h_neuron|                                                                                                ; 108 (89)            ; 6 (6)                     ; 0           ; 0            ; 0       ; 0         ; 0    ; 0            ; |MKRVIDOR4000_top|eco_nn_top:uut|neuron:hidden_layer[12].h_neuron                                                                                                                                                                                                                                                                                            ; neuron                            ; work         ;
;          |lpm_mult:Mult3|                                                                                                               ; 6 (0)               ; 0 (0)                     ; 0           ; 0            ; 0       ; 0         ; 0    ; 0            ; |MKRVIDOR4000_top|eco_nn_top:uut|neuron:hidden_layer[12].h_neuron|lpm_mult:Mult3                                                                                                                                                                                                                                                                             ; lpm_mult                          ; work         ;
;             |multcore:mult_core|                                                                                                        ; 6 (1)               ; 0 (0)                     ; 0           ; 0            ; 0       ; 0         ; 0    ; 0            ; |MKRVIDOR4000_top|eco_nn_top:uut|neuron:hidden_layer[12].h_neuron|lpm_mult:Mult3|multcore:mult_core                                                                                                                                                                                                                                                          ; multcore                          ; work         ;
;                |mpar_add:padder|                                                                                                        ; 5 (0)               ; 0 (0)                     ; 0           ; 0            ; 0       ; 0         ; 0    ; 0            ; |MKRVIDOR4000_top|eco_nn_top:uut|neuron:hidden_layer[12].h_neuron|lpm_mult:Mult3|multcore:mult_core|mpar_add:padder                                                                                                                                                                                                                                          ; mpar_add                          ; work         ;
;                   |lpm_add_sub:adder[0]|                                                                                                ; 5 (0)               ; 0 (0)                     ; 0           ; 0            ; 0       ; 0         ; 0    ; 0            ; |MKRVIDOR4000_top|eco_nn_top:uut|neuron:hidden_layer[12].h_neuron|lpm_mult:Mult3|multcore:mult_core|mpar_add:padder|lpm_add_sub:adder[0]                                                                                                                                                                                                                     ; lpm_add_sub                       ; work         ;
;                      |add_sub_qih:auto_generated|                                                                                       ; 5 (5)               ; 0 (0)                     ; 0           ; 0            ; 0       ; 0         ; 0    ; 0            ; |MKRVIDOR4000_top|eco_nn_top:uut|neuron:hidden_layer[12].h_neuron|lpm_mult:Mult3|multcore:mult_core|mpar_add:padder|lpm_add_sub:adder[0]|add_sub_qih:auto_generated                                                                                                                                                                                          ; add_sub_qih                       ; work         ;
;          |lpm_mult:Mult4|                                                                                                               ; 13 (0)              ; 0 (0)                     ; 0           ; 0            ; 0       ; 0         ; 0    ; 0            ; |MKRVIDOR4000_top|eco_nn_top:uut|neuron:hidden_layer[12].h_neuron|lpm_mult:Mult4                                                                                                                                                                                                                                                                             ; lpm_mult                          ; work         ;
;             |multcore:mult_core|                                                                                                        ; 13 (5)              ; 0 (0)                     ; 0           ; 0            ; 0       ; 0         ; 0    ; 0            ; |MKRVIDOR4000_top|eco_nn_top:uut|neuron:hidden_layer[12].h_neuron|lpm_mult:Mult4|multcore:mult_core                                                                                                                                                                                                                                                          ; multcore                          ; work         ;
;                |mpar_add:padder|                                                                                                        ; 8 (0)               ; 0 (0)                     ; 0           ; 0            ; 0       ; 0         ; 0    ; 0            ; |MKRVIDOR4000_top|eco_nn_top:uut|neuron:hidden_layer[12].h_neuron|lpm_mult:Mult4|multcore:mult_core|mpar_add:padder                                                                                                                                                                                                                                          ; mpar_add                          ; work         ;
;                   |lpm_add_sub:adder[0]|                                                                                                ; 8 (0)               ; 0 (0)                     ; 0           ; 0            ; 0       ; 0         ; 0    ; 0            ; |MKRVIDOR4000_top|eco_nn_top:uut|neuron:hidden_layer[12].h_neuron|lpm_mult:Mult4|multcore:mult_core|mpar_add:padder|lpm_add_sub:adder[0]                                                                                                                                                                                                                     ; lpm_add_sub                       ; work         ;
;                      |add_sub_qih:auto_generated|                                                                                       ; 8 (8)               ; 0 (0)                     ; 0           ; 0            ; 0       ; 0         ; 0    ; 0            ; |MKRVIDOR4000_top|eco_nn_top:uut|neuron:hidden_layer[12].h_neuron|lpm_mult:Mult4|multcore:mult_core|mpar_add:padder|lpm_add_sub:adder[0]|add_sub_qih:auto_generated                                                                                                                                                                                          ; add_sub_qih                       ; work         ;
;       |neuron:hidden_layer[13].h_neuron|                                                                                                ; 104 (59)            ; 8 (8)                     ; 0           ; 0            ; 0       ; 0         ; 0    ; 0            ; |MKRVIDOR4000_top|eco_nn_top:uut|neuron:hidden_layer[13].h_neuron                                                                                                                                                                                                                                                                                            ; neuron                            ; work         ;
;          |lpm_mult:Mult1|                                                                                                               ; 8 (0)               ; 0 (0)                     ; 0           ; 0            ; 0       ; 0         ; 0    ; 0            ; |MKRVIDOR4000_top|eco_nn_top:uut|neuron:hidden_layer[13].h_neuron|lpm_mult:Mult1                                                                                                                                                                                                                                                                             ; lpm_mult                          ; work         ;
;             |multcore:mult_core|                                                                                                        ; 8 (1)               ; 0 (0)                     ; 0           ; 0            ; 0       ; 0         ; 0    ; 0            ; |MKRVIDOR4000_top|eco_nn_top:uut|neuron:hidden_layer[13].h_neuron|lpm_mult:Mult1|multcore:mult_core                                                                                                                                                                                                                                                          ; multcore                          ; work         ;
;                |mpar_add:padder|                                                                                                        ; 7 (0)               ; 0 (0)                     ; 0           ; 0            ; 0       ; 0         ; 0    ; 0            ; |MKRVIDOR4000_top|eco_nn_top:uut|neuron:hidden_layer[13].h_neuron|lpm_mult:Mult1|multcore:mult_core|mpar_add:padder                                                                                                                                                                                                                                          ; mpar_add                          ; work         ;
;                   |lpm_add_sub:adder[0]|                                                                                                ; 7 (0)               ; 0 (0)                     ; 0           ; 0            ; 0       ; 0         ; 0    ; 0            ; |MKRVIDOR4000_top|eco_nn_top:uut|neuron:hidden_layer[13].h_neuron|lpm_mult:Mult1|multcore:mult_core|mpar_add:padder|lpm_add_sub:adder[0]                                                                                                                                                                                                                     ; lpm_add_sub                       ; work         ;
;                      |add_sub_qih:auto_generated|                                                                                       ; 7 (7)               ; 0 (0)                     ; 0           ; 0            ; 0       ; 0         ; 0    ; 0            ; |MKRVIDOR4000_top|eco_nn_top:uut|neuron:hidden_layer[13].h_neuron|lpm_mult:Mult1|multcore:mult_core|mpar_add:padder|lpm_add_sub:adder[0]|add_sub_qih:auto_generated                                                                                                                                                                                          ; add_sub_qih                       ; work         ;
;          |lpm_mult:Mult2|                                                                                                               ; 8 (0)               ; 0 (0)                     ; 0           ; 0            ; 0       ; 0         ; 0    ; 0            ; |MKRVIDOR4000_top|eco_nn_top:uut|neuron:hidden_layer[13].h_neuron|lpm_mult:Mult2                                                                                                                                                                                                                                                                             ; lpm_mult                          ; work         ;
;             |multcore:mult_core|                                                                                                        ; 8 (1)               ; 0 (0)                     ; 0           ; 0            ; 0       ; 0         ; 0    ; 0            ; |MKRVIDOR4000_top|eco_nn_top:uut|neuron:hidden_layer[13].h_neuron|lpm_mult:Mult2|multcore:mult_core                                                                                                                                                                                                                                                          ; multcore                          ; work         ;
;                |mpar_add:padder|                                                                                                        ; 7 (0)               ; 0 (0)                     ; 0           ; 0            ; 0       ; 0         ; 0    ; 0            ; |MKRVIDOR4000_top|eco_nn_top:uut|neuron:hidden_layer[13].h_neuron|lpm_mult:Mult2|multcore:mult_core|mpar_add:padder                                                                                                                                                                                                                                          ; mpar_add                          ; work         ;
;                   |lpm_add_sub:adder[0]|                                                                                                ; 7 (0)               ; 0 (0)                     ; 0           ; 0            ; 0       ; 0         ; 0    ; 0            ; |MKRVIDOR4000_top|eco_nn_top:uut|neuron:hidden_layer[13].h_neuron|lpm_mult:Mult2|multcore:mult_core|mpar_add:padder|lpm_add_sub:adder[0]                                                                                                                                                                                                                     ; lpm_add_sub                       ; work         ;
;                      |add_sub_qih:auto_generated|                                                                                       ; 7 (7)               ; 0 (0)                     ; 0           ; 0            ; 0       ; 0         ; 0    ; 0            ; |MKRVIDOR4000_top|eco_nn_top:uut|neuron:hidden_layer[13].h_neuron|lpm_mult:Mult2|multcore:mult_core|mpar_add:padder|lpm_add_sub:adder[0]|add_sub_qih:auto_generated                                                                                                                                                                                          ; add_sub_qih                       ; work         ;
;          |lpm_mult:Mult3|                                                                                                               ; 15 (0)              ; 0 (0)                     ; 0           ; 0            ; 0       ; 0         ; 0    ; 0            ; |MKRVIDOR4000_top|eco_nn_top:uut|neuron:hidden_layer[13].h_neuron|lpm_mult:Mult3                                                                                                                                                                                                                                                                             ; lpm_mult                          ; work         ;
;             |multcore:mult_core|                                                                                                        ; 15 (7)              ; 0 (0)                     ; 0           ; 0            ; 0       ; 0         ; 0    ; 0            ; |MKRVIDOR4000_top|eco_nn_top:uut|neuron:hidden_layer[13].h_neuron|lpm_mult:Mult3|multcore:mult_core                                                                                                                                                                                                                                                          ; multcore                          ; work         ;
;                |mpar_add:padder|                                                                                                        ; 8 (0)               ; 0 (0)                     ; 0           ; 0            ; 0       ; 0         ; 0    ; 0            ; |MKRVIDOR4000_top|eco_nn_top:uut|neuron:hidden_layer[13].h_neuron|lpm_mult:Mult3|multcore:mult_core|mpar_add:padder                                                                                                                                                                                                                                          ; mpar_add                          ; work         ;
;                   |lpm_add_sub:adder[0]|                                                                                                ; 8 (0)               ; 0 (0)                     ; 0           ; 0            ; 0       ; 0         ; 0    ; 0            ; |MKRVIDOR4000_top|eco_nn_top:uut|neuron:hidden_layer[13].h_neuron|lpm_mult:Mult3|multcore:mult_core|mpar_add:padder|lpm_add_sub:adder[0]                                                                                                                                                                                                                     ; lpm_add_sub                       ; work         ;
;                      |add_sub_qih:auto_generated|                                                                                       ; 8 (8)               ; 0 (0)                     ; 0           ; 0            ; 0       ; 0         ; 0    ; 0            ; |MKRVIDOR4000_top|eco_nn_top:uut|neuron:hidden_layer[13].h_neuron|lpm_mult:Mult3|multcore:mult_core|mpar_add:padder|lpm_add_sub:adder[0]|add_sub_qih:auto_generated                                                                                                                                                                                          ; add_sub_qih                       ; work         ;
;          |lpm_mult:Mult7|                                                                                                               ; 14 (0)              ; 0 (0)                     ; 0           ; 0            ; 0       ; 0         ; 0    ; 0            ; |MKRVIDOR4000_top|eco_nn_top:uut|neuron:hidden_layer[13].h_neuron|lpm_mult:Mult7                                                                                                                                                                                                                                                                             ; lpm_mult                          ; work         ;
;             |multcore:mult_core|                                                                                                        ; 14 (7)              ; 0 (0)                     ; 0           ; 0            ; 0       ; 0         ; 0    ; 0            ; |MKRVIDOR4000_top|eco_nn_top:uut|neuron:hidden_layer[13].h_neuron|lpm_mult:Mult7|multcore:mult_core                                                                                                                                                                                                                                                          ; multcore                          ; work         ;
;                |mpar_add:padder|                                                                                                        ; 7 (0)               ; 0 (0)                     ; 0           ; 0            ; 0       ; 0         ; 0    ; 0            ; |MKRVIDOR4000_top|eco_nn_top:uut|neuron:hidden_layer[13].h_neuron|lpm_mult:Mult7|multcore:mult_core|mpar_add:padder                                                                                                                                                                                                                                          ; mpar_add                          ; work         ;
;                   |lpm_add_sub:adder[0]|                                                                                                ; 7 (0)               ; 0 (0)                     ; 0           ; 0            ; 0       ; 0         ; 0    ; 0            ; |MKRVIDOR4000_top|eco_nn_top:uut|neuron:hidden_layer[13].h_neuron|lpm_mult:Mult7|multcore:mult_core|mpar_add:padder|lpm_add_sub:adder[0]                                                                                                                                                                                                                     ; lpm_add_sub                       ; work         ;
;                      |add_sub_qih:auto_generated|                                                                                       ; 7 (7)               ; 0 (0)                     ; 0           ; 0            ; 0       ; 0         ; 0    ; 0            ; |MKRVIDOR4000_top|eco_nn_top:uut|neuron:hidden_layer[13].h_neuron|lpm_mult:Mult7|multcore:mult_core|mpar_add:padder|lpm_add_sub:adder[0]|add_sub_qih:auto_generated                                                                                                                                                                                          ; add_sub_qih                       ; work         ;
;       |neuron:hidden_layer[14].h_neuron|                                                                                                ; 131 (79)            ; 8 (8)                     ; 0           ; 0            ; 0       ; 0         ; 0    ; 0            ; |MKRVIDOR4000_top|eco_nn_top:uut|neuron:hidden_layer[14].h_neuron                                                                                                                                                                                                                                                                                            ; neuron                            ; work         ;
;          |lpm_mult:Mult0|                                                                                                               ; 13 (0)              ; 0 (0)                     ; 0           ; 0            ; 0       ; 0         ; 0    ; 0            ; |MKRVIDOR4000_top|eco_nn_top:uut|neuron:hidden_layer[14].h_neuron|lpm_mult:Mult0                                                                                                                                                                                                                                                                             ; lpm_mult                          ; work         ;
;             |multcore:mult_core|                                                                                                        ; 13 (5)              ; 0 (0)                     ; 0           ; 0            ; 0       ; 0         ; 0    ; 0            ; |MKRVIDOR4000_top|eco_nn_top:uut|neuron:hidden_layer[14].h_neuron|lpm_mult:Mult0|multcore:mult_core                                                                                                                                                                                                                                                          ; multcore                          ; work         ;
;                |mpar_add:padder|                                                                                                        ; 8 (0)               ; 0 (0)                     ; 0           ; 0            ; 0       ; 0         ; 0    ; 0            ; |MKRVIDOR4000_top|eco_nn_top:uut|neuron:hidden_layer[14].h_neuron|lpm_mult:Mult0|multcore:mult_core|mpar_add:padder                                                                                                                                                                                                                                          ; mpar_add                          ; work         ;
;                   |lpm_add_sub:adder[0]|                                                                                                ; 8 (0)               ; 0 (0)                     ; 0           ; 0            ; 0       ; 0         ; 0    ; 0            ; |MKRVIDOR4000_top|eco_nn_top:uut|neuron:hidden_layer[14].h_neuron|lpm_mult:Mult0|multcore:mult_core|mpar_add:padder|lpm_add_sub:adder[0]                                                                                                                                                                                                                     ; lpm_add_sub                       ; work         ;
;                      |add_sub_qih:auto_generated|                                                                                       ; 8 (8)               ; 0 (0)                     ; 0           ; 0            ; 0       ; 0         ; 0    ; 0            ; |MKRVIDOR4000_top|eco_nn_top:uut|neuron:hidden_layer[14].h_neuron|lpm_mult:Mult0|multcore:mult_core|mpar_add:padder|lpm_add_sub:adder[0]|add_sub_qih:auto_generated                                                                                                                                                                                          ; add_sub_qih                       ; work         ;
;          |lpm_mult:Mult1|                                                                                                               ; 8 (0)               ; 0 (0)                     ; 0           ; 0            ; 0       ; 0         ; 0    ; 0            ; |MKRVIDOR4000_top|eco_nn_top:uut|neuron:hidden_layer[14].h_neuron|lpm_mult:Mult1                                                                                                                                                                                                                                                                             ; lpm_mult                          ; work         ;
;             |multcore:mult_core|                                                                                                        ; 8 (1)               ; 0 (0)                     ; 0           ; 0            ; 0       ; 0         ; 0    ; 0            ; |MKRVIDOR4000_top|eco_nn_top:uut|neuron:hidden_layer[14].h_neuron|lpm_mult:Mult1|multcore:mult_core                                                                                                                                                                                                                                                          ; multcore                          ; work         ;
;                |mpar_add:padder|                                                                                                        ; 7 (0)               ; 0 (0)                     ; 0           ; 0            ; 0       ; 0         ; 0    ; 0            ; |MKRVIDOR4000_top|eco_nn_top:uut|neuron:hidden_layer[14].h_neuron|lpm_mult:Mult1|multcore:mult_core|mpar_add:padder                                                                                                                                                                                                                                          ; mpar_add                          ; work         ;
;                   |lpm_add_sub:adder[0]|                                                                                                ; 7 (0)               ; 0 (0)                     ; 0           ; 0            ; 0       ; 0         ; 0    ; 0            ; |MKRVIDOR4000_top|eco_nn_top:uut|neuron:hidden_layer[14].h_neuron|lpm_mult:Mult1|multcore:mult_core|mpar_add:padder|lpm_add_sub:adder[0]                                                                                                                                                                                                                     ; lpm_add_sub                       ; work         ;
;                      |add_sub_qih:auto_generated|                                                                                       ; 7 (7)               ; 0 (0)                     ; 0           ; 0            ; 0       ; 0         ; 0    ; 0            ; |MKRVIDOR4000_top|eco_nn_top:uut|neuron:hidden_layer[14].h_neuron|lpm_mult:Mult1|multcore:mult_core|mpar_add:padder|lpm_add_sub:adder[0]|add_sub_qih:auto_generated                                                                                                                                                                                          ; add_sub_qih                       ; work         ;
;          |lpm_mult:Mult4|                                                                                                               ; 6 (0)               ; 0 (0)                     ; 0           ; 0            ; 0       ; 0         ; 0    ; 0            ; |MKRVIDOR4000_top|eco_nn_top:uut|neuron:hidden_layer[14].h_neuron|lpm_mult:Mult4                                                                                                                                                                                                                                                                             ; lpm_mult                          ; work         ;
;             |multcore:mult_core|                                                                                                        ; 6 (1)               ; 0 (0)                     ; 0           ; 0            ; 0       ; 0         ; 0    ; 0            ; |MKRVIDOR4000_top|eco_nn_top:uut|neuron:hidden_layer[14].h_neuron|lpm_mult:Mult4|multcore:mult_core                                                                                                                                                                                                                                                          ; multcore                          ; work         ;
;                |mpar_add:padder|                                                                                                        ; 5 (0)               ; 0 (0)                     ; 0           ; 0            ; 0       ; 0         ; 0    ; 0            ; |MKRVIDOR4000_top|eco_nn_top:uut|neuron:hidden_layer[14].h_neuron|lpm_mult:Mult4|multcore:mult_core|mpar_add:padder                                                                                                                                                                                                                                          ; mpar_add                          ; work         ;
;                   |lpm_add_sub:adder[0]|                                                                                                ; 5 (0)               ; 0 (0)                     ; 0           ; 0            ; 0       ; 0         ; 0    ; 0            ; |MKRVIDOR4000_top|eco_nn_top:uut|neuron:hidden_layer[14].h_neuron|lpm_mult:Mult4|multcore:mult_core|mpar_add:padder|lpm_add_sub:adder[0]                                                                                                                                                                                                                     ; lpm_add_sub                       ; work         ;
;                      |add_sub_pih:auto_generated|                                                                                       ; 5 (5)               ; 0 (0)                     ; 0           ; 0            ; 0       ; 0         ; 0    ; 0            ; |MKRVIDOR4000_top|eco_nn_top:uut|neuron:hidden_layer[14].h_neuron|lpm_mult:Mult4|multcore:mult_core|mpar_add:padder|lpm_add_sub:adder[0]|add_sub_pih:auto_generated                                                                                                                                                                                          ; add_sub_pih                       ; work         ;
;          |lpm_mult:Mult5|                                                                                                               ; 14 (0)              ; 0 (0)                     ; 0           ; 0            ; 0       ; 0         ; 0    ; 0            ; |MKRVIDOR4000_top|eco_nn_top:uut|neuron:hidden_layer[14].h_neuron|lpm_mult:Mult5                                                                                                                                                                                                                                                                             ; lpm_mult                          ; work         ;
;             |multcore:mult_core|                                                                                                        ; 14 (7)              ; 0 (0)                     ; 0           ; 0            ; 0       ; 0         ; 0    ; 0            ; |MKRVIDOR4000_top|eco_nn_top:uut|neuron:hidden_layer[14].h_neuron|lpm_mult:Mult5|multcore:mult_core                                                                                                                                                                                                                                                          ; multcore                          ; work         ;
;                |mpar_add:padder|                                                                                                        ; 7 (0)               ; 0 (0)                     ; 0           ; 0            ; 0       ; 0         ; 0    ; 0            ; |MKRVIDOR4000_top|eco_nn_top:uut|neuron:hidden_layer[14].h_neuron|lpm_mult:Mult5|multcore:mult_core|mpar_add:padder                                                                                                                                                                                                                                          ; mpar_add                          ; work         ;
;                   |lpm_add_sub:adder[0]|                                                                                                ; 7 (0)               ; 0 (0)                     ; 0           ; 0            ; 0       ; 0         ; 0    ; 0            ; |MKRVIDOR4000_top|eco_nn_top:uut|neuron:hidden_layer[14].h_neuron|lpm_mult:Mult5|multcore:mult_core|mpar_add:padder|lpm_add_sub:adder[0]                                                                                                                                                                                                                     ; lpm_add_sub                       ; work         ;
;                      |add_sub_qih:auto_generated|                                                                                       ; 7 (7)               ; 0 (0)                     ; 0           ; 0            ; 0       ; 0         ; 0    ; 0            ; |MKRVIDOR4000_top|eco_nn_top:uut|neuron:hidden_layer[14].h_neuron|lpm_mult:Mult5|multcore:mult_core|mpar_add:padder|lpm_add_sub:adder[0]|add_sub_qih:auto_generated                                                                                                                                                                                          ; add_sub_qih                       ; work         ;
;          |lpm_mult:Mult6|                                                                                                               ; 11 (0)              ; 0 (0)                     ; 0           ; 0            ; 0       ; 0         ; 0    ; 0            ; |MKRVIDOR4000_top|eco_nn_top:uut|neuron:hidden_layer[14].h_neuron|lpm_mult:Mult6                                                                                                                                                                                                                                                                             ; lpm_mult                          ; work         ;
;             |multcore:mult_core|                                                                                                        ; 11 (6)              ; 0 (0)                     ; 0           ; 0            ; 0       ; 0         ; 0    ; 0            ; |MKRVIDOR4000_top|eco_nn_top:uut|neuron:hidden_layer[14].h_neuron|lpm_mult:Mult6|multcore:mult_core                                                                                                                                                                                                                                                          ; multcore                          ; work         ;
;                |mpar_add:padder|                                                                                                        ; 5 (0)               ; 0 (0)                     ; 0           ; 0            ; 0       ; 0         ; 0    ; 0            ; |MKRVIDOR4000_top|eco_nn_top:uut|neuron:hidden_layer[14].h_neuron|lpm_mult:Mult6|multcore:mult_core|mpar_add:padder                                                                                                                                                                                                                                          ; mpar_add                          ; work         ;
;                   |lpm_add_sub:adder[0]|                                                                                                ; 5 (0)               ; 0 (0)                     ; 0           ; 0            ; 0       ; 0         ; 0    ; 0            ; |MKRVIDOR4000_top|eco_nn_top:uut|neuron:hidden_layer[14].h_neuron|lpm_mult:Mult6|multcore:mult_core|mpar_add:padder|lpm_add_sub:adder[0]                                                                                                                                                                                                                     ; lpm_add_sub                       ; work         ;
;                      |add_sub_oih:auto_generated|                                                                                       ; 5 (5)               ; 0 (0)                     ; 0           ; 0            ; 0       ; 0         ; 0    ; 0            ; |MKRVIDOR4000_top|eco_nn_top:uut|neuron:hidden_layer[14].h_neuron|lpm_mult:Mult6|multcore:mult_core|mpar_add:padder|lpm_add_sub:adder[0]|add_sub_oih:auto_generated                                                                                                                                                                                          ; add_sub_oih                       ; work         ;
;       |neuron:hidden_layer[15].h_neuron|                                                                                                ; 101 (75)            ; 8 (8)                     ; 0           ; 0            ; 0       ; 0         ; 0    ; 0            ; |MKRVIDOR4000_top|eco_nn_top:uut|neuron:hidden_layer[15].h_neuron                                                                                                                                                                                                                                                                                            ; neuron                            ; work         ;
;          |lpm_mult:Mult1|                                                                                                               ; 15 (0)              ; 0 (0)                     ; 0           ; 0            ; 0       ; 0         ; 0    ; 0            ; |MKRVIDOR4000_top|eco_nn_top:uut|neuron:hidden_layer[15].h_neuron|lpm_mult:Mult1                                                                                                                                                                                                                                                                             ; lpm_mult                          ; work         ;
;             |multcore:mult_core|                                                                                                        ; 15 (7)              ; 0 (0)                     ; 0           ; 0            ; 0       ; 0         ; 0    ; 0            ; |MKRVIDOR4000_top|eco_nn_top:uut|neuron:hidden_layer[15].h_neuron|lpm_mult:Mult1|multcore:mult_core                                                                                                                                                                                                                                                          ; multcore                          ; work         ;
;                |mpar_add:padder|                                                                                                        ; 8 (0)               ; 0 (0)                     ; 0           ; 0            ; 0       ; 0         ; 0    ; 0            ; |MKRVIDOR4000_top|eco_nn_top:uut|neuron:hidden_layer[15].h_neuron|lpm_mult:Mult1|multcore:mult_core|mpar_add:padder                                                                                                                                                                                                                                          ; mpar_add                          ; work         ;
;                   |lpm_add_sub:adder[0]|                                                                                                ; 8 (0)               ; 0 (0)                     ; 0           ; 0            ; 0       ; 0         ; 0    ; 0            ; |MKRVIDOR4000_top|eco_nn_top:uut|neuron:hidden_layer[15].h_neuron|lpm_mult:Mult1|multcore:mult_core|mpar_add:padder|lpm_add_sub:adder[0]                                                                                                                                                                                                                     ; lpm_add_sub                       ; work         ;
;                      |add_sub_qih:auto_generated|                                                                                       ; 8 (8)               ; 0 (0)                     ; 0           ; 0            ; 0       ; 0         ; 0    ; 0            ; |MKRVIDOR4000_top|eco_nn_top:uut|neuron:hidden_layer[15].h_neuron|lpm_mult:Mult1|multcore:mult_core|mpar_add:padder|lpm_add_sub:adder[0]|add_sub_qih:auto_generated                                                                                                                                                                                          ; add_sub_qih                       ; work         ;
;          |lpm_mult:Mult3|                                                                                                               ; 11 (0)              ; 0 (0)                     ; 0           ; 0            ; 0       ; 0         ; 0    ; 0            ; |MKRVIDOR4000_top|eco_nn_top:uut|neuron:hidden_layer[15].h_neuron|lpm_mult:Mult3                                                                                                                                                                                                                                                                             ; lpm_mult                          ; work         ;
;             |multcore:mult_core|                                                                                                        ; 11 (4)              ; 0 (0)                     ; 0           ; 0            ; 0       ; 0         ; 0    ; 0            ; |MKRVIDOR4000_top|eco_nn_top:uut|neuron:hidden_layer[15].h_neuron|lpm_mult:Mult3|multcore:mult_core                                                                                                                                                                                                                                                          ; multcore                          ; work         ;
;                |mpar_add:padder|                                                                                                        ; 7 (0)               ; 0 (0)                     ; 0           ; 0            ; 0       ; 0         ; 0    ; 0            ; |MKRVIDOR4000_top|eco_nn_top:uut|neuron:hidden_layer[15].h_neuron|lpm_mult:Mult3|multcore:mult_core|mpar_add:padder                                                                                                                                                                                                                                          ; mpar_add                          ; work         ;
;                   |lpm_add_sub:adder[0]|                                                                                                ; 7 (0)               ; 0 (0)                     ; 0           ; 0            ; 0       ; 0         ; 0    ; 0            ; |MKRVIDOR4000_top|eco_nn_top:uut|neuron:hidden_layer[15].h_neuron|lpm_mult:Mult3|multcore:mult_core|mpar_add:padder|lpm_add_sub:adder[0]                                                                                                                                                                                                                     ; lpm_add_sub                       ; work         ;
;                      |add_sub_pih:auto_generated|                                                                                       ; 7 (7)               ; 0 (0)                     ; 0           ; 0            ; 0       ; 0         ; 0    ; 0            ; |MKRVIDOR4000_top|eco_nn_top:uut|neuron:hidden_layer[15].h_neuron|lpm_mult:Mult3|multcore:mult_core|mpar_add:padder|lpm_add_sub:adder[0]|add_sub_pih:auto_generated                                                                                                                                                                                          ; add_sub_pih                       ; work         ;
;       |neuron:hidden_layer[1].h_neuron|                                                                                                 ; 164 (89)            ; 8 (8)                     ; 0           ; 0            ; 0       ; 0         ; 0    ; 0            ; |MKRVIDOR4000_top|eco_nn_top:uut|neuron:hidden_layer[1].h_neuron                                                                                                                                                                                                                                                                                             ; neuron                            ; work         ;
;          |lpm_mult:Mult0|                                                                                                               ; 14 (0)              ; 0 (0)                     ; 0           ; 0            ; 0       ; 0         ; 0    ; 0            ; |MKRVIDOR4000_top|eco_nn_top:uut|neuron:hidden_layer[1].h_neuron|lpm_mult:Mult0                                                                                                                                                                                                                                                                              ; lpm_mult                          ; work         ;
;             |multcore:mult_core|                                                                                                        ; 14 (7)              ; 0 (0)                     ; 0           ; 0            ; 0       ; 0         ; 0    ; 0            ; |MKRVIDOR4000_top|eco_nn_top:uut|neuron:hidden_layer[1].h_neuron|lpm_mult:Mult0|multcore:mult_core                                                                                                                                                                                                                                                           ; multcore                          ; work         ;
;                |mpar_add:padder|                                                                                                        ; 7 (0)               ; 0 (0)                     ; 0           ; 0            ; 0       ; 0         ; 0    ; 0            ; |MKRVIDOR4000_top|eco_nn_top:uut|neuron:hidden_layer[1].h_neuron|lpm_mult:Mult0|multcore:mult_core|mpar_add:padder                                                                                                                                                                                                                                           ; mpar_add                          ; work         ;
;                   |lpm_add_sub:adder[0]|                                                                                                ; 7 (0)               ; 0 (0)                     ; 0           ; 0            ; 0       ; 0         ; 0    ; 0            ; |MKRVIDOR4000_top|eco_nn_top:uut|neuron:hidden_layer[1].h_neuron|lpm_mult:Mult0|multcore:mult_core|mpar_add:padder|lpm_add_sub:adder[0]                                                                                                                                                                                                                      ; lpm_add_sub                       ; work         ;
;                      |add_sub_pih:auto_generated|                                                                                       ; 7 (7)               ; 0 (0)                     ; 0           ; 0            ; 0       ; 0         ; 0    ; 0            ; |MKRVIDOR4000_top|eco_nn_top:uut|neuron:hidden_layer[1].h_neuron|lpm_mult:Mult0|multcore:mult_core|mpar_add:padder|lpm_add_sub:adder[0]|add_sub_pih:auto_generated                                                                                                                                                                                           ; add_sub_pih                       ; work         ;
;          |lpm_mult:Mult2|                                                                                                               ; 5 (0)               ; 0 (0)                     ; 0           ; 0            ; 0       ; 0         ; 0    ; 0            ; |MKRVIDOR4000_top|eco_nn_top:uut|neuron:hidden_layer[1].h_neuron|lpm_mult:Mult2                                                                                                                                                                                                                                                                              ; lpm_mult                          ; work         ;
;             |multcore:mult_core|                                                                                                        ; 5 (0)               ; 0 (0)                     ; 0           ; 0            ; 0       ; 0         ; 0    ; 0            ; |MKRVIDOR4000_top|eco_nn_top:uut|neuron:hidden_layer[1].h_neuron|lpm_mult:Mult2|multcore:mult_core                                                                                                                                                                                                                                                           ; multcore                          ; work         ;
;                |mpar_add:padder|                                                                                                        ; 5 (0)               ; 0 (0)                     ; 0           ; 0            ; 0       ; 0         ; 0    ; 0            ; |MKRVIDOR4000_top|eco_nn_top:uut|neuron:hidden_layer[1].h_neuron|lpm_mult:Mult2|multcore:mult_core|mpar_add:padder                                                                                                                                                                                                                                           ; mpar_add                          ; work         ;
;                   |lpm_add_sub:adder[0]|                                                                                                ; 5 (0)               ; 0 (0)                     ; 0           ; 0            ; 0       ; 0         ; 0    ; 0            ; |MKRVIDOR4000_top|eco_nn_top:uut|neuron:hidden_layer[1].h_neuron|lpm_mult:Mult2|multcore:mult_core|mpar_add:padder|lpm_add_sub:adder[0]                                                                                                                                                                                                                      ; lpm_add_sub                       ; work         ;
;                      |add_sub_oih:auto_generated|                                                                                       ; 5 (5)               ; 0 (0)                     ; 0           ; 0            ; 0       ; 0         ; 0    ; 0            ; |MKRVIDOR4000_top|eco_nn_top:uut|neuron:hidden_layer[1].h_neuron|lpm_mult:Mult2|multcore:mult_core|mpar_add:padder|lpm_add_sub:adder[0]|add_sub_oih:auto_generated                                                                                                                                                                                           ; add_sub_oih                       ; work         ;
;          |lpm_mult:Mult3|                                                                                                               ; 14 (0)              ; 0 (0)                     ; 0           ; 0            ; 0       ; 0         ; 0    ; 0            ; |MKRVIDOR4000_top|eco_nn_top:uut|neuron:hidden_layer[1].h_neuron|lpm_mult:Mult3                                                                                                                                                                                                                                                                              ; lpm_mult                          ; work         ;
;             |multcore:mult_core|                                                                                                        ; 14 (6)              ; 0 (0)                     ; 0           ; 0            ; 0       ; 0         ; 0    ; 0            ; |MKRVIDOR4000_top|eco_nn_top:uut|neuron:hidden_layer[1].h_neuron|lpm_mult:Mult3|multcore:mult_core                                                                                                                                                                                                                                                           ; multcore                          ; work         ;
;                |mpar_add:padder|                                                                                                        ; 8 (0)               ; 0 (0)                     ; 0           ; 0            ; 0       ; 0         ; 0    ; 0            ; |MKRVIDOR4000_top|eco_nn_top:uut|neuron:hidden_layer[1].h_neuron|lpm_mult:Mult3|multcore:mult_core|mpar_add:padder                                                                                                                                                                                                                                           ; mpar_add                          ; work         ;
;                   |lpm_add_sub:adder[0]|                                                                                                ; 8 (0)               ; 0 (0)                     ; 0           ; 0            ; 0       ; 0         ; 0    ; 0            ; |MKRVIDOR4000_top|eco_nn_top:uut|neuron:hidden_layer[1].h_neuron|lpm_mult:Mult3|multcore:mult_core|mpar_add:padder|lpm_add_sub:adder[0]                                                                                                                                                                                                                      ; lpm_add_sub                       ; work         ;
;                      |add_sub_qih:auto_generated|                                                                                       ; 8 (8)               ; 0 (0)                     ; 0           ; 0            ; 0       ; 0         ; 0    ; 0            ; |MKRVIDOR4000_top|eco_nn_top:uut|neuron:hidden_layer[1].h_neuron|lpm_mult:Mult3|multcore:mult_core|mpar_add:padder|lpm_add_sub:adder[0]|add_sub_qih:auto_generated                                                                                                                                                                                           ; add_sub_qih                       ; work         ;
;          |lpm_mult:Mult4|                                                                                                               ; 14 (0)              ; 0 (0)                     ; 0           ; 0            ; 0       ; 0         ; 0    ; 0            ; |MKRVIDOR4000_top|eco_nn_top:uut|neuron:hidden_layer[1].h_neuron|lpm_mult:Mult4                                                                                                                                                                                                                                                                              ; lpm_mult                          ; work         ;
;             |multcore:mult_core|                                                                                                        ; 14 (6)              ; 0 (0)                     ; 0           ; 0            ; 0       ; 0         ; 0    ; 0            ; |MKRVIDOR4000_top|eco_nn_top:uut|neuron:hidden_layer[1].h_neuron|lpm_mult:Mult4|multcore:mult_core                                                                                                                                                                                                                                                           ; multcore                          ; work         ;
;                |mpar_add:padder|                                                                                                        ; 8 (0)               ; 0 (0)                     ; 0           ; 0            ; 0       ; 0         ; 0    ; 0            ; |MKRVIDOR4000_top|eco_nn_top:uut|neuron:hidden_layer[1].h_neuron|lpm_mult:Mult4|multcore:mult_core|mpar_add:padder                                                                                                                                                                                                                                           ; mpar_add                          ; work         ;
;                   |lpm_add_sub:adder[0]|                                                                                                ; 8 (0)               ; 0 (0)                     ; 0           ; 0            ; 0       ; 0         ; 0    ; 0            ; |MKRVIDOR4000_top|eco_nn_top:uut|neuron:hidden_layer[1].h_neuron|lpm_mult:Mult4|multcore:mult_core|mpar_add:padder|lpm_add_sub:adder[0]                                                                                                                                                                                                                      ; lpm_add_sub                       ; work         ;
;                      |add_sub_qih:auto_generated|                                                                                       ; 8 (8)               ; 0 (0)                     ; 0           ; 0            ; 0       ; 0         ; 0    ; 0            ; |MKRVIDOR4000_top|eco_nn_top:uut|neuron:hidden_layer[1].h_neuron|lpm_mult:Mult4|multcore:mult_core|mpar_add:padder|lpm_add_sub:adder[0]|add_sub_qih:auto_generated                                                                                                                                                                                           ; add_sub_qih                       ; work         ;
;          |lpm_mult:Mult5|                                                                                                               ; 15 (0)              ; 0 (0)                     ; 0           ; 0            ; 0       ; 0         ; 0    ; 0            ; |MKRVIDOR4000_top|eco_nn_top:uut|neuron:hidden_layer[1].h_neuron|lpm_mult:Mult5                                                                                                                                                                                                                                                                              ; lpm_mult                          ; work         ;
;             |multcore:mult_core|                                                                                                        ; 15 (7)              ; 0 (0)                     ; 0           ; 0            ; 0       ; 0         ; 0    ; 0            ; |MKRVIDOR4000_top|eco_nn_top:uut|neuron:hidden_layer[1].h_neuron|lpm_mult:Mult5|multcore:mult_core                                                                                                                                                                                                                                                           ; multcore                          ; work         ;
;                |mpar_add:padder|                                                                                                        ; 8 (0)               ; 0 (0)                     ; 0           ; 0            ; 0       ; 0         ; 0    ; 0            ; |MKRVIDOR4000_top|eco_nn_top:uut|neuron:hidden_layer[1].h_neuron|lpm_mult:Mult5|multcore:mult_core|mpar_add:padder                                                                                                                                                                                                                                           ; mpar_add                          ; work         ;
;                   |lpm_add_sub:adder[0]|                                                                                                ; 8 (0)               ; 0 (0)                     ; 0           ; 0            ; 0       ; 0         ; 0    ; 0            ; |MKRVIDOR4000_top|eco_nn_top:uut|neuron:hidden_layer[1].h_neuron|lpm_mult:Mult5|multcore:mult_core|mpar_add:padder|lpm_add_sub:adder[0]                                                                                                                                                                                                                      ; lpm_add_sub                       ; work         ;
;                      |add_sub_qih:auto_generated|                                                                                       ; 8 (8)               ; 0 (0)                     ; 0           ; 0            ; 0       ; 0         ; 0    ; 0            ; |MKRVIDOR4000_top|eco_nn_top:uut|neuron:hidden_layer[1].h_neuron|lpm_mult:Mult5|multcore:mult_core|mpar_add:padder|lpm_add_sub:adder[0]|add_sub_qih:auto_generated                                                                                                                                                                                           ; add_sub_qih                       ; work         ;
;          |lpm_mult:Mult6|                                                                                                               ; 7 (0)               ; 0 (0)                     ; 0           ; 0            ; 0       ; 0         ; 0    ; 0            ; |MKRVIDOR4000_top|eco_nn_top:uut|neuron:hidden_layer[1].h_neuron|lpm_mult:Mult6                                                                                                                                                                                                                                                                              ; lpm_mult                          ; work         ;
;             |multcore:mult_core|                                                                                                        ; 7 (0)               ; 0 (0)                     ; 0           ; 0            ; 0       ; 0         ; 0    ; 0            ; |MKRVIDOR4000_top|eco_nn_top:uut|neuron:hidden_layer[1].h_neuron|lpm_mult:Mult6|multcore:mult_core                                                                                                                                                                                                                                                           ; multcore                          ; work         ;
;                |mpar_add:padder|                                                                                                        ; 7 (0)               ; 0 (0)                     ; 0           ; 0            ; 0       ; 0         ; 0    ; 0            ; |MKRVIDOR4000_top|eco_nn_top:uut|neuron:hidden_layer[1].h_neuron|lpm_mult:Mult6|multcore:mult_core|mpar_add:padder                                                                                                                                                                                                                                           ; mpar_add                          ; work         ;
;                   |lpm_add_sub:adder[0]|                                                                                                ; 7 (0)               ; 0 (0)                     ; 0           ; 0            ; 0       ; 0         ; 0    ; 0            ; |MKRVIDOR4000_top|eco_nn_top:uut|neuron:hidden_layer[1].h_neuron|lpm_mult:Mult6|multcore:mult_core|mpar_add:padder|lpm_add_sub:adder[0]                                                                                                                                                                                                                      ; lpm_add_sub                       ; work         ;
;                      |add_sub_pih:auto_generated|                                                                                       ; 7 (7)               ; 0 (0)                     ; 0           ; 0            ; 0       ; 0         ; 0    ; 0            ; |MKRVIDOR4000_top|eco_nn_top:uut|neuron:hidden_layer[1].h_neuron|lpm_mult:Mult6|multcore:mult_core|mpar_add:padder|lpm_add_sub:adder[0]|add_sub_pih:auto_generated                                                                                                                                                                                           ; add_sub_pih                       ; work         ;
;          |lpm_mult:Mult7|                                                                                                               ; 6 (0)               ; 0 (0)                     ; 0           ; 0            ; 0       ; 0         ; 0    ; 0            ; |MKRVIDOR4000_top|eco_nn_top:uut|neuron:hidden_layer[1].h_neuron|lpm_mult:Mult7                                                                                                                                                                                                                                                                              ; lpm_mult                          ; work         ;
;             |multcore:mult_core|                                                                                                        ; 6 (1)               ; 0 (0)                     ; 0           ; 0            ; 0       ; 0         ; 0    ; 0            ; |MKRVIDOR4000_top|eco_nn_top:uut|neuron:hidden_layer[1].h_neuron|lpm_mult:Mult7|multcore:mult_core                                                                                                                                                                                                                                                           ; multcore                          ; work         ;
;                |mpar_add:padder|                                                                                                        ; 5 (0)               ; 0 (0)                     ; 0           ; 0            ; 0       ; 0         ; 0    ; 0            ; |MKRVIDOR4000_top|eco_nn_top:uut|neuron:hidden_layer[1].h_neuron|lpm_mult:Mult7|multcore:mult_core|mpar_add:padder                                                                                                                                                                                                                                           ; mpar_add                          ; work         ;
;                   |lpm_add_sub:adder[0]|                                                                                                ; 5 (0)               ; 0 (0)                     ; 0           ; 0            ; 0       ; 0         ; 0    ; 0            ; |MKRVIDOR4000_top|eco_nn_top:uut|neuron:hidden_layer[1].h_neuron|lpm_mult:Mult7|multcore:mult_core|mpar_add:padder|lpm_add_sub:adder[0]                                                                                                                                                                                                                      ; lpm_add_sub                       ; work         ;
;                      |add_sub_pih:auto_generated|                                                                                       ; 5 (5)               ; 0 (0)                     ; 0           ; 0            ; 0       ; 0         ; 0    ; 0            ; |MKRVIDOR4000_top|eco_nn_top:uut|neuron:hidden_layer[1].h_neuron|lpm_mult:Mult7|multcore:mult_core|mpar_add:padder|lpm_add_sub:adder[0]|add_sub_pih:auto_generated                                                                                                                                                                                           ; add_sub_pih                       ; work         ;
;       |neuron:hidden_layer[2].h_neuron|                                                                                                 ; 106 (77)            ; 8 (8)                     ; 0           ; 0            ; 0       ; 0         ; 0    ; 0            ; |MKRVIDOR4000_top|eco_nn_top:uut|neuron:hidden_layer[2].h_neuron                                                                                                                                                                                                                                                                                             ; neuron                            ; work         ;
;          |lpm_mult:Mult0|                                                                                                               ; 16 (0)              ; 0 (0)                     ; 0           ; 0            ; 0       ; 0         ; 0    ; 0            ; |MKRVIDOR4000_top|eco_nn_top:uut|neuron:hidden_layer[2].h_neuron|lpm_mult:Mult0                                                                                                                                                                                                                                                                              ; lpm_mult                          ; work         ;
;             |multcore:mult_core|                                                                                                        ; 16 (8)              ; 0 (0)                     ; 0           ; 0            ; 0       ; 0         ; 0    ; 0            ; |MKRVIDOR4000_top|eco_nn_top:uut|neuron:hidden_layer[2].h_neuron|lpm_mult:Mult0|multcore:mult_core                                                                                                                                                                                                                                                           ; multcore                          ; work         ;
;                |mpar_add:padder|                                                                                                        ; 8 (0)               ; 0 (0)                     ; 0           ; 0            ; 0       ; 0         ; 0    ; 0            ; |MKRVIDOR4000_top|eco_nn_top:uut|neuron:hidden_layer[2].h_neuron|lpm_mult:Mult0|multcore:mult_core|mpar_add:padder                                                                                                                                                                                                                                           ; mpar_add                          ; work         ;
;                   |lpm_add_sub:adder[0]|                                                                                                ; 8 (0)               ; 0 (0)                     ; 0           ; 0            ; 0       ; 0         ; 0    ; 0            ; |MKRVIDOR4000_top|eco_nn_top:uut|neuron:hidden_layer[2].h_neuron|lpm_mult:Mult0|multcore:mult_core|mpar_add:padder|lpm_add_sub:adder[0]                                                                                                                                                                                                                      ; lpm_add_sub                       ; work         ;
;                      |add_sub_qih:auto_generated|                                                                                       ; 8 (8)               ; 0 (0)                     ; 0           ; 0            ; 0       ; 0         ; 0    ; 0            ; |MKRVIDOR4000_top|eco_nn_top:uut|neuron:hidden_layer[2].h_neuron|lpm_mult:Mult0|multcore:mult_core|mpar_add:padder|lpm_add_sub:adder[0]|add_sub_qih:auto_generated                                                                                                                                                                                           ; add_sub_qih                       ; work         ;
;          |lpm_mult:Mult2|                                                                                                               ; 13 (0)              ; 0 (0)                     ; 0           ; 0            ; 0       ; 0         ; 0    ; 0            ; |MKRVIDOR4000_top|eco_nn_top:uut|neuron:hidden_layer[2].h_neuron|lpm_mult:Mult2                                                                                                                                                                                                                                                                              ; lpm_mult                          ; work         ;
;             |multcore:mult_core|                                                                                                        ; 13 (6)              ; 0 (0)                     ; 0           ; 0            ; 0       ; 0         ; 0    ; 0            ; |MKRVIDOR4000_top|eco_nn_top:uut|neuron:hidden_layer[2].h_neuron|lpm_mult:Mult2|multcore:mult_core                                                                                                                                                                                                                                                           ; multcore                          ; work         ;
;                |mpar_add:padder|                                                                                                        ; 7 (0)               ; 0 (0)                     ; 0           ; 0            ; 0       ; 0         ; 0    ; 0            ; |MKRVIDOR4000_top|eco_nn_top:uut|neuron:hidden_layer[2].h_neuron|lpm_mult:Mult2|multcore:mult_core|mpar_add:padder                                                                                                                                                                                                                                           ; mpar_add                          ; work         ;
;                   |lpm_add_sub:adder[0]|                                                                                                ; 7 (0)               ; 0 (0)                     ; 0           ; 0            ; 0       ; 0         ; 0    ; 0            ; |MKRVIDOR4000_top|eco_nn_top:uut|neuron:hidden_layer[2].h_neuron|lpm_mult:Mult2|multcore:mult_core|mpar_add:padder|lpm_add_sub:adder[0]                                                                                                                                                                                                                      ; lpm_add_sub                       ; work         ;
;                      |add_sub_pih:auto_generated|                                                                                       ; 7 (7)               ; 0 (0)                     ; 0           ; 0            ; 0       ; 0         ; 0    ; 0            ; |MKRVIDOR4000_top|eco_nn_top:uut|neuron:hidden_layer[2].h_neuron|lpm_mult:Mult2|multcore:mult_core|mpar_add:padder|lpm_add_sub:adder[0]|add_sub_pih:auto_generated                                                                                                                                                                                           ; add_sub_pih                       ; work         ;
;       |neuron:hidden_layer[3].h_neuron|                                                                                                 ; 144 (78)            ; 8 (8)                     ; 0           ; 0            ; 0       ; 0         ; 0    ; 0            ; |MKRVIDOR4000_top|eco_nn_top:uut|neuron:hidden_layer[3].h_neuron                                                                                                                                                                                                                                                                                             ; neuron                            ; work         ;
;          |lpm_mult:Mult1|                                                                                                               ; 14 (0)              ; 0 (0)                     ; 0           ; 0            ; 0       ; 0         ; 0    ; 0            ; |MKRVIDOR4000_top|eco_nn_top:uut|neuron:hidden_layer[3].h_neuron|lpm_mult:Mult1                                                                                                                                                                                                                                                                              ; lpm_mult                          ; work         ;
;             |multcore:mult_core|                                                                                                        ; 14 (6)              ; 0 (0)                     ; 0           ; 0            ; 0       ; 0         ; 0    ; 0            ; |MKRVIDOR4000_top|eco_nn_top:uut|neuron:hidden_layer[3].h_neuron|lpm_mult:Mult1|multcore:mult_core                                                                                                                                                                                                                                                           ; multcore                          ; work         ;
;                |mpar_add:padder|                                                                                                        ; 8 (0)               ; 0 (0)                     ; 0           ; 0            ; 0       ; 0         ; 0    ; 0            ; |MKRVIDOR4000_top|eco_nn_top:uut|neuron:hidden_layer[3].h_neuron|lpm_mult:Mult1|multcore:mult_core|mpar_add:padder                                                                                                                                                                                                                                           ; mpar_add                          ; work         ;
;                   |lpm_add_sub:adder[0]|                                                                                                ; 8 (0)               ; 0 (0)                     ; 0           ; 0            ; 0       ; 0         ; 0    ; 0            ; |MKRVIDOR4000_top|eco_nn_top:uut|neuron:hidden_layer[3].h_neuron|lpm_mult:Mult1|multcore:mult_core|mpar_add:padder|lpm_add_sub:adder[0]                                                                                                                                                                                                                      ; lpm_add_sub                       ; work         ;
;                      |add_sub_qih:auto_generated|                                                                                       ; 8 (8)               ; 0 (0)                     ; 0           ; 0            ; 0       ; 0         ; 0    ; 0            ; |MKRVIDOR4000_top|eco_nn_top:uut|neuron:hidden_layer[3].h_neuron|lpm_mult:Mult1|multcore:mult_core|mpar_add:padder|lpm_add_sub:adder[0]|add_sub_qih:auto_generated                                                                                                                                                                                           ; add_sub_qih                       ; work         ;
;          |lpm_mult:Mult2|                                                                                                               ; 14 (0)              ; 0 (0)                     ; 0           ; 0            ; 0       ; 0         ; 0    ; 0            ; |MKRVIDOR4000_top|eco_nn_top:uut|neuron:hidden_layer[3].h_neuron|lpm_mult:Mult2                                                                                                                                                                                                                                                                              ; lpm_mult                          ; work         ;
;             |multcore:mult_core|                                                                                                        ; 14 (6)              ; 0 (0)                     ; 0           ; 0            ; 0       ; 0         ; 0    ; 0            ; |MKRVIDOR4000_top|eco_nn_top:uut|neuron:hidden_layer[3].h_neuron|lpm_mult:Mult2|multcore:mult_core                                                                                                                                                                                                                                                           ; multcore                          ; work         ;
;                |mpar_add:padder|                                                                                                        ; 8 (0)               ; 0 (0)                     ; 0           ; 0            ; 0       ; 0         ; 0    ; 0            ; |MKRVIDOR4000_top|eco_nn_top:uut|neuron:hidden_layer[3].h_neuron|lpm_mult:Mult2|multcore:mult_core|mpar_add:padder                                                                                                                                                                                                                                           ; mpar_add                          ; work         ;
;                   |lpm_add_sub:adder[0]|                                                                                                ; 8 (0)               ; 0 (0)                     ; 0           ; 0            ; 0       ; 0         ; 0    ; 0            ; |MKRVIDOR4000_top|eco_nn_top:uut|neuron:hidden_layer[3].h_neuron|lpm_mult:Mult2|multcore:mult_core|mpar_add:padder|lpm_add_sub:adder[0]                                                                                                                                                                                                                      ; lpm_add_sub                       ; work         ;
;                      |add_sub_qih:auto_generated|                                                                                       ; 8 (8)               ; 0 (0)                     ; 0           ; 0            ; 0       ; 0         ; 0    ; 0            ; |MKRVIDOR4000_top|eco_nn_top:uut|neuron:hidden_layer[3].h_neuron|lpm_mult:Mult2|multcore:mult_core|mpar_add:padder|lpm_add_sub:adder[0]|add_sub_qih:auto_generated                                                                                                                                                                                           ; add_sub_qih                       ; work         ;
;          |lpm_mult:Mult3|                                                                                                               ; 14 (0)              ; 0 (0)                     ; 0           ; 0            ; 0       ; 0         ; 0    ; 0            ; |MKRVIDOR4000_top|eco_nn_top:uut|neuron:hidden_layer[3].h_neuron|lpm_mult:Mult3                                                                                                                                                                                                                                                                              ; lpm_mult                          ; work         ;
;             |multcore:mult_core|                                                                                                        ; 14 (6)              ; 0 (0)                     ; 0           ; 0            ; 0       ; 0         ; 0    ; 0            ; |MKRVIDOR4000_top|eco_nn_top:uut|neuron:hidden_layer[3].h_neuron|lpm_mult:Mult3|multcore:mult_core                                                                                                                                                                                                                                                           ; multcore                          ; work         ;
;                |mpar_add:padder|                                                                                                        ; 8 (0)               ; 0 (0)                     ; 0           ; 0            ; 0       ; 0         ; 0    ; 0            ; |MKRVIDOR4000_top|eco_nn_top:uut|neuron:hidden_layer[3].h_neuron|lpm_mult:Mult3|multcore:mult_core|mpar_add:padder                                                                                                                                                                                                                                           ; mpar_add                          ; work         ;
;                   |lpm_add_sub:adder[0]|                                                                                                ; 8 (0)               ; 0 (0)                     ; 0           ; 0            ; 0       ; 0         ; 0    ; 0            ; |MKRVIDOR4000_top|eco_nn_top:uut|neuron:hidden_layer[3].h_neuron|lpm_mult:Mult3|multcore:mult_core|mpar_add:padder|lpm_add_sub:adder[0]                                                                                                                                                                                                                      ; lpm_add_sub                       ; work         ;
;                      |add_sub_qih:auto_generated|                                                                                       ; 8 (8)               ; 0 (0)                     ; 0           ; 0            ; 0       ; 0         ; 0    ; 0            ; |MKRVIDOR4000_top|eco_nn_top:uut|neuron:hidden_layer[3].h_neuron|lpm_mult:Mult3|multcore:mult_core|mpar_add:padder|lpm_add_sub:adder[0]|add_sub_qih:auto_generated                                                                                                                                                                                           ; add_sub_qih                       ; work         ;
;          |lpm_mult:Mult4|                                                                                                               ; 16 (0)              ; 0 (0)                     ; 0           ; 0            ; 0       ; 0         ; 0    ; 0            ; |MKRVIDOR4000_top|eco_nn_top:uut|neuron:hidden_layer[3].h_neuron|lpm_mult:Mult4                                                                                                                                                                                                                                                                              ; lpm_mult                          ; work         ;
;             |multcore:mult_core|                                                                                                        ; 16 (8)              ; 0 (0)                     ; 0           ; 0            ; 0       ; 0         ; 0    ; 0            ; |MKRVIDOR4000_top|eco_nn_top:uut|neuron:hidden_layer[3].h_neuron|lpm_mult:Mult4|multcore:mult_core                                                                                                                                                                                                                                                           ; multcore                          ; work         ;
;                |mpar_add:padder|                                                                                                        ; 8 (0)               ; 0 (0)                     ; 0           ; 0            ; 0       ; 0         ; 0    ; 0            ; |MKRVIDOR4000_top|eco_nn_top:uut|neuron:hidden_layer[3].h_neuron|lpm_mult:Mult4|multcore:mult_core|mpar_add:padder                                                                                                                                                                                                                                           ; mpar_add                          ; work         ;
;                   |lpm_add_sub:adder[0]|                                                                                                ; 8 (0)               ; 0 (0)                     ; 0           ; 0            ; 0       ; 0         ; 0    ; 0            ; |MKRVIDOR4000_top|eco_nn_top:uut|neuron:hidden_layer[3].h_neuron|lpm_mult:Mult4|multcore:mult_core|mpar_add:padder|lpm_add_sub:adder[0]                                                                                                                                                                                                                      ; lpm_add_sub                       ; work         ;
;                      |add_sub_qih:auto_generated|                                                                                       ; 8 (8)               ; 0 (0)                     ; 0           ; 0            ; 0       ; 0         ; 0    ; 0            ; |MKRVIDOR4000_top|eco_nn_top:uut|neuron:hidden_layer[3].h_neuron|lpm_mult:Mult4|multcore:mult_core|mpar_add:padder|lpm_add_sub:adder[0]|add_sub_qih:auto_generated                                                                                                                                                                                           ; add_sub_qih                       ; work         ;
;          |lpm_mult:Mult7|                                                                                                               ; 8 (0)               ; 0 (0)                     ; 0           ; 0            ; 0       ; 0         ; 0    ; 0            ; |MKRVIDOR4000_top|eco_nn_top:uut|neuron:hidden_layer[3].h_neuron|lpm_mult:Mult7                                                                                                                                                                                                                                                                              ; lpm_mult                          ; work         ;
;             |multcore:mult_core|                                                                                                        ; 8 (0)               ; 0 (0)                     ; 0           ; 0            ; 0       ; 0         ; 0    ; 0            ; |MKRVIDOR4000_top|eco_nn_top:uut|neuron:hidden_layer[3].h_neuron|lpm_mult:Mult7|multcore:mult_core                                                                                                                                                                                                                                                           ; multcore                          ; work         ;
;                |lpm_add_sub:adder|                                                                                                      ; 8 (0)               ; 0 (0)                     ; 0           ; 0            ; 0       ; 0         ; 0    ; 0            ; |MKRVIDOR4000_top|eco_nn_top:uut|neuron:hidden_layer[3].h_neuron|lpm_mult:Mult7|multcore:mult_core|lpm_add_sub:adder                                                                                                                                                                                                                                         ; lpm_add_sub                       ; work         ;
;                   |add_sub_18h:auto_generated|                                                                                          ; 8 (8)               ; 0 (0)                     ; 0           ; 0            ; 0       ; 0         ; 0    ; 0            ; |MKRVIDOR4000_top|eco_nn_top:uut|neuron:hidden_layer[3].h_neuron|lpm_mult:Mult7|multcore:mult_core|lpm_add_sub:adder|add_sub_18h:auto_generated                                                                                                                                                                                                              ; add_sub_18h                       ; work         ;
;       |neuron:hidden_layer[4].h_neuron|                                                                                                 ; 183 (87)            ; 8 (8)                     ; 0           ; 0            ; 0       ; 0         ; 0    ; 0            ; |MKRVIDOR4000_top|eco_nn_top:uut|neuron:hidden_layer[4].h_neuron                                                                                                                                                                                                                                                                                             ; neuron                            ; work         ;
;          |lpm_mult:Mult1|                                                                                                               ; 14 (0)              ; 0 (0)                     ; 0           ; 0            ; 0       ; 0         ; 0    ; 0            ; |MKRVIDOR4000_top|eco_nn_top:uut|neuron:hidden_layer[4].h_neuron|lpm_mult:Mult1                                                                                                                                                                                                                                                                              ; lpm_mult                          ; work         ;
;             |multcore:mult_core|                                                                                                        ; 14 (7)              ; 0 (0)                     ; 0           ; 0            ; 0       ; 0         ; 0    ; 0            ; |MKRVIDOR4000_top|eco_nn_top:uut|neuron:hidden_layer[4].h_neuron|lpm_mult:Mult1|multcore:mult_core                                                                                                                                                                                                                                                           ; multcore                          ; work         ;
;                |mpar_add:padder|                                                                                                        ; 7 (0)               ; 0 (0)                     ; 0           ; 0            ; 0       ; 0         ; 0    ; 0            ; |MKRVIDOR4000_top|eco_nn_top:uut|neuron:hidden_layer[4].h_neuron|lpm_mult:Mult1|multcore:mult_core|mpar_add:padder                                                                                                                                                                                                                                           ; mpar_add                          ; work         ;
;                   |lpm_add_sub:adder[0]|                                                                                                ; 7 (0)               ; 0 (0)                     ; 0           ; 0            ; 0       ; 0         ; 0    ; 0            ; |MKRVIDOR4000_top|eco_nn_top:uut|neuron:hidden_layer[4].h_neuron|lpm_mult:Mult1|multcore:mult_core|mpar_add:padder|lpm_add_sub:adder[0]                                                                                                                                                                                                                      ; lpm_add_sub                       ; work         ;
;                      |add_sub_pih:auto_generated|                                                                                       ; 7 (7)               ; 0 (0)                     ; 0           ; 0            ; 0       ; 0         ; 0    ; 0            ; |MKRVIDOR4000_top|eco_nn_top:uut|neuron:hidden_layer[4].h_neuron|lpm_mult:Mult1|multcore:mult_core|mpar_add:padder|lpm_add_sub:adder[0]|add_sub_pih:auto_generated                                                                                                                                                                                           ; add_sub_pih                       ; work         ;
;          |lpm_mult:Mult2|                                                                                                               ; 15 (0)              ; 0 (0)                     ; 0           ; 0            ; 0       ; 0         ; 0    ; 0            ; |MKRVIDOR4000_top|eco_nn_top:uut|neuron:hidden_layer[4].h_neuron|lpm_mult:Mult2                                                                                                                                                                                                                                                                              ; lpm_mult                          ; work         ;
;             |multcore:mult_core|                                                                                                        ; 15 (8)              ; 0 (0)                     ; 0           ; 0            ; 0       ; 0         ; 0    ; 0            ; |MKRVIDOR4000_top|eco_nn_top:uut|neuron:hidden_layer[4].h_neuron|lpm_mult:Mult2|multcore:mult_core                                                                                                                                                                                                                                                           ; multcore                          ; work         ;
;                |mpar_add:padder|                                                                                                        ; 7 (0)               ; 0 (0)                     ; 0           ; 0            ; 0       ; 0         ; 0    ; 0            ; |MKRVIDOR4000_top|eco_nn_top:uut|neuron:hidden_layer[4].h_neuron|lpm_mult:Mult2|multcore:mult_core|mpar_add:padder                                                                                                                                                                                                                                           ; mpar_add                          ; work         ;
;                   |lpm_add_sub:adder[0]|                                                                                                ; 7 (0)               ; 0 (0)                     ; 0           ; 0            ; 0       ; 0         ; 0    ; 0            ; |MKRVIDOR4000_top|eco_nn_top:uut|neuron:hidden_layer[4].h_neuron|lpm_mult:Mult2|multcore:mult_core|mpar_add:padder|lpm_add_sub:adder[0]                                                                                                                                                                                                                      ; lpm_add_sub                       ; work         ;
;                      |add_sub_pih:auto_generated|                                                                                       ; 7 (7)               ; 0 (0)                     ; 0           ; 0            ; 0       ; 0         ; 0    ; 0            ; |MKRVIDOR4000_top|eco_nn_top:uut|neuron:hidden_layer[4].h_neuron|lpm_mult:Mult2|multcore:mult_core|mpar_add:padder|lpm_add_sub:adder[0]|add_sub_pih:auto_generated                                                                                                                                                                                           ; add_sub_pih                       ; work         ;
;          |lpm_mult:Mult3|                                                                                                               ; 11 (0)              ; 0 (0)                     ; 0           ; 0            ; 0       ; 0         ; 0    ; 0            ; |MKRVIDOR4000_top|eco_nn_top:uut|neuron:hidden_layer[4].h_neuron|lpm_mult:Mult3                                                                                                                                                                                                                                                                              ; lpm_mult                          ; work         ;
;             |multcore:mult_core|                                                                                                        ; 11 (6)              ; 0 (0)                     ; 0           ; 0            ; 0       ; 0         ; 0    ; 0            ; |MKRVIDOR4000_top|eco_nn_top:uut|neuron:hidden_layer[4].h_neuron|lpm_mult:Mult3|multcore:mult_core                                                                                                                                                                                                                                                           ; multcore                          ; work         ;
;                |mpar_add:padder|                                                                                                        ; 5 (0)               ; 0 (0)                     ; 0           ; 0            ; 0       ; 0         ; 0    ; 0            ; |MKRVIDOR4000_top|eco_nn_top:uut|neuron:hidden_layer[4].h_neuron|lpm_mult:Mult3|multcore:mult_core|mpar_add:padder                                                                                                                                                                                                                                           ; mpar_add                          ; work         ;
;                   |lpm_add_sub:adder[0]|                                                                                                ; 5 (0)               ; 0 (0)                     ; 0           ; 0            ; 0       ; 0         ; 0    ; 0            ; |MKRVIDOR4000_top|eco_nn_top:uut|neuron:hidden_layer[4].h_neuron|lpm_mult:Mult3|multcore:mult_core|mpar_add:padder|lpm_add_sub:adder[0]                                                                                                                                                                                                                      ; lpm_add_sub                       ; work         ;
;                      |add_sub_oih:auto_generated|                                                                                       ; 5 (5)               ; 0 (0)                     ; 0           ; 0            ; 0       ; 0         ; 0    ; 0            ; |MKRVIDOR4000_top|eco_nn_top:uut|neuron:hidden_layer[4].h_neuron|lpm_mult:Mult3|multcore:mult_core|mpar_add:padder|lpm_add_sub:adder[0]|add_sub_oih:auto_generated                                                                                                                                                                                           ; add_sub_oih                       ; work         ;
;          |lpm_mult:Mult4|                                                                                                               ; 12 (0)              ; 0 (0)                     ; 0           ; 0            ; 0       ; 0         ; 0    ; 0            ; |MKRVIDOR4000_top|eco_nn_top:uut|neuron:hidden_layer[4].h_neuron|lpm_mult:Mult4                                                                                                                                                                                                                                                                              ; lpm_mult                          ; work         ;
;             |multcore:mult_core|                                                                                                        ; 12 (5)              ; 0 (0)                     ; 0           ; 0            ; 0       ; 0         ; 0    ; 0            ; |MKRVIDOR4000_top|eco_nn_top:uut|neuron:hidden_layer[4].h_neuron|lpm_mult:Mult4|multcore:mult_core                                                                                                                                                                                                                                                           ; multcore                          ; work         ;
;                |mpar_add:padder|                                                                                                        ; 7 (0)               ; 0 (0)                     ; 0           ; 0            ; 0       ; 0         ; 0    ; 0            ; |MKRVIDOR4000_top|eco_nn_top:uut|neuron:hidden_layer[4].h_neuron|lpm_mult:Mult4|multcore:mult_core|mpar_add:padder                                                                                                                                                                                                                                           ; mpar_add                          ; work         ;
;                   |lpm_add_sub:adder[0]|                                                                                                ; 7 (0)               ; 0 (0)                     ; 0           ; 0            ; 0       ; 0         ; 0    ; 0            ; |MKRVIDOR4000_top|eco_nn_top:uut|neuron:hidden_layer[4].h_neuron|lpm_mult:Mult4|multcore:mult_core|mpar_add:padder|lpm_add_sub:adder[0]                                                                                                                                                                                                                      ; lpm_add_sub                       ; work         ;
;                      |add_sub_pih:auto_generated|                                                                                       ; 7 (7)               ; 0 (0)                     ; 0           ; 0            ; 0       ; 0         ; 0    ; 0            ; |MKRVIDOR4000_top|eco_nn_top:uut|neuron:hidden_layer[4].h_neuron|lpm_mult:Mult4|multcore:mult_core|mpar_add:padder|lpm_add_sub:adder[0]|add_sub_pih:auto_generated                                                                                                                                                                                           ; add_sub_pih                       ; work         ;
;          |lpm_mult:Mult5|                                                                                                               ; 15 (0)              ; 0 (0)                     ; 0           ; 0            ; 0       ; 0         ; 0    ; 0            ; |MKRVIDOR4000_top|eco_nn_top:uut|neuron:hidden_layer[4].h_neuron|lpm_mult:Mult5                                                                                                                                                                                                                                                                              ; lpm_mult                          ; work         ;
;             |multcore:mult_core|                                                                                                        ; 15 (8)              ; 0 (0)                     ; 0           ; 0            ; 0       ; 0         ; 0    ; 0            ; |MKRVIDOR4000_top|eco_nn_top:uut|neuron:hidden_layer[4].h_neuron|lpm_mult:Mult5|multcore:mult_core                                                                                                                                                                                                                                                           ; multcore                          ; work         ;
;                |mpar_add:padder|                                                                                                        ; 7 (0)               ; 0 (0)                     ; 0           ; 0            ; 0       ; 0         ; 0    ; 0            ; |MKRVIDOR4000_top|eco_nn_top:uut|neuron:hidden_layer[4].h_neuron|lpm_mult:Mult5|multcore:mult_core|mpar_add:padder                                                                                                                                                                                                                                           ; mpar_add                          ; work         ;
;                   |lpm_add_sub:adder[0]|                                                                                                ; 7 (0)               ; 0 (0)                     ; 0           ; 0            ; 0       ; 0         ; 0    ; 0            ; |MKRVIDOR4000_top|eco_nn_top:uut|neuron:hidden_layer[4].h_neuron|lpm_mult:Mult5|multcore:mult_core|mpar_add:padder|lpm_add_sub:adder[0]                                                                                                                                                                                                                      ; lpm_add_sub                       ; work         ;
;                      |add_sub_qih:auto_generated|                                                                                       ; 7 (7)               ; 0 (0)                     ; 0           ; 0            ; 0       ; 0         ; 0    ; 0            ; |MKRVIDOR4000_top|eco_nn_top:uut|neuron:hidden_layer[4].h_neuron|lpm_mult:Mult5|multcore:mult_core|mpar_add:padder|lpm_add_sub:adder[0]|add_sub_qih:auto_generated                                                                                                                                                                                           ; add_sub_qih                       ; work         ;
;          |lpm_mult:Mult6|                                                                                                               ; 14 (0)              ; 0 (0)                     ; 0           ; 0            ; 0       ; 0         ; 0    ; 0            ; |MKRVIDOR4000_top|eco_nn_top:uut|neuron:hidden_layer[4].h_neuron|lpm_mult:Mult6                                                                                                                                                                                                                                                                              ; lpm_mult                          ; work         ;
;             |multcore:mult_core|                                                                                                        ; 14 (6)              ; 0 (0)                     ; 0           ; 0            ; 0       ; 0         ; 0    ; 0            ; |MKRVIDOR4000_top|eco_nn_top:uut|neuron:hidden_layer[4].h_neuron|lpm_mult:Mult6|multcore:mult_core                                                                                                                                                                                                                                                           ; multcore                          ; work         ;
;                |mpar_add:padder|                                                                                                        ; 8 (0)               ; 0 (0)                     ; 0           ; 0            ; 0       ; 0         ; 0    ; 0            ; |MKRVIDOR4000_top|eco_nn_top:uut|neuron:hidden_layer[4].h_neuron|lpm_mult:Mult6|multcore:mult_core|mpar_add:padder                                                                                                                                                                                                                                           ; mpar_add                          ; work         ;
;                   |lpm_add_sub:adder[0]|                                                                                                ; 8 (0)               ; 0 (0)                     ; 0           ; 0            ; 0       ; 0         ; 0    ; 0            ; |MKRVIDOR4000_top|eco_nn_top:uut|neuron:hidden_layer[4].h_neuron|lpm_mult:Mult6|multcore:mult_core|mpar_add:padder|lpm_add_sub:adder[0]                                                                                                                                                                                                                      ; lpm_add_sub                       ; work         ;
;                      |add_sub_qih:auto_generated|                                                                                       ; 8 (8)               ; 0 (0)                     ; 0           ; 0            ; 0       ; 0         ; 0    ; 0            ; |MKRVIDOR4000_top|eco_nn_top:uut|neuron:hidden_layer[4].h_neuron|lpm_mult:Mult6|multcore:mult_core|mpar_add:padder|lpm_add_sub:adder[0]|add_sub_qih:auto_generated                                                                                                                                                                                           ; add_sub_qih                       ; work         ;
;          |lpm_mult:Mult7|                                                                                                               ; 15 (0)              ; 0 (0)                     ; 0           ; 0            ; 0       ; 0         ; 0    ; 0            ; |MKRVIDOR4000_top|eco_nn_top:uut|neuron:hidden_layer[4].h_neuron|lpm_mult:Mult7                                                                                                                                                                                                                                                                              ; lpm_mult                          ; work         ;
;             |multcore:mult_core|                                                                                                        ; 15 (7)              ; 0 (0)                     ; 0           ; 0            ; 0       ; 0         ; 0    ; 0            ; |MKRVIDOR4000_top|eco_nn_top:uut|neuron:hidden_layer[4].h_neuron|lpm_mult:Mult7|multcore:mult_core                                                                                                                                                                                                                                                           ; multcore                          ; work         ;
;                |mpar_add:padder|                                                                                                        ; 8 (0)               ; 0 (0)                     ; 0           ; 0            ; 0       ; 0         ; 0    ; 0            ; |MKRVIDOR4000_top|eco_nn_top:uut|neuron:hidden_layer[4].h_neuron|lpm_mult:Mult7|multcore:mult_core|mpar_add:padder                                                                                                                                                                                                                                           ; mpar_add                          ; work         ;
;                   |lpm_add_sub:adder[0]|                                                                                                ; 8 (0)               ; 0 (0)                     ; 0           ; 0            ; 0       ; 0         ; 0    ; 0            ; |MKRVIDOR4000_top|eco_nn_top:uut|neuron:hidden_layer[4].h_neuron|lpm_mult:Mult7|multcore:mult_core|mpar_add:padder|lpm_add_sub:adder[0]                                                                                                                                                                                                                      ; lpm_add_sub                       ; work         ;
;                      |add_sub_qih:auto_generated|                                                                                       ; 8 (8)               ; 0 (0)                     ; 0           ; 0            ; 0       ; 0         ; 0    ; 0            ; |MKRVIDOR4000_top|eco_nn_top:uut|neuron:hidden_layer[4].h_neuron|lpm_mult:Mult7|multcore:mult_core|mpar_add:padder|lpm_add_sub:adder[0]|add_sub_qih:auto_generated                                                                                                                                                                                           ; add_sub_qih                       ; work         ;
;       |neuron:hidden_layer[5].h_neuron|                                                                                                 ; 105 (81)            ; 8 (8)                     ; 0           ; 0            ; 0       ; 0         ; 0    ; 0            ; |MKRVIDOR4000_top|eco_nn_top:uut|neuron:hidden_layer[5].h_neuron                                                                                                                                                                                                                                                                                             ; neuron                            ; work         ;
;          |lpm_mult:Mult1|                                                                                                               ; 15 (0)              ; 0 (0)                     ; 0           ; 0            ; 0       ; 0         ; 0    ; 0            ; |MKRVIDOR4000_top|eco_nn_top:uut|neuron:hidden_layer[5].h_neuron|lpm_mult:Mult1                                                                                                                                                                                                                                                                              ; lpm_mult                          ; work         ;
;             |multcore:mult_core|                                                                                                        ; 15 (7)              ; 0 (0)                     ; 0           ; 0            ; 0       ; 0         ; 0    ; 0            ; |MKRVIDOR4000_top|eco_nn_top:uut|neuron:hidden_layer[5].h_neuron|lpm_mult:Mult1|multcore:mult_core                                                                                                                                                                                                                                                           ; multcore                          ; work         ;
;                |mpar_add:padder|                                                                                                        ; 8 (0)               ; 0 (0)                     ; 0           ; 0            ; 0       ; 0         ; 0    ; 0            ; |MKRVIDOR4000_top|eco_nn_top:uut|neuron:hidden_layer[5].h_neuron|lpm_mult:Mult1|multcore:mult_core|mpar_add:padder                                                                                                                                                                                                                                           ; mpar_add                          ; work         ;
;                   |lpm_add_sub:adder[0]|                                                                                                ; 8 (0)               ; 0 (0)                     ; 0           ; 0            ; 0       ; 0         ; 0    ; 0            ; |MKRVIDOR4000_top|eco_nn_top:uut|neuron:hidden_layer[5].h_neuron|lpm_mult:Mult1|multcore:mult_core|mpar_add:padder|lpm_add_sub:adder[0]                                                                                                                                                                                                                      ; lpm_add_sub                       ; work         ;
;                      |add_sub_qih:auto_generated|                                                                                       ; 8 (8)               ; 0 (0)                     ; 0           ; 0            ; 0       ; 0         ; 0    ; 0            ; |MKRVIDOR4000_top|eco_nn_top:uut|neuron:hidden_layer[5].h_neuron|lpm_mult:Mult1|multcore:mult_core|mpar_add:padder|lpm_add_sub:adder[0]|add_sub_qih:auto_generated                                                                                                                                                                                           ; add_sub_qih                       ; work         ;
;          |lpm_mult:Mult2|                                                                                                               ; 9 (0)               ; 0 (0)                     ; 0           ; 0            ; 0       ; 0         ; 0    ; 0            ; |MKRVIDOR4000_top|eco_nn_top:uut|neuron:hidden_layer[5].h_neuron|lpm_mult:Mult2                                                                                                                                                                                                                                                                              ; lpm_mult                          ; work         ;
;             |multcore:mult_core|                                                                                                        ; 9 (4)               ; 0 (0)                     ; 0           ; 0            ; 0       ; 0         ; 0    ; 0            ; |MKRVIDOR4000_top|eco_nn_top:uut|neuron:hidden_layer[5].h_neuron|lpm_mult:Mult2|multcore:mult_core                                                                                                                                                                                                                                                           ; multcore                          ; work         ;
;                |mpar_add:padder|                                                                                                        ; 5 (0)               ; 0 (0)                     ; 0           ; 0            ; 0       ; 0         ; 0    ; 0            ; |MKRVIDOR4000_top|eco_nn_top:uut|neuron:hidden_layer[5].h_neuron|lpm_mult:Mult2|multcore:mult_core|mpar_add:padder                                                                                                                                                                                                                                           ; mpar_add                          ; work         ;
;                   |lpm_add_sub:adder[0]|                                                                                                ; 5 (0)               ; 0 (0)                     ; 0           ; 0            ; 0       ; 0         ; 0    ; 0            ; |MKRVIDOR4000_top|eco_nn_top:uut|neuron:hidden_layer[5].h_neuron|lpm_mult:Mult2|multcore:mult_core|mpar_add:padder|lpm_add_sub:adder[0]                                                                                                                                                                                                                      ; lpm_add_sub                       ; work         ;
;                      |add_sub_pih:auto_generated|                                                                                       ; 5 (5)               ; 0 (0)                     ; 0           ; 0            ; 0       ; 0         ; 0    ; 0            ; |MKRVIDOR4000_top|eco_nn_top:uut|neuron:hidden_layer[5].h_neuron|lpm_mult:Mult2|multcore:mult_core|mpar_add:padder|lpm_add_sub:adder[0]|add_sub_pih:auto_generated                                                                                                                                                                                           ; add_sub_pih                       ; work         ;
;       |neuron:hidden_layer[6].h_neuron|                                                                                                 ; 73 (59)             ; 6 (6)                     ; 0           ; 0            ; 0       ; 0         ; 0    ; 0            ; |MKRVIDOR4000_top|eco_nn_top:uut|neuron:hidden_layer[6].h_neuron                                                                                                                                                                                                                                                                                             ; neuron                            ; work         ;
;          |lpm_mult:Mult0|                                                                                                               ; 14 (0)              ; 0 (0)                     ; 0           ; 0            ; 0       ; 0         ; 0    ; 0            ; |MKRVIDOR4000_top|eco_nn_top:uut|neuron:hidden_layer[6].h_neuron|lpm_mult:Mult0                                                                                                                                                                                                                                                                              ; lpm_mult                          ; work         ;
;             |multcore:mult_core|                                                                                                        ; 14 (6)              ; 0 (0)                     ; 0           ; 0            ; 0       ; 0         ; 0    ; 0            ; |MKRVIDOR4000_top|eco_nn_top:uut|neuron:hidden_layer[6].h_neuron|lpm_mult:Mult0|multcore:mult_core                                                                                                                                                                                                                                                           ; multcore                          ; work         ;
;                |mpar_add:padder|                                                                                                        ; 8 (0)               ; 0 (0)                     ; 0           ; 0            ; 0       ; 0         ; 0    ; 0            ; |MKRVIDOR4000_top|eco_nn_top:uut|neuron:hidden_layer[6].h_neuron|lpm_mult:Mult0|multcore:mult_core|mpar_add:padder                                                                                                                                                                                                                                           ; mpar_add                          ; work         ;
;                   |lpm_add_sub:adder[0]|                                                                                                ; 8 (0)               ; 0 (0)                     ; 0           ; 0            ; 0       ; 0         ; 0    ; 0            ; |MKRVIDOR4000_top|eco_nn_top:uut|neuron:hidden_layer[6].h_neuron|lpm_mult:Mult0|multcore:mult_core|mpar_add:padder|lpm_add_sub:adder[0]                                                                                                                                                                                                                      ; lpm_add_sub                       ; work         ;
;                      |add_sub_qih:auto_generated|                                                                                       ; 8 (8)               ; 0 (0)                     ; 0           ; 0            ; 0       ; 0         ; 0    ; 0            ; |MKRVIDOR4000_top|eco_nn_top:uut|neuron:hidden_layer[6].h_neuron|lpm_mult:Mult0|multcore:mult_core|mpar_add:padder|lpm_add_sub:adder[0]|add_sub_qih:auto_generated                                                                                                                                                                                           ; add_sub_qih                       ; work         ;
;       |neuron:hidden_layer[7].h_neuron|                                                                                                 ; 100 (77)            ; 8 (8)                     ; 0           ; 0            ; 0       ; 0         ; 0    ; 0            ; |MKRVIDOR4000_top|eco_nn_top:uut|neuron:hidden_layer[7].h_neuron                                                                                                                                                                                                                                                                                             ; neuron                            ; work         ;
;          |lpm_mult:Mult3|                                                                                                               ; 8 (0)               ; 0 (0)                     ; 0           ; 0            ; 0       ; 0         ; 0    ; 0            ; |MKRVIDOR4000_top|eco_nn_top:uut|neuron:hidden_layer[7].h_neuron|lpm_mult:Mult3                                                                                                                                                                                                                                                                              ; lpm_mult                          ; work         ;
;             |multcore:mult_core|                                                                                                        ; 8 (0)               ; 0 (0)                     ; 0           ; 0            ; 0       ; 0         ; 0    ; 0            ; |MKRVIDOR4000_top|eco_nn_top:uut|neuron:hidden_layer[7].h_neuron|lpm_mult:Mult3|multcore:mult_core                                                                                                                                                                                                                                                           ; multcore                          ; work         ;
;                |lpm_add_sub:adder|                                                                                                      ; 8 (0)               ; 0 (0)                     ; 0           ; 0            ; 0       ; 0         ; 0    ; 0            ; |MKRVIDOR4000_top|eco_nn_top:uut|neuron:hidden_layer[7].h_neuron|lpm_mult:Mult3|multcore:mult_core|lpm_add_sub:adder                                                                                                                                                                                                                                         ; lpm_add_sub                       ; work         ;
;                   |add_sub_18h:auto_generated|                                                                                          ; 8 (8)               ; 0 (0)                     ; 0           ; 0            ; 0       ; 0         ; 0    ; 0            ; |MKRVIDOR4000_top|eco_nn_top:uut|neuron:hidden_layer[7].h_neuron|lpm_mult:Mult3|multcore:mult_core|lpm_add_sub:adder|add_sub_18h:auto_generated                                                                                                                                                                                                              ; add_sub_18h                       ; work         ;
;          |lpm_mult:Mult7|                                                                                                               ; 15 (0)              ; 0 (0)                     ; 0           ; 0            ; 0       ; 0         ; 0    ; 0            ; |MKRVIDOR4000_top|eco_nn_top:uut|neuron:hidden_layer[7].h_neuron|lpm_mult:Mult7                                                                                                                                                                                                                                                                              ; lpm_mult                          ; work         ;
;             |multcore:mult_core|                                                                                                        ; 15 (7)              ; 0 (0)                     ; 0           ; 0            ; 0       ; 0         ; 0    ; 0            ; |MKRVIDOR4000_top|eco_nn_top:uut|neuron:hidden_layer[7].h_neuron|lpm_mult:Mult7|multcore:mult_core                                                                                                                                                                                                                                                           ; multcore                          ; work         ;
;                |mpar_add:padder|                                                                                                        ; 8 (0)               ; 0 (0)                     ; 0           ; 0            ; 0       ; 0         ; 0    ; 0            ; |MKRVIDOR4000_top|eco_nn_top:uut|neuron:hidden_layer[7].h_neuron|lpm_mult:Mult7|multcore:mult_core|mpar_add:padder                                                                                                                                                                                                                                           ; mpar_add                          ; work         ;
;                   |lpm_add_sub:adder[0]|                                                                                                ; 8 (0)               ; 0 (0)                     ; 0           ; 0            ; 0       ; 0         ; 0    ; 0            ; |MKRVIDOR4000_top|eco_nn_top:uut|neuron:hidden_layer[7].h_neuron|lpm_mult:Mult7|multcore:mult_core|mpar_add:padder|lpm_add_sub:adder[0]                                                                                                                                                                                                                      ; lpm_add_sub                       ; work         ;
;                      |add_sub_qih:auto_generated|                                                                                       ; 8 (8)               ; 0 (0)                     ; 0           ; 0            ; 0       ; 0         ; 0    ; 0            ; |MKRVIDOR4000_top|eco_nn_top:uut|neuron:hidden_layer[7].h_neuron|lpm_mult:Mult7|multcore:mult_core|mpar_add:padder|lpm_add_sub:adder[0]|add_sub_qih:auto_generated                                                                                                                                                                                           ; add_sub_qih                       ; work         ;
;       |neuron:hidden_layer[8].h_neuron|                                                                                                 ; 85 (52)             ; 8 (8)                     ; 0           ; 0            ; 0       ; 0         ; 0    ; 0            ; |MKRVIDOR4000_top|eco_nn_top:uut|neuron:hidden_layer[8].h_neuron                                                                                                                                                                                                                                                                                             ; neuron                            ; work         ;
;          |lpm_mult:Mult4|                                                                                                               ; 11 (0)              ; 0 (0)                     ; 0           ; 0            ; 0       ; 0         ; 0    ; 0            ; |MKRVIDOR4000_top|eco_nn_top:uut|neuron:hidden_layer[8].h_neuron|lpm_mult:Mult4                                                                                                                                                                                                                                                                              ; lpm_mult                          ; work         ;
;             |multcore:mult_core|                                                                                                        ; 11 (6)              ; 0 (0)                     ; 0           ; 0            ; 0       ; 0         ; 0    ; 0            ; |MKRVIDOR4000_top|eco_nn_top:uut|neuron:hidden_layer[8].h_neuron|lpm_mult:Mult4|multcore:mult_core                                                                                                                                                                                                                                                           ; multcore                          ; work         ;
;                |mpar_add:padder|                                                                                                        ; 5 (0)               ; 0 (0)                     ; 0           ; 0            ; 0       ; 0         ; 0    ; 0            ; |MKRVIDOR4000_top|eco_nn_top:uut|neuron:hidden_layer[8].h_neuron|lpm_mult:Mult4|multcore:mult_core|mpar_add:padder                                                                                                                                                                                                                                           ; mpar_add                          ; work         ;
;                   |lpm_add_sub:adder[0]|                                                                                                ; 5 (0)               ; 0 (0)                     ; 0           ; 0            ; 0       ; 0         ; 0    ; 0            ; |MKRVIDOR4000_top|eco_nn_top:uut|neuron:hidden_layer[8].h_neuron|lpm_mult:Mult4|multcore:mult_core|mpar_add:padder|lpm_add_sub:adder[0]                                                                                                                                                                                                                      ; lpm_add_sub                       ; work         ;
;                      |add_sub_oih:auto_generated|                                                                                       ; 5 (5)               ; 0 (0)                     ; 0           ; 0            ; 0       ; 0         ; 0    ; 0            ; |MKRVIDOR4000_top|eco_nn_top:uut|neuron:hidden_layer[8].h_neuron|lpm_mult:Mult4|multcore:mult_core|mpar_add:padder|lpm_add_sub:adder[0]|add_sub_oih:auto_generated                                                                                                                                                                                           ; add_sub_oih                       ; work         ;
;          |lpm_mult:Mult5|                                                                                                               ; 7 (0)               ; 0 (0)                     ; 0           ; 0            ; 0       ; 0         ; 0    ; 0            ; |MKRVIDOR4000_top|eco_nn_top:uut|neuron:hidden_layer[8].h_neuron|lpm_mult:Mult5                                                                                                                                                                                                                                                                              ; lpm_mult                          ; work         ;
;             |multcore:mult_core|                                                                                                        ; 7 (0)               ; 0 (0)                     ; 0           ; 0            ; 0       ; 0         ; 0    ; 0            ; |MKRVIDOR4000_top|eco_nn_top:uut|neuron:hidden_layer[8].h_neuron|lpm_mult:Mult5|multcore:mult_core                                                                                                                                                                                                                                                           ; multcore                          ; work         ;
;                |mpar_add:padder|                                                                                                        ; 7 (0)               ; 0 (0)                     ; 0           ; 0            ; 0       ; 0         ; 0    ; 0            ; |MKRVIDOR4000_top|eco_nn_top:uut|neuron:hidden_layer[8].h_neuron|lpm_mult:Mult5|multcore:mult_core|mpar_add:padder                                                                                                                                                                                                                                           ; mpar_add                          ; work         ;
;                   |lpm_add_sub:adder[0]|                                                                                                ; 7 (0)               ; 0 (0)                     ; 0           ; 0            ; 0       ; 0         ; 0    ; 0            ; |MKRVIDOR4000_top|eco_nn_top:uut|neuron:hidden_layer[8].h_neuron|lpm_mult:Mult5|multcore:mult_core|mpar_add:padder|lpm_add_sub:adder[0]                                                                                                                                                                                                                      ; lpm_add_sub                       ; work         ;
;                      |add_sub_pih:auto_generated|                                                                                       ; 7 (7)               ; 0 (0)                     ; 0           ; 0            ; 0       ; 0         ; 0    ; 0            ; |MKRVIDOR4000_top|eco_nn_top:uut|neuron:hidden_layer[8].h_neuron|lpm_mult:Mult5|multcore:mult_core|mpar_add:padder|lpm_add_sub:adder[0]|add_sub_pih:auto_generated                                                                                                                                                                                           ; add_sub_pih                       ; work         ;
;          |lpm_mult:Mult6|                                                                                                               ; 15 (0)              ; 0 (0)                     ; 0           ; 0            ; 0       ; 0         ; 0    ; 0            ; |MKRVIDOR4000_top|eco_nn_top:uut|neuron:hidden_layer[8].h_neuron|lpm_mult:Mult6                                                                                                                                                                                                                                                                              ; lpm_mult                          ; work         ;
;             |multcore:mult_core|                                                                                                        ; 15 (7)              ; 0 (0)                     ; 0           ; 0            ; 0       ; 0         ; 0    ; 0            ; |MKRVIDOR4000_top|eco_nn_top:uut|neuron:hidden_layer[8].h_neuron|lpm_mult:Mult6|multcore:mult_core                                                                                                                                                                                                                                                           ; multcore                          ; work         ;
;                |mpar_add:padder|                                                                                                        ; 8 (0)               ; 0 (0)                     ; 0           ; 0            ; 0       ; 0         ; 0    ; 0            ; |MKRVIDOR4000_top|eco_nn_top:uut|neuron:hidden_layer[8].h_neuron|lpm_mult:Mult6|multcore:mult_core|mpar_add:padder                                                                                                                                                                                                                                           ; mpar_add                          ; work         ;
;                   |lpm_add_sub:adder[0]|                                                                                                ; 8 (0)               ; 0 (0)                     ; 0           ; 0            ; 0       ; 0         ; 0    ; 0            ; |MKRVIDOR4000_top|eco_nn_top:uut|neuron:hidden_layer[8].h_neuron|lpm_mult:Mult6|multcore:mult_core|mpar_add:padder|lpm_add_sub:adder[0]                                                                                                                                                                                                                      ; lpm_add_sub                       ; work         ;
;                      |add_sub_qih:auto_generated|                                                                                       ; 8 (8)               ; 0 (0)                     ; 0           ; 0            ; 0       ; 0         ; 0    ; 0            ; |MKRVIDOR4000_top|eco_nn_top:uut|neuron:hidden_layer[8].h_neuron|lpm_mult:Mult6|multcore:mult_core|mpar_add:padder|lpm_add_sub:adder[0]|add_sub_qih:auto_generated                                                                                                                                                                                           ; add_sub_qih                       ; work         ;
;       |neuron:hidden_layer[9].h_neuron|                                                                                                 ; 89 (54)             ; 8 (8)                     ; 0           ; 0            ; 0       ; 0         ; 0    ; 0            ; |MKRVIDOR4000_top|eco_nn_top:uut|neuron:hidden_layer[9].h_neuron                                                                                                                                                                                                                                                                                             ; neuron                            ; work         ;
;          |lpm_mult:Mult3|                                                                                                               ; 6 (0)               ; 0 (0)                     ; 0           ; 0            ; 0       ; 0         ; 0    ; 0            ; |MKRVIDOR4000_top|eco_nn_top:uut|neuron:hidden_layer[9].h_neuron|lpm_mult:Mult3                                                                                                                                                                                                                                                                              ; lpm_mult                          ; work         ;
;             |multcore:mult_core|                                                                                                        ; 6 (1)               ; 0 (0)                     ; 0           ; 0            ; 0       ; 0         ; 0    ; 0            ; |MKRVIDOR4000_top|eco_nn_top:uut|neuron:hidden_layer[9].h_neuron|lpm_mult:Mult3|multcore:mult_core                                                                                                                                                                                                                                                           ; multcore                          ; work         ;
;                |mpar_add:padder|                                                                                                        ; 5 (0)               ; 0 (0)                     ; 0           ; 0            ; 0       ; 0         ; 0    ; 0            ; |MKRVIDOR4000_top|eco_nn_top:uut|neuron:hidden_layer[9].h_neuron|lpm_mult:Mult3|multcore:mult_core|mpar_add:padder                                                                                                                                                                                                                                           ; mpar_add                          ; work         ;
;                   |lpm_add_sub:adder[0]|                                                                                                ; 5 (0)               ; 0 (0)                     ; 0           ; 0            ; 0       ; 0         ; 0    ; 0            ; |MKRVIDOR4000_top|eco_nn_top:uut|neuron:hidden_layer[9].h_neuron|lpm_mult:Mult3|multcore:mult_core|mpar_add:padder|lpm_add_sub:adder[0]                                                                                                                                                                                                                      ; lpm_add_sub                       ; work         ;
;                      |add_sub_pih:auto_generated|                                                                                       ; 5 (5)               ; 0 (0)                     ; 0           ; 0            ; 0       ; 0         ; 0    ; 0            ; |MKRVIDOR4000_top|eco_nn_top:uut|neuron:hidden_layer[9].h_neuron|lpm_mult:Mult3|multcore:mult_core|mpar_add:padder|lpm_add_sub:adder[0]|add_sub_pih:auto_generated                                                                                                                                                                                           ; add_sub_pih                       ; work         ;
;          |lpm_mult:Mult5|                                                                                                               ; 16 (0)              ; 0 (0)                     ; 0           ; 0            ; 0       ; 0         ; 0    ; 0            ; |MKRVIDOR4000_top|eco_nn_top:uut|neuron:hidden_layer[9].h_neuron|lpm_mult:Mult5                                                                                                                                                                                                                                                                              ; lpm_mult                          ; work         ;
;             |multcore:mult_core|                                                                                                        ; 16 (7)              ; 0 (0)                     ; 0           ; 0            ; 0       ; 0         ; 0    ; 0            ; |MKRVIDOR4000_top|eco_nn_top:uut|neuron:hidden_layer[9].h_neuron|lpm_mult:Mult5|multcore:mult_core                                                                                                                                                                                                                                                           ; multcore                          ; work         ;
;                |mpar_add:padder|                                                                                                        ; 9 (0)               ; 0 (0)                     ; 0           ; 0            ; 0       ; 0         ; 0    ; 0            ; |MKRVIDOR4000_top|eco_nn_top:uut|neuron:hidden_layer[9].h_neuron|lpm_mult:Mult5|multcore:mult_core|mpar_add:padder                                                                                                                                                                                                                                           ; mpar_add                          ; work         ;
;                   |lpm_add_sub:adder[0]|                                                                                                ; 9 (0)               ; 0 (0)                     ; 0           ; 0            ; 0       ; 0         ; 0    ; 0            ; |MKRVIDOR4000_top|eco_nn_top:uut|neuron:hidden_layer[9].h_neuron|lpm_mult:Mult5|multcore:mult_core|mpar_add:padder|lpm_add_sub:adder[0]                                                                                                                                                                                                                      ; lpm_add_sub                       ; work         ;
;                      |add_sub_rih:auto_generated|                                                                                       ; 9 (9)               ; 0 (0)                     ; 0           ; 0            ; 0       ; 0         ; 0    ; 0            ; |MKRVIDOR4000_top|eco_nn_top:uut|neuron:hidden_layer[9].h_neuron|lpm_mult:Mult5|multcore:mult_core|mpar_add:padder|lpm_add_sub:adder[0]|add_sub_rih:auto_generated                                                                                                                                                                                           ; add_sub_rih                       ; work         ;
;          |lpm_mult:Mult6|                                                                                                               ; 13 (0)              ; 0 (0)                     ; 0           ; 0            ; 0       ; 0         ; 0    ; 0            ; |MKRVIDOR4000_top|eco_nn_top:uut|neuron:hidden_layer[9].h_neuron|lpm_mult:Mult6                                                                                                                                                                                                                                                                              ; lpm_mult                          ; work         ;
;             |multcore:mult_core|                                                                                                        ; 13 (6)              ; 0 (0)                     ; 0           ; 0            ; 0       ; 0         ; 0    ; 0            ; |MKRVIDOR4000_top|eco_nn_top:uut|neuron:hidden_layer[9].h_neuron|lpm_mult:Mult6|multcore:mult_core                                                                                                                                                                                                                                                           ; multcore                          ; work         ;
;                |mpar_add:padder|                                                                                                        ; 7 (0)               ; 0 (0)                     ; 0           ; 0            ; 0       ; 0         ; 0    ; 0            ; |MKRVIDOR4000_top|eco_nn_top:uut|neuron:hidden_layer[9].h_neuron|lpm_mult:Mult6|multcore:mult_core|mpar_add:padder                                                                                                                                                                                                                                           ; mpar_add                          ; work         ;
;                   |lpm_add_sub:adder[0]|                                                                                                ; 7 (0)               ; 0 (0)                     ; 0           ; 0            ; 0       ; 0         ; 0    ; 0            ; |MKRVIDOR4000_top|eco_nn_top:uut|neuron:hidden_layer[9].h_neuron|lpm_mult:Mult6|multcore:mult_core|mpar_add:padder|lpm_add_sub:adder[0]                                                                                                                                                                                                                      ; lpm_add_sub                       ; work         ;
;                      |add_sub_qih:auto_generated|                                                                                       ; 7 (7)               ; 0 (0)                     ; 0           ; 0            ; 0       ; 0         ; 0    ; 0            ; |MKRVIDOR4000_top|eco_nn_top:uut|neuron:hidden_layer[9].h_neuron|lpm_mult:Mult6|multcore:mult_core|mpar_add:padder|lpm_add_sub:adder[0]|add_sub_qih:auto_generated                                                                                                                                                                                           ; add_sub_qih                       ; work         ;
;       |neuron:output_layer[0].final_neuron|                                                                                             ; 321 (170)           ; 8 (8)                     ; 0           ; 0            ; 0       ; 0         ; 0    ; 0            ; |MKRVIDOR4000_top|eco_nn_top:uut|neuron:output_layer[0].final_neuron                                                                                                                                                                                                                                                                                         ; neuron                            ; work         ;
;          |lpm_mult:Mult0|                                                                                                               ; 15 (0)              ; 0 (0)                     ; 0           ; 0            ; 0       ; 0         ; 0    ; 0            ; |MKRVIDOR4000_top|eco_nn_top:uut|neuron:output_layer[0].final_neuron|lpm_mult:Mult0                                                                                                                                                                                                                                                                          ; lpm_mult                          ; work         ;
;             |multcore:mult_core|                                                                                                        ; 15 (7)              ; 0 (0)                     ; 0           ; 0            ; 0       ; 0         ; 0    ; 0            ; |MKRVIDOR4000_top|eco_nn_top:uut|neuron:output_layer[0].final_neuron|lpm_mult:Mult0|multcore:mult_core                                                                                                                                                                                                                                                       ; multcore                          ; work         ;
;                |mpar_add:padder|                                                                                                        ; 8 (0)               ; 0 (0)                     ; 0           ; 0            ; 0       ; 0         ; 0    ; 0            ; |MKRVIDOR4000_top|eco_nn_top:uut|neuron:output_layer[0].final_neuron|lpm_mult:Mult0|multcore:mult_core|mpar_add:padder                                                                                                                                                                                                                                       ; mpar_add                          ; work         ;
;                   |lpm_add_sub:adder[0]|                                                                                                ; 8 (0)               ; 0 (0)                     ; 0           ; 0            ; 0       ; 0         ; 0    ; 0            ; |MKRVIDOR4000_top|eco_nn_top:uut|neuron:output_layer[0].final_neuron|lpm_mult:Mult0|multcore:mult_core|mpar_add:padder|lpm_add_sub:adder[0]                                                                                                                                                                                                                  ; lpm_add_sub                       ; work         ;
;                      |add_sub_qih:auto_generated|                                                                                       ; 8 (8)               ; 0 (0)                     ; 0           ; 0            ; 0       ; 0         ; 0    ; 0            ; |MKRVIDOR4000_top|eco_nn_top:uut|neuron:output_layer[0].final_neuron|lpm_mult:Mult0|multcore:mult_core|mpar_add:padder|lpm_add_sub:adder[0]|add_sub_qih:auto_generated                                                                                                                                                                                       ; add_sub_qih                       ; work         ;
;          |lpm_mult:Mult11|                                                                                                              ; 11 (0)              ; 0 (0)                     ; 0           ; 0            ; 0       ; 0         ; 0    ; 0            ; |MKRVIDOR4000_top|eco_nn_top:uut|neuron:output_layer[0].final_neuron|lpm_mult:Mult11                                                                                                                                                                                                                                                                         ; lpm_mult                          ; work         ;
;             |multcore:mult_core|                                                                                                        ; 11 (6)              ; 0 (0)                     ; 0           ; 0            ; 0       ; 0         ; 0    ; 0            ; |MKRVIDOR4000_top|eco_nn_top:uut|neuron:output_layer[0].final_neuron|lpm_mult:Mult11|multcore:mult_core                                                                                                                                                                                                                                                      ; multcore                          ; work         ;
;                |mpar_add:padder|                                                                                                        ; 5 (0)               ; 0 (0)                     ; 0           ; 0            ; 0       ; 0         ; 0    ; 0            ; |MKRVIDOR4000_top|eco_nn_top:uut|neuron:output_layer[0].final_neuron|lpm_mult:Mult11|multcore:mult_core|mpar_add:padder                                                                                                                                                                                                                                      ; mpar_add                          ; work         ;
;                   |lpm_add_sub:adder[0]|                                                                                                ; 5 (0)               ; 0 (0)                     ; 0           ; 0            ; 0       ; 0         ; 0    ; 0            ; |MKRVIDOR4000_top|eco_nn_top:uut|neuron:output_layer[0].final_neuron|lpm_mult:Mult11|multcore:mult_core|mpar_add:padder|lpm_add_sub:adder[0]                                                                                                                                                                                                                 ; lpm_add_sub                       ; work         ;
;                      |add_sub_oih:auto_generated|                                                                                       ; 5 (5)               ; 0 (0)                     ; 0           ; 0            ; 0       ; 0         ; 0    ; 0            ; |MKRVIDOR4000_top|eco_nn_top:uut|neuron:output_layer[0].final_neuron|lpm_mult:Mult11|multcore:mult_core|mpar_add:padder|lpm_add_sub:adder[0]|add_sub_oih:auto_generated                                                                                                                                                                                      ; add_sub_oih                       ; work         ;
;          |lpm_mult:Mult14|                                                                                                              ; 21 (0)              ; 0 (0)                     ; 0           ; 0            ; 0       ; 0         ; 0    ; 0            ; |MKRVIDOR4000_top|eco_nn_top:uut|neuron:output_layer[0].final_neuron|lpm_mult:Mult14                                                                                                                                                                                                                                                                         ; lpm_mult                          ; work         ;
;             |multcore:mult_core|                                                                                                        ; 21 (12)             ; 0 (0)                     ; 0           ; 0            ; 0       ; 0         ; 0    ; 0            ; |MKRVIDOR4000_top|eco_nn_top:uut|neuron:output_layer[0].final_neuron|lpm_mult:Mult14|multcore:mult_core                                                                                                                                                                                                                                                      ; multcore                          ; work         ;
;                |mpar_add:padder|                                                                                                        ; 9 (0)               ; 0 (0)                     ; 0           ; 0            ; 0       ; 0         ; 0    ; 0            ; |MKRVIDOR4000_top|eco_nn_top:uut|neuron:output_layer[0].final_neuron|lpm_mult:Mult14|multcore:mult_core|mpar_add:padder                                                                                                                                                                                                                                      ; mpar_add                          ; work         ;
;                   |lpm_add_sub:adder[0]|                                                                                                ; 9 (0)               ; 0 (0)                     ; 0           ; 0            ; 0       ; 0         ; 0    ; 0            ; |MKRVIDOR4000_top|eco_nn_top:uut|neuron:output_layer[0].final_neuron|lpm_mult:Mult14|multcore:mult_core|mpar_add:padder|lpm_add_sub:adder[0]                                                                                                                                                                                                                 ; lpm_add_sub                       ; work         ;
;                      |add_sub_rih:auto_generated|                                                                                       ; 9 (9)               ; 0 (0)                     ; 0           ; 0            ; 0       ; 0         ; 0    ; 0            ; |MKRVIDOR4000_top|eco_nn_top:uut|neuron:output_layer[0].final_neuron|lpm_mult:Mult14|multcore:mult_core|mpar_add:padder|lpm_add_sub:adder[0]|add_sub_rih:auto_generated                                                                                                                                                                                      ; add_sub_rih                       ; work         ;
;          |lpm_mult:Mult15|                                                                                                              ; 16 (0)              ; 0 (0)                     ; 0           ; 0            ; 0       ; 0         ; 0    ; 0            ; |MKRVIDOR4000_top|eco_nn_top:uut|neuron:output_layer[0].final_neuron|lpm_mult:Mult15                                                                                                                                                                                                                                                                         ; lpm_mult                          ; work         ;
;             |multcore:mult_core|                                                                                                        ; 16 (8)              ; 0 (0)                     ; 0           ; 0            ; 0       ; 0         ; 0    ; 0            ; |MKRVIDOR4000_top|eco_nn_top:uut|neuron:output_layer[0].final_neuron|lpm_mult:Mult15|multcore:mult_core                                                                                                                                                                                                                                                      ; multcore                          ; work         ;
;                |mpar_add:padder|                                                                                                        ; 8 (0)               ; 0 (0)                     ; 0           ; 0            ; 0       ; 0         ; 0    ; 0            ; |MKRVIDOR4000_top|eco_nn_top:uut|neuron:output_layer[0].final_neuron|lpm_mult:Mult15|multcore:mult_core|mpar_add:padder                                                                                                                                                                                                                                      ; mpar_add                          ; work         ;
;                   |lpm_add_sub:adder[0]|                                                                                                ; 8 (0)               ; 0 (0)                     ; 0           ; 0            ; 0       ; 0         ; 0    ; 0            ; |MKRVIDOR4000_top|eco_nn_top:uut|neuron:output_layer[0].final_neuron|lpm_mult:Mult15|multcore:mult_core|mpar_add:padder|lpm_add_sub:adder[0]                                                                                                                                                                                                                 ; lpm_add_sub                       ; work         ;
;                      |add_sub_qih:auto_generated|                                                                                       ; 8 (8)               ; 0 (0)                     ; 0           ; 0            ; 0       ; 0         ; 0    ; 0            ; |MKRVIDOR4000_top|eco_nn_top:uut|neuron:output_layer[0].final_neuron|lpm_mult:Mult15|multcore:mult_core|mpar_add:padder|lpm_add_sub:adder[0]|add_sub_qih:auto_generated                                                                                                                                                                                      ; add_sub_qih                       ; work         ;
;          |lpm_mult:Mult1|                                                                                                               ; 21 (0)              ; 0 (0)                     ; 0           ; 0            ; 0       ; 0         ; 0    ; 0            ; |MKRVIDOR4000_top|eco_nn_top:uut|neuron:output_layer[0].final_neuron|lpm_mult:Mult1                                                                                                                                                                                                                                                                          ; lpm_mult                          ; work         ;
;             |multcore:mult_core|                                                                                                        ; 21 (12)             ; 0 (0)                     ; 0           ; 0            ; 0       ; 0         ; 0    ; 0            ; |MKRVIDOR4000_top|eco_nn_top:uut|neuron:output_layer[0].final_neuron|lpm_mult:Mult1|multcore:mult_core                                                                                                                                                                                                                                                       ; multcore                          ; work         ;
;                |mpar_add:padder|                                                                                                        ; 9 (0)               ; 0 (0)                     ; 0           ; 0            ; 0       ; 0         ; 0    ; 0            ; |MKRVIDOR4000_top|eco_nn_top:uut|neuron:output_layer[0].final_neuron|lpm_mult:Mult1|multcore:mult_core|mpar_add:padder                                                                                                                                                                                                                                       ; mpar_add                          ; work         ;
;                   |lpm_add_sub:adder[0]|                                                                                                ; 9 (0)               ; 0 (0)                     ; 0           ; 0            ; 0       ; 0         ; 0    ; 0            ; |MKRVIDOR4000_top|eco_nn_top:uut|neuron:output_layer[0].final_neuron|lpm_mult:Mult1|multcore:mult_core|mpar_add:padder|lpm_add_sub:adder[0]                                                                                                                                                                                                                  ; lpm_add_sub                       ; work         ;
;                      |add_sub_rih:auto_generated|                                                                                       ; 9 (9)               ; 0 (0)                     ; 0           ; 0            ; 0       ; 0         ; 0    ; 0            ; |MKRVIDOR4000_top|eco_nn_top:uut|neuron:output_layer[0].final_neuron|lpm_mult:Mult1|multcore:mult_core|mpar_add:padder|lpm_add_sub:adder[0]|add_sub_rih:auto_generated                                                                                                                                                                                       ; add_sub_rih                       ; work         ;
;          |lpm_mult:Mult2|                                                                                                               ; 14 (0)              ; 0 (0)                     ; 0           ; 0            ; 0       ; 0         ; 0    ; 0            ; |MKRVIDOR4000_top|eco_nn_top:uut|neuron:output_layer[0].final_neuron|lpm_mult:Mult2                                                                                                                                                                                                                                                                          ; lpm_mult                          ; work         ;
;             |multcore:mult_core|                                                                                                        ; 14 (7)              ; 0 (0)                     ; 0           ; 0            ; 0       ; 0         ; 0    ; 0            ; |MKRVIDOR4000_top|eco_nn_top:uut|neuron:output_layer[0].final_neuron|lpm_mult:Mult2|multcore:mult_core                                                                                                                                                                                                                                                       ; multcore                          ; work         ;
;                |mpar_add:padder|                                                                                                        ; 7 (0)               ; 0 (0)                     ; 0           ; 0            ; 0       ; 0         ; 0    ; 0            ; |MKRVIDOR4000_top|eco_nn_top:uut|neuron:output_layer[0].final_neuron|lpm_mult:Mult2|multcore:mult_core|mpar_add:padder                                                                                                                                                                                                                                       ; mpar_add                          ; work         ;
;                   |lpm_add_sub:adder[0]|                                                                                                ; 7 (0)               ; 0 (0)                     ; 0           ; 0            ; 0       ; 0         ; 0    ; 0            ; |MKRVIDOR4000_top|eco_nn_top:uut|neuron:output_layer[0].final_neuron|lpm_mult:Mult2|multcore:mult_core|mpar_add:padder|lpm_add_sub:adder[0]                                                                                                                                                                                                                  ; lpm_add_sub                       ; work         ;
;                      |add_sub_qih:auto_generated|                                                                                       ; 7 (7)               ; 0 (0)                     ; 0           ; 0            ; 0       ; 0         ; 0    ; 0            ; |MKRVIDOR4000_top|eco_nn_top:uut|neuron:output_layer[0].final_neuron|lpm_mult:Mult2|multcore:mult_core|mpar_add:padder|lpm_add_sub:adder[0]|add_sub_qih:auto_generated                                                                                                                                                                                       ; add_sub_qih                       ; work         ;
;          |lpm_mult:Mult3|                                                                                                               ; 15 (0)              ; 0 (0)                     ; 0           ; 0            ; 0       ; 0         ; 0    ; 0            ; |MKRVIDOR4000_top|eco_nn_top:uut|neuron:output_layer[0].final_neuron|lpm_mult:Mult3                                                                                                                                                                                                                                                                          ; lpm_mult                          ; work         ;
;             |multcore:mult_core|                                                                                                        ; 15 (7)              ; 0 (0)                     ; 0           ; 0            ; 0       ; 0         ; 0    ; 0            ; |MKRVIDOR4000_top|eco_nn_top:uut|neuron:output_layer[0].final_neuron|lpm_mult:Mult3|multcore:mult_core                                                                                                                                                                                                                                                       ; multcore                          ; work         ;
;                |mpar_add:padder|                                                                                                        ; 8 (0)               ; 0 (0)                     ; 0           ; 0            ; 0       ; 0         ; 0    ; 0            ; |MKRVIDOR4000_top|eco_nn_top:uut|neuron:output_layer[0].final_neuron|lpm_mult:Mult3|multcore:mult_core|mpar_add:padder                                                                                                                                                                                                                                       ; mpar_add                          ; work         ;
;                   |lpm_add_sub:adder[0]|                                                                                                ; 8 (0)               ; 0 (0)                     ; 0           ; 0            ; 0       ; 0         ; 0    ; 0            ; |MKRVIDOR4000_top|eco_nn_top:uut|neuron:output_layer[0].final_neuron|lpm_mult:Mult3|multcore:mult_core|mpar_add:padder|lpm_add_sub:adder[0]                                                                                                                                                                                                                  ; lpm_add_sub                       ; work         ;
;                      |add_sub_qih:auto_generated|                                                                                       ; 8 (8)               ; 0 (0)                     ; 0           ; 0            ; 0       ; 0         ; 0    ; 0            ; |MKRVIDOR4000_top|eco_nn_top:uut|neuron:output_layer[0].final_neuron|lpm_mult:Mult3|multcore:mult_core|mpar_add:padder|lpm_add_sub:adder[0]|add_sub_qih:auto_generated                                                                                                                                                                                       ; add_sub_qih                       ; work         ;
;          |lpm_mult:Mult7|                                                                                                               ; 13 (0)              ; 0 (0)                     ; 0           ; 0            ; 0       ; 0         ; 0    ; 0            ; |MKRVIDOR4000_top|eco_nn_top:uut|neuron:output_layer[0].final_neuron|lpm_mult:Mult7                                                                                                                                                                                                                                                                          ; lpm_mult                          ; work         ;
;             |multcore:mult_core|                                                                                                        ; 13 (8)              ; 0 (0)                     ; 0           ; 0            ; 0       ; 0         ; 0    ; 0            ; |MKRVIDOR4000_top|eco_nn_top:uut|neuron:output_layer[0].final_neuron|lpm_mult:Mult7|multcore:mult_core                                                                                                                                                                                                                                                       ; multcore                          ; work         ;
;                |mpar_add:padder|                                                                                                        ; 5 (0)               ; 0 (0)                     ; 0           ; 0            ; 0       ; 0         ; 0    ; 0            ; |MKRVIDOR4000_top|eco_nn_top:uut|neuron:output_layer[0].final_neuron|lpm_mult:Mult7|multcore:mult_core|mpar_add:padder                                                                                                                                                                                                                                       ; mpar_add                          ; work         ;
;                   |lpm_add_sub:adder[0]|                                                                                                ; 5 (0)               ; 0 (0)                     ; 0           ; 0            ; 0       ; 0         ; 0    ; 0            ; |MKRVIDOR4000_top|eco_nn_top:uut|neuron:output_layer[0].final_neuron|lpm_mult:Mult7|multcore:mult_core|mpar_add:padder|lpm_add_sub:adder[0]                                                                                                                                                                                                                  ; lpm_add_sub                       ; work         ;
;                      |add_sub_qih:auto_generated|                                                                                       ; 5 (5)               ; 0 (0)                     ; 0           ; 0            ; 0       ; 0         ; 0    ; 0            ; |MKRVIDOR4000_top|eco_nn_top:uut|neuron:output_layer[0].final_neuron|lpm_mult:Mult7|multcore:mult_core|mpar_add:padder|lpm_add_sub:adder[0]|add_sub_qih:auto_generated                                                                                                                                                                                       ; add_sub_qih                       ; work         ;
;          |lpm_mult:Mult8|                                                                                                               ; 14 (0)              ; 0 (0)                     ; 0           ; 0            ; 0       ; 0         ; 0    ; 0            ; |MKRVIDOR4000_top|eco_nn_top:uut|neuron:output_layer[0].final_neuron|lpm_mult:Mult8                                                                                                                                                                                                                                                                          ; lpm_mult                          ; work         ;
;             |multcore:mult_core|                                                                                                        ; 14 (7)              ; 0 (0)                     ; 0           ; 0            ; 0       ; 0         ; 0    ; 0            ; |MKRVIDOR4000_top|eco_nn_top:uut|neuron:output_layer[0].final_neuron|lpm_mult:Mult8|multcore:mult_core                                                                                                                                                                                                                                                       ; multcore                          ; work         ;
;                |mpar_add:padder|                                                                                                        ; 7 (0)               ; 0 (0)                     ; 0           ; 0            ; 0       ; 0         ; 0    ; 0            ; |MKRVIDOR4000_top|eco_nn_top:uut|neuron:output_layer[0].final_neuron|lpm_mult:Mult8|multcore:mult_core|mpar_add:padder                                                                                                                                                                                                                                       ; mpar_add                          ; work         ;
;                   |lpm_add_sub:adder[0]|                                                                                                ; 7 (0)               ; 0 (0)                     ; 0           ; 0            ; 0       ; 0         ; 0    ; 0            ; |MKRVIDOR4000_top|eco_nn_top:uut|neuron:output_layer[0].final_neuron|lpm_mult:Mult8|multcore:mult_core|mpar_add:padder|lpm_add_sub:adder[0]                                                                                                                                                                                                                  ; lpm_add_sub                       ; work         ;
;                      |add_sub_qih:auto_generated|                                                                                       ; 7 (7)               ; 0 (0)                     ; 0           ; 0            ; 0       ; 0         ; 0    ; 0            ; |MKRVIDOR4000_top|eco_nn_top:uut|neuron:output_layer[0].final_neuron|lpm_mult:Mult8|multcore:mult_core|mpar_add:padder|lpm_add_sub:adder[0]|add_sub_qih:auto_generated                                                                                                                                                                                       ; add_sub_qih                       ; work         ;
;          |lpm_mult:Mult9|                                                                                                               ; 11 (0)              ; 0 (0)                     ; 0           ; 0            ; 0       ; 0         ; 0    ; 0            ; |MKRVIDOR4000_top|eco_nn_top:uut|neuron:output_layer[0].final_neuron|lpm_mult:Mult9                                                                                                                                                                                                                                                                          ; lpm_mult                          ; work         ;
;             |multcore:mult_core|                                                                                                        ; 11 (6)              ; 0 (0)                     ; 0           ; 0            ; 0       ; 0         ; 0    ; 0            ; |MKRVIDOR4000_top|eco_nn_top:uut|neuron:output_layer[0].final_neuron|lpm_mult:Mult9|multcore:mult_core                                                                                                                                                                                                                                                       ; multcore                          ; work         ;
;                |mpar_add:padder|                                                                                                        ; 5 (0)               ; 0 (0)                     ; 0           ; 0            ; 0       ; 0         ; 0    ; 0            ; |MKRVIDOR4000_top|eco_nn_top:uut|neuron:output_layer[0].final_neuron|lpm_mult:Mult9|multcore:mult_core|mpar_add:padder                                                                                                                                                                                                                                       ; mpar_add                          ; work         ;
;                   |lpm_add_sub:adder[0]|                                                                                                ; 5 (0)               ; 0 (0)                     ; 0           ; 0            ; 0       ; 0         ; 0    ; 0            ; |MKRVIDOR4000_top|eco_nn_top:uut|neuron:output_layer[0].final_neuron|lpm_mult:Mult9|multcore:mult_core|mpar_add:padder|lpm_add_sub:adder[0]                                                                                                                                                                                                                  ; lpm_add_sub                       ; work         ;
;                      |add_sub_oih:auto_generated|                                                                                       ; 5 (5)               ; 0 (0)                     ; 0           ; 0            ; 0       ; 0         ; 0    ; 0            ; |MKRVIDOR4000_top|eco_nn_top:uut|neuron:output_layer[0].final_neuron|lpm_mult:Mult9|multcore:mult_core|mpar_add:padder|lpm_add_sub:adder[0]|add_sub_oih:auto_generated                                                                                                                                                                                       ; add_sub_oih                       ; work         ;
;       |neuron:output_layer[1].final_neuron|                                                                                             ; 277 (141)           ; 8 (8)                     ; 0           ; 0            ; 0       ; 0         ; 0    ; 0            ; |MKRVIDOR4000_top|eco_nn_top:uut|neuron:output_layer[1].final_neuron                                                                                                                                                                                                                                                                                         ; neuron                            ; work         ;
;          |lpm_mult:Mult0|                                                                                                               ; 13 (0)              ; 0 (0)                     ; 0           ; 0            ; 0       ; 0         ; 0    ; 0            ; |MKRVIDOR4000_top|eco_nn_top:uut|neuron:output_layer[1].final_neuron|lpm_mult:Mult0                                                                                                                                                                                                                                                                          ; lpm_mult                          ; work         ;
;             |multcore:mult_core|                                                                                                        ; 13 (8)              ; 0 (0)                     ; 0           ; 0            ; 0       ; 0         ; 0    ; 0            ; |MKRVIDOR4000_top|eco_nn_top:uut|neuron:output_layer[1].final_neuron|lpm_mult:Mult0|multcore:mult_core                                                                                                                                                                                                                                                       ; multcore                          ; work         ;
;                |mpar_add:padder|                                                                                                        ; 5 (0)               ; 0 (0)                     ; 0           ; 0            ; 0       ; 0         ; 0    ; 0            ; |MKRVIDOR4000_top|eco_nn_top:uut|neuron:output_layer[1].final_neuron|lpm_mult:Mult0|multcore:mult_core|mpar_add:padder                                                                                                                                                                                                                                       ; mpar_add                          ; work         ;
;                   |lpm_add_sub:adder[0]|                                                                                                ; 5 (0)               ; 0 (0)                     ; 0           ; 0            ; 0       ; 0         ; 0    ; 0            ; |MKRVIDOR4000_top|eco_nn_top:uut|neuron:output_layer[1].final_neuron|lpm_mult:Mult0|multcore:mult_core|mpar_add:padder|lpm_add_sub:adder[0]                                                                                                                                                                                                                  ; lpm_add_sub                       ; work         ;
;                      |add_sub_qih:auto_generated|                                                                                       ; 5 (5)               ; 0 (0)                     ; 0           ; 0            ; 0       ; 0         ; 0    ; 0            ; |MKRVIDOR4000_top|eco_nn_top:uut|neuron:output_layer[1].final_neuron|lpm_mult:Mult0|multcore:mult_core|mpar_add:padder|lpm_add_sub:adder[0]|add_sub_qih:auto_generated                                                                                                                                                                                       ; add_sub_qih                       ; work         ;
;          |lpm_mult:Mult10|                                                                                                              ; 15 (0)              ; 0 (0)                     ; 0           ; 0            ; 0       ; 0         ; 0    ; 0            ; |MKRVIDOR4000_top|eco_nn_top:uut|neuron:output_layer[1].final_neuron|lpm_mult:Mult10                                                                                                                                                                                                                                                                         ; lpm_mult                          ; work         ;
;             |multcore:mult_core|                                                                                                        ; 15 (7)              ; 0 (0)                     ; 0           ; 0            ; 0       ; 0         ; 0    ; 0            ; |MKRVIDOR4000_top|eco_nn_top:uut|neuron:output_layer[1].final_neuron|lpm_mult:Mult10|multcore:mult_core                                                                                                                                                                                                                                                      ; multcore                          ; work         ;
;                |mpar_add:padder|                                                                                                        ; 8 (0)               ; 0 (0)                     ; 0           ; 0            ; 0       ; 0         ; 0    ; 0            ; |MKRVIDOR4000_top|eco_nn_top:uut|neuron:output_layer[1].final_neuron|lpm_mult:Mult10|multcore:mult_core|mpar_add:padder                                                                                                                                                                                                                                      ; mpar_add                          ; work         ;
;                   |lpm_add_sub:adder[0]|                                                                                                ; 8 (0)               ; 0 (0)                     ; 0           ; 0            ; 0       ; 0         ; 0    ; 0            ; |MKRVIDOR4000_top|eco_nn_top:uut|neuron:output_layer[1].final_neuron|lpm_mult:Mult10|multcore:mult_core|mpar_add:padder|lpm_add_sub:adder[0]                                                                                                                                                                                                                 ; lpm_add_sub                       ; work         ;
;                      |add_sub_qih:auto_generated|                                                                                       ; 8 (8)               ; 0 (0)                     ; 0           ; 0            ; 0       ; 0         ; 0    ; 0            ; |MKRVIDOR4000_top|eco_nn_top:uut|neuron:output_layer[1].final_neuron|lpm_mult:Mult10|multcore:mult_core|mpar_add:padder|lpm_add_sub:adder[0]|add_sub_qih:auto_generated                                                                                                                                                                                      ; add_sub_qih                       ; work         ;
;          |lpm_mult:Mult13|                                                                                                              ; 14 (0)              ; 0 (0)                     ; 0           ; 0            ; 0       ; 0         ; 0    ; 0            ; |MKRVIDOR4000_top|eco_nn_top:uut|neuron:output_layer[1].final_neuron|lpm_mult:Mult13                                                                                                                                                                                                                                                                         ; lpm_mult                          ; work         ;
;             |multcore:mult_core|                                                                                                        ; 14 (7)              ; 0 (0)                     ; 0           ; 0            ; 0       ; 0         ; 0    ; 0            ; |MKRVIDOR4000_top|eco_nn_top:uut|neuron:output_layer[1].final_neuron|lpm_mult:Mult13|multcore:mult_core                                                                                                                                                                                                                                                      ; multcore                          ; work         ;
;                |mpar_add:padder|                                                                                                        ; 7 (0)               ; 0 (0)                     ; 0           ; 0            ; 0       ; 0         ; 0    ; 0            ; |MKRVIDOR4000_top|eco_nn_top:uut|neuron:output_layer[1].final_neuron|lpm_mult:Mult13|multcore:mult_core|mpar_add:padder                                                                                                                                                                                                                                      ; mpar_add                          ; work         ;
;                   |lpm_add_sub:adder[0]|                                                                                                ; 7 (0)               ; 0 (0)                     ; 0           ; 0            ; 0       ; 0         ; 0    ; 0            ; |MKRVIDOR4000_top|eco_nn_top:uut|neuron:output_layer[1].final_neuron|lpm_mult:Mult13|multcore:mult_core|mpar_add:padder|lpm_add_sub:adder[0]                                                                                                                                                                                                                 ; lpm_add_sub                       ; work         ;
;                      |add_sub_qih:auto_generated|                                                                                       ; 7 (7)               ; 0 (0)                     ; 0           ; 0            ; 0       ; 0         ; 0    ; 0            ; |MKRVIDOR4000_top|eco_nn_top:uut|neuron:output_layer[1].final_neuron|lpm_mult:Mult13|multcore:mult_core|mpar_add:padder|lpm_add_sub:adder[0]|add_sub_qih:auto_generated                                                                                                                                                                                      ; add_sub_qih                       ; work         ;
;          |lpm_mult:Mult14|                                                                                                              ; 8 (0)               ; 0 (0)                     ; 0           ; 0            ; 0       ; 0         ; 0    ; 0            ; |MKRVIDOR4000_top|eco_nn_top:uut|neuron:output_layer[1].final_neuron|lpm_mult:Mult14                                                                                                                                                                                                                                                                         ; lpm_mult                          ; work         ;
;             |multcore:mult_core|                                                                                                        ; 8 (3)               ; 0 (0)                     ; 0           ; 0            ; 0       ; 0         ; 0    ; 0            ; |MKRVIDOR4000_top|eco_nn_top:uut|neuron:output_layer[1].final_neuron|lpm_mult:Mult14|multcore:mult_core                                                                                                                                                                                                                                                      ; multcore                          ; work         ;
;                |mpar_add:padder|                                                                                                        ; 5 (0)               ; 0 (0)                     ; 0           ; 0            ; 0       ; 0         ; 0    ; 0            ; |MKRVIDOR4000_top|eco_nn_top:uut|neuron:output_layer[1].final_neuron|lpm_mult:Mult14|multcore:mult_core|mpar_add:padder                                                                                                                                                                                                                                      ; mpar_add                          ; work         ;
;                   |lpm_add_sub:adder[0]|                                                                                                ; 5 (0)               ; 0 (0)                     ; 0           ; 0            ; 0       ; 0         ; 0    ; 0            ; |MKRVIDOR4000_top|eco_nn_top:uut|neuron:output_layer[1].final_neuron|lpm_mult:Mult14|multcore:mult_core|mpar_add:padder|lpm_add_sub:adder[0]                                                                                                                                                                                                                 ; lpm_add_sub                       ; work         ;
;                      |add_sub_qih:auto_generated|                                                                                       ; 5 (5)               ; 0 (0)                     ; 0           ; 0            ; 0       ; 0         ; 0    ; 0            ; |MKRVIDOR4000_top|eco_nn_top:uut|neuron:output_layer[1].final_neuron|lpm_mult:Mult14|multcore:mult_core|mpar_add:padder|lpm_add_sub:adder[0]|add_sub_qih:auto_generated                                                                                                                                                                                      ; add_sub_qih                       ; work         ;
;          |lpm_mult:Mult1|                                                                                                               ; 13 (0)              ; 0 (0)                     ; 0           ; 0            ; 0       ; 0         ; 0    ; 0            ; |MKRVIDOR4000_top|eco_nn_top:uut|neuron:output_layer[1].final_neuron|lpm_mult:Mult1                                                                                                                                                                                                                                                                          ; lpm_mult                          ; work         ;
;             |multcore:mult_core|                                                                                                        ; 13 (5)              ; 0 (0)                     ; 0           ; 0            ; 0       ; 0         ; 0    ; 0            ; |MKRVIDOR4000_top|eco_nn_top:uut|neuron:output_layer[1].final_neuron|lpm_mult:Mult1|multcore:mult_core                                                                                                                                                                                                                                                       ; multcore                          ; work         ;
;                |mpar_add:padder|                                                                                                        ; 8 (0)               ; 0 (0)                     ; 0           ; 0            ; 0       ; 0         ; 0    ; 0            ; |MKRVIDOR4000_top|eco_nn_top:uut|neuron:output_layer[1].final_neuron|lpm_mult:Mult1|multcore:mult_core|mpar_add:padder                                                                                                                                                                                                                                       ; mpar_add                          ; work         ;
;                   |lpm_add_sub:adder[0]|                                                                                                ; 8 (0)               ; 0 (0)                     ; 0           ; 0            ; 0       ; 0         ; 0    ; 0            ; |MKRVIDOR4000_top|eco_nn_top:uut|neuron:output_layer[1].final_neuron|lpm_mult:Mult1|multcore:mult_core|mpar_add:padder|lpm_add_sub:adder[0]                                                                                                                                                                                                                  ; lpm_add_sub                       ; work         ;
;                      |add_sub_qih:auto_generated|                                                                                       ; 8 (8)               ; 0 (0)                     ; 0           ; 0            ; 0       ; 0         ; 0    ; 0            ; |MKRVIDOR4000_top|eco_nn_top:uut|neuron:output_layer[1].final_neuron|lpm_mult:Mult1|multcore:mult_core|mpar_add:padder|lpm_add_sub:adder[0]|add_sub_qih:auto_generated                                                                                                                                                                                       ; add_sub_qih                       ; work         ;
;          |lpm_mult:Mult3|                                                                                                               ; 13 (0)              ; 0 (0)                     ; 0           ; 0            ; 0       ; 0         ; 0    ; 0            ; |MKRVIDOR4000_top|eco_nn_top:uut|neuron:output_layer[1].final_neuron|lpm_mult:Mult3                                                                                                                                                                                                                                                                          ; lpm_mult                          ; work         ;
;             |multcore:mult_core|                                                                                                        ; 13 (8)              ; 0 (0)                     ; 0           ; 0            ; 0       ; 0         ; 0    ; 0            ; |MKRVIDOR4000_top|eco_nn_top:uut|neuron:output_layer[1].final_neuron|lpm_mult:Mult3|multcore:mult_core                                                                                                                                                                                                                                                       ; multcore                          ; work         ;
;                |mpar_add:padder|                                                                                                        ; 5 (0)               ; 0 (0)                     ; 0           ; 0            ; 0       ; 0         ; 0    ; 0            ; |MKRVIDOR4000_top|eco_nn_top:uut|neuron:output_layer[1].final_neuron|lpm_mult:Mult3|multcore:mult_core|mpar_add:padder                                                                                                                                                                                                                                       ; mpar_add                          ; work         ;
;                   |lpm_add_sub:adder[0]|                                                                                                ; 5 (0)               ; 0 (0)                     ; 0           ; 0            ; 0       ; 0         ; 0    ; 0            ; |MKRVIDOR4000_top|eco_nn_top:uut|neuron:output_layer[1].final_neuron|lpm_mult:Mult3|multcore:mult_core|mpar_add:padder|lpm_add_sub:adder[0]                                                                                                                                                                                                                  ; lpm_add_sub                       ; work         ;
;                      |add_sub_qih:auto_generated|                                                                                       ; 5 (5)               ; 0 (0)                     ; 0           ; 0            ; 0       ; 0         ; 0    ; 0            ; |MKRVIDOR4000_top|eco_nn_top:uut|neuron:output_layer[1].final_neuron|lpm_mult:Mult3|multcore:mult_core|mpar_add:padder|lpm_add_sub:adder[0]|add_sub_qih:auto_generated                                                                                                                                                                                       ; add_sub_qih                       ; work         ;
;          |lpm_mult:Mult4|                                                                                                               ; 14 (0)              ; 0 (0)                     ; 0           ; 0            ; 0       ; 0         ; 0    ; 0            ; |MKRVIDOR4000_top|eco_nn_top:uut|neuron:output_layer[1].final_neuron|lpm_mult:Mult4                                                                                                                                                                                                                                                                          ; lpm_mult                          ; work         ;
;             |multcore:mult_core|                                                                                                        ; 14 (7)              ; 0 (0)                     ; 0           ; 0            ; 0       ; 0         ; 0    ; 0            ; |MKRVIDOR4000_top|eco_nn_top:uut|neuron:output_layer[1].final_neuron|lpm_mult:Mult4|multcore:mult_core                                                                                                                                                                                                                                                       ; multcore                          ; work         ;
;                |mpar_add:padder|                                                                                                        ; 7 (0)               ; 0 (0)                     ; 0           ; 0            ; 0       ; 0         ; 0    ; 0            ; |MKRVIDOR4000_top|eco_nn_top:uut|neuron:output_layer[1].final_neuron|lpm_mult:Mult4|multcore:mult_core|mpar_add:padder                                                                                                                                                                                                                                       ; mpar_add                          ; work         ;
;                   |lpm_add_sub:adder[0]|                                                                                                ; 7 (0)               ; 0 (0)                     ; 0           ; 0            ; 0       ; 0         ; 0    ; 0            ; |MKRVIDOR4000_top|eco_nn_top:uut|neuron:output_layer[1].final_neuron|lpm_mult:Mult4|multcore:mult_core|mpar_add:padder|lpm_add_sub:adder[0]                                                                                                                                                                                                                  ; lpm_add_sub                       ; work         ;
;                      |add_sub_pih:auto_generated|                                                                                       ; 7 (7)               ; 0 (0)                     ; 0           ; 0            ; 0       ; 0         ; 0    ; 0            ; |MKRVIDOR4000_top|eco_nn_top:uut|neuron:output_layer[1].final_neuron|lpm_mult:Mult4|multcore:mult_core|mpar_add:padder|lpm_add_sub:adder[0]|add_sub_pih:auto_generated                                                                                                                                                                                       ; add_sub_pih                       ; work         ;
;          |lpm_mult:Mult5|                                                                                                               ; 16 (0)              ; 0 (0)                     ; 0           ; 0            ; 0       ; 0         ; 0    ; 0            ; |MKRVIDOR4000_top|eco_nn_top:uut|neuron:output_layer[1].final_neuron|lpm_mult:Mult5                                                                                                                                                                                                                                                                          ; lpm_mult                          ; work         ;
;             |multcore:mult_core|                                                                                                        ; 16 (8)              ; 0 (0)                     ; 0           ; 0            ; 0       ; 0         ; 0    ; 0            ; |MKRVIDOR4000_top|eco_nn_top:uut|neuron:output_layer[1].final_neuron|lpm_mult:Mult5|multcore:mult_core                                                                                                                                                                                                                                                       ; multcore                          ; work         ;
;                |mpar_add:padder|                                                                                                        ; 8 (0)               ; 0 (0)                     ; 0           ; 0            ; 0       ; 0         ; 0    ; 0            ; |MKRVIDOR4000_top|eco_nn_top:uut|neuron:output_layer[1].final_neuron|lpm_mult:Mult5|multcore:mult_core|mpar_add:padder                                                                                                                                                                                                                                       ; mpar_add                          ; work         ;
;                   |lpm_add_sub:adder[0]|                                                                                                ; 8 (0)               ; 0 (0)                     ; 0           ; 0            ; 0       ; 0         ; 0    ; 0            ; |MKRVIDOR4000_top|eco_nn_top:uut|neuron:output_layer[1].final_neuron|lpm_mult:Mult5|multcore:mult_core|mpar_add:padder|lpm_add_sub:adder[0]                                                                                                                                                                                                                  ; lpm_add_sub                       ; work         ;
;                      |add_sub_qih:auto_generated|                                                                                       ; 8 (8)               ; 0 (0)                     ; 0           ; 0            ; 0       ; 0         ; 0    ; 0            ; |MKRVIDOR4000_top|eco_nn_top:uut|neuron:output_layer[1].final_neuron|lpm_mult:Mult5|multcore:mult_core|mpar_add:padder|lpm_add_sub:adder[0]|add_sub_qih:auto_generated                                                                                                                                                                                       ; add_sub_qih                       ; work         ;
;          |lpm_mult:Mult7|                                                                                                               ; 14 (0)              ; 0 (0)                     ; 0           ; 0            ; 0       ; 0         ; 0    ; 0            ; |MKRVIDOR4000_top|eco_nn_top:uut|neuron:output_layer[1].final_neuron|lpm_mult:Mult7                                                                                                                                                                                                                                                                          ; lpm_mult                          ; work         ;
;             |multcore:mult_core|                                                                                                        ; 14 (6)              ; 0 (0)                     ; 0           ; 0            ; 0       ; 0         ; 0    ; 0            ; |MKRVIDOR4000_top|eco_nn_top:uut|neuron:output_layer[1].final_neuron|lpm_mult:Mult7|multcore:mult_core                                                                                                                                                                                                                                                       ; multcore                          ; work         ;
;                |mpar_add:padder|                                                                                                        ; 8 (0)               ; 0 (0)                     ; 0           ; 0            ; 0       ; 0         ; 0    ; 0            ; |MKRVIDOR4000_top|eco_nn_top:uut|neuron:output_layer[1].final_neuron|lpm_mult:Mult7|multcore:mult_core|mpar_add:padder                                                                                                                                                                                                                                       ; mpar_add                          ; work         ;
;                   |lpm_add_sub:adder[0]|                                                                                                ; 8 (0)               ; 0 (0)                     ; 0           ; 0            ; 0       ; 0         ; 0    ; 0            ; |MKRVIDOR4000_top|eco_nn_top:uut|neuron:output_layer[1].final_neuron|lpm_mult:Mult7|multcore:mult_core|mpar_add:padder|lpm_add_sub:adder[0]                                                                                                                                                                                                                  ; lpm_add_sub                       ; work         ;
;                      |add_sub_qih:auto_generated|                                                                                       ; 8 (8)               ; 0 (0)                     ; 0           ; 0            ; 0       ; 0         ; 0    ; 0            ; |MKRVIDOR4000_top|eco_nn_top:uut|neuron:output_layer[1].final_neuron|lpm_mult:Mult7|multcore:mult_core|mpar_add:padder|lpm_add_sub:adder[0]|add_sub_qih:auto_generated                                                                                                                                                                                       ; add_sub_qih                       ; work         ;
;          |lpm_mult:Mult8|                                                                                                               ; 16 (0)              ; 0 (0)                     ; 0           ; 0            ; 0       ; 0         ; 0    ; 0            ; |MKRVIDOR4000_top|eco_nn_top:uut|neuron:output_layer[1].final_neuron|lpm_mult:Mult8                                                                                                                                                                                                                                                                          ; lpm_mult                          ; work         ;
;             |multcore:mult_core|                                                                                                        ; 16 (8)              ; 0 (0)                     ; 0           ; 0            ; 0       ; 0         ; 0    ; 0            ; |MKRVIDOR4000_top|eco_nn_top:uut|neuron:output_layer[1].final_neuron|lpm_mult:Mult8|multcore:mult_core                                                                                                                                                                                                                                                       ; multcore                          ; work         ;
;                |mpar_add:padder|                                                                                                        ; 8 (0)               ; 0 (0)                     ; 0           ; 0            ; 0       ; 0         ; 0    ; 0            ; |MKRVIDOR4000_top|eco_nn_top:uut|neuron:output_layer[1].final_neuron|lpm_mult:Mult8|multcore:mult_core|mpar_add:padder                                                                                                                                                                                                                                       ; mpar_add                          ; work         ;
;                   |lpm_add_sub:adder[0]|                                                                                                ; 8 (0)               ; 0 (0)                     ; 0           ; 0            ; 0       ; 0         ; 0    ; 0            ; |MKRVIDOR4000_top|eco_nn_top:uut|neuron:output_layer[1].final_neuron|lpm_mult:Mult8|multcore:mult_core|mpar_add:padder|lpm_add_sub:adder[0]                                                                                                                                                                                                                  ; lpm_add_sub                       ; work         ;
;                      |add_sub_qih:auto_generated|                                                                                       ; 8 (8)               ; 0 (0)                     ; 0           ; 0            ; 0       ; 0         ; 0    ; 0            ; |MKRVIDOR4000_top|eco_nn_top:uut|neuron:output_layer[1].final_neuron|lpm_mult:Mult8|multcore:mult_core|mpar_add:padder|lpm_add_sub:adder[0]|add_sub_qih:auto_generated                                                                                                                                                                                       ; add_sub_qih                       ; work         ;
;    |jtag_interface:interfacejtag|                                                                                                       ; 60 (0)              ; 77 (0)                    ; 0           ; 0            ; 0       ; 0         ; 0    ; 0            ; |MKRVIDOR4000_top|jtag_interface:interfacejtag                                                                                                                                                                                                                                                                                                               ; jtag_interface                    ; work         ;
;       |jtag_memory:memory|                                                                                                              ; 57 (57)             ; 64 (64)                   ; 0           ; 0            ; 0       ; 0         ; 0    ; 0            ; |MKRVIDOR4000_top|jtag_interface:interfacejtag|jtag_memory:memory                                                                                                                                                                                                                                                                                            ; jtag_memory                       ; work         ;
;       |jtag_synchronizer:jtag_sync|                                                                                                     ; 0 (0)               ; 13 (1)                    ; 0           ; 0            ; 0       ; 0         ; 0    ; 0            ; |MKRVIDOR4000_top|jtag_interface:interfacejtag|jtag_synchronizer:jtag_sync                                                                                                                                                                                                                                                                                   ; jtag_synchronizer                 ; work         ;
;          |synchronizer_basic:inst1|                                                                                                     ; 0 (0)               ; 2 (2)                     ; 0           ; 0            ; 0       ; 0         ; 0    ; 0            ; |MKRVIDOR4000_top|jtag_interface:interfacejtag|jtag_synchronizer:jtag_sync|synchronizer_basic:inst1                                                                                                                                                                                                                                                          ; synchronizer_basic                ; work         ;
;          |synchronizer_basic:inst2|                                                                                                     ; 0 (0)               ; 2 (2)                     ; 0           ; 0            ; 0       ; 0         ; 0    ; 0            ; |MKRVIDOR4000_top|jtag_interface:interfacejtag|jtag_synchronizer:jtag_sync|synchronizer_basic:inst2                                                                                                                                                                                                                                                          ; synchronizer_basic                ; work         ;
;          |synchronizer_basic:inst3|                                                                                                     ; 0 (0)               ; 2 (2)                     ; 0           ; 0            ; 0       ; 0         ; 0    ; 0            ; |MKRVIDOR4000_top|jtag_interface:interfacejtag|jtag_synchronizer:jtag_sync|synchronizer_basic:inst3                                                                                                                                                                                                                                                          ; synchronizer_basic                ; work         ;
;          |synchronizer_basic:inst5|                                                                                                     ; 0 (0)               ; 2 (2)                     ; 0           ; 0            ; 0       ; 0         ; 0    ; 0            ; |MKRVIDOR4000_top|jtag_interface:interfacejtag|jtag_synchronizer:jtag_sync|synchronizer_basic:inst5                                                                                                                                                                                                                                                          ; synchronizer_basic                ; work         ;
;          |synchronizer_basic:inst6|                                                                                                     ; 0 (0)               ; 2 (2)                     ; 0           ; 0            ; 0       ; 0         ; 0    ; 0            ; |MKRVIDOR4000_top|jtag_interface:interfacejtag|jtag_synchronizer:jtag_sync|synchronizer_basic:inst6                                                                                                                                                                                                                                                          ; synchronizer_basic                ; work         ;
;          |synchronizer_basic:inst|                                                                                                      ; 0 (0)               ; 2 (2)                     ; 0           ; 0            ; 0       ; 0         ; 0    ; 0            ; |MKRVIDOR4000_top|jtag_interface:interfacejtag|jtag_synchronizer:jtag_sync|synchronizer_basic:inst                                                                                                                                                                                                                                                           ; synchronizer_basic                ; work         ;
;       |sld_virtual_jtag:jtag|                                                                                                           ; 3 (0)               ; 0 (0)                     ; 0           ; 0            ; 0       ; 0         ; 0    ; 0            ; |MKRVIDOR4000_top|jtag_interface:interfacejtag|sld_virtual_jtag:jtag                                                                                                                                                                                                                                                                                         ; sld_virtual_jtag                  ; work         ;
;          |sld_virtual_jtag_basic:sld_virtual_jtag_basic_inst|                                                                           ; 3 (3)               ; 0 (0)                     ; 0           ; 0            ; 0       ; 0         ; 0    ; 0            ; |MKRVIDOR4000_top|jtag_interface:interfacejtag|sld_virtual_jtag:jtag|sld_virtual_jtag_basic:sld_virtual_jtag_basic_inst                                                                                                                                                                                                                                      ; sld_virtual_jtag_basic            ; work         ;
;    |sld_hub:auto_hub|                                                                                                                   ; 128 (1)             ; 84 (0)                    ; 0           ; 0            ; 0       ; 0         ; 0    ; 0            ; |MKRVIDOR4000_top|sld_hub:auto_hub                                                                                                                                                                                                                                                                                                                           ; sld_hub                           ; altera_sld   ;
;       |alt_sld_fab_with_jtag_input:\instrumentation_fabric_with_node_gen:fabric_gen_new_way:with_jtag_input_gen:instrumentation_fabric| ; 127 (0)             ; 84 (0)                    ; 0           ; 0            ; 0       ; 0         ; 0    ; 0            ; |MKRVIDOR4000_top|sld_hub:auto_hub|alt_sld_fab_with_jtag_input:\instrumentation_fabric_with_node_gen:fabric_gen_new_way:with_jtag_input_gen:instrumentation_fabric                                                                                                                                                                                           ; alt_sld_fab_with_jtag_input       ; altera_sld   ;
;          |alt_sld_fab:instrumentation_fabric|                                                                                           ; 127 (0)             ; 84 (0)                    ; 0           ; 0            ; 0       ; 0         ; 0    ; 0            ; |MKRVIDOR4000_top|sld_hub:auto_hub|alt_sld_fab_with_jtag_input:\instrumentation_fabric_with_node_gen:fabric_gen_new_way:with_jtag_input_gen:instrumentation_fabric|alt_sld_fab:instrumentation_fabric                                                                                                                                                        ; alt_sld_fab                       ; alt_sld_fab  ;
;             |alt_sld_fab_alt_sld_fab:alt_sld_fab|                                                                                       ; 127 (1)             ; 84 (5)                    ; 0           ; 0            ; 0       ; 0         ; 0    ; 0            ; |MKRVIDOR4000_top|sld_hub:auto_hub|alt_sld_fab_with_jtag_input:\instrumentation_fabric_with_node_gen:fabric_gen_new_way:with_jtag_input_gen:instrumentation_fabric|alt_sld_fab:instrumentation_fabric|alt_sld_fab_alt_sld_fab:alt_sld_fab                                                                                                                    ; alt_sld_fab_alt_sld_fab           ; alt_sld_fab  ;
;                |alt_sld_fab_alt_sld_fab_ident:ident|                                                                                    ; 12 (12)             ; 0 (0)                     ; 0           ; 0            ; 0       ; 0         ; 0    ; 0            ; |MKRVIDOR4000_top|sld_hub:auto_hub|alt_sld_fab_with_jtag_input:\instrumentation_fabric_with_node_gen:fabric_gen_new_way:with_jtag_input_gen:instrumentation_fabric|alt_sld_fab:instrumentation_fabric|alt_sld_fab_alt_sld_fab:alt_sld_fab|alt_sld_fab_alt_sld_fab_ident:ident                                                                                ; alt_sld_fab_alt_sld_fab_ident     ; alt_sld_fab  ;
;                |alt_sld_fab_alt_sld_fab_sldfabric:sldfabric|                                                                            ; 114 (0)             ; 79 (0)                    ; 0           ; 0            ; 0       ; 0         ; 0    ; 0            ; |MKRVIDOR4000_top|sld_hub:auto_hub|alt_sld_fab_with_jtag_input:\instrumentation_fabric_with_node_gen:fabric_gen_new_way:with_jtag_input_gen:instrumentation_fabric|alt_sld_fab:instrumentation_fabric|alt_sld_fab_alt_sld_fab:alt_sld_fab|alt_sld_fab_alt_sld_fab_sldfabric:sldfabric                                                                        ; alt_sld_fab_alt_sld_fab_sldfabric ; alt_sld_fab  ;
;                   |sld_jtag_hub:\jtag_hub_gen:real_sld_jtag_hub|                                                                        ; 114 (73)            ; 79 (51)                   ; 0           ; 0            ; 0       ; 0         ; 0    ; 0            ; |MKRVIDOR4000_top|sld_hub:auto_hub|alt_sld_fab_with_jtag_input:\instrumentation_fabric_with_node_gen:fabric_gen_new_way:with_jtag_input_gen:instrumentation_fabric|alt_sld_fab:instrumentation_fabric|alt_sld_fab_alt_sld_fab:alt_sld_fab|alt_sld_fab_alt_sld_fab_sldfabric:sldfabric|sld_jtag_hub:\jtag_hub_gen:real_sld_jtag_hub                           ; sld_jtag_hub                      ; work         ;
;                      |sld_rom_sr:hub_info_reg|                                                                                          ; 23 (23)             ; 9 (9)                     ; 0           ; 0            ; 0       ; 0         ; 0    ; 0            ; |MKRVIDOR4000_top|sld_hub:auto_hub|alt_sld_fab_with_jtag_input:\instrumentation_fabric_with_node_gen:fabric_gen_new_way:with_jtag_input_gen:instrumentation_fabric|alt_sld_fab:instrumentation_fabric|alt_sld_fab_alt_sld_fab:alt_sld_fab|alt_sld_fab_alt_sld_fab_sldfabric:sldfabric|sld_jtag_hub:\jtag_hub_gen:real_sld_jtag_hub|sld_rom_sr:hub_info_reg   ; sld_rom_sr                        ; work         ;
;                      |sld_shadow_jsm:shadow_jsm|                                                                                        ; 18 (18)             ; 19 (19)                   ; 0           ; 0            ; 0       ; 0         ; 0    ; 0            ; |MKRVIDOR4000_top|sld_hub:auto_hub|alt_sld_fab_with_jtag_input:\instrumentation_fabric_with_node_gen:fabric_gen_new_way:with_jtag_input_gen:instrumentation_fabric|alt_sld_fab:instrumentation_fabric|alt_sld_fab_alt_sld_fab:alt_sld_fab|alt_sld_fab_alt_sld_fab_sldfabric:sldfabric|sld_jtag_hub:\jtag_hub_gen:real_sld_jtag_hub|sld_shadow_jsm:shadow_jsm ; sld_shadow_jsm                    ; altera_sld   ;
+-----------------------------------------------------------------------------------------------------------------------------------------+---------------------+---------------------------+-------------+--------------+---------+-----------+------+--------------+--------------------------------------------------------------------------------------------------------------------------------------------------------------------------------------------------------------------------------------------------------------------------------------------------------------------------------------------------------------+-----------------------------------+--------------+
Note: For table entries with two numbers listed, the numbers in parentheses indicate the number of resources of the given type used by the specific entity alone. The numbers listed outside of parentheses indicate the total resources of the given type used by the specific entity and all of its sub-entities in the hierarchy.


+-------------------------------------------------------------------------------------------------------------------------------------------------------------------------------------------------------------------------------------------------------------------------------------------------------------------------------------------------------------------------+
; Analysis & Synthesis IP Cores Summary                                                                                                                                                                                                                                                                                                                                   ;
+--------+--------------+---------+--------------+--------------+---------------------------------------------------------------------------------------------------------------------------------------------------------------------------------------------------------------------------------------------------------------------------------------+-----------------+
; Vendor ; IP Core Name ; Version ; Release Date ; License Type ; Entity Instance                                                                                                                                                                                                                                                                       ; IP Include File ;
+--------+--------------+---------+--------------+--------------+---------------------------------------------------------------------------------------------------------------------------------------------------------------------------------------------------------------------------------------------------------------------------------------+-----------------+
; Altera ; Signal Tap   ; N/A     ; N/A          ; Licensed     ; |MKRVIDOR4000_top|sld_hub:auto_hub|alt_sld_fab_with_jtag_input:\instrumentation_fabric_with_node_gen:fabric_gen_new_way:with_jtag_input_gen:instrumentation_fabric|alt_sld_fab:instrumentation_fabric                                                                                 ;                 ;
; Altera ; Signal Tap   ; N/A     ; N/A          ; Licensed     ; |MKRVIDOR4000_top|sld_hub:auto_hub|alt_sld_fab_with_jtag_input:\instrumentation_fabric_with_node_gen:fabric_gen_new_way:with_jtag_input_gen:instrumentation_fabric|alt_sld_fab:instrumentation_fabric|alt_sld_fab_alt_sld_fab:alt_sld_fab                                             ;                 ;
; Altera ; Signal Tap   ; N/A     ; N/A          ; Licensed     ; |MKRVIDOR4000_top|sld_hub:auto_hub|alt_sld_fab_with_jtag_input:\instrumentation_fabric_with_node_gen:fabric_gen_new_way:with_jtag_input_gen:instrumentation_fabric|alt_sld_fab:instrumentation_fabric|alt_sld_fab_alt_sld_fab:alt_sld_fab|alt_sld_fab_alt_sld_fab_presplit:presplit   ;                 ;
; Altera ; Signal Tap   ; N/A     ; N/A          ; Licensed     ; |MKRVIDOR4000_top|sld_hub:auto_hub|alt_sld_fab_with_jtag_input:\instrumentation_fabric_with_node_gen:fabric_gen_new_way:with_jtag_input_gen:instrumentation_fabric|alt_sld_fab:instrumentation_fabric|alt_sld_fab_alt_sld_fab:alt_sld_fab|alt_sld_fab_alt_sld_fab_sldfabric:sldfabric ;                 ;
; Altera ; Signal Tap   ; N/A     ; N/A          ; Licensed     ; |MKRVIDOR4000_top|sld_hub:auto_hub|alt_sld_fab_with_jtag_input:\instrumentation_fabric_with_node_gen:fabric_gen_new_way:with_jtag_input_gen:instrumentation_fabric|alt_sld_fab:instrumentation_fabric|alt_sld_fab_alt_sld_fab:alt_sld_fab|alt_sld_fab_alt_sld_fab_splitter:splitter   ;                 ;
+--------+--------------+---------+--------------+--------------+---------------------------------------------------------------------------------------------------------------------------------------------------------------------------------------------------------------------------------------------------------------------------------------+-----------------+


+-------------------------------------------------------------------------------------------------------+
; Registers Removed During Synthesis                                                                    ;
+--------------------------------------------------------------+----------------------------------------+
; Register name                                                ; Reason for Removal                     ;
+--------------------------------------------------------------+----------------------------------------+
; eco_nn_top:uut|neuron:hidden_layer[12].h_neuron|out[0,1]     ; Lost fanout                            ;
; eco_nn_top:uut|neuron:hidden_layer[6].h_neuron|out[0,1]      ; Lost fanout                            ;
; jtag_interface:interfacejtag|jtag_memory:memory|idReg[14,15] ; Stuck at GND due to stuck port data_in ;
; Total Number of Removed Registers = 6                        ;                                        ;
+--------------------------------------------------------------+----------------------------------------+


+---------------------------------------------------------------------------------------------------------------------------------------------------+
; Removed Registers Triggering Further Register Optimizations                                                                                       ;
+-----------------------------------------------------------+---------------------------+-----------------------------------------------------------+
; Register name                                             ; Reason for Removal        ; Registers Removed due to This Register                    ;
+-----------------------------------------------------------+---------------------------+-----------------------------------------------------------+
; jtag_interface:interfacejtag|jtag_memory:memory|idReg[15] ; Stuck at GND              ; jtag_interface:interfacejtag|jtag_memory:memory|idReg[14] ;
;                                                           ; due to stuck port data_in ;                                                           ;
+-----------------------------------------------------------+---------------------------+-----------------------------------------------------------+


+------------------------------------------------------+
; General Register Statistics                          ;
+----------------------------------------------+-------+
; Statistic                                    ; Value ;
+----------------------------------------------+-------+
; Total registers                              ; 375   ;
; Number of registers using Synchronous Clear  ; 118   ;
; Number of registers using Synchronous Load   ; 18    ;
; Number of registers using Asynchronous Clear ; 31    ;
; Number of registers using Asynchronous Load  ; 0     ;
; Number of registers using Clock Enable       ; 318   ;
; Number of registers using Preset             ; 0     ;
+----------------------------------------------+-------+


+-------------------------------------------------------------------------------------------------------------------------------------------------------------------------------------------------------------------------------------------------------------------------------------------------------------------------------------------+
; Inverted Register Statistics                                                                                                                                                                                                                                                                                                              ;
+---------------------------------------------------------------------------------------------------------------------------------------------------------------------------------------------------------------------------------------------------------------------------------------------------------------------------------+---------+
; Inverted Register                                                                                                                                                                                                                                                                                                               ; Fan out ;
+---------------------------------------------------------------------------------------------------------------------------------------------------------------------------------------------------------------------------------------------------------------------------------------------------------------------------------+---------+
; sld_hub:auto_hub|alt_sld_fab_with_jtag_input:\instrumentation_fabric_with_node_gen:fabric_gen_new_way:with_jtag_input_gen:instrumentation_fabric|alt_sld_fab:instrumentation_fabric|alt_sld_fab_alt_sld_fab:alt_sld_fab|alt_sld_fab_alt_sld_fab_sldfabric:sldfabric|sld_jtag_hub:\jtag_hub_gen:real_sld_jtag_hub|jtag_ir_reg[2] ; 2       ;
; sld_hub:auto_hub|alt_sld_fab_with_jtag_input:\instrumentation_fabric_with_node_gen:fabric_gen_new_way:with_jtag_input_gen:instrumentation_fabric|alt_sld_fab:instrumentation_fabric|alt_sld_fab_alt_sld_fab:alt_sld_fab|alt_sld_fab_alt_sld_fab_sldfabric:sldfabric|sld_jtag_hub:\jtag_hub_gen:real_sld_jtag_hub|jtag_ir_reg[1] ; 3       ;
; Total number of inverted registers = 2                                                                                                                                                                                                                                                                                          ;         ;
+---------------------------------------------------------------------------------------------------------------------------------------------------------------------------------------------------------------------------------------------------------------------------------------------------------------------------------+---------+


+---------------------------------------------------------------------------------------------------------------------------------------------------------------------------------------------+
; Multiplexer Restructuring Statistics (No Restructuring Performed)                                                                                                                           ;
+--------------------+-----------+---------------+----------------------+------------------------+------------+-------------------------------------------------------------------------------+
; Multiplexer Inputs ; Bus Width ; Baseline Area ; Area if Restructured ; Saving if Restructured ; Registered ; Example Multiplexer Output                                                    ;
+--------------------+-----------+---------------+----------------------+------------------------+------------+-------------------------------------------------------------------------------+
; 3:1                ; 24 bits   ; 48 LEs        ; 24 LEs               ; 24 LEs                 ; Yes        ; |MKRVIDOR4000_top|jtag_interface:interfacejtag|jtag_memory:memory|workReg[28] ;
; 3:1                ; 13 bits   ; 26 LEs        ; 13 LEs               ; 13 LEs                 ; Yes        ; |MKRVIDOR4000_top|jtag_interface:interfacejtag|jtag_memory:memory|idReg[5]    ;
; 4:1                ; 8 bits    ; 16 LEs        ; 8 LEs                ; 8 LEs                  ; Yes        ; |MKRVIDOR4000_top|eco_nn_top:uut|neuron:output_layer[1].final_neuron|out[0]   ;
; 4:1                ; 8 bits    ; 16 LEs        ; 8 LEs                ; 8 LEs                  ; Yes        ; |MKRVIDOR4000_top|eco_nn_top:uut|neuron:output_layer[0].final_neuron|out[0]   ;
; 4:1                ; 6 bits    ; 12 LEs        ; 6 LEs                ; 6 LEs                  ; Yes        ; |MKRVIDOR4000_top|eco_nn_top:uut|neuron:hidden_layer[12].h_neuron|out[6]      ;
; 4:1                ; 6 bits    ; 12 LEs        ; 6 LEs                ; 6 LEs                  ; Yes        ; |MKRVIDOR4000_top|eco_nn_top:uut|neuron:hidden_layer[6].h_neuron|out[5]       ;
; 7:1                ; 8 bits    ; 32 LEs        ; 16 LEs               ; 16 LEs                 ; Yes        ; |MKRVIDOR4000_top|jtag_interface:interfacejtag|jtag_memory:memory|workReg[6]  ;
; 3:1                ; 32 bits   ; 64 LEs        ; 32 LEs               ; 32 LEs                 ; Yes        ; |MKRVIDOR4000_top|eco_nn_top:uut|window[6][4]                                 ;
; 3:1                ; 32 bits   ; 64 LEs        ; 32 LEs               ; 32 LEs                 ; Yes        ; |MKRVIDOR4000_top|eco_nn_top:uut|window[1][6]                                 ;
; 4:1                ; 8 bits    ; 16 LEs        ; 8 LEs                ; 8 LEs                  ; Yes        ; |MKRVIDOR4000_top|eco_nn_top:uut|neuron:hidden_layer[1].h_neuron|out[6]       ;
; 4:1                ; 8 bits    ; 16 LEs        ; 8 LEs                ; 8 LEs                  ; Yes        ; |MKRVIDOR4000_top|eco_nn_top:uut|neuron:hidden_layer[0].h_neuron|out[7]       ;
; 4:1                ; 8 bits    ; 16 LEs        ; 8 LEs                ; 8 LEs                  ; Yes        ; |MKRVIDOR4000_top|eco_nn_top:uut|neuron:hidden_layer[4].h_neuron|out[1]       ;
; 4:1                ; 8 bits    ; 16 LEs        ; 8 LEs                ; 8 LEs                  ; Yes        ; |MKRVIDOR4000_top|eco_nn_top:uut|neuron:hidden_layer[3].h_neuron|out[5]       ;
; 4:1                ; 8 bits    ; 16 LEs        ; 8 LEs                ; 8 LEs                  ; Yes        ; |MKRVIDOR4000_top|eco_nn_top:uut|neuron:hidden_layer[14].h_neuron|out[2]      ;
; 4:1                ; 8 bits    ; 16 LEs        ; 8 LEs                ; 8 LEs                  ; Yes        ; |MKRVIDOR4000_top|eco_nn_top:uut|neuron:hidden_layer[13].h_neuron|out[6]      ;
; 4:1                ; 8 bits    ; 16 LEs        ; 8 LEs                ; 8 LEs                  ; Yes        ; |MKRVIDOR4000_top|eco_nn_top:uut|neuron:hidden_layer[15].h_neuron|out[3]      ;
; 4:1                ; 8 bits    ; 16 LEs        ; 8 LEs                ; 8 LEs                  ; Yes        ; |MKRVIDOR4000_top|eco_nn_top:uut|neuron:hidden_layer[10].h_neuron|out[1]      ;
; 4:1                ; 8 bits    ; 16 LEs        ; 8 LEs                ; 8 LEs                  ; Yes        ; |MKRVIDOR4000_top|eco_nn_top:uut|neuron:hidden_layer[9].h_neuron|out[2]       ;
; 4:1                ; 8 bits    ; 16 LEs        ; 8 LEs                ; 8 LEs                  ; Yes        ; |MKRVIDOR4000_top|eco_nn_top:uut|neuron:hidden_layer[8].h_neuron|out[6]       ;
; 4:1                ; 8 bits    ; 16 LEs        ; 8 LEs                ; 8 LEs                  ; Yes        ; |MKRVIDOR4000_top|eco_nn_top:uut|neuron:hidden_layer[7].h_neuron|out[7]       ;
; 4:1                ; 8 bits    ; 16 LEs        ; 8 LEs                ; 8 LEs                  ; Yes        ; |MKRVIDOR4000_top|eco_nn_top:uut|neuron:hidden_layer[5].h_neuron|out[7]       ;
; 4:1                ; 8 bits    ; 16 LEs        ; 8 LEs                ; 8 LEs                  ; Yes        ; |MKRVIDOR4000_top|eco_nn_top:uut|neuron:hidden_layer[11].h_neuron|out[1]      ;
; 4:1                ; 8 bits    ; 16 LEs        ; 8 LEs                ; 8 LEs                  ; Yes        ; |MKRVIDOR4000_top|eco_nn_top:uut|neuron:hidden_layer[2].h_neuron|out[7]       ;
+--------------------+-----------+---------------+----------------------+------------------------+------------+-------------------------------------------------------------------------------+


+---------------------------------------------------------------------------------------------+
; Parameter Settings for User Entity Instance: eco_nn_top:uut|neuron:hidden_layer[0].h_neuron ;
+----------------+-------+--------------------------------------------------------------------+
; Parameter Name ; Value ; Type                                                               ;
+----------------+-------+--------------------------------------------------------------------+
; INPUT_SIZE     ; 8     ; Signed Integer                                                     ;
+----------------+-------+--------------------------------------------------------------------+
Note: In order to hide this table in the UI and the text report file, please set the "Show Parameter Settings in Synthesis Report" option in "Analysis and Synthesis Settings -> More Settings" to "Off".


+---------------------------------------------------------------------------------------------+
; Parameter Settings for User Entity Instance: eco_nn_top:uut|neuron:hidden_layer[1].h_neuron ;
+----------------+-------+--------------------------------------------------------------------+
; Parameter Name ; Value ; Type                                                               ;
+----------------+-------+--------------------------------------------------------------------+
; INPUT_SIZE     ; 8     ; Signed Integer                                                     ;
+----------------+-------+--------------------------------------------------------------------+
Note: In order to hide this table in the UI and the text report file, please set the "Show Parameter Settings in Synthesis Report" option in "Analysis and Synthesis Settings -> More Settings" to "Off".


+---------------------------------------------------------------------------------------------+
; Parameter Settings for User Entity Instance: eco_nn_top:uut|neuron:hidden_layer[2].h_neuron ;
+----------------+-------+--------------------------------------------------------------------+
; Parameter Name ; Value ; Type                                                               ;
+----------------+-------+--------------------------------------------------------------------+
; INPUT_SIZE     ; 8     ; Signed Integer                                                     ;
+----------------+-------+--------------------------------------------------------------------+
Note: In order to hide this table in the UI and the text report file, please set the "Show Parameter Settings in Synthesis Report" option in "Analysis and Synthesis Settings -> More Settings" to "Off".


+---------------------------------------------------------------------------------------------+
; Parameter Settings for User Entity Instance: eco_nn_top:uut|neuron:hidden_layer[3].h_neuron ;
+----------------+-------+--------------------------------------------------------------------+
; Parameter Name ; Value ; Type                                                               ;
+----------------+-------+--------------------------------------------------------------------+
; INPUT_SIZE     ; 8     ; Signed Integer                                                     ;
+----------------+-------+--------------------------------------------------------------------+
Note: In order to hide this table in the UI and the text report file, please set the "Show Parameter Settings in Synthesis Report" option in "Analysis and Synthesis Settings -> More Settings" to "Off".


+---------------------------------------------------------------------------------------------+
; Parameter Settings for User Entity Instance: eco_nn_top:uut|neuron:hidden_layer[4].h_neuron ;
+----------------+-------+--------------------------------------------------------------------+
; Parameter Name ; Value ; Type                                                               ;
+----------------+-------+--------------------------------------------------------------------+
; INPUT_SIZE     ; 8     ; Signed Integer                                                     ;
+----------------+-------+--------------------------------------------------------------------+
Note: In order to hide this table in the UI and the text report file, please set the "Show Parameter Settings in Synthesis Report" option in "Analysis and Synthesis Settings -> More Settings" to "Off".


+---------------------------------------------------------------------------------------------+
; Parameter Settings for User Entity Instance: eco_nn_top:uut|neuron:hidden_layer[5].h_neuron ;
+----------------+-------+--------------------------------------------------------------------+
; Parameter Name ; Value ; Type                                                               ;
+----------------+-------+--------------------------------------------------------------------+
; INPUT_SIZE     ; 8     ; Signed Integer                                                     ;
+----------------+-------+--------------------------------------------------------------------+
Note: In order to hide this table in the UI and the text report file, please set the "Show Parameter Settings in Synthesis Report" option in "Analysis and Synthesis Settings -> More Settings" to "Off".


+---------------------------------------------------------------------------------------------+
; Parameter Settings for User Entity Instance: eco_nn_top:uut|neuron:hidden_layer[6].h_neuron ;
+----------------+-------+--------------------------------------------------------------------+
; Parameter Name ; Value ; Type                                                               ;
+----------------+-------+--------------------------------------------------------------------+
; INPUT_SIZE     ; 8     ; Signed Integer                                                     ;
+----------------+-------+--------------------------------------------------------------------+
Note: In order to hide this table in the UI and the text report file, please set the "Show Parameter Settings in Synthesis Report" option in "Analysis and Synthesis Settings -> More Settings" to "Off".


+---------------------------------------------------------------------------------------------+
; Parameter Settings for User Entity Instance: eco_nn_top:uut|neuron:hidden_layer[7].h_neuron ;
+----------------+-------+--------------------------------------------------------------------+
; Parameter Name ; Value ; Type                                                               ;
+----------------+-------+--------------------------------------------------------------------+
; INPUT_SIZE     ; 8     ; Signed Integer                                                     ;
+----------------+-------+--------------------------------------------------------------------+
Note: In order to hide this table in the UI and the text report file, please set the "Show Parameter Settings in Synthesis Report" option in "Analysis and Synthesis Settings -> More Settings" to "Off".


+---------------------------------------------------------------------------------------------+
; Parameter Settings for User Entity Instance: eco_nn_top:uut|neuron:hidden_layer[8].h_neuron ;
+----------------+-------+--------------------------------------------------------------------+
; Parameter Name ; Value ; Type                                                               ;
+----------------+-------+--------------------------------------------------------------------+
; INPUT_SIZE     ; 8     ; Signed Integer                                                     ;
+----------------+-------+--------------------------------------------------------------------+
Note: In order to hide this table in the UI and the text report file, please set the "Show Parameter Settings in Synthesis Report" option in "Analysis and Synthesis Settings -> More Settings" to "Off".


+---------------------------------------------------------------------------------------------+
; Parameter Settings for User Entity Instance: eco_nn_top:uut|neuron:hidden_layer[9].h_neuron ;
+----------------+-------+--------------------------------------------------------------------+
; Parameter Name ; Value ; Type                                                               ;
+----------------+-------+--------------------------------------------------------------------+
; INPUT_SIZE     ; 8     ; Signed Integer                                                     ;
+----------------+-------+--------------------------------------------------------------------+
Note: In order to hide this table in the UI and the text report file, please set the "Show Parameter Settings in Synthesis Report" option in "Analysis and Synthesis Settings -> More Settings" to "Off".


+----------------------------------------------------------------------------------------------+
; Parameter Settings for User Entity Instance: eco_nn_top:uut|neuron:hidden_layer[10].h_neuron ;
+----------------+-------+---------------------------------------------------------------------+
; Parameter Name ; Value ; Type                                                                ;
+----------------+-------+---------------------------------------------------------------------+
; INPUT_SIZE     ; 8     ; Signed Integer                                                      ;
+----------------+-------+---------------------------------------------------------------------+
Note: In order to hide this table in the UI and the text report file, please set the "Show Parameter Settings in Synthesis Report" option in "Analysis and Synthesis Settings -> More Settings" to "Off".


+----------------------------------------------------------------------------------------------+
; Parameter Settings for User Entity Instance: eco_nn_top:uut|neuron:hidden_layer[11].h_neuron ;
+----------------+-------+---------------------------------------------------------------------+
; Parameter Name ; Value ; Type                                                                ;
+----------------+-------+---------------------------------------------------------------------+
; INPUT_SIZE     ; 8     ; Signed Integer                                                      ;
+----------------+-------+---------------------------------------------------------------------+
Note: In order to hide this table in the UI and the text report file, please set the "Show Parameter Settings in Synthesis Report" option in "Analysis and Synthesis Settings -> More Settings" to "Off".


+----------------------------------------------------------------------------------------------+
; Parameter Settings for User Entity Instance: eco_nn_top:uut|neuron:hidden_layer[12].h_neuron ;
+----------------+-------+---------------------------------------------------------------------+
; Parameter Name ; Value ; Type                                                                ;
+----------------+-------+---------------------------------------------------------------------+
; INPUT_SIZE     ; 8     ; Signed Integer                                                      ;
+----------------+-------+---------------------------------------------------------------------+
Note: In order to hide this table in the UI and the text report file, please set the "Show Parameter Settings in Synthesis Report" option in "Analysis and Synthesis Settings -> More Settings" to "Off".


+----------------------------------------------------------------------------------------------+
; Parameter Settings for User Entity Instance: eco_nn_top:uut|neuron:hidden_layer[13].h_neuron ;
+----------------+-------+---------------------------------------------------------------------+
; Parameter Name ; Value ; Type                                                                ;
+----------------+-------+---------------------------------------------------------------------+
; INPUT_SIZE     ; 8     ; Signed Integer                                                      ;
+----------------+-------+---------------------------------------------------------------------+
Note: In order to hide this table in the UI and the text report file, please set the "Show Parameter Settings in Synthesis Report" option in "Analysis and Synthesis Settings -> More Settings" to "Off".


+----------------------------------------------------------------------------------------------+
; Parameter Settings for User Entity Instance: eco_nn_top:uut|neuron:hidden_layer[14].h_neuron ;
+----------------+-------+---------------------------------------------------------------------+
; Parameter Name ; Value ; Type                                                                ;
+----------------+-------+---------------------------------------------------------------------+
; INPUT_SIZE     ; 8     ; Signed Integer                                                      ;
+----------------+-------+---------------------------------------------------------------------+
Note: In order to hide this table in the UI and the text report file, please set the "Show Parameter Settings in Synthesis Report" option in "Analysis and Synthesis Settings -> More Settings" to "Off".


+----------------------------------------------------------------------------------------------+
; Parameter Settings for User Entity Instance: eco_nn_top:uut|neuron:hidden_layer[15].h_neuron ;
+----------------+-------+---------------------------------------------------------------------+
; Parameter Name ; Value ; Type                                                                ;
+----------------+-------+---------------------------------------------------------------------+
; INPUT_SIZE     ; 8     ; Signed Integer                                                      ;
+----------------+-------+---------------------------------------------------------------------+
Note: In order to hide this table in the UI and the text report file, please set the "Show Parameter Settings in Synthesis Report" option in "Analysis and Synthesis Settings -> More Settings" to "Off".


+-------------------------------------------------------------------------------------------------+
; Parameter Settings for User Entity Instance: eco_nn_top:uut|neuron:output_layer[0].final_neuron ;
+----------------+-------+------------------------------------------------------------------------+
; Parameter Name ; Value ; Type                                                                   ;
+----------------+-------+------------------------------------------------------------------------+
; INPUT_SIZE     ; 16    ; Signed Integer                                                         ;
+----------------+-------+------------------------------------------------------------------------+
Note: In order to hide this table in the UI and the text report file, please set the "Show Parameter Settings in Synthesis Report" option in "Analysis and Synthesis Settings -> More Settings" to "Off".


+-------------------------------------------------------------------------------------------------+
; Parameter Settings for User Entity Instance: eco_nn_top:uut|neuron:output_layer[1].final_neuron ;
+----------------+-------+------------------------------------------------------------------------+
; Parameter Name ; Value ; Type                                                                   ;
+----------------+-------+------------------------------------------------------------------------+
; INPUT_SIZE     ; 16    ; Signed Integer                                                         ;
+----------------+-------+------------------------------------------------------------------------+
Note: In order to hide this table in the UI and the text report file, please set the "Show Parameter Settings in Synthesis Report" option in "Analysis and Synthesis Settings -> More Settings" to "Off".


+---------------------------------------------------------------------------+
; Parameter Settings for User Entity Instance: jtag_interface:interfacejtag ;
+---------------------+-------+---------------------------------------------+
; Parameter Name      ; Value ; Type                                        ;
+---------------------+-------+---------------------------------------------+
; REGISTER_SIZE       ; 32    ; Signed Integer                              ;
; NUMBER_OF_REGISTERS ; 4     ; Signed Integer                              ;
+---------------------+-------+---------------------------------------------+
Note: In order to hide this table in the UI and the text report file, please set the "Show Parameter Settings in Synthesis Report" option in "Analysis and Synthesis Settings -> More Settings" to "Off".


+-------------------------------------------------------------------------------------------------+
; Parameter Settings for User Entity Instance: jtag_interface:interfacejtag|sld_virtual_jtag:jtag ;
+-------------------------+------------------+----------------------------------------------------+
; Parameter Name          ; Value            ; Type                                               ;
+-------------------------+------------------+----------------------------------------------------+
; sld_auto_instance_index ; NO               ; String                                             ;
; sld_instance_index      ; 0                ; Signed Integer                                     ;
; sld_ir_width            ; 7                ; Signed Integer                                     ;
; sld_sim_n_scan          ; 0                ; Signed Integer                                     ;
; sld_sim_action          ; UNUSED           ; String                                             ;
; sld_sim_total_length    ; 0                ; Signed Integer                                     ;
; lpm_type                ; sld_virtual_jtag ; String                                             ;
; lpm_hint                ; UNUSED           ; String                                             ;
+-------------------------+------------------+----------------------------------------------------+
Note: In order to hide this table in the UI and the text report file, please set the "Show Parameter Settings in Synthesis Report" option in "Analysis and Synthesis Settings -> More Settings" to "Off".


+----------------------------------------------------------------------------------------------+
; Parameter Settings for User Entity Instance: jtag_interface:interfacejtag|jtag_memory:memory ;
+---------------------+-------+----------------------------------------------------------------+
; Parameter Name      ; Value ; Type                                                           ;
+---------------------+-------+----------------------------------------------------------------+
; REGISTER_SIZE       ; 32    ; Signed Integer                                                 ;
; NUMBER_OF_REGISTERS ; 4     ; Signed Integer                                                 ;
+---------------------+-------+----------------------------------------------------------------+
Note: In order to hide this table in the UI and the text report file, please set the "Show Parameter Settings in Synthesis Report" option in "Analysis and Synthesis Settings -> More Settings" to "Off".


+---------------------------------------------------------------------------------------------------------------------+
; Parameter Settings for Inferred Entity Instance: eco_nn_top:uut|neuron:output_layer[0].final_neuron|lpm_mult:Mult15 ;
+------------------------------------------------+---------------+----------------------------------------------------+
; Parameter Name                                 ; Value         ; Type                                               ;
+------------------------------------------------+---------------+----------------------------------------------------+
; AUTO_CARRY_CHAINS                              ; ON            ; AUTO_CARRY                                         ;
; IGNORE_CARRY_BUFFERS                           ; OFF           ; IGNORE_CARRY                                       ;
; AUTO_CASCADE_CHAINS                            ; ON            ; AUTO_CASCADE                                       ;
; IGNORE_CASCADE_BUFFERS                         ; OFF           ; IGNORE_CASCADE                                     ;
; LPM_WIDTHA                                     ; 8             ; Untyped                                            ;
; LPM_WIDTHB                                     ; 4             ; Untyped                                            ;
; LPM_WIDTHP                                     ; 12            ; Untyped                                            ;
; LPM_WIDTHR                                     ; 12            ; Untyped                                            ;
; LPM_WIDTHS                                     ; 1             ; Untyped                                            ;
; LPM_REPRESENTATION                             ; SIGNED        ; Untyped                                            ;
; LPM_PIPELINE                                   ; 0             ; Untyped                                            ;
; LATENCY                                        ; 0             ; Untyped                                            ;
; INPUT_A_IS_CONSTANT                            ; NO            ; Untyped                                            ;
; INPUT_B_IS_CONSTANT                            ; YES           ; Untyped                                            ;
; USE_EAB                                        ; OFF           ; Untyped                                            ;
; MAXIMIZE_SPEED                                 ; 5             ; Untyped                                            ;
; DEVICE_FAMILY                                  ; Cyclone 10 LP ; Untyped                                            ;
; CARRY_CHAIN                                    ; MANUAL        ; Untyped                                            ;
; APEX20K_TECHNOLOGY_MAPPER                      ; LUT           ; TECH_MAPPER_APEX20K                                ;
; DEDICATED_MULTIPLIER_CIRCUITRY                 ; AUTO          ; Untyped                                            ;
; DEDICATED_MULTIPLIER_MIN_INPUT_WIDTH_FOR_AUTO  ; 0             ; Untyped                                            ;
; DEDICATED_MULTIPLIER_MIN_OUTPUT_WIDTH_FOR_AUTO ; 0             ; Untyped                                            ;
; CBXI_PARAMETER                                 ; NOTHING       ; Untyped                                            ;
; INPUT_A_FIXED_VALUE                            ; Bx            ; Untyped                                            ;
; INPUT_B_FIXED_VALUE                            ; Bx            ; Untyped                                            ;
; USE_AHDL_IMPLEMENTATION                        ; OFF           ; Untyped                                            ;
+------------------------------------------------+---------------+----------------------------------------------------+
Note: In order to hide this table in the UI and the text report file, please set the "Show Parameter Settings in Synthesis Report" option in "Analysis and Synthesis Settings -> More Settings" to "Off".


+--------------------------------------------------------------------------------------------------------------------+
; Parameter Settings for Inferred Entity Instance: eco_nn_top:uut|neuron:output_layer[0].final_neuron|lpm_mult:Mult2 ;
+------------------------------------------------+---------------+---------------------------------------------------+
; Parameter Name                                 ; Value         ; Type                                              ;
+------------------------------------------------+---------------+---------------------------------------------------+
; AUTO_CARRY_CHAINS                              ; ON            ; AUTO_CARRY                                        ;
; IGNORE_CARRY_BUFFERS                           ; OFF           ; IGNORE_CARRY                                      ;
; AUTO_CASCADE_CHAINS                            ; ON            ; AUTO_CASCADE                                      ;
; IGNORE_CASCADE_BUFFERS                         ; OFF           ; IGNORE_CASCADE                                    ;
; LPM_WIDTHA                                     ; 8             ; Untyped                                           ;
; LPM_WIDTHB                                     ; 4             ; Untyped                                           ;
; LPM_WIDTHP                                     ; 12            ; Untyped                                           ;
; LPM_WIDTHR                                     ; 12            ; Untyped                                           ;
; LPM_WIDTHS                                     ; 1             ; Untyped                                           ;
; LPM_REPRESENTATION                             ; SIGNED        ; Untyped                                           ;
; LPM_PIPELINE                                   ; 0             ; Untyped                                           ;
; LATENCY                                        ; 0             ; Untyped                                           ;
; INPUT_A_IS_CONSTANT                            ; NO            ; Untyped                                           ;
; INPUT_B_IS_CONSTANT                            ; YES           ; Untyped                                           ;
; USE_EAB                                        ; OFF           ; Untyped                                           ;
; MAXIMIZE_SPEED                                 ; 5             ; Untyped                                           ;
; DEVICE_FAMILY                                  ; Cyclone 10 LP ; Untyped                                           ;
; CARRY_CHAIN                                    ; MANUAL        ; Untyped                                           ;
; APEX20K_TECHNOLOGY_MAPPER                      ; LUT           ; TECH_MAPPER_APEX20K                               ;
; DEDICATED_MULTIPLIER_CIRCUITRY                 ; AUTO          ; Untyped                                           ;
; DEDICATED_MULTIPLIER_MIN_INPUT_WIDTH_FOR_AUTO  ; 0             ; Untyped                                           ;
; DEDICATED_MULTIPLIER_MIN_OUTPUT_WIDTH_FOR_AUTO ; 0             ; Untyped                                           ;
; CBXI_PARAMETER                                 ; NOTHING       ; Untyped                                           ;
; INPUT_A_FIXED_VALUE                            ; Bx            ; Untyped                                           ;
; INPUT_B_FIXED_VALUE                            ; Bx            ; Untyped                                           ;
; USE_AHDL_IMPLEMENTATION                        ; OFF           ; Untyped                                           ;
+------------------------------------------------+---------------+---------------------------------------------------+
Note: In order to hide this table in the UI and the text report file, please set the "Show Parameter Settings in Synthesis Report" option in "Analysis and Synthesis Settings -> More Settings" to "Off".


+---------------------------------------------------------------------------------------------------------------------+
; Parameter Settings for Inferred Entity Instance: eco_nn_top:uut|neuron:output_layer[0].final_neuron|lpm_mult:Mult14 ;
+------------------------------------------------+---------------+----------------------------------------------------+
; Parameter Name                                 ; Value         ; Type                                               ;
+------------------------------------------------+---------------+----------------------------------------------------+
; AUTO_CARRY_CHAINS                              ; ON            ; AUTO_CARRY                                         ;
; IGNORE_CARRY_BUFFERS                           ; OFF           ; IGNORE_CARRY                                       ;
; AUTO_CASCADE_CHAINS                            ; ON            ; AUTO_CASCADE                                       ;
; IGNORE_CASCADE_BUFFERS                         ; OFF           ; IGNORE_CASCADE                                     ;
; LPM_WIDTHA                                     ; 8             ; Untyped                                            ;
; LPM_WIDTHB                                     ; 5             ; Untyped                                            ;
; LPM_WIDTHP                                     ; 13            ; Untyped                                            ;
; LPM_WIDTHR                                     ; 13            ; Untyped                                            ;
; LPM_WIDTHS                                     ; 1             ; Untyped                                            ;
; LPM_REPRESENTATION                             ; SIGNED        ; Untyped                                            ;
; LPM_PIPELINE                                   ; 0             ; Untyped                                            ;
; LATENCY                                        ; 0             ; Untyped                                            ;
; INPUT_A_IS_CONSTANT                            ; NO            ; Untyped                                            ;
; INPUT_B_IS_CONSTANT                            ; YES           ; Untyped                                            ;
; USE_EAB                                        ; OFF           ; Untyped                                            ;
; MAXIMIZE_SPEED                                 ; 5             ; Untyped                                            ;
; DEVICE_FAMILY                                  ; Cyclone 10 LP ; Untyped                                            ;
; CARRY_CHAIN                                    ; MANUAL        ; Untyped                                            ;
; APEX20K_TECHNOLOGY_MAPPER                      ; LUT           ; TECH_MAPPER_APEX20K                                ;
; DEDICATED_MULTIPLIER_CIRCUITRY                 ; AUTO          ; Untyped                                            ;
; DEDICATED_MULTIPLIER_MIN_INPUT_WIDTH_FOR_AUTO  ; 0             ; Untyped                                            ;
; DEDICATED_MULTIPLIER_MIN_OUTPUT_WIDTH_FOR_AUTO ; 0             ; Untyped                                            ;
; CBXI_PARAMETER                                 ; NOTHING       ; Untyped                                            ;
; INPUT_A_FIXED_VALUE                            ; Bx            ; Untyped                                            ;
; INPUT_B_FIXED_VALUE                            ; Bx            ; Untyped                                            ;
; USE_AHDL_IMPLEMENTATION                        ; OFF           ; Untyped                                            ;
+------------------------------------------------+---------------+----------------------------------------------------+
Note: In order to hide this table in the UI and the text report file, please set the "Show Parameter Settings in Synthesis Report" option in "Analysis and Synthesis Settings -> More Settings" to "Off".


+---------------------------------------------------------------------------------------------------------------------+
; Parameter Settings for Inferred Entity Instance: eco_nn_top:uut|neuron:output_layer[0].final_neuron|lpm_mult:Mult11 ;
+------------------------------------------------+---------------+----------------------------------------------------+
; Parameter Name                                 ; Value         ; Type                                               ;
+------------------------------------------------+---------------+----------------------------------------------------+
; AUTO_CARRY_CHAINS                              ; ON            ; AUTO_CARRY                                         ;
; IGNORE_CARRY_BUFFERS                           ; OFF           ; IGNORE_CARRY                                       ;
; AUTO_CASCADE_CHAINS                            ; ON            ; AUTO_CASCADE                                       ;
; IGNORE_CASCADE_BUFFERS                         ; OFF           ; IGNORE_CASCADE                                     ;
; LPM_WIDTHA                                     ; 8             ; Untyped                                            ;
; LPM_WIDTHB                                     ; 2             ; Untyped                                            ;
; LPM_WIDTHP                                     ; 10            ; Untyped                                            ;
; LPM_WIDTHR                                     ; 10            ; Untyped                                            ;
; LPM_WIDTHS                                     ; 1             ; Untyped                                            ;
; LPM_REPRESENTATION                             ; SIGNED        ; Untyped                                            ;
; LPM_PIPELINE                                   ; 0             ; Untyped                                            ;
; LATENCY                                        ; 0             ; Untyped                                            ;
; INPUT_A_IS_CONSTANT                            ; NO            ; Untyped                                            ;
; INPUT_B_IS_CONSTANT                            ; YES           ; Untyped                                            ;
; USE_EAB                                        ; OFF           ; Untyped                                            ;
; MAXIMIZE_SPEED                                 ; 5             ; Untyped                                            ;
; DEVICE_FAMILY                                  ; Cyclone 10 LP ; Untyped                                            ;
; CARRY_CHAIN                                    ; MANUAL        ; Untyped                                            ;
; APEX20K_TECHNOLOGY_MAPPER                      ; LUT           ; TECH_MAPPER_APEX20K                                ;
; DEDICATED_MULTIPLIER_CIRCUITRY                 ; AUTO          ; Untyped                                            ;
; DEDICATED_MULTIPLIER_MIN_INPUT_WIDTH_FOR_AUTO  ; 0             ; Untyped                                            ;
; DEDICATED_MULTIPLIER_MIN_OUTPUT_WIDTH_FOR_AUTO ; 0             ; Untyped                                            ;
; CBXI_PARAMETER                                 ; NOTHING       ; Untyped                                            ;
; INPUT_A_FIXED_VALUE                            ; Bx            ; Untyped                                            ;
; INPUT_B_FIXED_VALUE                            ; Bx            ; Untyped                                            ;
; USE_AHDL_IMPLEMENTATION                        ; OFF           ; Untyped                                            ;
+------------------------------------------------+---------------+----------------------------------------------------+
Note: In order to hide this table in the UI and the text report file, please set the "Show Parameter Settings in Synthesis Report" option in "Analysis and Synthesis Settings -> More Settings" to "Off".


+--------------------------------------------------------------------------------------------------------------------+
; Parameter Settings for Inferred Entity Instance: eco_nn_top:uut|neuron:output_layer[1].final_neuron|lpm_mult:Mult5 ;
+------------------------------------------------+---------------+---------------------------------------------------+
; Parameter Name                                 ; Value         ; Type                                              ;
+------------------------------------------------+---------------+---------------------------------------------------+
; AUTO_CARRY_CHAINS                              ; ON            ; AUTO_CARRY                                        ;
; IGNORE_CARRY_BUFFERS                           ; OFF           ; IGNORE_CARRY                                      ;
; AUTO_CASCADE_CHAINS                            ; ON            ; AUTO_CASCADE                                      ;
; IGNORE_CASCADE_BUFFERS                         ; OFF           ; IGNORE_CASCADE                                    ;
; LPM_WIDTHA                                     ; 8             ; Untyped                                           ;
; LPM_WIDTHB                                     ; 4             ; Untyped                                           ;
; LPM_WIDTHP                                     ; 12            ; Untyped                                           ;
; LPM_WIDTHR                                     ; 12            ; Untyped                                           ;
; LPM_WIDTHS                                     ; 1             ; Untyped                                           ;
; LPM_REPRESENTATION                             ; SIGNED        ; Untyped                                           ;
; LPM_PIPELINE                                   ; 0             ; Untyped                                           ;
; LATENCY                                        ; 0             ; Untyped                                           ;
; INPUT_A_IS_CONSTANT                            ; NO            ; Untyped                                           ;
; INPUT_B_IS_CONSTANT                            ; YES           ; Untyped                                           ;
; USE_EAB                                        ; OFF           ; Untyped                                           ;
; MAXIMIZE_SPEED                                 ; 5             ; Untyped                                           ;
; DEVICE_FAMILY                                  ; Cyclone 10 LP ; Untyped                                           ;
; CARRY_CHAIN                                    ; MANUAL        ; Untyped                                           ;
; APEX20K_TECHNOLOGY_MAPPER                      ; LUT           ; TECH_MAPPER_APEX20K                               ;
; DEDICATED_MULTIPLIER_CIRCUITRY                 ; AUTO          ; Untyped                                           ;
; DEDICATED_MULTIPLIER_MIN_INPUT_WIDTH_FOR_AUTO  ; 0             ; Untyped                                           ;
; DEDICATED_MULTIPLIER_MIN_OUTPUT_WIDTH_FOR_AUTO ; 0             ; Untyped                                           ;
; CBXI_PARAMETER                                 ; NOTHING       ; Untyped                                           ;
; INPUT_A_FIXED_VALUE                            ; Bx            ; Untyped                                           ;
; INPUT_B_FIXED_VALUE                            ; Bx            ; Untyped                                           ;
; USE_AHDL_IMPLEMENTATION                        ; OFF           ; Untyped                                           ;
+------------------------------------------------+---------------+---------------------------------------------------+
Note: In order to hide this table in the UI and the text report file, please set the "Show Parameter Settings in Synthesis Report" option in "Analysis and Synthesis Settings -> More Settings" to "Off".


+--------------------------------------------------------------------------------------------------------------------+
; Parameter Settings for Inferred Entity Instance: eco_nn_top:uut|neuron:output_layer[1].final_neuron|lpm_mult:Mult7 ;
+------------------------------------------------+---------------+---------------------------------------------------+
; Parameter Name                                 ; Value         ; Type                                              ;
+------------------------------------------------+---------------+---------------------------------------------------+
; AUTO_CARRY_CHAINS                              ; ON            ; AUTO_CARRY                                        ;
; IGNORE_CARRY_BUFFERS                           ; OFF           ; IGNORE_CARRY                                      ;
; AUTO_CASCADE_CHAINS                            ; ON            ; AUTO_CASCADE                                      ;
; IGNORE_CASCADE_BUFFERS                         ; OFF           ; IGNORE_CASCADE                                    ;
; LPM_WIDTHA                                     ; 8             ; Untyped                                           ;
; LPM_WIDTHB                                     ; 4             ; Untyped                                           ;
; LPM_WIDTHP                                     ; 12            ; Untyped                                           ;
; LPM_WIDTHR                                     ; 12            ; Untyped                                           ;
; LPM_WIDTHS                                     ; 1             ; Untyped                                           ;
; LPM_REPRESENTATION                             ; SIGNED        ; Untyped                                           ;
; LPM_PIPELINE                                   ; 0             ; Untyped                                           ;
; LATENCY                                        ; 0             ; Untyped                                           ;
; INPUT_A_IS_CONSTANT                            ; NO            ; Untyped                                           ;
; INPUT_B_IS_CONSTANT                            ; YES           ; Untyped                                           ;
; USE_EAB                                        ; OFF           ; Untyped                                           ;
; MAXIMIZE_SPEED                                 ; 5             ; Untyped                                           ;
; DEVICE_FAMILY                                  ; Cyclone 10 LP ; Untyped                                           ;
; CARRY_CHAIN                                    ; MANUAL        ; Untyped                                           ;
; APEX20K_TECHNOLOGY_MAPPER                      ; LUT           ; TECH_MAPPER_APEX20K                               ;
; DEDICATED_MULTIPLIER_CIRCUITRY                 ; AUTO          ; Untyped                                           ;
; DEDICATED_MULTIPLIER_MIN_INPUT_WIDTH_FOR_AUTO  ; 0             ; Untyped                                           ;
; DEDICATED_MULTIPLIER_MIN_OUTPUT_WIDTH_FOR_AUTO ; 0             ; Untyped                                           ;
; CBXI_PARAMETER                                 ; NOTHING       ; Untyped                                           ;
; INPUT_A_FIXED_VALUE                            ; Bx            ; Untyped                                           ;
; INPUT_B_FIXED_VALUE                            ; Bx            ; Untyped                                           ;
; USE_AHDL_IMPLEMENTATION                        ; OFF           ; Untyped                                           ;
+------------------------------------------------+---------------+---------------------------------------------------+
Note: In order to hide this table in the UI and the text report file, please set the "Show Parameter Settings in Synthesis Report" option in "Analysis and Synthesis Settings -> More Settings" to "Off".


+--------------------------------------------------------------------------------------------------------------------+
; Parameter Settings for Inferred Entity Instance: eco_nn_top:uut|neuron:output_layer[1].final_neuron|lpm_mult:Mult8 ;
+------------------------------------------------+---------------+---------------------------------------------------+
; Parameter Name                                 ; Value         ; Type                                              ;
+------------------------------------------------+---------------+---------------------------------------------------+
; AUTO_CARRY_CHAINS                              ; ON            ; AUTO_CARRY                                        ;
; IGNORE_CARRY_BUFFERS                           ; OFF           ; IGNORE_CARRY                                      ;
; AUTO_CASCADE_CHAINS                            ; ON            ; AUTO_CASCADE                                      ;
; IGNORE_CASCADE_BUFFERS                         ; OFF           ; IGNORE_CASCADE                                    ;
; LPM_WIDTHA                                     ; 8             ; Untyped                                           ;
; LPM_WIDTHB                                     ; 4             ; Untyped                                           ;
; LPM_WIDTHP                                     ; 12            ; Untyped                                           ;
; LPM_WIDTHR                                     ; 12            ; Untyped                                           ;
; LPM_WIDTHS                                     ; 1             ; Untyped                                           ;
; LPM_REPRESENTATION                             ; SIGNED        ; Untyped                                           ;
; LPM_PIPELINE                                   ; 0             ; Untyped                                           ;
; LATENCY                                        ; 0             ; Untyped                                           ;
; INPUT_A_IS_CONSTANT                            ; NO            ; Untyped                                           ;
; INPUT_B_IS_CONSTANT                            ; YES           ; Untyped                                           ;
; USE_EAB                                        ; OFF           ; Untyped                                           ;
; MAXIMIZE_SPEED                                 ; 5             ; Untyped                                           ;
; DEVICE_FAMILY                                  ; Cyclone 10 LP ; Untyped                                           ;
; CARRY_CHAIN                                    ; MANUAL        ; Untyped                                           ;
; APEX20K_TECHNOLOGY_MAPPER                      ; LUT           ; TECH_MAPPER_APEX20K                               ;
; DEDICATED_MULTIPLIER_CIRCUITRY                 ; AUTO          ; Untyped                                           ;
; DEDICATED_MULTIPLIER_MIN_INPUT_WIDTH_FOR_AUTO  ; 0             ; Untyped                                           ;
; DEDICATED_MULTIPLIER_MIN_OUTPUT_WIDTH_FOR_AUTO ; 0             ; Untyped                                           ;
; CBXI_PARAMETER                                 ; NOTHING       ; Untyped                                           ;
; INPUT_A_FIXED_VALUE                            ; Bx            ; Untyped                                           ;
; INPUT_B_FIXED_VALUE                            ; Bx            ; Untyped                                           ;
; USE_AHDL_IMPLEMENTATION                        ; OFF           ; Untyped                                           ;
+------------------------------------------------+---------------+---------------------------------------------------+
Note: In order to hide this table in the UI and the text report file, please set the "Show Parameter Settings in Synthesis Report" option in "Analysis and Synthesis Settings -> More Settings" to "Off".


+---------------------------------------------------------------------------------------------------------------------+
; Parameter Settings for Inferred Entity Instance: eco_nn_top:uut|neuron:output_layer[1].final_neuron|lpm_mult:Mult10 ;
+------------------------------------------------+---------------+----------------------------------------------------+
; Parameter Name                                 ; Value         ; Type                                               ;
+------------------------------------------------+---------------+----------------------------------------------------+
; AUTO_CARRY_CHAINS                              ; ON            ; AUTO_CARRY                                         ;
; IGNORE_CARRY_BUFFERS                           ; OFF           ; IGNORE_CARRY                                       ;
; AUTO_CASCADE_CHAINS                            ; ON            ; AUTO_CASCADE                                       ;
; IGNORE_CASCADE_BUFFERS                         ; OFF           ; IGNORE_CASCADE                                     ;
; LPM_WIDTHA                                     ; 8             ; Untyped                                            ;
; LPM_WIDTHB                                     ; 4             ; Untyped                                            ;
; LPM_WIDTHP                                     ; 12            ; Untyped                                            ;
; LPM_WIDTHR                                     ; 12            ; Untyped                                            ;
; LPM_WIDTHS                                     ; 1             ; Untyped                                            ;
; LPM_REPRESENTATION                             ; SIGNED        ; Untyped                                            ;
; LPM_PIPELINE                                   ; 0             ; Untyped                                            ;
; LATENCY                                        ; 0             ; Untyped                                            ;
; INPUT_A_IS_CONSTANT                            ; NO            ; Untyped                                            ;
; INPUT_B_IS_CONSTANT                            ; YES           ; Untyped                                            ;
; USE_EAB                                        ; OFF           ; Untyped                                            ;
; MAXIMIZE_SPEED                                 ; 5             ; Untyped                                            ;
; DEVICE_FAMILY                                  ; Cyclone 10 LP ; Untyped                                            ;
; CARRY_CHAIN                                    ; MANUAL        ; Untyped                                            ;
; APEX20K_TECHNOLOGY_MAPPER                      ; LUT           ; TECH_MAPPER_APEX20K                                ;
; DEDICATED_MULTIPLIER_CIRCUITRY                 ; AUTO          ; Untyped                                            ;
; DEDICATED_MULTIPLIER_MIN_INPUT_WIDTH_FOR_AUTO  ; 0             ; Untyped                                            ;
; DEDICATED_MULTIPLIER_MIN_OUTPUT_WIDTH_FOR_AUTO ; 0             ; Untyped                                            ;
; CBXI_PARAMETER                                 ; NOTHING       ; Untyped                                            ;
; INPUT_A_FIXED_VALUE                            ; Bx            ; Untyped                                            ;
; INPUT_B_FIXED_VALUE                            ; Bx            ; Untyped                                            ;
; USE_AHDL_IMPLEMENTATION                        ; OFF           ; Untyped                                            ;
+------------------------------------------------+---------------+----------------------------------------------------+
Note: In order to hide this table in the UI and the text report file, please set the "Show Parameter Settings in Synthesis Report" option in "Analysis and Synthesis Settings -> More Settings" to "Off".


+---------------------------------------------------------------------------------------------------------------------+
; Parameter Settings for Inferred Entity Instance: eco_nn_top:uut|neuron:output_layer[1].final_neuron|lpm_mult:Mult13 ;
+------------------------------------------------+---------------+----------------------------------------------------+
; Parameter Name                                 ; Value         ; Type                                               ;
+------------------------------------------------+---------------+----------------------------------------------------+
; AUTO_CARRY_CHAINS                              ; ON            ; AUTO_CARRY                                         ;
; IGNORE_CARRY_BUFFERS                           ; OFF           ; IGNORE_CARRY                                       ;
; AUTO_CASCADE_CHAINS                            ; ON            ; AUTO_CASCADE                                       ;
; IGNORE_CASCADE_BUFFERS                         ; OFF           ; IGNORE_CASCADE                                     ;
; LPM_WIDTHA                                     ; 8             ; Untyped                                            ;
; LPM_WIDTHB                                     ; 4             ; Untyped                                            ;
; LPM_WIDTHP                                     ; 12            ; Untyped                                            ;
; LPM_WIDTHR                                     ; 12            ; Untyped                                            ;
; LPM_WIDTHS                                     ; 1             ; Untyped                                            ;
; LPM_REPRESENTATION                             ; SIGNED        ; Untyped                                            ;
; LPM_PIPELINE                                   ; 0             ; Untyped                                            ;
; LATENCY                                        ; 0             ; Untyped                                            ;
; INPUT_A_IS_CONSTANT                            ; NO            ; Untyped                                            ;
; INPUT_B_IS_CONSTANT                            ; YES           ; Untyped                                            ;
; USE_EAB                                        ; OFF           ; Untyped                                            ;
; MAXIMIZE_SPEED                                 ; 5             ; Untyped                                            ;
; DEVICE_FAMILY                                  ; Cyclone 10 LP ; Untyped                                            ;
; CARRY_CHAIN                                    ; MANUAL        ; Untyped                                            ;
; APEX20K_TECHNOLOGY_MAPPER                      ; LUT           ; TECH_MAPPER_APEX20K                                ;
; DEDICATED_MULTIPLIER_CIRCUITRY                 ; AUTO          ; Untyped                                            ;
; DEDICATED_MULTIPLIER_MIN_INPUT_WIDTH_FOR_AUTO  ; 0             ; Untyped                                            ;
; DEDICATED_MULTIPLIER_MIN_OUTPUT_WIDTH_FOR_AUTO ; 0             ; Untyped                                            ;
; CBXI_PARAMETER                                 ; NOTHING       ; Untyped                                            ;
; INPUT_A_FIXED_VALUE                            ; Bx            ; Untyped                                            ;
; INPUT_B_FIXED_VALUE                            ; Bx            ; Untyped                                            ;
; USE_AHDL_IMPLEMENTATION                        ; OFF           ; Untyped                                            ;
+------------------------------------------------+---------------+----------------------------------------------------+
Note: In order to hide this table in the UI and the text report file, please set the "Show Parameter Settings in Synthesis Report" option in "Analysis and Synthesis Settings -> More Settings" to "Off".


+---------------------------------------------------------------------------------------------------------------------+
; Parameter Settings for Inferred Entity Instance: eco_nn_top:uut|neuron:output_layer[1].final_neuron|lpm_mult:Mult14 ;
+------------------------------------------------+---------------+----------------------------------------------------+
; Parameter Name                                 ; Value         ; Type                                               ;
+------------------------------------------------+---------------+----------------------------------------------------+
; AUTO_CARRY_CHAINS                              ; ON            ; AUTO_CARRY                                         ;
; IGNORE_CARRY_BUFFERS                           ; OFF           ; IGNORE_CARRY                                       ;
; AUTO_CASCADE_CHAINS                            ; ON            ; AUTO_CASCADE                                       ;
; IGNORE_CASCADE_BUFFERS                         ; OFF           ; IGNORE_CASCADE                                     ;
; LPM_WIDTHA                                     ; 8             ; Untyped                                            ;
; LPM_WIDTHB                                     ; 4             ; Untyped                                            ;
; LPM_WIDTHP                                     ; 12            ; Untyped                                            ;
; LPM_WIDTHR                                     ; 12            ; Untyped                                            ;
; LPM_WIDTHS                                     ; 1             ; Untyped                                            ;
; LPM_REPRESENTATION                             ; SIGNED        ; Untyped                                            ;
; LPM_PIPELINE                                   ; 0             ; Untyped                                            ;
; LATENCY                                        ; 0             ; Untyped                                            ;
; INPUT_A_IS_CONSTANT                            ; NO            ; Untyped                                            ;
; INPUT_B_IS_CONSTANT                            ; YES           ; Untyped                                            ;
; USE_EAB                                        ; OFF           ; Untyped                                            ;
; MAXIMIZE_SPEED                                 ; 5             ; Untyped                                            ;
; DEVICE_FAMILY                                  ; Cyclone 10 LP ; Untyped                                            ;
; CARRY_CHAIN                                    ; MANUAL        ; Untyped                                            ;
; APEX20K_TECHNOLOGY_MAPPER                      ; LUT           ; TECH_MAPPER_APEX20K                                ;
; DEDICATED_MULTIPLIER_CIRCUITRY                 ; AUTO          ; Untyped                                            ;
; DEDICATED_MULTIPLIER_MIN_INPUT_WIDTH_FOR_AUTO  ; 0             ; Untyped                                            ;
; DEDICATED_MULTIPLIER_MIN_OUTPUT_WIDTH_FOR_AUTO ; 0             ; Untyped                                            ;
; CBXI_PARAMETER                                 ; NOTHING       ; Untyped                                            ;
; INPUT_A_FIXED_VALUE                            ; Bx            ; Untyped                                            ;
; INPUT_B_FIXED_VALUE                            ; Bx            ; Untyped                                            ;
; USE_AHDL_IMPLEMENTATION                        ; OFF           ; Untyped                                            ;
+------------------------------------------------+---------------+----------------------------------------------------+
Note: In order to hide this table in the UI and the text report file, please set the "Show Parameter Settings in Synthesis Report" option in "Analysis and Synthesis Settings -> More Settings" to "Off".


+--------------------------------------------------------------------------------------------------------------------+
; Parameter Settings for Inferred Entity Instance: eco_nn_top:uut|neuron:output_layer[1].final_neuron|lpm_mult:Mult3 ;
+------------------------------------------------+---------------+---------------------------------------------------+
; Parameter Name                                 ; Value         ; Type                                              ;
+------------------------------------------------+---------------+---------------------------------------------------+
; AUTO_CARRY_CHAINS                              ; ON            ; AUTO_CARRY                                        ;
; IGNORE_CARRY_BUFFERS                           ; OFF           ; IGNORE_CARRY                                      ;
; AUTO_CASCADE_CHAINS                            ; ON            ; AUTO_CASCADE                                      ;
; IGNORE_CASCADE_BUFFERS                         ; OFF           ; IGNORE_CASCADE                                    ;
; LPM_WIDTHA                                     ; 8             ; Untyped                                           ;
; LPM_WIDTHB                                     ; 4             ; Untyped                                           ;
; LPM_WIDTHP                                     ; 12            ; Untyped                                           ;
; LPM_WIDTHR                                     ; 12            ; Untyped                                           ;
; LPM_WIDTHS                                     ; 1             ; Untyped                                           ;
; LPM_REPRESENTATION                             ; SIGNED        ; Untyped                                           ;
; LPM_PIPELINE                                   ; 0             ; Untyped                                           ;
; LATENCY                                        ; 0             ; Untyped                                           ;
; INPUT_A_IS_CONSTANT                            ; NO            ; Untyped                                           ;
; INPUT_B_IS_CONSTANT                            ; YES           ; Untyped                                           ;
; USE_EAB                                        ; OFF           ; Untyped                                           ;
; MAXIMIZE_SPEED                                 ; 5             ; Untyped                                           ;
; DEVICE_FAMILY                                  ; Cyclone 10 LP ; Untyped                                           ;
; CARRY_CHAIN                                    ; MANUAL        ; Untyped                                           ;
; APEX20K_TECHNOLOGY_MAPPER                      ; LUT           ; TECH_MAPPER_APEX20K                               ;
; DEDICATED_MULTIPLIER_CIRCUITRY                 ; AUTO          ; Untyped                                           ;
; DEDICATED_MULTIPLIER_MIN_INPUT_WIDTH_FOR_AUTO  ; 0             ; Untyped                                           ;
; DEDICATED_MULTIPLIER_MIN_OUTPUT_WIDTH_FOR_AUTO ; 0             ; Untyped                                           ;
; CBXI_PARAMETER                                 ; NOTHING       ; Untyped                                           ;
; INPUT_A_FIXED_VALUE                            ; Bx            ; Untyped                                           ;
; INPUT_B_FIXED_VALUE                            ; Bx            ; Untyped                                           ;
; USE_AHDL_IMPLEMENTATION                        ; OFF           ; Untyped                                           ;
+------------------------------------------------+---------------+---------------------------------------------------+
Note: In order to hide this table in the UI and the text report file, please set the "Show Parameter Settings in Synthesis Report" option in "Analysis and Synthesis Settings -> More Settings" to "Off".


+--------------------------------------------------------------------------------------------------------------------+
; Parameter Settings for Inferred Entity Instance: eco_nn_top:uut|neuron:output_layer[1].final_neuron|lpm_mult:Mult4 ;
+------------------------------------------------+---------------+---------------------------------------------------+
; Parameter Name                                 ; Value         ; Type                                              ;
+------------------------------------------------+---------------+---------------------------------------------------+
; AUTO_CARRY_CHAINS                              ; ON            ; AUTO_CARRY                                        ;
; IGNORE_CARRY_BUFFERS                           ; OFF           ; IGNORE_CARRY                                      ;
; AUTO_CASCADE_CHAINS                            ; ON            ; AUTO_CASCADE                                      ;
; IGNORE_CASCADE_BUFFERS                         ; OFF           ; IGNORE_CASCADE                                    ;
; LPM_WIDTHA                                     ; 8             ; Untyped                                           ;
; LPM_WIDTHB                                     ; 3             ; Untyped                                           ;
; LPM_WIDTHP                                     ; 11            ; Untyped                                           ;
; LPM_WIDTHR                                     ; 11            ; Untyped                                           ;
; LPM_WIDTHS                                     ; 1             ; Untyped                                           ;
; LPM_REPRESENTATION                             ; SIGNED        ; Untyped                                           ;
; LPM_PIPELINE                                   ; 0             ; Untyped                                           ;
; LATENCY                                        ; 0             ; Untyped                                           ;
; INPUT_A_IS_CONSTANT                            ; NO            ; Untyped                                           ;
; INPUT_B_IS_CONSTANT                            ; YES           ; Untyped                                           ;
; USE_EAB                                        ; OFF           ; Untyped                                           ;
; MAXIMIZE_SPEED                                 ; 5             ; Untyped                                           ;
; DEVICE_FAMILY                                  ; Cyclone 10 LP ; Untyped                                           ;
; CARRY_CHAIN                                    ; MANUAL        ; Untyped                                           ;
; APEX20K_TECHNOLOGY_MAPPER                      ; LUT           ; TECH_MAPPER_APEX20K                               ;
; DEDICATED_MULTIPLIER_CIRCUITRY                 ; AUTO          ; Untyped                                           ;
; DEDICATED_MULTIPLIER_MIN_INPUT_WIDTH_FOR_AUTO  ; 0             ; Untyped                                           ;
; DEDICATED_MULTIPLIER_MIN_OUTPUT_WIDTH_FOR_AUTO ; 0             ; Untyped                                           ;
; CBXI_PARAMETER                                 ; NOTHING       ; Untyped                                           ;
; INPUT_A_FIXED_VALUE                            ; Bx            ; Untyped                                           ;
; INPUT_B_FIXED_VALUE                            ; Bx            ; Untyped                                           ;
; USE_AHDL_IMPLEMENTATION                        ; OFF           ; Untyped                                           ;
+------------------------------------------------+---------------+---------------------------------------------------+
Note: In order to hide this table in the UI and the text report file, please set the "Show Parameter Settings in Synthesis Report" option in "Analysis and Synthesis Settings -> More Settings" to "Off".


+--------------------------------------------------------------------------------------------------------------------+
; Parameter Settings for Inferred Entity Instance: eco_nn_top:uut|neuron:output_layer[1].final_neuron|lpm_mult:Mult0 ;
+------------------------------------------------+---------------+---------------------------------------------------+
; Parameter Name                                 ; Value         ; Type                                              ;
+------------------------------------------------+---------------+---------------------------------------------------+
; AUTO_CARRY_CHAINS                              ; ON            ; AUTO_CARRY                                        ;
; IGNORE_CARRY_BUFFERS                           ; OFF           ; IGNORE_CARRY                                      ;
; AUTO_CASCADE_CHAINS                            ; ON            ; AUTO_CASCADE                                      ;
; IGNORE_CASCADE_BUFFERS                         ; OFF           ; IGNORE_CASCADE                                    ;
; LPM_WIDTHA                                     ; 8             ; Untyped                                           ;
; LPM_WIDTHB                                     ; 4             ; Untyped                                           ;
; LPM_WIDTHP                                     ; 12            ; Untyped                                           ;
; LPM_WIDTHR                                     ; 12            ; Untyped                                           ;
; LPM_WIDTHS                                     ; 1             ; Untyped                                           ;
; LPM_REPRESENTATION                             ; SIGNED        ; Untyped                                           ;
; LPM_PIPELINE                                   ; 0             ; Untyped                                           ;
; LATENCY                                        ; 0             ; Untyped                                           ;
; INPUT_A_IS_CONSTANT                            ; NO            ; Untyped                                           ;
; INPUT_B_IS_CONSTANT                            ; YES           ; Untyped                                           ;
; USE_EAB                                        ; OFF           ; Untyped                                           ;
; MAXIMIZE_SPEED                                 ; 5             ; Untyped                                           ;
; DEVICE_FAMILY                                  ; Cyclone 10 LP ; Untyped                                           ;
; CARRY_CHAIN                                    ; MANUAL        ; Untyped                                           ;
; APEX20K_TECHNOLOGY_MAPPER                      ; LUT           ; TECH_MAPPER_APEX20K                               ;
; DEDICATED_MULTIPLIER_CIRCUITRY                 ; AUTO          ; Untyped                                           ;
; DEDICATED_MULTIPLIER_MIN_INPUT_WIDTH_FOR_AUTO  ; 0             ; Untyped                                           ;
; DEDICATED_MULTIPLIER_MIN_OUTPUT_WIDTH_FOR_AUTO ; 0             ; Untyped                                           ;
; CBXI_PARAMETER                                 ; NOTHING       ; Untyped                                           ;
; INPUT_A_FIXED_VALUE                            ; Bx            ; Untyped                                           ;
; INPUT_B_FIXED_VALUE                            ; Bx            ; Untyped                                           ;
; USE_AHDL_IMPLEMENTATION                        ; OFF           ; Untyped                                           ;
+------------------------------------------------+---------------+---------------------------------------------------+
Note: In order to hide this table in the UI and the text report file, please set the "Show Parameter Settings in Synthesis Report" option in "Analysis and Synthesis Settings -> More Settings" to "Off".


+--------------------------------------------------------------------------------------------------------------------+
; Parameter Settings for Inferred Entity Instance: eco_nn_top:uut|neuron:output_layer[1].final_neuron|lpm_mult:Mult1 ;
+------------------------------------------------+---------------+---------------------------------------------------+
; Parameter Name                                 ; Value         ; Type                                              ;
+------------------------------------------------+---------------+---------------------------------------------------+
; AUTO_CARRY_CHAINS                              ; ON            ; AUTO_CARRY                                        ;
; IGNORE_CARRY_BUFFERS                           ; OFF           ; IGNORE_CARRY                                      ;
; AUTO_CASCADE_CHAINS                            ; ON            ; AUTO_CASCADE                                      ;
; IGNORE_CASCADE_BUFFERS                         ; OFF           ; IGNORE_CASCADE                                    ;
; LPM_WIDTHA                                     ; 8             ; Untyped                                           ;
; LPM_WIDTHB                                     ; 4             ; Untyped                                           ;
; LPM_WIDTHP                                     ; 12            ; Untyped                                           ;
; LPM_WIDTHR                                     ; 12            ; Untyped                                           ;
; LPM_WIDTHS                                     ; 1             ; Untyped                                           ;
; LPM_REPRESENTATION                             ; SIGNED        ; Untyped                                           ;
; LPM_PIPELINE                                   ; 0             ; Untyped                                           ;
; LATENCY                                        ; 0             ; Untyped                                           ;
; INPUT_A_IS_CONSTANT                            ; NO            ; Untyped                                           ;
; INPUT_B_IS_CONSTANT                            ; YES           ; Untyped                                           ;
; USE_EAB                                        ; OFF           ; Untyped                                           ;
; MAXIMIZE_SPEED                                 ; 5             ; Untyped                                           ;
; DEVICE_FAMILY                                  ; Cyclone 10 LP ; Untyped                                           ;
; CARRY_CHAIN                                    ; MANUAL        ; Untyped                                           ;
; APEX20K_TECHNOLOGY_MAPPER                      ; LUT           ; TECH_MAPPER_APEX20K                               ;
; DEDICATED_MULTIPLIER_CIRCUITRY                 ; AUTO          ; Untyped                                           ;
; DEDICATED_MULTIPLIER_MIN_INPUT_WIDTH_FOR_AUTO  ; 0             ; Untyped                                           ;
; DEDICATED_MULTIPLIER_MIN_OUTPUT_WIDTH_FOR_AUTO ; 0             ; Untyped                                           ;
; CBXI_PARAMETER                                 ; NOTHING       ; Untyped                                           ;
; INPUT_A_FIXED_VALUE                            ; Bx            ; Untyped                                           ;
; INPUT_B_FIXED_VALUE                            ; Bx            ; Untyped                                           ;
; USE_AHDL_IMPLEMENTATION                        ; OFF           ; Untyped                                           ;
+------------------------------------------------+---------------+---------------------------------------------------+
Note: In order to hide this table in the UI and the text report file, please set the "Show Parameter Settings in Synthesis Report" option in "Analysis and Synthesis Settings -> More Settings" to "Off".


+--------------------------------------------------------------------------------------------------------------------+
; Parameter Settings for Inferred Entity Instance: eco_nn_top:uut|neuron:output_layer[0].final_neuron|lpm_mult:Mult0 ;
+------------------------------------------------+---------------+---------------------------------------------------+
; Parameter Name                                 ; Value         ; Type                                              ;
+------------------------------------------------+---------------+---------------------------------------------------+
; AUTO_CARRY_CHAINS                              ; ON            ; AUTO_CARRY                                        ;
; IGNORE_CARRY_BUFFERS                           ; OFF           ; IGNORE_CARRY                                      ;
; AUTO_CASCADE_CHAINS                            ; ON            ; AUTO_CASCADE                                      ;
; IGNORE_CASCADE_BUFFERS                         ; OFF           ; IGNORE_CASCADE                                    ;
; LPM_WIDTHA                                     ; 8             ; Untyped                                           ;
; LPM_WIDTHB                                     ; 4             ; Untyped                                           ;
; LPM_WIDTHP                                     ; 12            ; Untyped                                           ;
; LPM_WIDTHR                                     ; 12            ; Untyped                                           ;
; LPM_WIDTHS                                     ; 1             ; Untyped                                           ;
; LPM_REPRESENTATION                             ; SIGNED        ; Untyped                                           ;
; LPM_PIPELINE                                   ; 0             ; Untyped                                           ;
; LATENCY                                        ; 0             ; Untyped                                           ;
; INPUT_A_IS_CONSTANT                            ; NO            ; Untyped                                           ;
; INPUT_B_IS_CONSTANT                            ; YES           ; Untyped                                           ;
; USE_EAB                                        ; OFF           ; Untyped                                           ;
; MAXIMIZE_SPEED                                 ; 5             ; Untyped                                           ;
; DEVICE_FAMILY                                  ; Cyclone 10 LP ; Untyped                                           ;
; CARRY_CHAIN                                    ; MANUAL        ; Untyped                                           ;
; APEX20K_TECHNOLOGY_MAPPER                      ; LUT           ; TECH_MAPPER_APEX20K                               ;
; DEDICATED_MULTIPLIER_CIRCUITRY                 ; AUTO          ; Untyped                                           ;
; DEDICATED_MULTIPLIER_MIN_INPUT_WIDTH_FOR_AUTO  ; 0             ; Untyped                                           ;
; DEDICATED_MULTIPLIER_MIN_OUTPUT_WIDTH_FOR_AUTO ; 0             ; Untyped                                           ;
; CBXI_PARAMETER                                 ; NOTHING       ; Untyped                                           ;
; INPUT_A_FIXED_VALUE                            ; Bx            ; Untyped                                           ;
; INPUT_B_FIXED_VALUE                            ; Bx            ; Untyped                                           ;
; USE_AHDL_IMPLEMENTATION                        ; OFF           ; Untyped                                           ;
+------------------------------------------------+---------------+---------------------------------------------------+
Note: In order to hide this table in the UI and the text report file, please set the "Show Parameter Settings in Synthesis Report" option in "Analysis and Synthesis Settings -> More Settings" to "Off".


+--------------------------------------------------------------------------------------------------------------------+
; Parameter Settings for Inferred Entity Instance: eco_nn_top:uut|neuron:output_layer[0].final_neuron|lpm_mult:Mult1 ;
+------------------------------------------------+---------------+---------------------------------------------------+
; Parameter Name                                 ; Value         ; Type                                              ;
+------------------------------------------------+---------------+---------------------------------------------------+
; AUTO_CARRY_CHAINS                              ; ON            ; AUTO_CARRY                                        ;
; IGNORE_CARRY_BUFFERS                           ; OFF           ; IGNORE_CARRY                                      ;
; AUTO_CASCADE_CHAINS                            ; ON            ; AUTO_CASCADE                                      ;
; IGNORE_CASCADE_BUFFERS                         ; OFF           ; IGNORE_CASCADE                                    ;
; LPM_WIDTHA                                     ; 8             ; Untyped                                           ;
; LPM_WIDTHB                                     ; 5             ; Untyped                                           ;
; LPM_WIDTHP                                     ; 13            ; Untyped                                           ;
; LPM_WIDTHR                                     ; 13            ; Untyped                                           ;
; LPM_WIDTHS                                     ; 1             ; Untyped                                           ;
; LPM_REPRESENTATION                             ; SIGNED        ; Untyped                                           ;
; LPM_PIPELINE                                   ; 0             ; Untyped                                           ;
; LATENCY                                        ; 0             ; Untyped                                           ;
; INPUT_A_IS_CONSTANT                            ; NO            ; Untyped                                           ;
; INPUT_B_IS_CONSTANT                            ; YES           ; Untyped                                           ;
; USE_EAB                                        ; OFF           ; Untyped                                           ;
; MAXIMIZE_SPEED                                 ; 5             ; Untyped                                           ;
; DEVICE_FAMILY                                  ; Cyclone 10 LP ; Untyped                                           ;
; CARRY_CHAIN                                    ; MANUAL        ; Untyped                                           ;
; APEX20K_TECHNOLOGY_MAPPER                      ; LUT           ; TECH_MAPPER_APEX20K                               ;
; DEDICATED_MULTIPLIER_CIRCUITRY                 ; AUTO          ; Untyped                                           ;
; DEDICATED_MULTIPLIER_MIN_INPUT_WIDTH_FOR_AUTO  ; 0             ; Untyped                                           ;
; DEDICATED_MULTIPLIER_MIN_OUTPUT_WIDTH_FOR_AUTO ; 0             ; Untyped                                           ;
; CBXI_PARAMETER                                 ; NOTHING       ; Untyped                                           ;
; INPUT_A_FIXED_VALUE                            ; Bx            ; Untyped                                           ;
; INPUT_B_FIXED_VALUE                            ; Bx            ; Untyped                                           ;
; USE_AHDL_IMPLEMENTATION                        ; OFF           ; Untyped                                           ;
+------------------------------------------------+---------------+---------------------------------------------------+
Note: In order to hide this table in the UI and the text report file, please set the "Show Parameter Settings in Synthesis Report" option in "Analysis and Synthesis Settings -> More Settings" to "Off".


+--------------------------------------------------------------------------------------------------------------------+
; Parameter Settings for Inferred Entity Instance: eco_nn_top:uut|neuron:output_layer[0].final_neuron|lpm_mult:Mult3 ;
+------------------------------------------------+---------------+---------------------------------------------------+
; Parameter Name                                 ; Value         ; Type                                              ;
+------------------------------------------------+---------------+---------------------------------------------------+
; AUTO_CARRY_CHAINS                              ; ON            ; AUTO_CARRY                                        ;
; IGNORE_CARRY_BUFFERS                           ; OFF           ; IGNORE_CARRY                                      ;
; AUTO_CASCADE_CHAINS                            ; ON            ; AUTO_CASCADE                                      ;
; IGNORE_CASCADE_BUFFERS                         ; OFF           ; IGNORE_CASCADE                                    ;
; LPM_WIDTHA                                     ; 8             ; Untyped                                           ;
; LPM_WIDTHB                                     ; 4             ; Untyped                                           ;
; LPM_WIDTHP                                     ; 12            ; Untyped                                           ;
; LPM_WIDTHR                                     ; 12            ; Untyped                                           ;
; LPM_WIDTHS                                     ; 1             ; Untyped                                           ;
; LPM_REPRESENTATION                             ; SIGNED        ; Untyped                                           ;
; LPM_PIPELINE                                   ; 0             ; Untyped                                           ;
; LATENCY                                        ; 0             ; Untyped                                           ;
; INPUT_A_IS_CONSTANT                            ; NO            ; Untyped                                           ;
; INPUT_B_IS_CONSTANT                            ; YES           ; Untyped                                           ;
; USE_EAB                                        ; OFF           ; Untyped                                           ;
; MAXIMIZE_SPEED                                 ; 5             ; Untyped                                           ;
; DEVICE_FAMILY                                  ; Cyclone 10 LP ; Untyped                                           ;
; CARRY_CHAIN                                    ; MANUAL        ; Untyped                                           ;
; APEX20K_TECHNOLOGY_MAPPER                      ; LUT           ; TECH_MAPPER_APEX20K                               ;
; DEDICATED_MULTIPLIER_CIRCUITRY                 ; AUTO          ; Untyped                                           ;
; DEDICATED_MULTIPLIER_MIN_INPUT_WIDTH_FOR_AUTO  ; 0             ; Untyped                                           ;
; DEDICATED_MULTIPLIER_MIN_OUTPUT_WIDTH_FOR_AUTO ; 0             ; Untyped                                           ;
; CBXI_PARAMETER                                 ; NOTHING       ; Untyped                                           ;
; INPUT_A_FIXED_VALUE                            ; Bx            ; Untyped                                           ;
; INPUT_B_FIXED_VALUE                            ; Bx            ; Untyped                                           ;
; USE_AHDL_IMPLEMENTATION                        ; OFF           ; Untyped                                           ;
+------------------------------------------------+---------------+---------------------------------------------------+
Note: In order to hide this table in the UI and the text report file, please set the "Show Parameter Settings in Synthesis Report" option in "Analysis and Synthesis Settings -> More Settings" to "Off".


+--------------------------------------------------------------------------------------------------------------------+
; Parameter Settings for Inferred Entity Instance: eco_nn_top:uut|neuron:output_layer[0].final_neuron|lpm_mult:Mult7 ;
+------------------------------------------------+---------------+---------------------------------------------------+
; Parameter Name                                 ; Value         ; Type                                              ;
+------------------------------------------------+---------------+---------------------------------------------------+
; AUTO_CARRY_CHAINS                              ; ON            ; AUTO_CARRY                                        ;
; IGNORE_CARRY_BUFFERS                           ; OFF           ; IGNORE_CARRY                                      ;
; AUTO_CASCADE_CHAINS                            ; ON            ; AUTO_CASCADE                                      ;
; IGNORE_CASCADE_BUFFERS                         ; OFF           ; IGNORE_CASCADE                                    ;
; LPM_WIDTHA                                     ; 8             ; Untyped                                           ;
; LPM_WIDTHB                                     ; 4             ; Untyped                                           ;
; LPM_WIDTHP                                     ; 12            ; Untyped                                           ;
; LPM_WIDTHR                                     ; 12            ; Untyped                                           ;
; LPM_WIDTHS                                     ; 1             ; Untyped                                           ;
; LPM_REPRESENTATION                             ; SIGNED        ; Untyped                                           ;
; LPM_PIPELINE                                   ; 0             ; Untyped                                           ;
; LATENCY                                        ; 0             ; Untyped                                           ;
; INPUT_A_IS_CONSTANT                            ; NO            ; Untyped                                           ;
; INPUT_B_IS_CONSTANT                            ; YES           ; Untyped                                           ;
; USE_EAB                                        ; OFF           ; Untyped                                           ;
; MAXIMIZE_SPEED                                 ; 5             ; Untyped                                           ;
; DEVICE_FAMILY                                  ; Cyclone 10 LP ; Untyped                                           ;
; CARRY_CHAIN                                    ; MANUAL        ; Untyped                                           ;
; APEX20K_TECHNOLOGY_MAPPER                      ; LUT           ; TECH_MAPPER_APEX20K                               ;
; DEDICATED_MULTIPLIER_CIRCUITRY                 ; AUTO          ; Untyped                                           ;
; DEDICATED_MULTIPLIER_MIN_INPUT_WIDTH_FOR_AUTO  ; 0             ; Untyped                                           ;
; DEDICATED_MULTIPLIER_MIN_OUTPUT_WIDTH_FOR_AUTO ; 0             ; Untyped                                           ;
; CBXI_PARAMETER                                 ; NOTHING       ; Untyped                                           ;
; INPUT_A_FIXED_VALUE                            ; Bx            ; Untyped                                           ;
; INPUT_B_FIXED_VALUE                            ; Bx            ; Untyped                                           ;
; USE_AHDL_IMPLEMENTATION                        ; OFF           ; Untyped                                           ;
+------------------------------------------------+---------------+---------------------------------------------------+
Note: In order to hide this table in the UI and the text report file, please set the "Show Parameter Settings in Synthesis Report" option in "Analysis and Synthesis Settings -> More Settings" to "Off".


+--------------------------------------------------------------------------------------------------------------------+
; Parameter Settings for Inferred Entity Instance: eco_nn_top:uut|neuron:output_layer[0].final_neuron|lpm_mult:Mult8 ;
+------------------------------------------------+---------------+---------------------------------------------------+
; Parameter Name                                 ; Value         ; Type                                              ;
+------------------------------------------------+---------------+---------------------------------------------------+
; AUTO_CARRY_CHAINS                              ; ON            ; AUTO_CARRY                                        ;
; IGNORE_CARRY_BUFFERS                           ; OFF           ; IGNORE_CARRY                                      ;
; AUTO_CASCADE_CHAINS                            ; ON            ; AUTO_CASCADE                                      ;
; IGNORE_CASCADE_BUFFERS                         ; OFF           ; IGNORE_CASCADE                                    ;
; LPM_WIDTHA                                     ; 8             ; Untyped                                           ;
; LPM_WIDTHB                                     ; 4             ; Untyped                                           ;
; LPM_WIDTHP                                     ; 12            ; Untyped                                           ;
; LPM_WIDTHR                                     ; 12            ; Untyped                                           ;
; LPM_WIDTHS                                     ; 1             ; Untyped                                           ;
; LPM_REPRESENTATION                             ; SIGNED        ; Untyped                                           ;
; LPM_PIPELINE                                   ; 0             ; Untyped                                           ;
; LATENCY                                        ; 0             ; Untyped                                           ;
; INPUT_A_IS_CONSTANT                            ; NO            ; Untyped                                           ;
; INPUT_B_IS_CONSTANT                            ; YES           ; Untyped                                           ;
; USE_EAB                                        ; OFF           ; Untyped                                           ;
; MAXIMIZE_SPEED                                 ; 5             ; Untyped                                           ;
; DEVICE_FAMILY                                  ; Cyclone 10 LP ; Untyped                                           ;
; CARRY_CHAIN                                    ; MANUAL        ; Untyped                                           ;
; APEX20K_TECHNOLOGY_MAPPER                      ; LUT           ; TECH_MAPPER_APEX20K                               ;
; DEDICATED_MULTIPLIER_CIRCUITRY                 ; AUTO          ; Untyped                                           ;
; DEDICATED_MULTIPLIER_MIN_INPUT_WIDTH_FOR_AUTO  ; 0             ; Untyped                                           ;
; DEDICATED_MULTIPLIER_MIN_OUTPUT_WIDTH_FOR_AUTO ; 0             ; Untyped                                           ;
; CBXI_PARAMETER                                 ; NOTHING       ; Untyped                                           ;
; INPUT_A_FIXED_VALUE                            ; Bx            ; Untyped                                           ;
; INPUT_B_FIXED_VALUE                            ; Bx            ; Untyped                                           ;
; USE_AHDL_IMPLEMENTATION                        ; OFF           ; Untyped                                           ;
+------------------------------------------------+---------------+---------------------------------------------------+
Note: In order to hide this table in the UI and the text report file, please set the "Show Parameter Settings in Synthesis Report" option in "Analysis and Synthesis Settings -> More Settings" to "Off".


+--------------------------------------------------------------------------------------------------------------------+
; Parameter Settings for Inferred Entity Instance: eco_nn_top:uut|neuron:output_layer[0].final_neuron|lpm_mult:Mult9 ;
+------------------------------------------------+---------------+---------------------------------------------------+
; Parameter Name                                 ; Value         ; Type                                              ;
+------------------------------------------------+---------------+---------------------------------------------------+
; AUTO_CARRY_CHAINS                              ; ON            ; AUTO_CARRY                                        ;
; IGNORE_CARRY_BUFFERS                           ; OFF           ; IGNORE_CARRY                                      ;
; AUTO_CASCADE_CHAINS                            ; ON            ; AUTO_CASCADE                                      ;
; IGNORE_CASCADE_BUFFERS                         ; OFF           ; IGNORE_CASCADE                                    ;
; LPM_WIDTHA                                     ; 8             ; Untyped                                           ;
; LPM_WIDTHB                                     ; 2             ; Untyped                                           ;
; LPM_WIDTHP                                     ; 10            ; Untyped                                           ;
; LPM_WIDTHR                                     ; 10            ; Untyped                                           ;
; LPM_WIDTHS                                     ; 1             ; Untyped                                           ;
; LPM_REPRESENTATION                             ; SIGNED        ; Untyped                                           ;
; LPM_PIPELINE                                   ; 0             ; Untyped                                           ;
; LATENCY                                        ; 0             ; Untyped                                           ;
; INPUT_A_IS_CONSTANT                            ; NO            ; Untyped                                           ;
; INPUT_B_IS_CONSTANT                            ; YES           ; Untyped                                           ;
; USE_EAB                                        ; OFF           ; Untyped                                           ;
; MAXIMIZE_SPEED                                 ; 5             ; Untyped                                           ;
; DEVICE_FAMILY                                  ; Cyclone 10 LP ; Untyped                                           ;
; CARRY_CHAIN                                    ; MANUAL        ; Untyped                                           ;
; APEX20K_TECHNOLOGY_MAPPER                      ; LUT           ; TECH_MAPPER_APEX20K                               ;
; DEDICATED_MULTIPLIER_CIRCUITRY                 ; AUTO          ; Untyped                                           ;
; DEDICATED_MULTIPLIER_MIN_INPUT_WIDTH_FOR_AUTO  ; 0             ; Untyped                                           ;
; DEDICATED_MULTIPLIER_MIN_OUTPUT_WIDTH_FOR_AUTO ; 0             ; Untyped                                           ;
; CBXI_PARAMETER                                 ; NOTHING       ; Untyped                                           ;
; INPUT_A_FIXED_VALUE                            ; Bx            ; Untyped                                           ;
; INPUT_B_FIXED_VALUE                            ; Bx            ; Untyped                                           ;
; USE_AHDL_IMPLEMENTATION                        ; OFF           ; Untyped                                           ;
+------------------------------------------------+---------------+---------------------------------------------------+
Note: In order to hide this table in the UI and the text report file, please set the "Show Parameter Settings in Synthesis Report" option in "Analysis and Synthesis Settings -> More Settings" to "Off".


+----------------------------------------------------------------------------------------------------------------+
; Parameter Settings for Inferred Entity Instance: eco_nn_top:uut|neuron:hidden_layer[2].h_neuron|lpm_mult:Mult2 ;
+------------------------------------------------+---------------+-----------------------------------------------+
; Parameter Name                                 ; Value         ; Type                                          ;
+------------------------------------------------+---------------+-----------------------------------------------+
; AUTO_CARRY_CHAINS                              ; ON            ; AUTO_CARRY                                    ;
; IGNORE_CARRY_BUFFERS                           ; OFF           ; IGNORE_CARRY                                  ;
; AUTO_CASCADE_CHAINS                            ; ON            ; AUTO_CASCADE                                  ;
; IGNORE_CASCADE_BUFFERS                         ; OFF           ; IGNORE_CASCADE                                ;
; LPM_WIDTHA                                     ; 8             ; Untyped                                       ;
; LPM_WIDTHB                                     ; 3             ; Untyped                                       ;
; LPM_WIDTHP                                     ; 11            ; Untyped                                       ;
; LPM_WIDTHR                                     ; 11            ; Untyped                                       ;
; LPM_WIDTHS                                     ; 1             ; Untyped                                       ;
; LPM_REPRESENTATION                             ; SIGNED        ; Untyped                                       ;
; LPM_PIPELINE                                   ; 0             ; Untyped                                       ;
; LATENCY                                        ; 0             ; Untyped                                       ;
; INPUT_A_IS_CONSTANT                            ; NO            ; Untyped                                       ;
; INPUT_B_IS_CONSTANT                            ; YES           ; Untyped                                       ;
; USE_EAB                                        ; OFF           ; Untyped                                       ;
; MAXIMIZE_SPEED                                 ; 5             ; Untyped                                       ;
; DEVICE_FAMILY                                  ; Cyclone 10 LP ; Untyped                                       ;
; CARRY_CHAIN                                    ; MANUAL        ; Untyped                                       ;
; APEX20K_TECHNOLOGY_MAPPER                      ; LUT           ; TECH_MAPPER_APEX20K                           ;
; DEDICATED_MULTIPLIER_CIRCUITRY                 ; AUTO          ; Untyped                                       ;
; DEDICATED_MULTIPLIER_MIN_INPUT_WIDTH_FOR_AUTO  ; 0             ; Untyped                                       ;
; DEDICATED_MULTIPLIER_MIN_OUTPUT_WIDTH_FOR_AUTO ; 0             ; Untyped                                       ;
; CBXI_PARAMETER                                 ; NOTHING       ; Untyped                                       ;
; INPUT_A_FIXED_VALUE                            ; Bx            ; Untyped                                       ;
; INPUT_B_FIXED_VALUE                            ; Bx            ; Untyped                                       ;
; USE_AHDL_IMPLEMENTATION                        ; OFF           ; Untyped                                       ;
+------------------------------------------------+---------------+-----------------------------------------------+
Note: In order to hide this table in the UI and the text report file, please set the "Show Parameter Settings in Synthesis Report" option in "Analysis and Synthesis Settings -> More Settings" to "Off".


+----------------------------------------------------------------------------------------------------------------+
; Parameter Settings for Inferred Entity Instance: eco_nn_top:uut|neuron:hidden_layer[0].h_neuron|lpm_mult:Mult6 ;
+------------------------------------------------+---------------+-----------------------------------------------+
; Parameter Name                                 ; Value         ; Type                                          ;
+------------------------------------------------+---------------+-----------------------------------------------+
; AUTO_CARRY_CHAINS                              ; ON            ; AUTO_CARRY                                    ;
; IGNORE_CARRY_BUFFERS                           ; OFF           ; IGNORE_CARRY                                  ;
; AUTO_CASCADE_CHAINS                            ; ON            ; AUTO_CASCADE                                  ;
; IGNORE_CASCADE_BUFFERS                         ; OFF           ; IGNORE_CASCADE                                ;
; LPM_WIDTHA                                     ; 8             ; Untyped                                       ;
; LPM_WIDTHB                                     ; 1             ; Untyped                                       ;
; LPM_WIDTHP                                     ; 9             ; Untyped                                       ;
; LPM_WIDTHR                                     ; 9             ; Untyped                                       ;
; LPM_WIDTHS                                     ; 1             ; Untyped                                       ;
; LPM_REPRESENTATION                             ; SIGNED        ; Untyped                                       ;
; LPM_PIPELINE                                   ; 0             ; Untyped                                       ;
; LATENCY                                        ; 0             ; Untyped                                       ;
; INPUT_A_IS_CONSTANT                            ; NO            ; Untyped                                       ;
; INPUT_B_IS_CONSTANT                            ; YES           ; Untyped                                       ;
; USE_EAB                                        ; OFF           ; Untyped                                       ;
; MAXIMIZE_SPEED                                 ; 5             ; Untyped                                       ;
; DEVICE_FAMILY                                  ; Cyclone 10 LP ; Untyped                                       ;
; CARRY_CHAIN                                    ; MANUAL        ; Untyped                                       ;
; APEX20K_TECHNOLOGY_MAPPER                      ; LUT           ; TECH_MAPPER_APEX20K                           ;
; DEDICATED_MULTIPLIER_CIRCUITRY                 ; AUTO          ; Untyped                                       ;
; DEDICATED_MULTIPLIER_MIN_INPUT_WIDTH_FOR_AUTO  ; 0             ; Untyped                                       ;
; DEDICATED_MULTIPLIER_MIN_OUTPUT_WIDTH_FOR_AUTO ; 0             ; Untyped                                       ;
; CBXI_PARAMETER                                 ; NOTHING       ; Untyped                                       ;
; INPUT_A_FIXED_VALUE                            ; Bx            ; Untyped                                       ;
; INPUT_B_FIXED_VALUE                            ; Bx            ; Untyped                                       ;
; USE_AHDL_IMPLEMENTATION                        ; OFF           ; Untyped                                       ;
+------------------------------------------------+---------------+-----------------------------------------------+
Note: In order to hide this table in the UI and the text report file, please set the "Show Parameter Settings in Synthesis Report" option in "Analysis and Synthesis Settings -> More Settings" to "Off".


+----------------------------------------------------------------------------------------------------------------+
; Parameter Settings for Inferred Entity Instance: eco_nn_top:uut|neuron:hidden_layer[4].h_neuron|lpm_mult:Mult2 ;
+------------------------------------------------+---------------+-----------------------------------------------+
; Parameter Name                                 ; Value         ; Type                                          ;
+------------------------------------------------+---------------+-----------------------------------------------+
; AUTO_CARRY_CHAINS                              ; ON            ; AUTO_CARRY                                    ;
; IGNORE_CARRY_BUFFERS                           ; OFF           ; IGNORE_CARRY                                  ;
; AUTO_CASCADE_CHAINS                            ; ON            ; AUTO_CASCADE                                  ;
; IGNORE_CASCADE_BUFFERS                         ; OFF           ; IGNORE_CASCADE                                ;
; LPM_WIDTHA                                     ; 8             ; Untyped                                       ;
; LPM_WIDTHB                                     ; 3             ; Untyped                                       ;
; LPM_WIDTHP                                     ; 11            ; Untyped                                       ;
; LPM_WIDTHR                                     ; 11            ; Untyped                                       ;
; LPM_WIDTHS                                     ; 1             ; Untyped                                       ;
; LPM_REPRESENTATION                             ; SIGNED        ; Untyped                                       ;
; LPM_PIPELINE                                   ; 0             ; Untyped                                       ;
; LATENCY                                        ; 0             ; Untyped                                       ;
; INPUT_A_IS_CONSTANT                            ; NO            ; Untyped                                       ;
; INPUT_B_IS_CONSTANT                            ; YES           ; Untyped                                       ;
; USE_EAB                                        ; OFF           ; Untyped                                       ;
; MAXIMIZE_SPEED                                 ; 5             ; Untyped                                       ;
; DEVICE_FAMILY                                  ; Cyclone 10 LP ; Untyped                                       ;
; CARRY_CHAIN                                    ; MANUAL        ; Untyped                                       ;
; APEX20K_TECHNOLOGY_MAPPER                      ; LUT           ; TECH_MAPPER_APEX20K                           ;
; DEDICATED_MULTIPLIER_CIRCUITRY                 ; AUTO          ; Untyped                                       ;
; DEDICATED_MULTIPLIER_MIN_INPUT_WIDTH_FOR_AUTO  ; 0             ; Untyped                                       ;
; DEDICATED_MULTIPLIER_MIN_OUTPUT_WIDTH_FOR_AUTO ; 0             ; Untyped                                       ;
; CBXI_PARAMETER                                 ; NOTHING       ; Untyped                                       ;
; INPUT_A_FIXED_VALUE                            ; Bx            ; Untyped                                       ;
; INPUT_B_FIXED_VALUE                            ; Bx            ; Untyped                                       ;
; USE_AHDL_IMPLEMENTATION                        ; OFF           ; Untyped                                       ;
+------------------------------------------------+---------------+-----------------------------------------------+
Note: In order to hide this table in the UI and the text report file, please set the "Show Parameter Settings in Synthesis Report" option in "Analysis and Synthesis Settings -> More Settings" to "Off".


+-----------------------------------------------------------------------------------------------------------------+
; Parameter Settings for Inferred Entity Instance: eco_nn_top:uut|neuron:hidden_layer[15].h_neuron|lpm_mult:Mult3 ;
+------------------------------------------------+---------------+------------------------------------------------+
; Parameter Name                                 ; Value         ; Type                                           ;
+------------------------------------------------+---------------+------------------------------------------------+
; AUTO_CARRY_CHAINS                              ; ON            ; AUTO_CARRY                                     ;
; IGNORE_CARRY_BUFFERS                           ; OFF           ; IGNORE_CARRY                                   ;
; AUTO_CASCADE_CHAINS                            ; ON            ; AUTO_CASCADE                                   ;
; IGNORE_CASCADE_BUFFERS                         ; OFF           ; IGNORE_CASCADE                                 ;
; LPM_WIDTHA                                     ; 8             ; Untyped                                        ;
; LPM_WIDTHB                                     ; 3             ; Untyped                                        ;
; LPM_WIDTHP                                     ; 11            ; Untyped                                        ;
; LPM_WIDTHR                                     ; 11            ; Untyped                                        ;
; LPM_WIDTHS                                     ; 1             ; Untyped                                        ;
; LPM_REPRESENTATION                             ; SIGNED        ; Untyped                                        ;
; LPM_PIPELINE                                   ; 0             ; Untyped                                        ;
; LATENCY                                        ; 0             ; Untyped                                        ;
; INPUT_A_IS_CONSTANT                            ; NO            ; Untyped                                        ;
; INPUT_B_IS_CONSTANT                            ; YES           ; Untyped                                        ;
; USE_EAB                                        ; OFF           ; Untyped                                        ;
; MAXIMIZE_SPEED                                 ; 5             ; Untyped                                        ;
; DEVICE_FAMILY                                  ; Cyclone 10 LP ; Untyped                                        ;
; CARRY_CHAIN                                    ; MANUAL        ; Untyped                                        ;
; APEX20K_TECHNOLOGY_MAPPER                      ; LUT           ; TECH_MAPPER_APEX20K                            ;
; DEDICATED_MULTIPLIER_CIRCUITRY                 ; AUTO          ; Untyped                                        ;
; DEDICATED_MULTIPLIER_MIN_INPUT_WIDTH_FOR_AUTO  ; 0             ; Untyped                                        ;
; DEDICATED_MULTIPLIER_MIN_OUTPUT_WIDTH_FOR_AUTO ; 0             ; Untyped                                        ;
; CBXI_PARAMETER                                 ; NOTHING       ; Untyped                                        ;
; INPUT_A_FIXED_VALUE                            ; Bx            ; Untyped                                        ;
; INPUT_B_FIXED_VALUE                            ; Bx            ; Untyped                                        ;
; USE_AHDL_IMPLEMENTATION                        ; OFF           ; Untyped                                        ;
+------------------------------------------------+---------------+------------------------------------------------+
Note: In order to hide this table in the UI and the text report file, please set the "Show Parameter Settings in Synthesis Report" option in "Analysis and Synthesis Settings -> More Settings" to "Off".


+----------------------------------------------------------------------------------------------------------------+
; Parameter Settings for Inferred Entity Instance: eco_nn_top:uut|neuron:hidden_layer[4].h_neuron|lpm_mult:Mult7 ;
+------------------------------------------------+---------------+-----------------------------------------------+
; Parameter Name                                 ; Value         ; Type                                          ;
+------------------------------------------------+---------------+-----------------------------------------------+
; AUTO_CARRY_CHAINS                              ; ON            ; AUTO_CARRY                                    ;
; IGNORE_CARRY_BUFFERS                           ; OFF           ; IGNORE_CARRY                                  ;
; AUTO_CASCADE_CHAINS                            ; ON            ; AUTO_CASCADE                                  ;
; IGNORE_CASCADE_BUFFERS                         ; OFF           ; IGNORE_CASCADE                                ;
; LPM_WIDTHA                                     ; 8             ; Untyped                                       ;
; LPM_WIDTHB                                     ; 4             ; Untyped                                       ;
; LPM_WIDTHP                                     ; 12            ; Untyped                                       ;
; LPM_WIDTHR                                     ; 12            ; Untyped                                       ;
; LPM_WIDTHS                                     ; 1             ; Untyped                                       ;
; LPM_REPRESENTATION                             ; SIGNED        ; Untyped                                       ;
; LPM_PIPELINE                                   ; 0             ; Untyped                                       ;
; LATENCY                                        ; 0             ; Untyped                                       ;
; INPUT_A_IS_CONSTANT                            ; NO            ; Untyped                                       ;
; INPUT_B_IS_CONSTANT                            ; YES           ; Untyped                                       ;
; USE_EAB                                        ; OFF           ; Untyped                                       ;
; MAXIMIZE_SPEED                                 ; 5             ; Untyped                                       ;
; DEVICE_FAMILY                                  ; Cyclone 10 LP ; Untyped                                       ;
; CARRY_CHAIN                                    ; MANUAL        ; Untyped                                       ;
; APEX20K_TECHNOLOGY_MAPPER                      ; LUT           ; TECH_MAPPER_APEX20K                           ;
; DEDICATED_MULTIPLIER_CIRCUITRY                 ; AUTO          ; Untyped                                       ;
; DEDICATED_MULTIPLIER_MIN_INPUT_WIDTH_FOR_AUTO  ; 0             ; Untyped                                       ;
; DEDICATED_MULTIPLIER_MIN_OUTPUT_WIDTH_FOR_AUTO ; 0             ; Untyped                                       ;
; CBXI_PARAMETER                                 ; NOTHING       ; Untyped                                       ;
; INPUT_A_FIXED_VALUE                            ; Bx            ; Untyped                                       ;
; INPUT_B_FIXED_VALUE                            ; Bx            ; Untyped                                       ;
; USE_AHDL_IMPLEMENTATION                        ; OFF           ; Untyped                                       ;
+------------------------------------------------+---------------+-----------------------------------------------+
Note: In order to hide this table in the UI and the text report file, please set the "Show Parameter Settings in Synthesis Report" option in "Analysis and Synthesis Settings -> More Settings" to "Off".


+-----------------------------------------------------------------------------------------------------------------+
; Parameter Settings for Inferred Entity Instance: eco_nn_top:uut|neuron:hidden_layer[14].h_neuron|lpm_mult:Mult6 ;
+------------------------------------------------+---------------+------------------------------------------------+
; Parameter Name                                 ; Value         ; Type                                           ;
+------------------------------------------------+---------------+------------------------------------------------+
; AUTO_CARRY_CHAINS                              ; ON            ; AUTO_CARRY                                     ;
; IGNORE_CARRY_BUFFERS                           ; OFF           ; IGNORE_CARRY                                   ;
; AUTO_CASCADE_CHAINS                            ; ON            ; AUTO_CASCADE                                   ;
; IGNORE_CASCADE_BUFFERS                         ; OFF           ; IGNORE_CASCADE                                 ;
; LPM_WIDTHA                                     ; 8             ; Untyped                                        ;
; LPM_WIDTHB                                     ; 2             ; Untyped                                        ;
; LPM_WIDTHP                                     ; 10            ; Untyped                                        ;
; LPM_WIDTHR                                     ; 10            ; Untyped                                        ;
; LPM_WIDTHS                                     ; 1             ; Untyped                                        ;
; LPM_REPRESENTATION                             ; SIGNED        ; Untyped                                        ;
; LPM_PIPELINE                                   ; 0             ; Untyped                                        ;
; LATENCY                                        ; 0             ; Untyped                                        ;
; INPUT_A_IS_CONSTANT                            ; NO            ; Untyped                                        ;
; INPUT_B_IS_CONSTANT                            ; YES           ; Untyped                                        ;
; USE_EAB                                        ; OFF           ; Untyped                                        ;
; MAXIMIZE_SPEED                                 ; 5             ; Untyped                                        ;
; DEVICE_FAMILY                                  ; Cyclone 10 LP ; Untyped                                        ;
; CARRY_CHAIN                                    ; MANUAL        ; Untyped                                        ;
; APEX20K_TECHNOLOGY_MAPPER                      ; LUT           ; TECH_MAPPER_APEX20K                            ;
; DEDICATED_MULTIPLIER_CIRCUITRY                 ; AUTO          ; Untyped                                        ;
; DEDICATED_MULTIPLIER_MIN_INPUT_WIDTH_FOR_AUTO  ; 0             ; Untyped                                        ;
; DEDICATED_MULTIPLIER_MIN_OUTPUT_WIDTH_FOR_AUTO ; 0             ; Untyped                                        ;
; CBXI_PARAMETER                                 ; NOTHING       ; Untyped                                        ;
; INPUT_A_FIXED_VALUE                            ; Bx            ; Untyped                                        ;
; INPUT_B_FIXED_VALUE                            ; Bx            ; Untyped                                        ;
; USE_AHDL_IMPLEMENTATION                        ; OFF           ; Untyped                                        ;
+------------------------------------------------+---------------+------------------------------------------------+
Note: In order to hide this table in the UI and the text report file, please set the "Show Parameter Settings in Synthesis Report" option in "Analysis and Synthesis Settings -> More Settings" to "Off".


+-----------------------------------------------------------------------------------------------------------------+
; Parameter Settings for Inferred Entity Instance: eco_nn_top:uut|neuron:hidden_layer[15].h_neuron|lpm_mult:Mult1 ;
+------------------------------------------------+---------------+------------------------------------------------+
; Parameter Name                                 ; Value         ; Type                                           ;
+------------------------------------------------+---------------+------------------------------------------------+
; AUTO_CARRY_CHAINS                              ; ON            ; AUTO_CARRY                                     ;
; IGNORE_CARRY_BUFFERS                           ; OFF           ; IGNORE_CARRY                                   ;
; AUTO_CASCADE_CHAINS                            ; ON            ; AUTO_CASCADE                                   ;
; IGNORE_CASCADE_BUFFERS                         ; OFF           ; IGNORE_CASCADE                                 ;
; LPM_WIDTHA                                     ; 8             ; Untyped                                        ;
; LPM_WIDTHB                                     ; 4             ; Untyped                                        ;
; LPM_WIDTHP                                     ; 12            ; Untyped                                        ;
; LPM_WIDTHR                                     ; 12            ; Untyped                                        ;
; LPM_WIDTHS                                     ; 1             ; Untyped                                        ;
; LPM_REPRESENTATION                             ; SIGNED        ; Untyped                                        ;
; LPM_PIPELINE                                   ; 0             ; Untyped                                        ;
; LATENCY                                        ; 0             ; Untyped                                        ;
; INPUT_A_IS_CONSTANT                            ; NO            ; Untyped                                        ;
; INPUT_B_IS_CONSTANT                            ; YES           ; Untyped                                        ;
; USE_EAB                                        ; OFF           ; Untyped                                        ;
; MAXIMIZE_SPEED                                 ; 5             ; Untyped                                        ;
; DEVICE_FAMILY                                  ; Cyclone 10 LP ; Untyped                                        ;
; CARRY_CHAIN                                    ; MANUAL        ; Untyped                                        ;
; APEX20K_TECHNOLOGY_MAPPER                      ; LUT           ; TECH_MAPPER_APEX20K                            ;
; DEDICATED_MULTIPLIER_CIRCUITRY                 ; AUTO          ; Untyped                                        ;
; DEDICATED_MULTIPLIER_MIN_INPUT_WIDTH_FOR_AUTO  ; 0             ; Untyped                                        ;
; DEDICATED_MULTIPLIER_MIN_OUTPUT_WIDTH_FOR_AUTO ; 0             ; Untyped                                        ;
; CBXI_PARAMETER                                 ; NOTHING       ; Untyped                                        ;
; INPUT_A_FIXED_VALUE                            ; Bx            ; Untyped                                        ;
; INPUT_B_FIXED_VALUE                            ; Bx            ; Untyped                                        ;
; USE_AHDL_IMPLEMENTATION                        ; OFF           ; Untyped                                        ;
+------------------------------------------------+---------------+------------------------------------------------+
Note: In order to hide this table in the UI and the text report file, please set the "Show Parameter Settings in Synthesis Report" option in "Analysis and Synthesis Settings -> More Settings" to "Off".


+----------------------------------------------------------------------------------------------------------------+
; Parameter Settings for Inferred Entity Instance: eco_nn_top:uut|neuron:hidden_layer[0].h_neuron|lpm_mult:Mult5 ;
+------------------------------------------------+---------------+-----------------------------------------------+
; Parameter Name                                 ; Value         ; Type                                          ;
+------------------------------------------------+---------------+-----------------------------------------------+
; AUTO_CARRY_CHAINS                              ; ON            ; AUTO_CARRY                                    ;
; IGNORE_CARRY_BUFFERS                           ; OFF           ; IGNORE_CARRY                                  ;
; AUTO_CASCADE_CHAINS                            ; ON            ; AUTO_CASCADE                                  ;
; IGNORE_CASCADE_BUFFERS                         ; OFF           ; IGNORE_CASCADE                                ;
; LPM_WIDTHA                                     ; 8             ; Untyped                                       ;
; LPM_WIDTHB                                     ; 1             ; Untyped                                       ;
; LPM_WIDTHP                                     ; 9             ; Untyped                                       ;
; LPM_WIDTHR                                     ; 9             ; Untyped                                       ;
; LPM_WIDTHS                                     ; 1             ; Untyped                                       ;
; LPM_REPRESENTATION                             ; SIGNED        ; Untyped                                       ;
; LPM_PIPELINE                                   ; 0             ; Untyped                                       ;
; LATENCY                                        ; 0             ; Untyped                                       ;
; INPUT_A_IS_CONSTANT                            ; NO            ; Untyped                                       ;
; INPUT_B_IS_CONSTANT                            ; YES           ; Untyped                                       ;
; USE_EAB                                        ; OFF           ; Untyped                                       ;
; MAXIMIZE_SPEED                                 ; 5             ; Untyped                                       ;
; DEVICE_FAMILY                                  ; Cyclone 10 LP ; Untyped                                       ;
; CARRY_CHAIN                                    ; MANUAL        ; Untyped                                       ;
; APEX20K_TECHNOLOGY_MAPPER                      ; LUT           ; TECH_MAPPER_APEX20K                           ;
; DEDICATED_MULTIPLIER_CIRCUITRY                 ; AUTO          ; Untyped                                       ;
; DEDICATED_MULTIPLIER_MIN_INPUT_WIDTH_FOR_AUTO  ; 0             ; Untyped                                       ;
; DEDICATED_MULTIPLIER_MIN_OUTPUT_WIDTH_FOR_AUTO ; 0             ; Untyped                                       ;
; CBXI_PARAMETER                                 ; NOTHING       ; Untyped                                       ;
; INPUT_A_FIXED_VALUE                            ; Bx            ; Untyped                                       ;
; INPUT_B_FIXED_VALUE                            ; Bx            ; Untyped                                       ;
; USE_AHDL_IMPLEMENTATION                        ; OFF           ; Untyped                                       ;
+------------------------------------------------+---------------+-----------------------------------------------+
Note: In order to hide this table in the UI and the text report file, please set the "Show Parameter Settings in Synthesis Report" option in "Analysis and Synthesis Settings -> More Settings" to "Off".


+-----------------------------------------------------------------------------------------------------------------+
; Parameter Settings for Inferred Entity Instance: eco_nn_top:uut|neuron:hidden_layer[13].h_neuron|lpm_mult:Mult3 ;
+------------------------------------------------+---------------+------------------------------------------------+
; Parameter Name                                 ; Value         ; Type                                           ;
+------------------------------------------------+---------------+------------------------------------------------+
; AUTO_CARRY_CHAINS                              ; ON            ; AUTO_CARRY                                     ;
; IGNORE_CARRY_BUFFERS                           ; OFF           ; IGNORE_CARRY                                   ;
; AUTO_CASCADE_CHAINS                            ; ON            ; AUTO_CASCADE                                   ;
; IGNORE_CASCADE_BUFFERS                         ; OFF           ; IGNORE_CASCADE                                 ;
; LPM_WIDTHA                                     ; 8             ; Untyped                                        ;
; LPM_WIDTHB                                     ; 4             ; Untyped                                        ;
; LPM_WIDTHP                                     ; 12            ; Untyped                                        ;
; LPM_WIDTHR                                     ; 12            ; Untyped                                        ;
; LPM_WIDTHS                                     ; 1             ; Untyped                                        ;
; LPM_REPRESENTATION                             ; SIGNED        ; Untyped                                        ;
; LPM_PIPELINE                                   ; 0             ; Untyped                                        ;
; LATENCY                                        ; 0             ; Untyped                                        ;
; INPUT_A_IS_CONSTANT                            ; NO            ; Untyped                                        ;
; INPUT_B_IS_CONSTANT                            ; YES           ; Untyped                                        ;
; USE_EAB                                        ; OFF           ; Untyped                                        ;
; MAXIMIZE_SPEED                                 ; 5             ; Untyped                                        ;
; DEVICE_FAMILY                                  ; Cyclone 10 LP ; Untyped                                        ;
; CARRY_CHAIN                                    ; MANUAL        ; Untyped                                        ;
; APEX20K_TECHNOLOGY_MAPPER                      ; LUT           ; TECH_MAPPER_APEX20K                            ;
; DEDICATED_MULTIPLIER_CIRCUITRY                 ; AUTO          ; Untyped                                        ;
; DEDICATED_MULTIPLIER_MIN_INPUT_WIDTH_FOR_AUTO  ; 0             ; Untyped                                        ;
; DEDICATED_MULTIPLIER_MIN_OUTPUT_WIDTH_FOR_AUTO ; 0             ; Untyped                                        ;
; CBXI_PARAMETER                                 ; NOTHING       ; Untyped                                        ;
; INPUT_A_FIXED_VALUE                            ; Bx            ; Untyped                                        ;
; INPUT_B_FIXED_VALUE                            ; Bx            ; Untyped                                        ;
; USE_AHDL_IMPLEMENTATION                        ; OFF           ; Untyped                                        ;
+------------------------------------------------+---------------+------------------------------------------------+
Note: In order to hide this table in the UI and the text report file, please set the "Show Parameter Settings in Synthesis Report" option in "Analysis and Synthesis Settings -> More Settings" to "Off".


+----------------------------------------------------------------------------------------------------------------+
; Parameter Settings for Inferred Entity Instance: eco_nn_top:uut|neuron:hidden_layer[1].h_neuron|lpm_mult:Mult3 ;
+------------------------------------------------+---------------+-----------------------------------------------+
; Parameter Name                                 ; Value         ; Type                                          ;
+------------------------------------------------+---------------+-----------------------------------------------+
; AUTO_CARRY_CHAINS                              ; ON            ; AUTO_CARRY                                    ;
; IGNORE_CARRY_BUFFERS                           ; OFF           ; IGNORE_CARRY                                  ;
; AUTO_CASCADE_CHAINS                            ; ON            ; AUTO_CASCADE                                  ;
; IGNORE_CASCADE_BUFFERS                         ; OFF           ; IGNORE_CASCADE                                ;
; LPM_WIDTHA                                     ; 8             ; Untyped                                       ;
; LPM_WIDTHB                                     ; 4             ; Untyped                                       ;
; LPM_WIDTHP                                     ; 12            ; Untyped                                       ;
; LPM_WIDTHR                                     ; 12            ; Untyped                                       ;
; LPM_WIDTHS                                     ; 1             ; Untyped                                       ;
; LPM_REPRESENTATION                             ; SIGNED        ; Untyped                                       ;
; LPM_PIPELINE                                   ; 0             ; Untyped                                       ;
; LATENCY                                        ; 0             ; Untyped                                       ;
; INPUT_A_IS_CONSTANT                            ; NO            ; Untyped                                       ;
; INPUT_B_IS_CONSTANT                            ; YES           ; Untyped                                       ;
; USE_EAB                                        ; OFF           ; Untyped                                       ;
; MAXIMIZE_SPEED                                 ; 5             ; Untyped                                       ;
; DEVICE_FAMILY                                  ; Cyclone 10 LP ; Untyped                                       ;
; CARRY_CHAIN                                    ; MANUAL        ; Untyped                                       ;
; APEX20K_TECHNOLOGY_MAPPER                      ; LUT           ; TECH_MAPPER_APEX20K                           ;
; DEDICATED_MULTIPLIER_CIRCUITRY                 ; AUTO          ; Untyped                                       ;
; DEDICATED_MULTIPLIER_MIN_INPUT_WIDTH_FOR_AUTO  ; 0             ; Untyped                                       ;
; DEDICATED_MULTIPLIER_MIN_OUTPUT_WIDTH_FOR_AUTO ; 0             ; Untyped                                       ;
; CBXI_PARAMETER                                 ; NOTHING       ; Untyped                                       ;
; INPUT_A_FIXED_VALUE                            ; Bx            ; Untyped                                       ;
; INPUT_B_FIXED_VALUE                            ; Bx            ; Untyped                                       ;
; USE_AHDL_IMPLEMENTATION                        ; OFF           ; Untyped                                       ;
+------------------------------------------------+---------------+-----------------------------------------------+
Note: In order to hide this table in the UI and the text report file, please set the "Show Parameter Settings in Synthesis Report" option in "Analysis and Synthesis Settings -> More Settings" to "Off".


+----------------------------------------------------------------------------------------------------------------+
; Parameter Settings for Inferred Entity Instance: eco_nn_top:uut|neuron:hidden_layer[3].h_neuron|lpm_mult:Mult2 ;
+------------------------------------------------+---------------+-----------------------------------------------+
; Parameter Name                                 ; Value         ; Type                                          ;
+------------------------------------------------+---------------+-----------------------------------------------+
; AUTO_CARRY_CHAINS                              ; ON            ; AUTO_CARRY                                    ;
; IGNORE_CARRY_BUFFERS                           ; OFF           ; IGNORE_CARRY                                  ;
; AUTO_CASCADE_CHAINS                            ; ON            ; AUTO_CASCADE                                  ;
; IGNORE_CASCADE_BUFFERS                         ; OFF           ; IGNORE_CASCADE                                ;
; LPM_WIDTHA                                     ; 8             ; Untyped                                       ;
; LPM_WIDTHB                                     ; 4             ; Untyped                                       ;
; LPM_WIDTHP                                     ; 12            ; Untyped                                       ;
; LPM_WIDTHR                                     ; 12            ; Untyped                                       ;
; LPM_WIDTHS                                     ; 1             ; Untyped                                       ;
; LPM_REPRESENTATION                             ; SIGNED        ; Untyped                                       ;
; LPM_PIPELINE                                   ; 0             ; Untyped                                       ;
; LATENCY                                        ; 0             ; Untyped                                       ;
; INPUT_A_IS_CONSTANT                            ; NO            ; Untyped                                       ;
; INPUT_B_IS_CONSTANT                            ; YES           ; Untyped                                       ;
; USE_EAB                                        ; OFF           ; Untyped                                       ;
; MAXIMIZE_SPEED                                 ; 5             ; Untyped                                       ;
; DEVICE_FAMILY                                  ; Cyclone 10 LP ; Untyped                                       ;
; CARRY_CHAIN                                    ; MANUAL        ; Untyped                                       ;
; APEX20K_TECHNOLOGY_MAPPER                      ; LUT           ; TECH_MAPPER_APEX20K                           ;
; DEDICATED_MULTIPLIER_CIRCUITRY                 ; AUTO          ; Untyped                                       ;
; DEDICATED_MULTIPLIER_MIN_INPUT_WIDTH_FOR_AUTO  ; 0             ; Untyped                                       ;
; DEDICATED_MULTIPLIER_MIN_OUTPUT_WIDTH_FOR_AUTO ; 0             ; Untyped                                       ;
; CBXI_PARAMETER                                 ; NOTHING       ; Untyped                                       ;
; INPUT_A_FIXED_VALUE                            ; Bx            ; Untyped                                       ;
; INPUT_B_FIXED_VALUE                            ; Bx            ; Untyped                                       ;
; USE_AHDL_IMPLEMENTATION                        ; OFF           ; Untyped                                       ;
+------------------------------------------------+---------------+-----------------------------------------------+
Note: In order to hide this table in the UI and the text report file, please set the "Show Parameter Settings in Synthesis Report" option in "Analysis and Synthesis Settings -> More Settings" to "Off".


+-----------------------------------------------------------------------------------------------------------------+
; Parameter Settings for Inferred Entity Instance: eco_nn_top:uut|neuron:hidden_layer[11].h_neuron|lpm_mult:Mult7 ;
+------------------------------------------------+---------------+------------------------------------------------+
; Parameter Name                                 ; Value         ; Type                                           ;
+------------------------------------------------+---------------+------------------------------------------------+
; AUTO_CARRY_CHAINS                              ; ON            ; AUTO_CARRY                                     ;
; IGNORE_CARRY_BUFFERS                           ; OFF           ; IGNORE_CARRY                                   ;
; AUTO_CASCADE_CHAINS                            ; ON            ; AUTO_CASCADE                                   ;
; IGNORE_CASCADE_BUFFERS                         ; OFF           ; IGNORE_CASCADE                                 ;
; LPM_WIDTHA                                     ; 8             ; Untyped                                        ;
; LPM_WIDTHB                                     ; 3             ; Untyped                                        ;
; LPM_WIDTHP                                     ; 11            ; Untyped                                        ;
; LPM_WIDTHR                                     ; 11            ; Untyped                                        ;
; LPM_WIDTHS                                     ; 1             ; Untyped                                        ;
; LPM_REPRESENTATION                             ; SIGNED        ; Untyped                                        ;
; LPM_PIPELINE                                   ; 0             ; Untyped                                        ;
; LATENCY                                        ; 0             ; Untyped                                        ;
; INPUT_A_IS_CONSTANT                            ; NO            ; Untyped                                        ;
; INPUT_B_IS_CONSTANT                            ; YES           ; Untyped                                        ;
; USE_EAB                                        ; OFF           ; Untyped                                        ;
; MAXIMIZE_SPEED                                 ; 5             ; Untyped                                        ;
; DEVICE_FAMILY                                  ; Cyclone 10 LP ; Untyped                                        ;
; CARRY_CHAIN                                    ; MANUAL        ; Untyped                                        ;
; APEX20K_TECHNOLOGY_MAPPER                      ; LUT           ; TECH_MAPPER_APEX20K                            ;
; DEDICATED_MULTIPLIER_CIRCUITRY                 ; AUTO          ; Untyped                                        ;
; DEDICATED_MULTIPLIER_MIN_INPUT_WIDTH_FOR_AUTO  ; 0             ; Untyped                                        ;
; DEDICATED_MULTIPLIER_MIN_OUTPUT_WIDTH_FOR_AUTO ; 0             ; Untyped                                        ;
; CBXI_PARAMETER                                 ; NOTHING       ; Untyped                                        ;
; INPUT_A_FIXED_VALUE                            ; Bx            ; Untyped                                        ;
; INPUT_B_FIXED_VALUE                            ; Bx            ; Untyped                                        ;
; USE_AHDL_IMPLEMENTATION                        ; OFF           ; Untyped                                        ;
+------------------------------------------------+---------------+------------------------------------------------+
Note: In order to hide this table in the UI and the text report file, please set the "Show Parameter Settings in Synthesis Report" option in "Analysis and Synthesis Settings -> More Settings" to "Off".


+----------------------------------------------------------------------------------------------------------------+
; Parameter Settings for Inferred Entity Instance: eco_nn_top:uut|neuron:hidden_layer[9].h_neuron|lpm_mult:Mult5 ;
+------------------------------------------------+---------------+-----------------------------------------------+
; Parameter Name                                 ; Value         ; Type                                          ;
+------------------------------------------------+---------------+-----------------------------------------------+
; AUTO_CARRY_CHAINS                              ; ON            ; AUTO_CARRY                                    ;
; IGNORE_CARRY_BUFFERS                           ; OFF           ; IGNORE_CARRY                                  ;
; AUTO_CASCADE_CHAINS                            ; ON            ; AUTO_CASCADE                                  ;
; IGNORE_CASCADE_BUFFERS                         ; OFF           ; IGNORE_CASCADE                                ;
; LPM_WIDTHA                                     ; 8             ; Untyped                                       ;
; LPM_WIDTHB                                     ; 5             ; Untyped                                       ;
; LPM_WIDTHP                                     ; 13            ; Untyped                                       ;
; LPM_WIDTHR                                     ; 13            ; Untyped                                       ;
; LPM_WIDTHS                                     ; 1             ; Untyped                                       ;
; LPM_REPRESENTATION                             ; SIGNED        ; Untyped                                       ;
; LPM_PIPELINE                                   ; 0             ; Untyped                                       ;
; LATENCY                                        ; 0             ; Untyped                                       ;
; INPUT_A_IS_CONSTANT                            ; NO            ; Untyped                                       ;
; INPUT_B_IS_CONSTANT                            ; YES           ; Untyped                                       ;
; USE_EAB                                        ; OFF           ; Untyped                                       ;
; MAXIMIZE_SPEED                                 ; 5             ; Untyped                                       ;
; DEVICE_FAMILY                                  ; Cyclone 10 LP ; Untyped                                       ;
; CARRY_CHAIN                                    ; MANUAL        ; Untyped                                       ;
; APEX20K_TECHNOLOGY_MAPPER                      ; LUT           ; TECH_MAPPER_APEX20K                           ;
; DEDICATED_MULTIPLIER_CIRCUITRY                 ; AUTO          ; Untyped                                       ;
; DEDICATED_MULTIPLIER_MIN_INPUT_WIDTH_FOR_AUTO  ; 0             ; Untyped                                       ;
; DEDICATED_MULTIPLIER_MIN_OUTPUT_WIDTH_FOR_AUTO ; 0             ; Untyped                                       ;
; CBXI_PARAMETER                                 ; NOTHING       ; Untyped                                       ;
; INPUT_A_FIXED_VALUE                            ; Bx            ; Untyped                                       ;
; INPUT_B_FIXED_VALUE                            ; Bx            ; Untyped                                       ;
; USE_AHDL_IMPLEMENTATION                        ; OFF           ; Untyped                                       ;
+------------------------------------------------+---------------+-----------------------------------------------+
Note: In order to hide this table in the UI and the text report file, please set the "Show Parameter Settings in Synthesis Report" option in "Analysis and Synthesis Settings -> More Settings" to "Off".


+----------------------------------------------------------------------------------------------------------------+
; Parameter Settings for Inferred Entity Instance: eco_nn_top:uut|neuron:hidden_layer[1].h_neuron|lpm_mult:Mult6 ;
+------------------------------------------------+---------------+-----------------------------------------------+
; Parameter Name                                 ; Value         ; Type                                          ;
+------------------------------------------------+---------------+-----------------------------------------------+
; AUTO_CARRY_CHAINS                              ; ON            ; AUTO_CARRY                                    ;
; IGNORE_CARRY_BUFFERS                           ; OFF           ; IGNORE_CARRY                                  ;
; AUTO_CASCADE_CHAINS                            ; ON            ; AUTO_CASCADE                                  ;
; IGNORE_CASCADE_BUFFERS                         ; OFF           ; IGNORE_CASCADE                                ;
; LPM_WIDTHA                                     ; 8             ; Untyped                                       ;
; LPM_WIDTHB                                     ; 3             ; Untyped                                       ;
; LPM_WIDTHP                                     ; 11            ; Untyped                                       ;
; LPM_WIDTHR                                     ; 11            ; Untyped                                       ;
; LPM_WIDTHS                                     ; 1             ; Untyped                                       ;
; LPM_REPRESENTATION                             ; SIGNED        ; Untyped                                       ;
; LPM_PIPELINE                                   ; 0             ; Untyped                                       ;
; LATENCY                                        ; 0             ; Untyped                                       ;
; INPUT_A_IS_CONSTANT                            ; NO            ; Untyped                                       ;
; INPUT_B_IS_CONSTANT                            ; YES           ; Untyped                                       ;
; USE_EAB                                        ; OFF           ; Untyped                                       ;
; MAXIMIZE_SPEED                                 ; 5             ; Untyped                                       ;
; DEVICE_FAMILY                                  ; Cyclone 10 LP ; Untyped                                       ;
; CARRY_CHAIN                                    ; MANUAL        ; Untyped                                       ;
; APEX20K_TECHNOLOGY_MAPPER                      ; LUT           ; TECH_MAPPER_APEX20K                           ;
; DEDICATED_MULTIPLIER_CIRCUITRY                 ; AUTO          ; Untyped                                       ;
; DEDICATED_MULTIPLIER_MIN_INPUT_WIDTH_FOR_AUTO  ; 0             ; Untyped                                       ;
; DEDICATED_MULTIPLIER_MIN_OUTPUT_WIDTH_FOR_AUTO ; 0             ; Untyped                                       ;
; CBXI_PARAMETER                                 ; NOTHING       ; Untyped                                       ;
; INPUT_A_FIXED_VALUE                            ; Bx            ; Untyped                                       ;
; INPUT_B_FIXED_VALUE                            ; Bx            ; Untyped                                       ;
; USE_AHDL_IMPLEMENTATION                        ; OFF           ; Untyped                                       ;
+------------------------------------------------+---------------+-----------------------------------------------+
Note: In order to hide this table in the UI and the text report file, please set the "Show Parameter Settings in Synthesis Report" option in "Analysis and Synthesis Settings -> More Settings" to "Off".


+----------------------------------------------------------------------------------------------------------------+
; Parameter Settings for Inferred Entity Instance: eco_nn_top:uut|neuron:hidden_layer[7].h_neuron|lpm_mult:Mult7 ;
+------------------------------------------------+---------------+-----------------------------------------------+
; Parameter Name                                 ; Value         ; Type                                          ;
+------------------------------------------------+---------------+-----------------------------------------------+
; AUTO_CARRY_CHAINS                              ; ON            ; AUTO_CARRY                                    ;
; IGNORE_CARRY_BUFFERS                           ; OFF           ; IGNORE_CARRY                                  ;
; AUTO_CASCADE_CHAINS                            ; ON            ; AUTO_CASCADE                                  ;
; IGNORE_CASCADE_BUFFERS                         ; OFF           ; IGNORE_CASCADE                                ;
; LPM_WIDTHA                                     ; 8             ; Untyped                                       ;
; LPM_WIDTHB                                     ; 4             ; Untyped                                       ;
; LPM_WIDTHP                                     ; 12            ; Untyped                                       ;
; LPM_WIDTHR                                     ; 12            ; Untyped                                       ;
; LPM_WIDTHS                                     ; 1             ; Untyped                                       ;
; LPM_REPRESENTATION                             ; SIGNED        ; Untyped                                       ;
; LPM_PIPELINE                                   ; 0             ; Untyped                                       ;
; LATENCY                                        ; 0             ; Untyped                                       ;
; INPUT_A_IS_CONSTANT                            ; NO            ; Untyped                                       ;
; INPUT_B_IS_CONSTANT                            ; YES           ; Untyped                                       ;
; USE_EAB                                        ; OFF           ; Untyped                                       ;
; MAXIMIZE_SPEED                                 ; 5             ; Untyped                                       ;
; DEVICE_FAMILY                                  ; Cyclone 10 LP ; Untyped                                       ;
; CARRY_CHAIN                                    ; MANUAL        ; Untyped                                       ;
; APEX20K_TECHNOLOGY_MAPPER                      ; LUT           ; TECH_MAPPER_APEX20K                           ;
; DEDICATED_MULTIPLIER_CIRCUITRY                 ; AUTO          ; Untyped                                       ;
; DEDICATED_MULTIPLIER_MIN_INPUT_WIDTH_FOR_AUTO  ; 0             ; Untyped                                       ;
; DEDICATED_MULTIPLIER_MIN_OUTPUT_WIDTH_FOR_AUTO ; 0             ; Untyped                                       ;
; CBXI_PARAMETER                                 ; NOTHING       ; Untyped                                       ;
; INPUT_A_FIXED_VALUE                            ; Bx            ; Untyped                                       ;
; INPUT_B_FIXED_VALUE                            ; Bx            ; Untyped                                       ;
; USE_AHDL_IMPLEMENTATION                        ; OFF           ; Untyped                                       ;
+------------------------------------------------+---------------+-----------------------------------------------+
Note: In order to hide this table in the UI and the text report file, please set the "Show Parameter Settings in Synthesis Report" option in "Analysis and Synthesis Settings -> More Settings" to "Off".


+----------------------------------------------------------------------------------------------------------------+
; Parameter Settings for Inferred Entity Instance: eco_nn_top:uut|neuron:hidden_layer[9].h_neuron|lpm_mult:Mult6 ;
+------------------------------------------------+---------------+-----------------------------------------------+
; Parameter Name                                 ; Value         ; Type                                          ;
+------------------------------------------------+---------------+-----------------------------------------------+
; AUTO_CARRY_CHAINS                              ; ON            ; AUTO_CARRY                                    ;
; IGNORE_CARRY_BUFFERS                           ; OFF           ; IGNORE_CARRY                                  ;
; AUTO_CASCADE_CHAINS                            ; ON            ; AUTO_CASCADE                                  ;
; IGNORE_CASCADE_BUFFERS                         ; OFF           ; IGNORE_CASCADE                                ;
; LPM_WIDTHA                                     ; 8             ; Untyped                                       ;
; LPM_WIDTHB                                     ; 4             ; Untyped                                       ;
; LPM_WIDTHP                                     ; 12            ; Untyped                                       ;
; LPM_WIDTHR                                     ; 12            ; Untyped                                       ;
; LPM_WIDTHS                                     ; 1             ; Untyped                                       ;
; LPM_REPRESENTATION                             ; SIGNED        ; Untyped                                       ;
; LPM_PIPELINE                                   ; 0             ; Untyped                                       ;
; LATENCY                                        ; 0             ; Untyped                                       ;
; INPUT_A_IS_CONSTANT                            ; NO            ; Untyped                                       ;
; INPUT_B_IS_CONSTANT                            ; YES           ; Untyped                                       ;
; USE_EAB                                        ; OFF           ; Untyped                                       ;
; MAXIMIZE_SPEED                                 ; 5             ; Untyped                                       ;
; DEVICE_FAMILY                                  ; Cyclone 10 LP ; Untyped                                       ;
; CARRY_CHAIN                                    ; MANUAL        ; Untyped                                       ;
; APEX20K_TECHNOLOGY_MAPPER                      ; LUT           ; TECH_MAPPER_APEX20K                           ;
; DEDICATED_MULTIPLIER_CIRCUITRY                 ; AUTO          ; Untyped                                       ;
; DEDICATED_MULTIPLIER_MIN_INPUT_WIDTH_FOR_AUTO  ; 0             ; Untyped                                       ;
; DEDICATED_MULTIPLIER_MIN_OUTPUT_WIDTH_FOR_AUTO ; 0             ; Untyped                                       ;
; CBXI_PARAMETER                                 ; NOTHING       ; Untyped                                       ;
; INPUT_A_FIXED_VALUE                            ; Bx            ; Untyped                                       ;
; INPUT_B_FIXED_VALUE                            ; Bx            ; Untyped                                       ;
; USE_AHDL_IMPLEMENTATION                        ; OFF           ; Untyped                                       ;
+------------------------------------------------+---------------+-----------------------------------------------+
Note: In order to hide this table in the UI and the text report file, please set the "Show Parameter Settings in Synthesis Report" option in "Analysis and Synthesis Settings -> More Settings" to "Off".


+-----------------------------------------------------------------------------------------------------------------+
; Parameter Settings for Inferred Entity Instance: eco_nn_top:uut|neuron:hidden_layer[14].h_neuron|lpm_mult:Mult0 ;
+------------------------------------------------+---------------+------------------------------------------------+
; Parameter Name                                 ; Value         ; Type                                           ;
+------------------------------------------------+---------------+------------------------------------------------+
; AUTO_CARRY_CHAINS                              ; ON            ; AUTO_CARRY                                     ;
; IGNORE_CARRY_BUFFERS                           ; OFF           ; IGNORE_CARRY                                   ;
; AUTO_CASCADE_CHAINS                            ; ON            ; AUTO_CASCADE                                   ;
; IGNORE_CASCADE_BUFFERS                         ; OFF           ; IGNORE_CASCADE                                 ;
; LPM_WIDTHA                                     ; 8             ; Untyped                                        ;
; LPM_WIDTHB                                     ; 4             ; Untyped                                        ;
; LPM_WIDTHP                                     ; 12            ; Untyped                                        ;
; LPM_WIDTHR                                     ; 12            ; Untyped                                        ;
; LPM_WIDTHS                                     ; 1             ; Untyped                                        ;
; LPM_REPRESENTATION                             ; SIGNED        ; Untyped                                        ;
; LPM_PIPELINE                                   ; 0             ; Untyped                                        ;
; LATENCY                                        ; 0             ; Untyped                                        ;
; INPUT_A_IS_CONSTANT                            ; NO            ; Untyped                                        ;
; INPUT_B_IS_CONSTANT                            ; YES           ; Untyped                                        ;
; USE_EAB                                        ; OFF           ; Untyped                                        ;
; MAXIMIZE_SPEED                                 ; 5             ; Untyped                                        ;
; DEVICE_FAMILY                                  ; Cyclone 10 LP ; Untyped                                        ;
; CARRY_CHAIN                                    ; MANUAL        ; Untyped                                        ;
; APEX20K_TECHNOLOGY_MAPPER                      ; LUT           ; TECH_MAPPER_APEX20K                            ;
; DEDICATED_MULTIPLIER_CIRCUITRY                 ; AUTO          ; Untyped                                        ;
; DEDICATED_MULTIPLIER_MIN_INPUT_WIDTH_FOR_AUTO  ; 0             ; Untyped                                        ;
; DEDICATED_MULTIPLIER_MIN_OUTPUT_WIDTH_FOR_AUTO ; 0             ; Untyped                                        ;
; CBXI_PARAMETER                                 ; NOTHING       ; Untyped                                        ;
; INPUT_A_FIXED_VALUE                            ; Bx            ; Untyped                                        ;
; INPUT_B_FIXED_VALUE                            ; Bx            ; Untyped                                        ;
; USE_AHDL_IMPLEMENTATION                        ; OFF           ; Untyped                                        ;
+------------------------------------------------+---------------+------------------------------------------------+
Note: In order to hide this table in the UI and the text report file, please set the "Show Parameter Settings in Synthesis Report" option in "Analysis and Synthesis Settings -> More Settings" to "Off".


+----------------------------------------------------------------------------------------------------------------+
; Parameter Settings for Inferred Entity Instance: eco_nn_top:uut|neuron:hidden_layer[0].h_neuron|lpm_mult:Mult1 ;
+------------------------------------------------+---------------+-----------------------------------------------+
; Parameter Name                                 ; Value         ; Type                                          ;
+------------------------------------------------+---------------+-----------------------------------------------+
; AUTO_CARRY_CHAINS                              ; ON            ; AUTO_CARRY                                    ;
; IGNORE_CARRY_BUFFERS                           ; OFF           ; IGNORE_CARRY                                  ;
; AUTO_CASCADE_CHAINS                            ; ON            ; AUTO_CASCADE                                  ;
; IGNORE_CASCADE_BUFFERS                         ; OFF           ; IGNORE_CASCADE                                ;
; LPM_WIDTHA                                     ; 8             ; Untyped                                       ;
; LPM_WIDTHB                                     ; 3             ; Untyped                                       ;
; LPM_WIDTHP                                     ; 11            ; Untyped                                       ;
; LPM_WIDTHR                                     ; 11            ; Untyped                                       ;
; LPM_WIDTHS                                     ; 1             ; Untyped                                       ;
; LPM_REPRESENTATION                             ; SIGNED        ; Untyped                                       ;
; LPM_PIPELINE                                   ; 0             ; Untyped                                       ;
; LATENCY                                        ; 0             ; Untyped                                       ;
; INPUT_A_IS_CONSTANT                            ; NO            ; Untyped                                       ;
; INPUT_B_IS_CONSTANT                            ; YES           ; Untyped                                       ;
; USE_EAB                                        ; OFF           ; Untyped                                       ;
; MAXIMIZE_SPEED                                 ; 5             ; Untyped                                       ;
; DEVICE_FAMILY                                  ; Cyclone 10 LP ; Untyped                                       ;
; CARRY_CHAIN                                    ; MANUAL        ; Untyped                                       ;
; APEX20K_TECHNOLOGY_MAPPER                      ; LUT           ; TECH_MAPPER_APEX20K                           ;
; DEDICATED_MULTIPLIER_CIRCUITRY                 ; AUTO          ; Untyped                                       ;
; DEDICATED_MULTIPLIER_MIN_INPUT_WIDTH_FOR_AUTO  ; 0             ; Untyped                                       ;
; DEDICATED_MULTIPLIER_MIN_OUTPUT_WIDTH_FOR_AUTO ; 0             ; Untyped                                       ;
; CBXI_PARAMETER                                 ; NOTHING       ; Untyped                                       ;
; INPUT_A_FIXED_VALUE                            ; Bx            ; Untyped                                       ;
; INPUT_B_FIXED_VALUE                            ; Bx            ; Untyped                                       ;
; USE_AHDL_IMPLEMENTATION                        ; OFF           ; Untyped                                       ;
+------------------------------------------------+---------------+-----------------------------------------------+
Note: In order to hide this table in the UI and the text report file, please set the "Show Parameter Settings in Synthesis Report" option in "Analysis and Synthesis Settings -> More Settings" to "Off".


+----------------------------------------------------------------------------------------------------------------+
; Parameter Settings for Inferred Entity Instance: eco_nn_top:uut|neuron:hidden_layer[3].h_neuron|lpm_mult:Mult3 ;
+------------------------------------------------+---------------+-----------------------------------------------+
; Parameter Name                                 ; Value         ; Type                                          ;
+------------------------------------------------+---------------+-----------------------------------------------+
; AUTO_CARRY_CHAINS                              ; ON            ; AUTO_CARRY                                    ;
; IGNORE_CARRY_BUFFERS                           ; OFF           ; IGNORE_CARRY                                  ;
; AUTO_CASCADE_CHAINS                            ; ON            ; AUTO_CASCADE                                  ;
; IGNORE_CASCADE_BUFFERS                         ; OFF           ; IGNORE_CASCADE                                ;
; LPM_WIDTHA                                     ; 8             ; Untyped                                       ;
; LPM_WIDTHB                                     ; 4             ; Untyped                                       ;
; LPM_WIDTHP                                     ; 12            ; Untyped                                       ;
; LPM_WIDTHR                                     ; 12            ; Untyped                                       ;
; LPM_WIDTHS                                     ; 1             ; Untyped                                       ;
; LPM_REPRESENTATION                             ; SIGNED        ; Untyped                                       ;
; LPM_PIPELINE                                   ; 0             ; Untyped                                       ;
; LATENCY                                        ; 0             ; Untyped                                       ;
; INPUT_A_IS_CONSTANT                            ; NO            ; Untyped                                       ;
; INPUT_B_IS_CONSTANT                            ; YES           ; Untyped                                       ;
; USE_EAB                                        ; OFF           ; Untyped                                       ;
; MAXIMIZE_SPEED                                 ; 5             ; Untyped                                       ;
; DEVICE_FAMILY                                  ; Cyclone 10 LP ; Untyped                                       ;
; CARRY_CHAIN                                    ; MANUAL        ; Untyped                                       ;
; APEX20K_TECHNOLOGY_MAPPER                      ; LUT           ; TECH_MAPPER_APEX20K                           ;
; DEDICATED_MULTIPLIER_CIRCUITRY                 ; AUTO          ; Untyped                                       ;
; DEDICATED_MULTIPLIER_MIN_INPUT_WIDTH_FOR_AUTO  ; 0             ; Untyped                                       ;
; DEDICATED_MULTIPLIER_MIN_OUTPUT_WIDTH_FOR_AUTO ; 0             ; Untyped                                       ;
; CBXI_PARAMETER                                 ; NOTHING       ; Untyped                                       ;
; INPUT_A_FIXED_VALUE                            ; Bx            ; Untyped                                       ;
; INPUT_B_FIXED_VALUE                            ; Bx            ; Untyped                                       ;
; USE_AHDL_IMPLEMENTATION                        ; OFF           ; Untyped                                       ;
+------------------------------------------------+---------------+-----------------------------------------------+
Note: In order to hide this table in the UI and the text report file, please set the "Show Parameter Settings in Synthesis Report" option in "Analysis and Synthesis Settings -> More Settings" to "Off".


+----------------------------------------------------------------------------------------------------------------+
; Parameter Settings for Inferred Entity Instance: eco_nn_top:uut|neuron:hidden_layer[0].h_neuron|lpm_mult:Mult2 ;
+------------------------------------------------+---------------+-----------------------------------------------+
; Parameter Name                                 ; Value         ; Type                                          ;
+------------------------------------------------+---------------+-----------------------------------------------+
; AUTO_CARRY_CHAINS                              ; ON            ; AUTO_CARRY                                    ;
; IGNORE_CARRY_BUFFERS                           ; OFF           ; IGNORE_CARRY                                  ;
; AUTO_CASCADE_CHAINS                            ; ON            ; AUTO_CASCADE                                  ;
; IGNORE_CASCADE_BUFFERS                         ; OFF           ; IGNORE_CASCADE                                ;
; LPM_WIDTHA                                     ; 8             ; Untyped                                       ;
; LPM_WIDTHB                                     ; 5             ; Untyped                                       ;
; LPM_WIDTHP                                     ; 13            ; Untyped                                       ;
; LPM_WIDTHR                                     ; 13            ; Untyped                                       ;
; LPM_WIDTHS                                     ; 1             ; Untyped                                       ;
; LPM_REPRESENTATION                             ; SIGNED        ; Untyped                                       ;
; LPM_PIPELINE                                   ; 0             ; Untyped                                       ;
; LATENCY                                        ; 0             ; Untyped                                       ;
; INPUT_A_IS_CONSTANT                            ; NO            ; Untyped                                       ;
; INPUT_B_IS_CONSTANT                            ; YES           ; Untyped                                       ;
; USE_EAB                                        ; OFF           ; Untyped                                       ;
; MAXIMIZE_SPEED                                 ; 5             ; Untyped                                       ;
; DEVICE_FAMILY                                  ; Cyclone 10 LP ; Untyped                                       ;
; CARRY_CHAIN                                    ; MANUAL        ; Untyped                                       ;
; APEX20K_TECHNOLOGY_MAPPER                      ; LUT           ; TECH_MAPPER_APEX20K                           ;
; DEDICATED_MULTIPLIER_CIRCUITRY                 ; AUTO          ; Untyped                                       ;
; DEDICATED_MULTIPLIER_MIN_INPUT_WIDTH_FOR_AUTO  ; 0             ; Untyped                                       ;
; DEDICATED_MULTIPLIER_MIN_OUTPUT_WIDTH_FOR_AUTO ; 0             ; Untyped                                       ;
; CBXI_PARAMETER                                 ; NOTHING       ; Untyped                                       ;
; INPUT_A_FIXED_VALUE                            ; Bx            ; Untyped                                       ;
; INPUT_B_FIXED_VALUE                            ; Bx            ; Untyped                                       ;
; USE_AHDL_IMPLEMENTATION                        ; OFF           ; Untyped                                       ;
+------------------------------------------------+---------------+-----------------------------------------------+
Note: In order to hide this table in the UI and the text report file, please set the "Show Parameter Settings in Synthesis Report" option in "Analysis and Synthesis Settings -> More Settings" to "Off".


+----------------------------------------------------------------------------------------------------------------+
; Parameter Settings for Inferred Entity Instance: eco_nn_top:uut|neuron:hidden_layer[0].h_neuron|lpm_mult:Mult7 ;
+------------------------------------------------+---------------+-----------------------------------------------+
; Parameter Name                                 ; Value         ; Type                                          ;
+------------------------------------------------+---------------+-----------------------------------------------+
; AUTO_CARRY_CHAINS                              ; ON            ; AUTO_CARRY                                    ;
; IGNORE_CARRY_BUFFERS                           ; OFF           ; IGNORE_CARRY                                  ;
; AUTO_CASCADE_CHAINS                            ; ON            ; AUTO_CASCADE                                  ;
; IGNORE_CASCADE_BUFFERS                         ; OFF           ; IGNORE_CASCADE                                ;
; LPM_WIDTHA                                     ; 8             ; Untyped                                       ;
; LPM_WIDTHB                                     ; 2             ; Untyped                                       ;
; LPM_WIDTHP                                     ; 10            ; Untyped                                       ;
; LPM_WIDTHR                                     ; 10            ; Untyped                                       ;
; LPM_WIDTHS                                     ; 1             ; Untyped                                       ;
; LPM_REPRESENTATION                             ; SIGNED        ; Untyped                                       ;
; LPM_PIPELINE                                   ; 0             ; Untyped                                       ;
; LATENCY                                        ; 0             ; Untyped                                       ;
; INPUT_A_IS_CONSTANT                            ; NO            ; Untyped                                       ;
; INPUT_B_IS_CONSTANT                            ; YES           ; Untyped                                       ;
; USE_EAB                                        ; OFF           ; Untyped                                       ;
; MAXIMIZE_SPEED                                 ; 5             ; Untyped                                       ;
; DEVICE_FAMILY                                  ; Cyclone 10 LP ; Untyped                                       ;
; CARRY_CHAIN                                    ; MANUAL        ; Untyped                                       ;
; APEX20K_TECHNOLOGY_MAPPER                      ; LUT           ; TECH_MAPPER_APEX20K                           ;
; DEDICATED_MULTIPLIER_CIRCUITRY                 ; AUTO          ; Untyped                                       ;
; DEDICATED_MULTIPLIER_MIN_INPUT_WIDTH_FOR_AUTO  ; 0             ; Untyped                                       ;
; DEDICATED_MULTIPLIER_MIN_OUTPUT_WIDTH_FOR_AUTO ; 0             ; Untyped                                       ;
; CBXI_PARAMETER                                 ; NOTHING       ; Untyped                                       ;
; INPUT_A_FIXED_VALUE                            ; Bx            ; Untyped                                       ;
; INPUT_B_FIXED_VALUE                            ; Bx            ; Untyped                                       ;
; USE_AHDL_IMPLEMENTATION                        ; OFF           ; Untyped                                       ;
+------------------------------------------------+---------------+-----------------------------------------------+
Note: In order to hide this table in the UI and the text report file, please set the "Show Parameter Settings in Synthesis Report" option in "Analysis and Synthesis Settings -> More Settings" to "Off".


+----------------------------------------------------------------------------------------------------------------+
; Parameter Settings for Inferred Entity Instance: eco_nn_top:uut|neuron:hidden_layer[1].h_neuron|lpm_mult:Mult7 ;
+------------------------------------------------+---------------+-----------------------------------------------+
; Parameter Name                                 ; Value         ; Type                                          ;
+------------------------------------------------+---------------+-----------------------------------------------+
; AUTO_CARRY_CHAINS                              ; ON            ; AUTO_CARRY                                    ;
; IGNORE_CARRY_BUFFERS                           ; OFF           ; IGNORE_CARRY                                  ;
; AUTO_CASCADE_CHAINS                            ; ON            ; AUTO_CASCADE                                  ;
; IGNORE_CASCADE_BUFFERS                         ; OFF           ; IGNORE_CASCADE                                ;
; LPM_WIDTHA                                     ; 8             ; Untyped                                       ;
; LPM_WIDTHB                                     ; 3             ; Untyped                                       ;
; LPM_WIDTHP                                     ; 11            ; Untyped                                       ;
; LPM_WIDTHR                                     ; 11            ; Untyped                                       ;
; LPM_WIDTHS                                     ; 1             ; Untyped                                       ;
; LPM_REPRESENTATION                             ; SIGNED        ; Untyped                                       ;
; LPM_PIPELINE                                   ; 0             ; Untyped                                       ;
; LATENCY                                        ; 0             ; Untyped                                       ;
; INPUT_A_IS_CONSTANT                            ; NO            ; Untyped                                       ;
; INPUT_B_IS_CONSTANT                            ; YES           ; Untyped                                       ;
; USE_EAB                                        ; OFF           ; Untyped                                       ;
; MAXIMIZE_SPEED                                 ; 5             ; Untyped                                       ;
; DEVICE_FAMILY                                  ; Cyclone 10 LP ; Untyped                                       ;
; CARRY_CHAIN                                    ; MANUAL        ; Untyped                                       ;
; APEX20K_TECHNOLOGY_MAPPER                      ; LUT           ; TECH_MAPPER_APEX20K                           ;
; DEDICATED_MULTIPLIER_CIRCUITRY                 ; AUTO          ; Untyped                                       ;
; DEDICATED_MULTIPLIER_MIN_INPUT_WIDTH_FOR_AUTO  ; 0             ; Untyped                                       ;
; DEDICATED_MULTIPLIER_MIN_OUTPUT_WIDTH_FOR_AUTO ; 0             ; Untyped                                       ;
; CBXI_PARAMETER                                 ; NOTHING       ; Untyped                                       ;
; INPUT_A_FIXED_VALUE                            ; Bx            ; Untyped                                       ;
; INPUT_B_FIXED_VALUE                            ; Bx            ; Untyped                                       ;
; USE_AHDL_IMPLEMENTATION                        ; OFF           ; Untyped                                       ;
+------------------------------------------------+---------------+-----------------------------------------------+
Note: In order to hide this table in the UI and the text report file, please set the "Show Parameter Settings in Synthesis Report" option in "Analysis and Synthesis Settings -> More Settings" to "Off".


+----------------------------------------------------------------------------------------------------------------+
; Parameter Settings for Inferred Entity Instance: eco_nn_top:uut|neuron:hidden_layer[1].h_neuron|lpm_mult:Mult2 ;
+------------------------------------------------+---------------+-----------------------------------------------+
; Parameter Name                                 ; Value         ; Type                                          ;
+------------------------------------------------+---------------+-----------------------------------------------+
; AUTO_CARRY_CHAINS                              ; ON            ; AUTO_CARRY                                    ;
; IGNORE_CARRY_BUFFERS                           ; OFF           ; IGNORE_CARRY                                  ;
; AUTO_CASCADE_CHAINS                            ; ON            ; AUTO_CASCADE                                  ;
; IGNORE_CASCADE_BUFFERS                         ; OFF           ; IGNORE_CASCADE                                ;
; LPM_WIDTHA                                     ; 8             ; Untyped                                       ;
; LPM_WIDTHB                                     ; 2             ; Untyped                                       ;
; LPM_WIDTHP                                     ; 10            ; Untyped                                       ;
; LPM_WIDTHR                                     ; 10            ; Untyped                                       ;
; LPM_WIDTHS                                     ; 1             ; Untyped                                       ;
; LPM_REPRESENTATION                             ; SIGNED        ; Untyped                                       ;
; LPM_PIPELINE                                   ; 0             ; Untyped                                       ;
; LATENCY                                        ; 0             ; Untyped                                       ;
; INPUT_A_IS_CONSTANT                            ; NO            ; Untyped                                       ;
; INPUT_B_IS_CONSTANT                            ; YES           ; Untyped                                       ;
; USE_EAB                                        ; OFF           ; Untyped                                       ;
; MAXIMIZE_SPEED                                 ; 5             ; Untyped                                       ;
; DEVICE_FAMILY                                  ; Cyclone 10 LP ; Untyped                                       ;
; CARRY_CHAIN                                    ; MANUAL        ; Untyped                                       ;
; APEX20K_TECHNOLOGY_MAPPER                      ; LUT           ; TECH_MAPPER_APEX20K                           ;
; DEDICATED_MULTIPLIER_CIRCUITRY                 ; AUTO          ; Untyped                                       ;
; DEDICATED_MULTIPLIER_MIN_INPUT_WIDTH_FOR_AUTO  ; 0             ; Untyped                                       ;
; DEDICATED_MULTIPLIER_MIN_OUTPUT_WIDTH_FOR_AUTO ; 0             ; Untyped                                       ;
; CBXI_PARAMETER                                 ; NOTHING       ; Untyped                                       ;
; INPUT_A_FIXED_VALUE                            ; Bx            ; Untyped                                       ;
; INPUT_B_FIXED_VALUE                            ; Bx            ; Untyped                                       ;
; USE_AHDL_IMPLEMENTATION                        ; OFF           ; Untyped                                       ;
+------------------------------------------------+---------------+-----------------------------------------------+
Note: In order to hide this table in the UI and the text report file, please set the "Show Parameter Settings in Synthesis Report" option in "Analysis and Synthesis Settings -> More Settings" to "Off".


+----------------------------------------------------------------------------------------------------------------+
; Parameter Settings for Inferred Entity Instance: eco_nn_top:uut|neuron:hidden_layer[2].h_neuron|lpm_mult:Mult0 ;
+------------------------------------------------+---------------+-----------------------------------------------+
; Parameter Name                                 ; Value         ; Type                                          ;
+------------------------------------------------+---------------+-----------------------------------------------+
; AUTO_CARRY_CHAINS                              ; ON            ; AUTO_CARRY                                    ;
; IGNORE_CARRY_BUFFERS                           ; OFF           ; IGNORE_CARRY                                  ;
; AUTO_CASCADE_CHAINS                            ; ON            ; AUTO_CASCADE                                  ;
; IGNORE_CASCADE_BUFFERS                         ; OFF           ; IGNORE_CASCADE                                ;
; LPM_WIDTHA                                     ; 8             ; Untyped                                       ;
; LPM_WIDTHB                                     ; 4             ; Untyped                                       ;
; LPM_WIDTHP                                     ; 12            ; Untyped                                       ;
; LPM_WIDTHR                                     ; 12            ; Untyped                                       ;
; LPM_WIDTHS                                     ; 1             ; Untyped                                       ;
; LPM_REPRESENTATION                             ; SIGNED        ; Untyped                                       ;
; LPM_PIPELINE                                   ; 0             ; Untyped                                       ;
; LATENCY                                        ; 0             ; Untyped                                       ;
; INPUT_A_IS_CONSTANT                            ; NO            ; Untyped                                       ;
; INPUT_B_IS_CONSTANT                            ; YES           ; Untyped                                       ;
; USE_EAB                                        ; OFF           ; Untyped                                       ;
; MAXIMIZE_SPEED                                 ; 5             ; Untyped                                       ;
; DEVICE_FAMILY                                  ; Cyclone 10 LP ; Untyped                                       ;
; CARRY_CHAIN                                    ; MANUAL        ; Untyped                                       ;
; APEX20K_TECHNOLOGY_MAPPER                      ; LUT           ; TECH_MAPPER_APEX20K                           ;
; DEDICATED_MULTIPLIER_CIRCUITRY                 ; AUTO          ; Untyped                                       ;
; DEDICATED_MULTIPLIER_MIN_INPUT_WIDTH_FOR_AUTO  ; 0             ; Untyped                                       ;
; DEDICATED_MULTIPLIER_MIN_OUTPUT_WIDTH_FOR_AUTO ; 0             ; Untyped                                       ;
; CBXI_PARAMETER                                 ; NOTHING       ; Untyped                                       ;
; INPUT_A_FIXED_VALUE                            ; Bx            ; Untyped                                       ;
; INPUT_B_FIXED_VALUE                            ; Bx            ; Untyped                                       ;
; USE_AHDL_IMPLEMENTATION                        ; OFF           ; Untyped                                       ;
+------------------------------------------------+---------------+-----------------------------------------------+
Note: In order to hide this table in the UI and the text report file, please set the "Show Parameter Settings in Synthesis Report" option in "Analysis and Synthesis Settings -> More Settings" to "Off".


+----------------------------------------------------------------------------------------------------------------+
; Parameter Settings for Inferred Entity Instance: eco_nn_top:uut|neuron:hidden_layer[3].h_neuron|lpm_mult:Mult1 ;
+------------------------------------------------+---------------+-----------------------------------------------+
; Parameter Name                                 ; Value         ; Type                                          ;
+------------------------------------------------+---------------+-----------------------------------------------+
; AUTO_CARRY_CHAINS                              ; ON            ; AUTO_CARRY                                    ;
; IGNORE_CARRY_BUFFERS                           ; OFF           ; IGNORE_CARRY                                  ;
; AUTO_CASCADE_CHAINS                            ; ON            ; AUTO_CASCADE                                  ;
; IGNORE_CASCADE_BUFFERS                         ; OFF           ; IGNORE_CASCADE                                ;
; LPM_WIDTHA                                     ; 8             ; Untyped                                       ;
; LPM_WIDTHB                                     ; 4             ; Untyped                                       ;
; LPM_WIDTHP                                     ; 12            ; Untyped                                       ;
; LPM_WIDTHR                                     ; 12            ; Untyped                                       ;
; LPM_WIDTHS                                     ; 1             ; Untyped                                       ;
; LPM_REPRESENTATION                             ; SIGNED        ; Untyped                                       ;
; LPM_PIPELINE                                   ; 0             ; Untyped                                       ;
; LATENCY                                        ; 0             ; Untyped                                       ;
; INPUT_A_IS_CONSTANT                            ; NO            ; Untyped                                       ;
; INPUT_B_IS_CONSTANT                            ; YES           ; Untyped                                       ;
; USE_EAB                                        ; OFF           ; Untyped                                       ;
; MAXIMIZE_SPEED                                 ; 5             ; Untyped                                       ;
; DEVICE_FAMILY                                  ; Cyclone 10 LP ; Untyped                                       ;
; CARRY_CHAIN                                    ; MANUAL        ; Untyped                                       ;
; APEX20K_TECHNOLOGY_MAPPER                      ; LUT           ; TECH_MAPPER_APEX20K                           ;
; DEDICATED_MULTIPLIER_CIRCUITRY                 ; AUTO          ; Untyped                                       ;
; DEDICATED_MULTIPLIER_MIN_INPUT_WIDTH_FOR_AUTO  ; 0             ; Untyped                                       ;
; DEDICATED_MULTIPLIER_MIN_OUTPUT_WIDTH_FOR_AUTO ; 0             ; Untyped                                       ;
; CBXI_PARAMETER                                 ; NOTHING       ; Untyped                                       ;
; INPUT_A_FIXED_VALUE                            ; Bx            ; Untyped                                       ;
; INPUT_B_FIXED_VALUE                            ; Bx            ; Untyped                                       ;
; USE_AHDL_IMPLEMENTATION                        ; OFF           ; Untyped                                       ;
+------------------------------------------------+---------------+-----------------------------------------------+
Note: In order to hide this table in the UI and the text report file, please set the "Show Parameter Settings in Synthesis Report" option in "Analysis and Synthesis Settings -> More Settings" to "Off".


+----------------------------------------------------------------------------------------------------------------+
; Parameter Settings for Inferred Entity Instance: eco_nn_top:uut|neuron:hidden_layer[8].h_neuron|lpm_mult:Mult4 ;
+------------------------------------------------+---------------+-----------------------------------------------+
; Parameter Name                                 ; Value         ; Type                                          ;
+------------------------------------------------+---------------+-----------------------------------------------+
; AUTO_CARRY_CHAINS                              ; ON            ; AUTO_CARRY                                    ;
; IGNORE_CARRY_BUFFERS                           ; OFF           ; IGNORE_CARRY                                  ;
; AUTO_CASCADE_CHAINS                            ; ON            ; AUTO_CASCADE                                  ;
; IGNORE_CASCADE_BUFFERS                         ; OFF           ; IGNORE_CASCADE                                ;
; LPM_WIDTHA                                     ; 8             ; Untyped                                       ;
; LPM_WIDTHB                                     ; 2             ; Untyped                                       ;
; LPM_WIDTHP                                     ; 10            ; Untyped                                       ;
; LPM_WIDTHR                                     ; 10            ; Untyped                                       ;
; LPM_WIDTHS                                     ; 1             ; Untyped                                       ;
; LPM_REPRESENTATION                             ; SIGNED        ; Untyped                                       ;
; LPM_PIPELINE                                   ; 0             ; Untyped                                       ;
; LATENCY                                        ; 0             ; Untyped                                       ;
; INPUT_A_IS_CONSTANT                            ; NO            ; Untyped                                       ;
; INPUT_B_IS_CONSTANT                            ; YES           ; Untyped                                       ;
; USE_EAB                                        ; OFF           ; Untyped                                       ;
; MAXIMIZE_SPEED                                 ; 5             ; Untyped                                       ;
; DEVICE_FAMILY                                  ; Cyclone 10 LP ; Untyped                                       ;
; CARRY_CHAIN                                    ; MANUAL        ; Untyped                                       ;
; APEX20K_TECHNOLOGY_MAPPER                      ; LUT           ; TECH_MAPPER_APEX20K                           ;
; DEDICATED_MULTIPLIER_CIRCUITRY                 ; AUTO          ; Untyped                                       ;
; DEDICATED_MULTIPLIER_MIN_INPUT_WIDTH_FOR_AUTO  ; 0             ; Untyped                                       ;
; DEDICATED_MULTIPLIER_MIN_OUTPUT_WIDTH_FOR_AUTO ; 0             ; Untyped                                       ;
; CBXI_PARAMETER                                 ; NOTHING       ; Untyped                                       ;
; INPUT_A_FIXED_VALUE                            ; Bx            ; Untyped                                       ;
; INPUT_B_FIXED_VALUE                            ; Bx            ; Untyped                                       ;
; USE_AHDL_IMPLEMENTATION                        ; OFF           ; Untyped                                       ;
+------------------------------------------------+---------------+-----------------------------------------------+
Note: In order to hide this table in the UI and the text report file, please set the "Show Parameter Settings in Synthesis Report" option in "Analysis and Synthesis Settings -> More Settings" to "Off".


+----------------------------------------------------------------------------------------------------------------+
; Parameter Settings for Inferred Entity Instance: eco_nn_top:uut|neuron:hidden_layer[5].h_neuron|lpm_mult:Mult2 ;
+------------------------------------------------+---------------+-----------------------------------------------+
; Parameter Name                                 ; Value         ; Type                                          ;
+------------------------------------------------+---------------+-----------------------------------------------+
; AUTO_CARRY_CHAINS                              ; ON            ; AUTO_CARRY                                    ;
; IGNORE_CARRY_BUFFERS                           ; OFF           ; IGNORE_CARRY                                  ;
; AUTO_CASCADE_CHAINS                            ; ON            ; AUTO_CASCADE                                  ;
; IGNORE_CASCADE_BUFFERS                         ; OFF           ; IGNORE_CASCADE                                ;
; LPM_WIDTHA                                     ; 8             ; Untyped                                       ;
; LPM_WIDTHB                                     ; 3             ; Untyped                                       ;
; LPM_WIDTHP                                     ; 11            ; Untyped                                       ;
; LPM_WIDTHR                                     ; 11            ; Untyped                                       ;
; LPM_WIDTHS                                     ; 1             ; Untyped                                       ;
; LPM_REPRESENTATION                             ; SIGNED        ; Untyped                                       ;
; LPM_PIPELINE                                   ; 0             ; Untyped                                       ;
; LATENCY                                        ; 0             ; Untyped                                       ;
; INPUT_A_IS_CONSTANT                            ; NO            ; Untyped                                       ;
; INPUT_B_IS_CONSTANT                            ; YES           ; Untyped                                       ;
; USE_EAB                                        ; OFF           ; Untyped                                       ;
; MAXIMIZE_SPEED                                 ; 5             ; Untyped                                       ;
; DEVICE_FAMILY                                  ; Cyclone 10 LP ; Untyped                                       ;
; CARRY_CHAIN                                    ; MANUAL        ; Untyped                                       ;
; APEX20K_TECHNOLOGY_MAPPER                      ; LUT           ; TECH_MAPPER_APEX20K                           ;
; DEDICATED_MULTIPLIER_CIRCUITRY                 ; AUTO          ; Untyped                                       ;
; DEDICATED_MULTIPLIER_MIN_INPUT_WIDTH_FOR_AUTO  ; 0             ; Untyped                                       ;
; DEDICATED_MULTIPLIER_MIN_OUTPUT_WIDTH_FOR_AUTO ; 0             ; Untyped                                       ;
; CBXI_PARAMETER                                 ; NOTHING       ; Untyped                                       ;
; INPUT_A_FIXED_VALUE                            ; Bx            ; Untyped                                       ;
; INPUT_B_FIXED_VALUE                            ; Bx            ; Untyped                                       ;
; USE_AHDL_IMPLEMENTATION                        ; OFF           ; Untyped                                       ;
+------------------------------------------------+---------------+-----------------------------------------------+
Note: In order to hide this table in the UI and the text report file, please set the "Show Parameter Settings in Synthesis Report" option in "Analysis and Synthesis Settings -> More Settings" to "Off".


+-----------------------------------------------------------------------------------------------------------------+
; Parameter Settings for Inferred Entity Instance: eco_nn_top:uut|neuron:hidden_layer[14].h_neuron|lpm_mult:Mult5 ;
+------------------------------------------------+---------------+------------------------------------------------+
; Parameter Name                                 ; Value         ; Type                                           ;
+------------------------------------------------+---------------+------------------------------------------------+
; AUTO_CARRY_CHAINS                              ; ON            ; AUTO_CARRY                                     ;
; IGNORE_CARRY_BUFFERS                           ; OFF           ; IGNORE_CARRY                                   ;
; AUTO_CASCADE_CHAINS                            ; ON            ; AUTO_CASCADE                                   ;
; IGNORE_CASCADE_BUFFERS                         ; OFF           ; IGNORE_CASCADE                                 ;
; LPM_WIDTHA                                     ; 8             ; Untyped                                        ;
; LPM_WIDTHB                                     ; 4             ; Untyped                                        ;
; LPM_WIDTHP                                     ; 12            ; Untyped                                        ;
; LPM_WIDTHR                                     ; 12            ; Untyped                                        ;
; LPM_WIDTHS                                     ; 1             ; Untyped                                        ;
; LPM_REPRESENTATION                             ; SIGNED        ; Untyped                                        ;
; LPM_PIPELINE                                   ; 0             ; Untyped                                        ;
; LATENCY                                        ; 0             ; Untyped                                        ;
; INPUT_A_IS_CONSTANT                            ; NO            ; Untyped                                        ;
; INPUT_B_IS_CONSTANT                            ; YES           ; Untyped                                        ;
; USE_EAB                                        ; OFF           ; Untyped                                        ;
; MAXIMIZE_SPEED                                 ; 5             ; Untyped                                        ;
; DEVICE_FAMILY                                  ; Cyclone 10 LP ; Untyped                                        ;
; CARRY_CHAIN                                    ; MANUAL        ; Untyped                                        ;
; APEX20K_TECHNOLOGY_MAPPER                      ; LUT           ; TECH_MAPPER_APEX20K                            ;
; DEDICATED_MULTIPLIER_CIRCUITRY                 ; AUTO          ; Untyped                                        ;
; DEDICATED_MULTIPLIER_MIN_INPUT_WIDTH_FOR_AUTO  ; 0             ; Untyped                                        ;
; DEDICATED_MULTIPLIER_MIN_OUTPUT_WIDTH_FOR_AUTO ; 0             ; Untyped                                        ;
; CBXI_PARAMETER                                 ; NOTHING       ; Untyped                                        ;
; INPUT_A_FIXED_VALUE                            ; Bx            ; Untyped                                        ;
; INPUT_B_FIXED_VALUE                            ; Bx            ; Untyped                                        ;
; USE_AHDL_IMPLEMENTATION                        ; OFF           ; Untyped                                        ;
+------------------------------------------------+---------------+------------------------------------------------+
Note: In order to hide this table in the UI and the text report file, please set the "Show Parameter Settings in Synthesis Report" option in "Analysis and Synthesis Settings -> More Settings" to "Off".


+----------------------------------------------------------------------------------------------------------------+
; Parameter Settings for Inferred Entity Instance: eco_nn_top:uut|neuron:hidden_layer[1].h_neuron|lpm_mult:Mult4 ;
+------------------------------------------------+---------------+-----------------------------------------------+
; Parameter Name                                 ; Value         ; Type                                          ;
+------------------------------------------------+---------------+-----------------------------------------------+
; AUTO_CARRY_CHAINS                              ; ON            ; AUTO_CARRY                                    ;
; IGNORE_CARRY_BUFFERS                           ; OFF           ; IGNORE_CARRY                                  ;
; AUTO_CASCADE_CHAINS                            ; ON            ; AUTO_CASCADE                                  ;
; IGNORE_CASCADE_BUFFERS                         ; OFF           ; IGNORE_CASCADE                                ;
; LPM_WIDTHA                                     ; 8             ; Untyped                                       ;
; LPM_WIDTHB                                     ; 4             ; Untyped                                       ;
; LPM_WIDTHP                                     ; 12            ; Untyped                                       ;
; LPM_WIDTHR                                     ; 12            ; Untyped                                       ;
; LPM_WIDTHS                                     ; 1             ; Untyped                                       ;
; LPM_REPRESENTATION                             ; SIGNED        ; Untyped                                       ;
; LPM_PIPELINE                                   ; 0             ; Untyped                                       ;
; LATENCY                                        ; 0             ; Untyped                                       ;
; INPUT_A_IS_CONSTANT                            ; NO            ; Untyped                                       ;
; INPUT_B_IS_CONSTANT                            ; YES           ; Untyped                                       ;
; USE_EAB                                        ; OFF           ; Untyped                                       ;
; MAXIMIZE_SPEED                                 ; 5             ; Untyped                                       ;
; DEVICE_FAMILY                                  ; Cyclone 10 LP ; Untyped                                       ;
; CARRY_CHAIN                                    ; MANUAL        ; Untyped                                       ;
; APEX20K_TECHNOLOGY_MAPPER                      ; LUT           ; TECH_MAPPER_APEX20K                           ;
; DEDICATED_MULTIPLIER_CIRCUITRY                 ; AUTO          ; Untyped                                       ;
; DEDICATED_MULTIPLIER_MIN_INPUT_WIDTH_FOR_AUTO  ; 0             ; Untyped                                       ;
; DEDICATED_MULTIPLIER_MIN_OUTPUT_WIDTH_FOR_AUTO ; 0             ; Untyped                                       ;
; CBXI_PARAMETER                                 ; NOTHING       ; Untyped                                       ;
; INPUT_A_FIXED_VALUE                            ; Bx            ; Untyped                                       ;
; INPUT_B_FIXED_VALUE                            ; Bx            ; Untyped                                       ;
; USE_AHDL_IMPLEMENTATION                        ; OFF           ; Untyped                                       ;
+------------------------------------------------+---------------+-----------------------------------------------+
Note: In order to hide this table in the UI and the text report file, please set the "Show Parameter Settings in Synthesis Report" option in "Analysis and Synthesis Settings -> More Settings" to "Off".


+-----------------------------------------------------------------------------------------------------------------+
; Parameter Settings for Inferred Entity Instance: eco_nn_top:uut|neuron:hidden_layer[13].h_neuron|lpm_mult:Mult7 ;
+------------------------------------------------+---------------+------------------------------------------------+
; Parameter Name                                 ; Value         ; Type                                           ;
+------------------------------------------------+---------------+------------------------------------------------+
; AUTO_CARRY_CHAINS                              ; ON            ; AUTO_CARRY                                     ;
; IGNORE_CARRY_BUFFERS                           ; OFF           ; IGNORE_CARRY                                   ;
; AUTO_CASCADE_CHAINS                            ; ON            ; AUTO_CASCADE                                   ;
; IGNORE_CASCADE_BUFFERS                         ; OFF           ; IGNORE_CASCADE                                 ;
; LPM_WIDTHA                                     ; 8             ; Untyped                                        ;
; LPM_WIDTHB                                     ; 4             ; Untyped                                        ;
; LPM_WIDTHP                                     ; 12            ; Untyped                                        ;
; LPM_WIDTHR                                     ; 12            ; Untyped                                        ;
; LPM_WIDTHS                                     ; 1             ; Untyped                                        ;
; LPM_REPRESENTATION                             ; SIGNED        ; Untyped                                        ;
; LPM_PIPELINE                                   ; 0             ; Untyped                                        ;
; LATENCY                                        ; 0             ; Untyped                                        ;
; INPUT_A_IS_CONSTANT                            ; NO            ; Untyped                                        ;
; INPUT_B_IS_CONSTANT                            ; YES           ; Untyped                                        ;
; USE_EAB                                        ; OFF           ; Untyped                                        ;
; MAXIMIZE_SPEED                                 ; 5             ; Untyped                                        ;
; DEVICE_FAMILY                                  ; Cyclone 10 LP ; Untyped                                        ;
; CARRY_CHAIN                                    ; MANUAL        ; Untyped                                        ;
; APEX20K_TECHNOLOGY_MAPPER                      ; LUT           ; TECH_MAPPER_APEX20K                            ;
; DEDICATED_MULTIPLIER_CIRCUITRY                 ; AUTO          ; Untyped                                        ;
; DEDICATED_MULTIPLIER_MIN_INPUT_WIDTH_FOR_AUTO  ; 0             ; Untyped                                        ;
; DEDICATED_MULTIPLIER_MIN_OUTPUT_WIDTH_FOR_AUTO ; 0             ; Untyped                                        ;
; CBXI_PARAMETER                                 ; NOTHING       ; Untyped                                        ;
; INPUT_A_FIXED_VALUE                            ; Bx            ; Untyped                                        ;
; INPUT_B_FIXED_VALUE                            ; Bx            ; Untyped                                        ;
; USE_AHDL_IMPLEMENTATION                        ; OFF           ; Untyped                                        ;
+------------------------------------------------+---------------+------------------------------------------------+
Note: In order to hide this table in the UI and the text report file, please set the "Show Parameter Settings in Synthesis Report" option in "Analysis and Synthesis Settings -> More Settings" to "Off".


+-----------------------------------------------------------------------------------------------------------------+
; Parameter Settings for Inferred Entity Instance: eco_nn_top:uut|neuron:hidden_layer[13].h_neuron|lpm_mult:Mult1 ;
+------------------------------------------------+---------------+------------------------------------------------+
; Parameter Name                                 ; Value         ; Type                                           ;
+------------------------------------------------+---------------+------------------------------------------------+
; AUTO_CARRY_CHAINS                              ; ON            ; AUTO_CARRY                                     ;
; IGNORE_CARRY_BUFFERS                           ; OFF           ; IGNORE_CARRY                                   ;
; AUTO_CASCADE_CHAINS                            ; ON            ; AUTO_CASCADE                                   ;
; IGNORE_CASCADE_BUFFERS                         ; OFF           ; IGNORE_CASCADE                                 ;
; LPM_WIDTHA                                     ; 8             ; Untyped                                        ;
; LPM_WIDTHB                                     ; 4             ; Untyped                                        ;
; LPM_WIDTHP                                     ; 12            ; Untyped                                        ;
; LPM_WIDTHR                                     ; 12            ; Untyped                                        ;
; LPM_WIDTHS                                     ; 1             ; Untyped                                        ;
; LPM_REPRESENTATION                             ; SIGNED        ; Untyped                                        ;
; LPM_PIPELINE                                   ; 0             ; Untyped                                        ;
; LATENCY                                        ; 0             ; Untyped                                        ;
; INPUT_A_IS_CONSTANT                            ; NO            ; Untyped                                        ;
; INPUT_B_IS_CONSTANT                            ; YES           ; Untyped                                        ;
; USE_EAB                                        ; OFF           ; Untyped                                        ;
; MAXIMIZE_SPEED                                 ; 5             ; Untyped                                        ;
; DEVICE_FAMILY                                  ; Cyclone 10 LP ; Untyped                                        ;
; CARRY_CHAIN                                    ; MANUAL        ; Untyped                                        ;
; APEX20K_TECHNOLOGY_MAPPER                      ; LUT           ; TECH_MAPPER_APEX20K                            ;
; DEDICATED_MULTIPLIER_CIRCUITRY                 ; AUTO          ; Untyped                                        ;
; DEDICATED_MULTIPLIER_MIN_INPUT_WIDTH_FOR_AUTO  ; 0             ; Untyped                                        ;
; DEDICATED_MULTIPLIER_MIN_OUTPUT_WIDTH_FOR_AUTO ; 0             ; Untyped                                        ;
; CBXI_PARAMETER                                 ; NOTHING       ; Untyped                                        ;
; INPUT_A_FIXED_VALUE                            ; Bx            ; Untyped                                        ;
; INPUT_B_FIXED_VALUE                            ; Bx            ; Untyped                                        ;
; USE_AHDL_IMPLEMENTATION                        ; OFF           ; Untyped                                        ;
+------------------------------------------------+---------------+------------------------------------------------+
Note: In order to hide this table in the UI and the text report file, please set the "Show Parameter Settings in Synthesis Report" option in "Analysis and Synthesis Settings -> More Settings" to "Off".


+-----------------------------------------------------------------------------------------------------------------+
; Parameter Settings for Inferred Entity Instance: eco_nn_top:uut|neuron:hidden_layer[13].h_neuron|lpm_mult:Mult2 ;
+------------------------------------------------+---------------+------------------------------------------------+
; Parameter Name                                 ; Value         ; Type                                           ;
+------------------------------------------------+---------------+------------------------------------------------+
; AUTO_CARRY_CHAINS                              ; ON            ; AUTO_CARRY                                     ;
; IGNORE_CARRY_BUFFERS                           ; OFF           ; IGNORE_CARRY                                   ;
; AUTO_CASCADE_CHAINS                            ; ON            ; AUTO_CASCADE                                   ;
; IGNORE_CASCADE_BUFFERS                         ; OFF           ; IGNORE_CASCADE                                 ;
; LPM_WIDTHA                                     ; 8             ; Untyped                                        ;
; LPM_WIDTHB                                     ; 4             ; Untyped                                        ;
; LPM_WIDTHP                                     ; 12            ; Untyped                                        ;
; LPM_WIDTHR                                     ; 12            ; Untyped                                        ;
; LPM_WIDTHS                                     ; 1             ; Untyped                                        ;
; LPM_REPRESENTATION                             ; SIGNED        ; Untyped                                        ;
; LPM_PIPELINE                                   ; 0             ; Untyped                                        ;
; LATENCY                                        ; 0             ; Untyped                                        ;
; INPUT_A_IS_CONSTANT                            ; NO            ; Untyped                                        ;
; INPUT_B_IS_CONSTANT                            ; YES           ; Untyped                                        ;
; USE_EAB                                        ; OFF           ; Untyped                                        ;
; MAXIMIZE_SPEED                                 ; 5             ; Untyped                                        ;
; DEVICE_FAMILY                                  ; Cyclone 10 LP ; Untyped                                        ;
; CARRY_CHAIN                                    ; MANUAL        ; Untyped                                        ;
; APEX20K_TECHNOLOGY_MAPPER                      ; LUT           ; TECH_MAPPER_APEX20K                            ;
; DEDICATED_MULTIPLIER_CIRCUITRY                 ; AUTO          ; Untyped                                        ;
; DEDICATED_MULTIPLIER_MIN_INPUT_WIDTH_FOR_AUTO  ; 0             ; Untyped                                        ;
; DEDICATED_MULTIPLIER_MIN_OUTPUT_WIDTH_FOR_AUTO ; 0             ; Untyped                                        ;
; CBXI_PARAMETER                                 ; NOTHING       ; Untyped                                        ;
; INPUT_A_FIXED_VALUE                            ; Bx            ; Untyped                                        ;
; INPUT_B_FIXED_VALUE                            ; Bx            ; Untyped                                        ;
; USE_AHDL_IMPLEMENTATION                        ; OFF           ; Untyped                                        ;
+------------------------------------------------+---------------+------------------------------------------------+
Note: In order to hide this table in the UI and the text report file, please set the "Show Parameter Settings in Synthesis Report" option in "Analysis and Synthesis Settings -> More Settings" to "Off".


+-----------------------------------------------------------------------------------------------------------------+
; Parameter Settings for Inferred Entity Instance: eco_nn_top:uut|neuron:hidden_layer[14].h_neuron|lpm_mult:Mult4 ;
+------------------------------------------------+---------------+------------------------------------------------+
; Parameter Name                                 ; Value         ; Type                                           ;
+------------------------------------------------+---------------+------------------------------------------------+
; AUTO_CARRY_CHAINS                              ; ON            ; AUTO_CARRY                                     ;
; IGNORE_CARRY_BUFFERS                           ; OFF           ; IGNORE_CARRY                                   ;
; AUTO_CASCADE_CHAINS                            ; ON            ; AUTO_CASCADE                                   ;
; IGNORE_CASCADE_BUFFERS                         ; OFF           ; IGNORE_CASCADE                                 ;
; LPM_WIDTHA                                     ; 8             ; Untyped                                        ;
; LPM_WIDTHB                                     ; 3             ; Untyped                                        ;
; LPM_WIDTHP                                     ; 11            ; Untyped                                        ;
; LPM_WIDTHR                                     ; 11            ; Untyped                                        ;
; LPM_WIDTHS                                     ; 1             ; Untyped                                        ;
; LPM_REPRESENTATION                             ; SIGNED        ; Untyped                                        ;
; LPM_PIPELINE                                   ; 0             ; Untyped                                        ;
; LATENCY                                        ; 0             ; Untyped                                        ;
; INPUT_A_IS_CONSTANT                            ; NO            ; Untyped                                        ;
; INPUT_B_IS_CONSTANT                            ; YES           ; Untyped                                        ;
; USE_EAB                                        ; OFF           ; Untyped                                        ;
; MAXIMIZE_SPEED                                 ; 5             ; Untyped                                        ;
; DEVICE_FAMILY                                  ; Cyclone 10 LP ; Untyped                                        ;
; CARRY_CHAIN                                    ; MANUAL        ; Untyped                                        ;
; APEX20K_TECHNOLOGY_MAPPER                      ; LUT           ; TECH_MAPPER_APEX20K                            ;
; DEDICATED_MULTIPLIER_CIRCUITRY                 ; AUTO          ; Untyped                                        ;
; DEDICATED_MULTIPLIER_MIN_INPUT_WIDTH_FOR_AUTO  ; 0             ; Untyped                                        ;
; DEDICATED_MULTIPLIER_MIN_OUTPUT_WIDTH_FOR_AUTO ; 0             ; Untyped                                        ;
; CBXI_PARAMETER                                 ; NOTHING       ; Untyped                                        ;
; INPUT_A_FIXED_VALUE                            ; Bx            ; Untyped                                        ;
; INPUT_B_FIXED_VALUE                            ; Bx            ; Untyped                                        ;
; USE_AHDL_IMPLEMENTATION                        ; OFF           ; Untyped                                        ;
+------------------------------------------------+---------------+------------------------------------------------+
Note: In order to hide this table in the UI and the text report file, please set the "Show Parameter Settings in Synthesis Report" option in "Analysis and Synthesis Settings -> More Settings" to "Off".


+----------------------------------------------------------------------------------------------------------------+
; Parameter Settings for Inferred Entity Instance: eco_nn_top:uut|neuron:hidden_layer[8].h_neuron|lpm_mult:Mult5 ;
+------------------------------------------------+---------------+-----------------------------------------------+
; Parameter Name                                 ; Value         ; Type                                          ;
+------------------------------------------------+---------------+-----------------------------------------------+
; AUTO_CARRY_CHAINS                              ; ON            ; AUTO_CARRY                                    ;
; IGNORE_CARRY_BUFFERS                           ; OFF           ; IGNORE_CARRY                                  ;
; AUTO_CASCADE_CHAINS                            ; ON            ; AUTO_CASCADE                                  ;
; IGNORE_CASCADE_BUFFERS                         ; OFF           ; IGNORE_CASCADE                                ;
; LPM_WIDTHA                                     ; 8             ; Untyped                                       ;
; LPM_WIDTHB                                     ; 3             ; Untyped                                       ;
; LPM_WIDTHP                                     ; 11            ; Untyped                                       ;
; LPM_WIDTHR                                     ; 11            ; Untyped                                       ;
; LPM_WIDTHS                                     ; 1             ; Untyped                                       ;
; LPM_REPRESENTATION                             ; SIGNED        ; Untyped                                       ;
; LPM_PIPELINE                                   ; 0             ; Untyped                                       ;
; LATENCY                                        ; 0             ; Untyped                                       ;
; INPUT_A_IS_CONSTANT                            ; NO            ; Untyped                                       ;
; INPUT_B_IS_CONSTANT                            ; YES           ; Untyped                                       ;
; USE_EAB                                        ; OFF           ; Untyped                                       ;
; MAXIMIZE_SPEED                                 ; 5             ; Untyped                                       ;
; DEVICE_FAMILY                                  ; Cyclone 10 LP ; Untyped                                       ;
; CARRY_CHAIN                                    ; MANUAL        ; Untyped                                       ;
; APEX20K_TECHNOLOGY_MAPPER                      ; LUT           ; TECH_MAPPER_APEX20K                           ;
; DEDICATED_MULTIPLIER_CIRCUITRY                 ; AUTO          ; Untyped                                       ;
; DEDICATED_MULTIPLIER_MIN_INPUT_WIDTH_FOR_AUTO  ; 0             ; Untyped                                       ;
; DEDICATED_MULTIPLIER_MIN_OUTPUT_WIDTH_FOR_AUTO ; 0             ; Untyped                                       ;
; CBXI_PARAMETER                                 ; NOTHING       ; Untyped                                       ;
; INPUT_A_FIXED_VALUE                            ; Bx            ; Untyped                                       ;
; INPUT_B_FIXED_VALUE                            ; Bx            ; Untyped                                       ;
; USE_AHDL_IMPLEMENTATION                        ; OFF           ; Untyped                                       ;
+------------------------------------------------+---------------+-----------------------------------------------+
Note: In order to hide this table in the UI and the text report file, please set the "Show Parameter Settings in Synthesis Report" option in "Analysis and Synthesis Settings -> More Settings" to "Off".


+----------------------------------------------------------------------------------------------------------------+
; Parameter Settings for Inferred Entity Instance: eco_nn_top:uut|neuron:hidden_layer[7].h_neuron|lpm_mult:Mult3 ;
+------------------------------------------------+---------------+-----------------------------------------------+
; Parameter Name                                 ; Value         ; Type                                          ;
+------------------------------------------------+---------------+-----------------------------------------------+
; AUTO_CARRY_CHAINS                              ; ON            ; AUTO_CARRY                                    ;
; IGNORE_CARRY_BUFFERS                           ; OFF           ; IGNORE_CARRY                                  ;
; AUTO_CASCADE_CHAINS                            ; ON            ; AUTO_CASCADE                                  ;
; IGNORE_CASCADE_BUFFERS                         ; OFF           ; IGNORE_CASCADE                                ;
; LPM_WIDTHA                                     ; 8             ; Untyped                                       ;
; LPM_WIDTHB                                     ; 1             ; Untyped                                       ;
; LPM_WIDTHP                                     ; 9             ; Untyped                                       ;
; LPM_WIDTHR                                     ; 9             ; Untyped                                       ;
; LPM_WIDTHS                                     ; 1             ; Untyped                                       ;
; LPM_REPRESENTATION                             ; SIGNED        ; Untyped                                       ;
; LPM_PIPELINE                                   ; 0             ; Untyped                                       ;
; LATENCY                                        ; 0             ; Untyped                                       ;
; INPUT_A_IS_CONSTANT                            ; NO            ; Untyped                                       ;
; INPUT_B_IS_CONSTANT                            ; YES           ; Untyped                                       ;
; USE_EAB                                        ; OFF           ; Untyped                                       ;
; MAXIMIZE_SPEED                                 ; 5             ; Untyped                                       ;
; DEVICE_FAMILY                                  ; Cyclone 10 LP ; Untyped                                       ;
; CARRY_CHAIN                                    ; MANUAL        ; Untyped                                       ;
; APEX20K_TECHNOLOGY_MAPPER                      ; LUT           ; TECH_MAPPER_APEX20K                           ;
; DEDICATED_MULTIPLIER_CIRCUITRY                 ; AUTO          ; Untyped                                       ;
; DEDICATED_MULTIPLIER_MIN_INPUT_WIDTH_FOR_AUTO  ; 0             ; Untyped                                       ;
; DEDICATED_MULTIPLIER_MIN_OUTPUT_WIDTH_FOR_AUTO ; 0             ; Untyped                                       ;
; CBXI_PARAMETER                                 ; NOTHING       ; Untyped                                       ;
; INPUT_A_FIXED_VALUE                            ; Bx            ; Untyped                                       ;
; INPUT_B_FIXED_VALUE                            ; Bx            ; Untyped                                       ;
; USE_AHDL_IMPLEMENTATION                        ; OFF           ; Untyped                                       ;
+------------------------------------------------+---------------+-----------------------------------------------+
Note: In order to hide this table in the UI and the text report file, please set the "Show Parameter Settings in Synthesis Report" option in "Analysis and Synthesis Settings -> More Settings" to "Off".


+----------------------------------------------------------------------------------------------------------------+
; Parameter Settings for Inferred Entity Instance: eco_nn_top:uut|neuron:hidden_layer[4].h_neuron|lpm_mult:Mult4 ;
+------------------------------------------------+---------------+-----------------------------------------------+
; Parameter Name                                 ; Value         ; Type                                          ;
+------------------------------------------------+---------------+-----------------------------------------------+
; AUTO_CARRY_CHAINS                              ; ON            ; AUTO_CARRY                                    ;
; IGNORE_CARRY_BUFFERS                           ; OFF           ; IGNORE_CARRY                                  ;
; AUTO_CASCADE_CHAINS                            ; ON            ; AUTO_CASCADE                                  ;
; IGNORE_CASCADE_BUFFERS                         ; OFF           ; IGNORE_CASCADE                                ;
; LPM_WIDTHA                                     ; 8             ; Untyped                                       ;
; LPM_WIDTHB                                     ; 3             ; Untyped                                       ;
; LPM_WIDTHP                                     ; 11            ; Untyped                                       ;
; LPM_WIDTHR                                     ; 11            ; Untyped                                       ;
; LPM_WIDTHS                                     ; 1             ; Untyped                                       ;
; LPM_REPRESENTATION                             ; SIGNED        ; Untyped                                       ;
; LPM_PIPELINE                                   ; 0             ; Untyped                                       ;
; LATENCY                                        ; 0             ; Untyped                                       ;
; INPUT_A_IS_CONSTANT                            ; NO            ; Untyped                                       ;
; INPUT_B_IS_CONSTANT                            ; YES           ; Untyped                                       ;
; USE_EAB                                        ; OFF           ; Untyped                                       ;
; MAXIMIZE_SPEED                                 ; 5             ; Untyped                                       ;
; DEVICE_FAMILY                                  ; Cyclone 10 LP ; Untyped                                       ;
; CARRY_CHAIN                                    ; MANUAL        ; Untyped                                       ;
; APEX20K_TECHNOLOGY_MAPPER                      ; LUT           ; TECH_MAPPER_APEX20K                           ;
; DEDICATED_MULTIPLIER_CIRCUITRY                 ; AUTO          ; Untyped                                       ;
; DEDICATED_MULTIPLIER_MIN_INPUT_WIDTH_FOR_AUTO  ; 0             ; Untyped                                       ;
; DEDICATED_MULTIPLIER_MIN_OUTPUT_WIDTH_FOR_AUTO ; 0             ; Untyped                                       ;
; CBXI_PARAMETER                                 ; NOTHING       ; Untyped                                       ;
; INPUT_A_FIXED_VALUE                            ; Bx            ; Untyped                                       ;
; INPUT_B_FIXED_VALUE                            ; Bx            ; Untyped                                       ;
; USE_AHDL_IMPLEMENTATION                        ; OFF           ; Untyped                                       ;
+------------------------------------------------+---------------+-----------------------------------------------+
Note: In order to hide this table in the UI and the text report file, please set the "Show Parameter Settings in Synthesis Report" option in "Analysis and Synthesis Settings -> More Settings" to "Off".


+----------------------------------------------------------------------------------------------------------------+
; Parameter Settings for Inferred Entity Instance: eco_nn_top:uut|neuron:hidden_layer[8].h_neuron|lpm_mult:Mult6 ;
+------------------------------------------------+---------------+-----------------------------------------------+
; Parameter Name                                 ; Value         ; Type                                          ;
+------------------------------------------------+---------------+-----------------------------------------------+
; AUTO_CARRY_CHAINS                              ; ON            ; AUTO_CARRY                                    ;
; IGNORE_CARRY_BUFFERS                           ; OFF           ; IGNORE_CARRY                                  ;
; AUTO_CASCADE_CHAINS                            ; ON            ; AUTO_CASCADE                                  ;
; IGNORE_CASCADE_BUFFERS                         ; OFF           ; IGNORE_CASCADE                                ;
; LPM_WIDTHA                                     ; 8             ; Untyped                                       ;
; LPM_WIDTHB                                     ; 4             ; Untyped                                       ;
; LPM_WIDTHP                                     ; 12            ; Untyped                                       ;
; LPM_WIDTHR                                     ; 12            ; Untyped                                       ;
; LPM_WIDTHS                                     ; 1             ; Untyped                                       ;
; LPM_REPRESENTATION                             ; SIGNED        ; Untyped                                       ;
; LPM_PIPELINE                                   ; 0             ; Untyped                                       ;
; LATENCY                                        ; 0             ; Untyped                                       ;
; INPUT_A_IS_CONSTANT                            ; NO            ; Untyped                                       ;
; INPUT_B_IS_CONSTANT                            ; YES           ; Untyped                                       ;
; USE_EAB                                        ; OFF           ; Untyped                                       ;
; MAXIMIZE_SPEED                                 ; 5             ; Untyped                                       ;
; DEVICE_FAMILY                                  ; Cyclone 10 LP ; Untyped                                       ;
; CARRY_CHAIN                                    ; MANUAL        ; Untyped                                       ;
; APEX20K_TECHNOLOGY_MAPPER                      ; LUT           ; TECH_MAPPER_APEX20K                           ;
; DEDICATED_MULTIPLIER_CIRCUITRY                 ; AUTO          ; Untyped                                       ;
; DEDICATED_MULTIPLIER_MIN_INPUT_WIDTH_FOR_AUTO  ; 0             ; Untyped                                       ;
; DEDICATED_MULTIPLIER_MIN_OUTPUT_WIDTH_FOR_AUTO ; 0             ; Untyped                                       ;
; CBXI_PARAMETER                                 ; NOTHING       ; Untyped                                       ;
; INPUT_A_FIXED_VALUE                            ; Bx            ; Untyped                                       ;
; INPUT_B_FIXED_VALUE                            ; Bx            ; Untyped                                       ;
; USE_AHDL_IMPLEMENTATION                        ; OFF           ; Untyped                                       ;
+------------------------------------------------+---------------+-----------------------------------------------+
Note: In order to hide this table in the UI and the text report file, please set the "Show Parameter Settings in Synthesis Report" option in "Analysis and Synthesis Settings -> More Settings" to "Off".


+----------------------------------------------------------------------------------------------------------------+
; Parameter Settings for Inferred Entity Instance: eco_nn_top:uut|neuron:hidden_layer[9].h_neuron|lpm_mult:Mult3 ;
+------------------------------------------------+---------------+-----------------------------------------------+
; Parameter Name                                 ; Value         ; Type                                          ;
+------------------------------------------------+---------------+-----------------------------------------------+
; AUTO_CARRY_CHAINS                              ; ON            ; AUTO_CARRY                                    ;
; IGNORE_CARRY_BUFFERS                           ; OFF           ; IGNORE_CARRY                                  ;
; AUTO_CASCADE_CHAINS                            ; ON            ; AUTO_CASCADE                                  ;
; IGNORE_CASCADE_BUFFERS                         ; OFF           ; IGNORE_CASCADE                                ;
; LPM_WIDTHA                                     ; 8             ; Untyped                                       ;
; LPM_WIDTHB                                     ; 3             ; Untyped                                       ;
; LPM_WIDTHP                                     ; 11            ; Untyped                                       ;
; LPM_WIDTHR                                     ; 11            ; Untyped                                       ;
; LPM_WIDTHS                                     ; 1             ; Untyped                                       ;
; LPM_REPRESENTATION                             ; SIGNED        ; Untyped                                       ;
; LPM_PIPELINE                                   ; 0             ; Untyped                                       ;
; LATENCY                                        ; 0             ; Untyped                                       ;
; INPUT_A_IS_CONSTANT                            ; NO            ; Untyped                                       ;
; INPUT_B_IS_CONSTANT                            ; YES           ; Untyped                                       ;
; USE_EAB                                        ; OFF           ; Untyped                                       ;
; MAXIMIZE_SPEED                                 ; 5             ; Untyped                                       ;
; DEVICE_FAMILY                                  ; Cyclone 10 LP ; Untyped                                       ;
; CARRY_CHAIN                                    ; MANUAL        ; Untyped                                       ;
; APEX20K_TECHNOLOGY_MAPPER                      ; LUT           ; TECH_MAPPER_APEX20K                           ;
; DEDICATED_MULTIPLIER_CIRCUITRY                 ; AUTO          ; Untyped                                       ;
; DEDICATED_MULTIPLIER_MIN_INPUT_WIDTH_FOR_AUTO  ; 0             ; Untyped                                       ;
; DEDICATED_MULTIPLIER_MIN_OUTPUT_WIDTH_FOR_AUTO ; 0             ; Untyped                                       ;
; CBXI_PARAMETER                                 ; NOTHING       ; Untyped                                       ;
; INPUT_A_FIXED_VALUE                            ; Bx            ; Untyped                                       ;
; INPUT_B_FIXED_VALUE                            ; Bx            ; Untyped                                       ;
; USE_AHDL_IMPLEMENTATION                        ; OFF           ; Untyped                                       ;
+------------------------------------------------+---------------+-----------------------------------------------+
Note: In order to hide this table in the UI and the text report file, please set the "Show Parameter Settings in Synthesis Report" option in "Analysis and Synthesis Settings -> More Settings" to "Off".


+----------------------------------------------------------------------------------------------------------------+
; Parameter Settings for Inferred Entity Instance: eco_nn_top:uut|neuron:hidden_layer[4].h_neuron|lpm_mult:Mult5 ;
+------------------------------------------------+---------------+-----------------------------------------------+
; Parameter Name                                 ; Value         ; Type                                          ;
+------------------------------------------------+---------------+-----------------------------------------------+
; AUTO_CARRY_CHAINS                              ; ON            ; AUTO_CARRY                                    ;
; IGNORE_CARRY_BUFFERS                           ; OFF           ; IGNORE_CARRY                                  ;
; AUTO_CASCADE_CHAINS                            ; ON            ; AUTO_CASCADE                                  ;
; IGNORE_CASCADE_BUFFERS                         ; OFF           ; IGNORE_CASCADE                                ;
; LPM_WIDTHA                                     ; 8             ; Untyped                                       ;
; LPM_WIDTHB                                     ; 4             ; Untyped                                       ;
; LPM_WIDTHP                                     ; 12            ; Untyped                                       ;
; LPM_WIDTHR                                     ; 12            ; Untyped                                       ;
; LPM_WIDTHS                                     ; 1             ; Untyped                                       ;
; LPM_REPRESENTATION                             ; SIGNED        ; Untyped                                       ;
; LPM_PIPELINE                                   ; 0             ; Untyped                                       ;
; LATENCY                                        ; 0             ; Untyped                                       ;
; INPUT_A_IS_CONSTANT                            ; NO            ; Untyped                                       ;
; INPUT_B_IS_CONSTANT                            ; YES           ; Untyped                                       ;
; USE_EAB                                        ; OFF           ; Untyped                                       ;
; MAXIMIZE_SPEED                                 ; 5             ; Untyped                                       ;
; DEVICE_FAMILY                                  ; Cyclone 10 LP ; Untyped                                       ;
; CARRY_CHAIN                                    ; MANUAL        ; Untyped                                       ;
; APEX20K_TECHNOLOGY_MAPPER                      ; LUT           ; TECH_MAPPER_APEX20K                           ;
; DEDICATED_MULTIPLIER_CIRCUITRY                 ; AUTO          ; Untyped                                       ;
; DEDICATED_MULTIPLIER_MIN_INPUT_WIDTH_FOR_AUTO  ; 0             ; Untyped                                       ;
; DEDICATED_MULTIPLIER_MIN_OUTPUT_WIDTH_FOR_AUTO ; 0             ; Untyped                                       ;
; CBXI_PARAMETER                                 ; NOTHING       ; Untyped                                       ;
; INPUT_A_FIXED_VALUE                            ; Bx            ; Untyped                                       ;
; INPUT_B_FIXED_VALUE                            ; Bx            ; Untyped                                       ;
; USE_AHDL_IMPLEMENTATION                        ; OFF           ; Untyped                                       ;
+------------------------------------------------+---------------+-----------------------------------------------+
Note: In order to hide this table in the UI and the text report file, please set the "Show Parameter Settings in Synthesis Report" option in "Analysis and Synthesis Settings -> More Settings" to "Off".


+-----------------------------------------------------------------------------------------------------------------+
; Parameter Settings for Inferred Entity Instance: eco_nn_top:uut|neuron:hidden_layer[12].h_neuron|lpm_mult:Mult3 ;
+------------------------------------------------+---------------+------------------------------------------------+
; Parameter Name                                 ; Value         ; Type                                           ;
+------------------------------------------------+---------------+------------------------------------------------+
; AUTO_CARRY_CHAINS                              ; ON            ; AUTO_CARRY                                     ;
; IGNORE_CARRY_BUFFERS                           ; OFF           ; IGNORE_CARRY                                   ;
; AUTO_CASCADE_CHAINS                            ; ON            ; AUTO_CASCADE                                   ;
; IGNORE_CASCADE_BUFFERS                         ; OFF           ; IGNORE_CASCADE                                 ;
; LPM_WIDTHA                                     ; 8             ; Untyped                                        ;
; LPM_WIDTHB                                     ; 4             ; Untyped                                        ;
; LPM_WIDTHP                                     ; 12            ; Untyped                                        ;
; LPM_WIDTHR                                     ; 12            ; Untyped                                        ;
; LPM_WIDTHS                                     ; 1             ; Untyped                                        ;
; LPM_REPRESENTATION                             ; SIGNED        ; Untyped                                        ;
; LPM_PIPELINE                                   ; 0             ; Untyped                                        ;
; LATENCY                                        ; 0             ; Untyped                                        ;
; INPUT_A_IS_CONSTANT                            ; NO            ; Untyped                                        ;
; INPUT_B_IS_CONSTANT                            ; YES           ; Untyped                                        ;
; USE_EAB                                        ; OFF           ; Untyped                                        ;
; MAXIMIZE_SPEED                                 ; 5             ; Untyped                                        ;
; DEVICE_FAMILY                                  ; Cyclone 10 LP ; Untyped                                        ;
; CARRY_CHAIN                                    ; MANUAL        ; Untyped                                        ;
; APEX20K_TECHNOLOGY_MAPPER                      ; LUT           ; TECH_MAPPER_APEX20K                            ;
; DEDICATED_MULTIPLIER_CIRCUITRY                 ; AUTO          ; Untyped                                        ;
; DEDICATED_MULTIPLIER_MIN_INPUT_WIDTH_FOR_AUTO  ; 0             ; Untyped                                        ;
; DEDICATED_MULTIPLIER_MIN_OUTPUT_WIDTH_FOR_AUTO ; 0             ; Untyped                                        ;
; CBXI_PARAMETER                                 ; NOTHING       ; Untyped                                        ;
; INPUT_A_FIXED_VALUE                            ; Bx            ; Untyped                                        ;
; INPUT_B_FIXED_VALUE                            ; Bx            ; Untyped                                        ;
; USE_AHDL_IMPLEMENTATION                        ; OFF           ; Untyped                                        ;
+------------------------------------------------+---------------+------------------------------------------------+
Note: In order to hide this table in the UI and the text report file, please set the "Show Parameter Settings in Synthesis Report" option in "Analysis and Synthesis Settings -> More Settings" to "Off".


+-----------------------------------------------------------------------------------------------------------------+
; Parameter Settings for Inferred Entity Instance: eco_nn_top:uut|neuron:hidden_layer[12].h_neuron|lpm_mult:Mult4 ;
+------------------------------------------------+---------------+------------------------------------------------+
; Parameter Name                                 ; Value         ; Type                                           ;
+------------------------------------------------+---------------+------------------------------------------------+
; AUTO_CARRY_CHAINS                              ; ON            ; AUTO_CARRY                                     ;
; IGNORE_CARRY_BUFFERS                           ; OFF           ; IGNORE_CARRY                                   ;
; AUTO_CASCADE_CHAINS                            ; ON            ; AUTO_CASCADE                                   ;
; IGNORE_CASCADE_BUFFERS                         ; OFF           ; IGNORE_CASCADE                                 ;
; LPM_WIDTHA                                     ; 8             ; Untyped                                        ;
; LPM_WIDTHB                                     ; 4             ; Untyped                                        ;
; LPM_WIDTHP                                     ; 12            ; Untyped                                        ;
; LPM_WIDTHR                                     ; 12            ; Untyped                                        ;
; LPM_WIDTHS                                     ; 1             ; Untyped                                        ;
; LPM_REPRESENTATION                             ; SIGNED        ; Untyped                                        ;
; LPM_PIPELINE                                   ; 0             ; Untyped                                        ;
; LATENCY                                        ; 0             ; Untyped                                        ;
; INPUT_A_IS_CONSTANT                            ; NO            ; Untyped                                        ;
; INPUT_B_IS_CONSTANT                            ; YES           ; Untyped                                        ;
; USE_EAB                                        ; OFF           ; Untyped                                        ;
; MAXIMIZE_SPEED                                 ; 5             ; Untyped                                        ;
; DEVICE_FAMILY                                  ; Cyclone 10 LP ; Untyped                                        ;
; CARRY_CHAIN                                    ; MANUAL        ; Untyped                                        ;
; APEX20K_TECHNOLOGY_MAPPER                      ; LUT           ; TECH_MAPPER_APEX20K                            ;
; DEDICATED_MULTIPLIER_CIRCUITRY                 ; AUTO          ; Untyped                                        ;
; DEDICATED_MULTIPLIER_MIN_INPUT_WIDTH_FOR_AUTO  ; 0             ; Untyped                                        ;
; DEDICATED_MULTIPLIER_MIN_OUTPUT_WIDTH_FOR_AUTO ; 0             ; Untyped                                        ;
; CBXI_PARAMETER                                 ; NOTHING       ; Untyped                                        ;
; INPUT_A_FIXED_VALUE                            ; Bx            ; Untyped                                        ;
; INPUT_B_FIXED_VALUE                            ; Bx            ; Untyped                                        ;
; USE_AHDL_IMPLEMENTATION                        ; OFF           ; Untyped                                        ;
+------------------------------------------------+---------------+------------------------------------------------+
Note: In order to hide this table in the UI and the text report file, please set the "Show Parameter Settings in Synthesis Report" option in "Analysis and Synthesis Settings -> More Settings" to "Off".


+----------------------------------------------------------------------------------------------------------------+
; Parameter Settings for Inferred Entity Instance: eco_nn_top:uut|neuron:hidden_layer[3].h_neuron|lpm_mult:Mult4 ;
+------------------------------------------------+---------------+-----------------------------------------------+
; Parameter Name                                 ; Value         ; Type                                          ;
+------------------------------------------------+---------------+-----------------------------------------------+
; AUTO_CARRY_CHAINS                              ; ON            ; AUTO_CARRY                                    ;
; IGNORE_CARRY_BUFFERS                           ; OFF           ; IGNORE_CARRY                                  ;
; AUTO_CASCADE_CHAINS                            ; ON            ; AUTO_CASCADE                                  ;
; IGNORE_CASCADE_BUFFERS                         ; OFF           ; IGNORE_CASCADE                                ;
; LPM_WIDTHA                                     ; 8             ; Untyped                                       ;
; LPM_WIDTHB                                     ; 4             ; Untyped                                       ;
; LPM_WIDTHP                                     ; 12            ; Untyped                                       ;
; LPM_WIDTHR                                     ; 12            ; Untyped                                       ;
; LPM_WIDTHS                                     ; 1             ; Untyped                                       ;
; LPM_REPRESENTATION                             ; SIGNED        ; Untyped                                       ;
; LPM_PIPELINE                                   ; 0             ; Untyped                                       ;
; LATENCY                                        ; 0             ; Untyped                                       ;
; INPUT_A_IS_CONSTANT                            ; NO            ; Untyped                                       ;
; INPUT_B_IS_CONSTANT                            ; YES           ; Untyped                                       ;
; USE_EAB                                        ; OFF           ; Untyped                                       ;
; MAXIMIZE_SPEED                                 ; 5             ; Untyped                                       ;
; DEVICE_FAMILY                                  ; Cyclone 10 LP ; Untyped                                       ;
; CARRY_CHAIN                                    ; MANUAL        ; Untyped                                       ;
; APEX20K_TECHNOLOGY_MAPPER                      ; LUT           ; TECH_MAPPER_APEX20K                           ;
; DEDICATED_MULTIPLIER_CIRCUITRY                 ; AUTO          ; Untyped                                       ;
; DEDICATED_MULTIPLIER_MIN_INPUT_WIDTH_FOR_AUTO  ; 0             ; Untyped                                       ;
; DEDICATED_MULTIPLIER_MIN_OUTPUT_WIDTH_FOR_AUTO ; 0             ; Untyped                                       ;
; CBXI_PARAMETER                                 ; NOTHING       ; Untyped                                       ;
; INPUT_A_FIXED_VALUE                            ; Bx            ; Untyped                                       ;
; INPUT_B_FIXED_VALUE                            ; Bx            ; Untyped                                       ;
; USE_AHDL_IMPLEMENTATION                        ; OFF           ; Untyped                                       ;
+------------------------------------------------+---------------+-----------------------------------------------+
Note: In order to hide this table in the UI and the text report file, please set the "Show Parameter Settings in Synthesis Report" option in "Analysis and Synthesis Settings -> More Settings" to "Off".


+----------------------------------------------------------------------------------------------------------------+
; Parameter Settings for Inferred Entity Instance: eco_nn_top:uut|neuron:hidden_layer[3].h_neuron|lpm_mult:Mult7 ;
+------------------------------------------------+---------------+-----------------------------------------------+
; Parameter Name                                 ; Value         ; Type                                          ;
+------------------------------------------------+---------------+-----------------------------------------------+
; AUTO_CARRY_CHAINS                              ; ON            ; AUTO_CARRY                                    ;
; IGNORE_CARRY_BUFFERS                           ; OFF           ; IGNORE_CARRY                                  ;
; AUTO_CASCADE_CHAINS                            ; ON            ; AUTO_CASCADE                                  ;
; IGNORE_CASCADE_BUFFERS                         ; OFF           ; IGNORE_CASCADE                                ;
; LPM_WIDTHA                                     ; 8             ; Untyped                                       ;
; LPM_WIDTHB                                     ; 1             ; Untyped                                       ;
; LPM_WIDTHP                                     ; 9             ; Untyped                                       ;
; LPM_WIDTHR                                     ; 9             ; Untyped                                       ;
; LPM_WIDTHS                                     ; 1             ; Untyped                                       ;
; LPM_REPRESENTATION                             ; SIGNED        ; Untyped                                       ;
; LPM_PIPELINE                                   ; 0             ; Untyped                                       ;
; LATENCY                                        ; 0             ; Untyped                                       ;
; INPUT_A_IS_CONSTANT                            ; NO            ; Untyped                                       ;
; INPUT_B_IS_CONSTANT                            ; YES           ; Untyped                                       ;
; USE_EAB                                        ; OFF           ; Untyped                                       ;
; MAXIMIZE_SPEED                                 ; 5             ; Untyped                                       ;
; DEVICE_FAMILY                                  ; Cyclone 10 LP ; Untyped                                       ;
; CARRY_CHAIN                                    ; MANUAL        ; Untyped                                       ;
; APEX20K_TECHNOLOGY_MAPPER                      ; LUT           ; TECH_MAPPER_APEX20K                           ;
; DEDICATED_MULTIPLIER_CIRCUITRY                 ; AUTO          ; Untyped                                       ;
; DEDICATED_MULTIPLIER_MIN_INPUT_WIDTH_FOR_AUTO  ; 0             ; Untyped                                       ;
; DEDICATED_MULTIPLIER_MIN_OUTPUT_WIDTH_FOR_AUTO ; 0             ; Untyped                                       ;
; CBXI_PARAMETER                                 ; NOTHING       ; Untyped                                       ;
; INPUT_A_FIXED_VALUE                            ; Bx            ; Untyped                                       ;
; INPUT_B_FIXED_VALUE                            ; Bx            ; Untyped                                       ;
; USE_AHDL_IMPLEMENTATION                        ; OFF           ; Untyped                                       ;
+------------------------------------------------+---------------+-----------------------------------------------+
Note: In order to hide this table in the UI and the text report file, please set the "Show Parameter Settings in Synthesis Report" option in "Analysis and Synthesis Settings -> More Settings" to "Off".


+----------------------------------------------------------------------------------------------------------------+
; Parameter Settings for Inferred Entity Instance: eco_nn_top:uut|neuron:hidden_layer[4].h_neuron|lpm_mult:Mult1 ;
+------------------------------------------------+---------------+-----------------------------------------------+
; Parameter Name                                 ; Value         ; Type                                          ;
+------------------------------------------------+---------------+-----------------------------------------------+
; AUTO_CARRY_CHAINS                              ; ON            ; AUTO_CARRY                                    ;
; IGNORE_CARRY_BUFFERS                           ; OFF           ; IGNORE_CARRY                                  ;
; AUTO_CASCADE_CHAINS                            ; ON            ; AUTO_CASCADE                                  ;
; IGNORE_CASCADE_BUFFERS                         ; OFF           ; IGNORE_CASCADE                                ;
; LPM_WIDTHA                                     ; 8             ; Untyped                                       ;
; LPM_WIDTHB                                     ; 3             ; Untyped                                       ;
; LPM_WIDTHP                                     ; 11            ; Untyped                                       ;
; LPM_WIDTHR                                     ; 11            ; Untyped                                       ;
; LPM_WIDTHS                                     ; 1             ; Untyped                                       ;
; LPM_REPRESENTATION                             ; SIGNED        ; Untyped                                       ;
; LPM_PIPELINE                                   ; 0             ; Untyped                                       ;
; LATENCY                                        ; 0             ; Untyped                                       ;
; INPUT_A_IS_CONSTANT                            ; NO            ; Untyped                                       ;
; INPUT_B_IS_CONSTANT                            ; YES           ; Untyped                                       ;
; USE_EAB                                        ; OFF           ; Untyped                                       ;
; MAXIMIZE_SPEED                                 ; 5             ; Untyped                                       ;
; DEVICE_FAMILY                                  ; Cyclone 10 LP ; Untyped                                       ;
; CARRY_CHAIN                                    ; MANUAL        ; Untyped                                       ;
; APEX20K_TECHNOLOGY_MAPPER                      ; LUT           ; TECH_MAPPER_APEX20K                           ;
; DEDICATED_MULTIPLIER_CIRCUITRY                 ; AUTO          ; Untyped                                       ;
; DEDICATED_MULTIPLIER_MIN_INPUT_WIDTH_FOR_AUTO  ; 0             ; Untyped                                       ;
; DEDICATED_MULTIPLIER_MIN_OUTPUT_WIDTH_FOR_AUTO ; 0             ; Untyped                                       ;
; CBXI_PARAMETER                                 ; NOTHING       ; Untyped                                       ;
; INPUT_A_FIXED_VALUE                            ; Bx            ; Untyped                                       ;
; INPUT_B_FIXED_VALUE                            ; Bx            ; Untyped                                       ;
; USE_AHDL_IMPLEMENTATION                        ; OFF           ; Untyped                                       ;
+------------------------------------------------+---------------+-----------------------------------------------+
Note: In order to hide this table in the UI and the text report file, please set the "Show Parameter Settings in Synthesis Report" option in "Analysis and Synthesis Settings -> More Settings" to "Off".


+----------------------------------------------------------------------------------------------------------------+
; Parameter Settings for Inferred Entity Instance: eco_nn_top:uut|neuron:hidden_layer[5].h_neuron|lpm_mult:Mult1 ;
+------------------------------------------------+---------------+-----------------------------------------------+
; Parameter Name                                 ; Value         ; Type                                          ;
+------------------------------------------------+---------------+-----------------------------------------------+
; AUTO_CARRY_CHAINS                              ; ON            ; AUTO_CARRY                                    ;
; IGNORE_CARRY_BUFFERS                           ; OFF           ; IGNORE_CARRY                                  ;
; AUTO_CASCADE_CHAINS                            ; ON            ; AUTO_CASCADE                                  ;
; IGNORE_CASCADE_BUFFERS                         ; OFF           ; IGNORE_CASCADE                                ;
; LPM_WIDTHA                                     ; 8             ; Untyped                                       ;
; LPM_WIDTHB                                     ; 4             ; Untyped                                       ;
; LPM_WIDTHP                                     ; 12            ; Untyped                                       ;
; LPM_WIDTHR                                     ; 12            ; Untyped                                       ;
; LPM_WIDTHS                                     ; 1             ; Untyped                                       ;
; LPM_REPRESENTATION                             ; SIGNED        ; Untyped                                       ;
; LPM_PIPELINE                                   ; 0             ; Untyped                                       ;
; LATENCY                                        ; 0             ; Untyped                                       ;
; INPUT_A_IS_CONSTANT                            ; NO            ; Untyped                                       ;
; INPUT_B_IS_CONSTANT                            ; YES           ; Untyped                                       ;
; USE_EAB                                        ; OFF           ; Untyped                                       ;
; MAXIMIZE_SPEED                                 ; 5             ; Untyped                                       ;
; DEVICE_FAMILY                                  ; Cyclone 10 LP ; Untyped                                       ;
; CARRY_CHAIN                                    ; MANUAL        ; Untyped                                       ;
; APEX20K_TECHNOLOGY_MAPPER                      ; LUT           ; TECH_MAPPER_APEX20K                           ;
; DEDICATED_MULTIPLIER_CIRCUITRY                 ; AUTO          ; Untyped                                       ;
; DEDICATED_MULTIPLIER_MIN_INPUT_WIDTH_FOR_AUTO  ; 0             ; Untyped                                       ;
; DEDICATED_MULTIPLIER_MIN_OUTPUT_WIDTH_FOR_AUTO ; 0             ; Untyped                                       ;
; CBXI_PARAMETER                                 ; NOTHING       ; Untyped                                       ;
; INPUT_A_FIXED_VALUE                            ; Bx            ; Untyped                                       ;
; INPUT_B_FIXED_VALUE                            ; Bx            ; Untyped                                       ;
; USE_AHDL_IMPLEMENTATION                        ; OFF           ; Untyped                                       ;
+------------------------------------------------+---------------+-----------------------------------------------+
Note: In order to hide this table in the UI and the text report file, please set the "Show Parameter Settings in Synthesis Report" option in "Analysis and Synthesis Settings -> More Settings" to "Off".


+-----------------------------------------------------------------------------------------------------------------+
; Parameter Settings for Inferred Entity Instance: eco_nn_top:uut|neuron:hidden_layer[14].h_neuron|lpm_mult:Mult1 ;
+------------------------------------------------+---------------+------------------------------------------------+
; Parameter Name                                 ; Value         ; Type                                           ;
+------------------------------------------------+---------------+------------------------------------------------+
; AUTO_CARRY_CHAINS                              ; ON            ; AUTO_CARRY                                     ;
; IGNORE_CARRY_BUFFERS                           ; OFF           ; IGNORE_CARRY                                   ;
; AUTO_CASCADE_CHAINS                            ; ON            ; AUTO_CASCADE                                   ;
; IGNORE_CASCADE_BUFFERS                         ; OFF           ; IGNORE_CASCADE                                 ;
; LPM_WIDTHA                                     ; 8             ; Untyped                                        ;
; LPM_WIDTHB                                     ; 4             ; Untyped                                        ;
; LPM_WIDTHP                                     ; 12            ; Untyped                                        ;
; LPM_WIDTHR                                     ; 12            ; Untyped                                        ;
; LPM_WIDTHS                                     ; 1             ; Untyped                                        ;
; LPM_REPRESENTATION                             ; SIGNED        ; Untyped                                        ;
; LPM_PIPELINE                                   ; 0             ; Untyped                                        ;
; LATENCY                                        ; 0             ; Untyped                                        ;
; INPUT_A_IS_CONSTANT                            ; NO            ; Untyped                                        ;
; INPUT_B_IS_CONSTANT                            ; YES           ; Untyped                                        ;
; USE_EAB                                        ; OFF           ; Untyped                                        ;
; MAXIMIZE_SPEED                                 ; 5             ; Untyped                                        ;
; DEVICE_FAMILY                                  ; Cyclone 10 LP ; Untyped                                        ;
; CARRY_CHAIN                                    ; MANUAL        ; Untyped                                        ;
; APEX20K_TECHNOLOGY_MAPPER                      ; LUT           ; TECH_MAPPER_APEX20K                            ;
; DEDICATED_MULTIPLIER_CIRCUITRY                 ; AUTO          ; Untyped                                        ;
; DEDICATED_MULTIPLIER_MIN_INPUT_WIDTH_FOR_AUTO  ; 0             ; Untyped                                        ;
; DEDICATED_MULTIPLIER_MIN_OUTPUT_WIDTH_FOR_AUTO ; 0             ; Untyped                                        ;
; CBXI_PARAMETER                                 ; NOTHING       ; Untyped                                        ;
; INPUT_A_FIXED_VALUE                            ; Bx            ; Untyped                                        ;
; INPUT_B_FIXED_VALUE                            ; Bx            ; Untyped                                        ;
; USE_AHDL_IMPLEMENTATION                        ; OFF           ; Untyped                                        ;
+------------------------------------------------+---------------+------------------------------------------------+
Note: In order to hide this table in the UI and the text report file, please set the "Show Parameter Settings in Synthesis Report" option in "Analysis and Synthesis Settings -> More Settings" to "Off".


+-----------------------------------------------------------------------------------------------------------------+
; Parameter Settings for Inferred Entity Instance: eco_nn_top:uut|neuron:hidden_layer[11].h_neuron|lpm_mult:Mult1 ;
+------------------------------------------------+---------------+------------------------------------------------+
; Parameter Name                                 ; Value         ; Type                                           ;
+------------------------------------------------+---------------+------------------------------------------------+
; AUTO_CARRY_CHAINS                              ; ON            ; AUTO_CARRY                                     ;
; IGNORE_CARRY_BUFFERS                           ; OFF           ; IGNORE_CARRY                                   ;
; AUTO_CASCADE_CHAINS                            ; ON            ; AUTO_CASCADE                                   ;
; IGNORE_CASCADE_BUFFERS                         ; OFF           ; IGNORE_CASCADE                                 ;
; LPM_WIDTHA                                     ; 8             ; Untyped                                        ;
; LPM_WIDTHB                                     ; 4             ; Untyped                                        ;
; LPM_WIDTHP                                     ; 12            ; Untyped                                        ;
; LPM_WIDTHR                                     ; 12            ; Untyped                                        ;
; LPM_WIDTHS                                     ; 1             ; Untyped                                        ;
; LPM_REPRESENTATION                             ; SIGNED        ; Untyped                                        ;
; LPM_PIPELINE                                   ; 0             ; Untyped                                        ;
; LATENCY                                        ; 0             ; Untyped                                        ;
; INPUT_A_IS_CONSTANT                            ; NO            ; Untyped                                        ;
; INPUT_B_IS_CONSTANT                            ; YES           ; Untyped                                        ;
; USE_EAB                                        ; OFF           ; Untyped                                        ;
; MAXIMIZE_SPEED                                 ; 5             ; Untyped                                        ;
; DEVICE_FAMILY                                  ; Cyclone 10 LP ; Untyped                                        ;
; CARRY_CHAIN                                    ; MANUAL        ; Untyped                                        ;
; APEX20K_TECHNOLOGY_MAPPER                      ; LUT           ; TECH_MAPPER_APEX20K                            ;
; DEDICATED_MULTIPLIER_CIRCUITRY                 ; AUTO          ; Untyped                                        ;
; DEDICATED_MULTIPLIER_MIN_INPUT_WIDTH_FOR_AUTO  ; 0             ; Untyped                                        ;
; DEDICATED_MULTIPLIER_MIN_OUTPUT_WIDTH_FOR_AUTO ; 0             ; Untyped                                        ;
; CBXI_PARAMETER                                 ; NOTHING       ; Untyped                                        ;
; INPUT_A_FIXED_VALUE                            ; Bx            ; Untyped                                        ;
; INPUT_B_FIXED_VALUE                            ; Bx            ; Untyped                                        ;
; USE_AHDL_IMPLEMENTATION                        ; OFF           ; Untyped                                        ;
+------------------------------------------------+---------------+------------------------------------------------+
Note: In order to hide this table in the UI and the text report file, please set the "Show Parameter Settings in Synthesis Report" option in "Analysis and Synthesis Settings -> More Settings" to "Off".


+-----------------------------------------------------------------------------------------------------------------+
; Parameter Settings for Inferred Entity Instance: eco_nn_top:uut|neuron:hidden_layer[11].h_neuron|lpm_mult:Mult3 ;
+------------------------------------------------+---------------+------------------------------------------------+
; Parameter Name                                 ; Value         ; Type                                           ;
+------------------------------------------------+---------------+------------------------------------------------+
; AUTO_CARRY_CHAINS                              ; ON            ; AUTO_CARRY                                     ;
; IGNORE_CARRY_BUFFERS                           ; OFF           ; IGNORE_CARRY                                   ;
; AUTO_CASCADE_CHAINS                            ; ON            ; AUTO_CASCADE                                   ;
; IGNORE_CASCADE_BUFFERS                         ; OFF           ; IGNORE_CASCADE                                 ;
; LPM_WIDTHA                                     ; 8             ; Untyped                                        ;
; LPM_WIDTHB                                     ; 4             ; Untyped                                        ;
; LPM_WIDTHP                                     ; 12            ; Untyped                                        ;
; LPM_WIDTHR                                     ; 12            ; Untyped                                        ;
; LPM_WIDTHS                                     ; 1             ; Untyped                                        ;
; LPM_REPRESENTATION                             ; SIGNED        ; Untyped                                        ;
; LPM_PIPELINE                                   ; 0             ; Untyped                                        ;
; LATENCY                                        ; 0             ; Untyped                                        ;
; INPUT_A_IS_CONSTANT                            ; NO            ; Untyped                                        ;
; INPUT_B_IS_CONSTANT                            ; YES           ; Untyped                                        ;
; USE_EAB                                        ; OFF           ; Untyped                                        ;
; MAXIMIZE_SPEED                                 ; 5             ; Untyped                                        ;
; DEVICE_FAMILY                                  ; Cyclone 10 LP ; Untyped                                        ;
; CARRY_CHAIN                                    ; MANUAL        ; Untyped                                        ;
; APEX20K_TECHNOLOGY_MAPPER                      ; LUT           ; TECH_MAPPER_APEX20K                            ;
; DEDICATED_MULTIPLIER_CIRCUITRY                 ; AUTO          ; Untyped                                        ;
; DEDICATED_MULTIPLIER_MIN_INPUT_WIDTH_FOR_AUTO  ; 0             ; Untyped                                        ;
; DEDICATED_MULTIPLIER_MIN_OUTPUT_WIDTH_FOR_AUTO ; 0             ; Untyped                                        ;
; CBXI_PARAMETER                                 ; NOTHING       ; Untyped                                        ;
; INPUT_A_FIXED_VALUE                            ; Bx            ; Untyped                                        ;
; INPUT_B_FIXED_VALUE                            ; Bx            ; Untyped                                        ;
; USE_AHDL_IMPLEMENTATION                        ; OFF           ; Untyped                                        ;
+------------------------------------------------+---------------+------------------------------------------------+
Note: In order to hide this table in the UI and the text report file, please set the "Show Parameter Settings in Synthesis Report" option in "Analysis and Synthesis Settings -> More Settings" to "Off".


+----------------------------------------------------------------------------------------------------------------+
; Parameter Settings for Inferred Entity Instance: eco_nn_top:uut|neuron:hidden_layer[6].h_neuron|lpm_mult:Mult0 ;
+------------------------------------------------+---------------+-----------------------------------------------+
; Parameter Name                                 ; Value         ; Type                                          ;
+------------------------------------------------+---------------+-----------------------------------------------+
; AUTO_CARRY_CHAINS                              ; ON            ; AUTO_CARRY                                    ;
; IGNORE_CARRY_BUFFERS                           ; OFF           ; IGNORE_CARRY                                  ;
; AUTO_CASCADE_CHAINS                            ; ON            ; AUTO_CASCADE                                  ;
; IGNORE_CASCADE_BUFFERS                         ; OFF           ; IGNORE_CASCADE                                ;
; LPM_WIDTHA                                     ; 8             ; Untyped                                       ;
; LPM_WIDTHB                                     ; 4             ; Untyped                                       ;
; LPM_WIDTHP                                     ; 12            ; Untyped                                       ;
; LPM_WIDTHR                                     ; 12            ; Untyped                                       ;
; LPM_WIDTHS                                     ; 1             ; Untyped                                       ;
; LPM_REPRESENTATION                             ; SIGNED        ; Untyped                                       ;
; LPM_PIPELINE                                   ; 0             ; Untyped                                       ;
; LATENCY                                        ; 0             ; Untyped                                       ;
; INPUT_A_IS_CONSTANT                            ; NO            ; Untyped                                       ;
; INPUT_B_IS_CONSTANT                            ; YES           ; Untyped                                       ;
; USE_EAB                                        ; OFF           ; Untyped                                       ;
; MAXIMIZE_SPEED                                 ; 5             ; Untyped                                       ;
; DEVICE_FAMILY                                  ; Cyclone 10 LP ; Untyped                                       ;
; CARRY_CHAIN                                    ; MANUAL        ; Untyped                                       ;
; APEX20K_TECHNOLOGY_MAPPER                      ; LUT           ; TECH_MAPPER_APEX20K                           ;
; DEDICATED_MULTIPLIER_CIRCUITRY                 ; AUTO          ; Untyped                                       ;
; DEDICATED_MULTIPLIER_MIN_INPUT_WIDTH_FOR_AUTO  ; 0             ; Untyped                                       ;
; DEDICATED_MULTIPLIER_MIN_OUTPUT_WIDTH_FOR_AUTO ; 0             ; Untyped                                       ;
; CBXI_PARAMETER                                 ; NOTHING       ; Untyped                                       ;
; INPUT_A_FIXED_VALUE                            ; Bx            ; Untyped                                       ;
; INPUT_B_FIXED_VALUE                            ; Bx            ; Untyped                                       ;
; USE_AHDL_IMPLEMENTATION                        ; OFF           ; Untyped                                       ;
+------------------------------------------------+---------------+-----------------------------------------------+
Note: In order to hide this table in the UI and the text report file, please set the "Show Parameter Settings in Synthesis Report" option in "Analysis and Synthesis Settings -> More Settings" to "Off".


+----------------------------------------------------------------------------------------------------------------+
; Parameter Settings for Inferred Entity Instance: eco_nn_top:uut|neuron:hidden_layer[1].h_neuron|lpm_mult:Mult0 ;
+------------------------------------------------+---------------+-----------------------------------------------+
; Parameter Name                                 ; Value         ; Type                                          ;
+------------------------------------------------+---------------+-----------------------------------------------+
; AUTO_CARRY_CHAINS                              ; ON            ; AUTO_CARRY                                    ;
; IGNORE_CARRY_BUFFERS                           ; OFF           ; IGNORE_CARRY                                  ;
; AUTO_CASCADE_CHAINS                            ; ON            ; AUTO_CASCADE                                  ;
; IGNORE_CASCADE_BUFFERS                         ; OFF           ; IGNORE_CASCADE                                ;
; LPM_WIDTHA                                     ; 8             ; Untyped                                       ;
; LPM_WIDTHB                                     ; 3             ; Untyped                                       ;
; LPM_WIDTHP                                     ; 11            ; Untyped                                       ;
; LPM_WIDTHR                                     ; 11            ; Untyped                                       ;
; LPM_WIDTHS                                     ; 1             ; Untyped                                       ;
; LPM_REPRESENTATION                             ; SIGNED        ; Untyped                                       ;
; LPM_PIPELINE                                   ; 0             ; Untyped                                       ;
; LATENCY                                        ; 0             ; Untyped                                       ;
; INPUT_A_IS_CONSTANT                            ; NO            ; Untyped                                       ;
; INPUT_B_IS_CONSTANT                            ; YES           ; Untyped                                       ;
; USE_EAB                                        ; OFF           ; Untyped                                       ;
; MAXIMIZE_SPEED                                 ; 5             ; Untyped                                       ;
; DEVICE_FAMILY                                  ; Cyclone 10 LP ; Untyped                                       ;
; CARRY_CHAIN                                    ; MANUAL        ; Untyped                                       ;
; APEX20K_TECHNOLOGY_MAPPER                      ; LUT           ; TECH_MAPPER_APEX20K                           ;
; DEDICATED_MULTIPLIER_CIRCUITRY                 ; AUTO          ; Untyped                                       ;
; DEDICATED_MULTIPLIER_MIN_INPUT_WIDTH_FOR_AUTO  ; 0             ; Untyped                                       ;
; DEDICATED_MULTIPLIER_MIN_OUTPUT_WIDTH_FOR_AUTO ; 0             ; Untyped                                       ;
; CBXI_PARAMETER                                 ; NOTHING       ; Untyped                                       ;
; INPUT_A_FIXED_VALUE                            ; Bx            ; Untyped                                       ;
; INPUT_B_FIXED_VALUE                            ; Bx            ; Untyped                                       ;
; USE_AHDL_IMPLEMENTATION                        ; OFF           ; Untyped                                       ;
+------------------------------------------------+---------------+-----------------------------------------------+
Note: In order to hide this table in the UI and the text report file, please set the "Show Parameter Settings in Synthesis Report" option in "Analysis and Synthesis Settings -> More Settings" to "Off".


+-----------------------------------------------------------------------------------------------------------------+
; Parameter Settings for Inferred Entity Instance: eco_nn_top:uut|neuron:hidden_layer[10].h_neuron|lpm_mult:Mult1 ;
+------------------------------------------------+---------------+------------------------------------------------+
; Parameter Name                                 ; Value         ; Type                                           ;
+------------------------------------------------+---------------+------------------------------------------------+
; AUTO_CARRY_CHAINS                              ; ON            ; AUTO_CARRY                                     ;
; IGNORE_CARRY_BUFFERS                           ; OFF           ; IGNORE_CARRY                                   ;
; AUTO_CASCADE_CHAINS                            ; ON            ; AUTO_CASCADE                                   ;
; IGNORE_CASCADE_BUFFERS                         ; OFF           ; IGNORE_CASCADE                                 ;
; LPM_WIDTHA                                     ; 8             ; Untyped                                        ;
; LPM_WIDTHB                                     ; 1             ; Untyped                                        ;
; LPM_WIDTHP                                     ; 9             ; Untyped                                        ;
; LPM_WIDTHR                                     ; 9             ; Untyped                                        ;
; LPM_WIDTHS                                     ; 1             ; Untyped                                        ;
; LPM_REPRESENTATION                             ; SIGNED        ; Untyped                                        ;
; LPM_PIPELINE                                   ; 0             ; Untyped                                        ;
; LATENCY                                        ; 0             ; Untyped                                        ;
; INPUT_A_IS_CONSTANT                            ; NO            ; Untyped                                        ;
; INPUT_B_IS_CONSTANT                            ; YES           ; Untyped                                        ;
; USE_EAB                                        ; OFF           ; Untyped                                        ;
; MAXIMIZE_SPEED                                 ; 5             ; Untyped                                        ;
; DEVICE_FAMILY                                  ; Cyclone 10 LP ; Untyped                                        ;
; CARRY_CHAIN                                    ; MANUAL        ; Untyped                                        ;
; APEX20K_TECHNOLOGY_MAPPER                      ; LUT           ; TECH_MAPPER_APEX20K                            ;
; DEDICATED_MULTIPLIER_CIRCUITRY                 ; AUTO          ; Untyped                                        ;
; DEDICATED_MULTIPLIER_MIN_INPUT_WIDTH_FOR_AUTO  ; 0             ; Untyped                                        ;
; DEDICATED_MULTIPLIER_MIN_OUTPUT_WIDTH_FOR_AUTO ; 0             ; Untyped                                        ;
; CBXI_PARAMETER                                 ; NOTHING       ; Untyped                                        ;
; INPUT_A_FIXED_VALUE                            ; Bx            ; Untyped                                        ;
; INPUT_B_FIXED_VALUE                            ; Bx            ; Untyped                                        ;
; USE_AHDL_IMPLEMENTATION                        ; OFF           ; Untyped                                        ;
+------------------------------------------------+---------------+------------------------------------------------+
Note: In order to hide this table in the UI and the text report file, please set the "Show Parameter Settings in Synthesis Report" option in "Analysis and Synthesis Settings -> More Settings" to "Off".


+----------------------------------------------------------------------------------------------------------------+
; Parameter Settings for Inferred Entity Instance: eco_nn_top:uut|neuron:hidden_layer[4].h_neuron|lpm_mult:Mult6 ;
+------------------------------------------------+---------------+-----------------------------------------------+
; Parameter Name                                 ; Value         ; Type                                          ;
+------------------------------------------------+---------------+-----------------------------------------------+
; AUTO_CARRY_CHAINS                              ; ON            ; AUTO_CARRY                                    ;
; IGNORE_CARRY_BUFFERS                           ; OFF           ; IGNORE_CARRY                                  ;
; AUTO_CASCADE_CHAINS                            ; ON            ; AUTO_CASCADE                                  ;
; IGNORE_CASCADE_BUFFERS                         ; OFF           ; IGNORE_CASCADE                                ;
; LPM_WIDTHA                                     ; 8             ; Untyped                                       ;
; LPM_WIDTHB                                     ; 4             ; Untyped                                       ;
; LPM_WIDTHP                                     ; 12            ; Untyped                                       ;
; LPM_WIDTHR                                     ; 12            ; Untyped                                       ;
; LPM_WIDTHS                                     ; 1             ; Untyped                                       ;
; LPM_REPRESENTATION                             ; SIGNED        ; Untyped                                       ;
; LPM_PIPELINE                                   ; 0             ; Untyped                                       ;
; LATENCY                                        ; 0             ; Untyped                                       ;
; INPUT_A_IS_CONSTANT                            ; NO            ; Untyped                                       ;
; INPUT_B_IS_CONSTANT                            ; YES           ; Untyped                                       ;
; USE_EAB                                        ; OFF           ; Untyped                                       ;
; MAXIMIZE_SPEED                                 ; 5             ; Untyped                                       ;
; DEVICE_FAMILY                                  ; Cyclone 10 LP ; Untyped                                       ;
; CARRY_CHAIN                                    ; MANUAL        ; Untyped                                       ;
; APEX20K_TECHNOLOGY_MAPPER                      ; LUT           ; TECH_MAPPER_APEX20K                           ;
; DEDICATED_MULTIPLIER_CIRCUITRY                 ; AUTO          ; Untyped                                       ;
; DEDICATED_MULTIPLIER_MIN_INPUT_WIDTH_FOR_AUTO  ; 0             ; Untyped                                       ;
; DEDICATED_MULTIPLIER_MIN_OUTPUT_WIDTH_FOR_AUTO ; 0             ; Untyped                                       ;
; CBXI_PARAMETER                                 ; NOTHING       ; Untyped                                       ;
; INPUT_A_FIXED_VALUE                            ; Bx            ; Untyped                                       ;
; INPUT_B_FIXED_VALUE                            ; Bx            ; Untyped                                       ;
; USE_AHDL_IMPLEMENTATION                        ; OFF           ; Untyped                                       ;
+------------------------------------------------+---------------+-----------------------------------------------+
Note: In order to hide this table in the UI and the text report file, please set the "Show Parameter Settings in Synthesis Report" option in "Analysis and Synthesis Settings -> More Settings" to "Off".


+----------------------------------------------------------------------------------------------------------------+
; Parameter Settings for Inferred Entity Instance: eco_nn_top:uut|neuron:hidden_layer[4].h_neuron|lpm_mult:Mult3 ;
+------------------------------------------------+---------------+-----------------------------------------------+
; Parameter Name                                 ; Value         ; Type                                          ;
+------------------------------------------------+---------------+-----------------------------------------------+
; AUTO_CARRY_CHAINS                              ; ON            ; AUTO_CARRY                                    ;
; IGNORE_CARRY_BUFFERS                           ; OFF           ; IGNORE_CARRY                                  ;
; AUTO_CASCADE_CHAINS                            ; ON            ; AUTO_CASCADE                                  ;
; IGNORE_CASCADE_BUFFERS                         ; OFF           ; IGNORE_CASCADE                                ;
; LPM_WIDTHA                                     ; 8             ; Untyped                                       ;
; LPM_WIDTHB                                     ; 2             ; Untyped                                       ;
; LPM_WIDTHP                                     ; 10            ; Untyped                                       ;
; LPM_WIDTHR                                     ; 10            ; Untyped                                       ;
; LPM_WIDTHS                                     ; 1             ; Untyped                                       ;
; LPM_REPRESENTATION                             ; SIGNED        ; Untyped                                       ;
; LPM_PIPELINE                                   ; 0             ; Untyped                                       ;
; LATENCY                                        ; 0             ; Untyped                                       ;
; INPUT_A_IS_CONSTANT                            ; NO            ; Untyped                                       ;
; INPUT_B_IS_CONSTANT                            ; YES           ; Untyped                                       ;
; USE_EAB                                        ; OFF           ; Untyped                                       ;
; MAXIMIZE_SPEED                                 ; 5             ; Untyped                                       ;
; DEVICE_FAMILY                                  ; Cyclone 10 LP ; Untyped                                       ;
; CARRY_CHAIN                                    ; MANUAL        ; Untyped                                       ;
; APEX20K_TECHNOLOGY_MAPPER                      ; LUT           ; TECH_MAPPER_APEX20K                           ;
; DEDICATED_MULTIPLIER_CIRCUITRY                 ; AUTO          ; Untyped                                       ;
; DEDICATED_MULTIPLIER_MIN_INPUT_WIDTH_FOR_AUTO  ; 0             ; Untyped                                       ;
; DEDICATED_MULTIPLIER_MIN_OUTPUT_WIDTH_FOR_AUTO ; 0             ; Untyped                                       ;
; CBXI_PARAMETER                                 ; NOTHING       ; Untyped                                       ;
; INPUT_A_FIXED_VALUE                            ; Bx            ; Untyped                                       ;
; INPUT_B_FIXED_VALUE                            ; Bx            ; Untyped                                       ;
; USE_AHDL_IMPLEMENTATION                        ; OFF           ; Untyped                                       ;
+------------------------------------------------+---------------+-----------------------------------------------+
Note: In order to hide this table in the UI and the text report file, please set the "Show Parameter Settings in Synthesis Report" option in "Analysis and Synthesis Settings -> More Settings" to "Off".


+----------------------------------------------------------------------------------------------------------------+
; Parameter Settings for Inferred Entity Instance: eco_nn_top:uut|neuron:hidden_layer[0].h_neuron|lpm_mult:Mult0 ;
+------------------------------------------------+---------------+-----------------------------------------------+
; Parameter Name                                 ; Value         ; Type                                          ;
+------------------------------------------------+---------------+-----------------------------------------------+
; AUTO_CARRY_CHAINS                              ; ON            ; AUTO_CARRY                                    ;
; IGNORE_CARRY_BUFFERS                           ; OFF           ; IGNORE_CARRY                                  ;
; AUTO_CASCADE_CHAINS                            ; ON            ; AUTO_CASCADE                                  ;
; IGNORE_CASCADE_BUFFERS                         ; OFF           ; IGNORE_CASCADE                                ;
; LPM_WIDTHA                                     ; 8             ; Untyped                                       ;
; LPM_WIDTHB                                     ; 4             ; Untyped                                       ;
; LPM_WIDTHP                                     ; 12            ; Untyped                                       ;
; LPM_WIDTHR                                     ; 12            ; Untyped                                       ;
; LPM_WIDTHS                                     ; 1             ; Untyped                                       ;
; LPM_REPRESENTATION                             ; SIGNED        ; Untyped                                       ;
; LPM_PIPELINE                                   ; 0             ; Untyped                                       ;
; LATENCY                                        ; 0             ; Untyped                                       ;
; INPUT_A_IS_CONSTANT                            ; NO            ; Untyped                                       ;
; INPUT_B_IS_CONSTANT                            ; YES           ; Untyped                                       ;
; USE_EAB                                        ; OFF           ; Untyped                                       ;
; MAXIMIZE_SPEED                                 ; 5             ; Untyped                                       ;
; DEVICE_FAMILY                                  ; Cyclone 10 LP ; Untyped                                       ;
; CARRY_CHAIN                                    ; MANUAL        ; Untyped                                       ;
; APEX20K_TECHNOLOGY_MAPPER                      ; LUT           ; TECH_MAPPER_APEX20K                           ;
; DEDICATED_MULTIPLIER_CIRCUITRY                 ; AUTO          ; Untyped                                       ;
; DEDICATED_MULTIPLIER_MIN_INPUT_WIDTH_FOR_AUTO  ; 0             ; Untyped                                       ;
; DEDICATED_MULTIPLIER_MIN_OUTPUT_WIDTH_FOR_AUTO ; 0             ; Untyped                                       ;
; CBXI_PARAMETER                                 ; NOTHING       ; Untyped                                       ;
; INPUT_A_FIXED_VALUE                            ; Bx            ; Untyped                                       ;
; INPUT_B_FIXED_VALUE                            ; Bx            ; Untyped                                       ;
; USE_AHDL_IMPLEMENTATION                        ; OFF           ; Untyped                                       ;
+------------------------------------------------+---------------+-----------------------------------------------+
Note: In order to hide this table in the UI and the text report file, please set the "Show Parameter Settings in Synthesis Report" option in "Analysis and Synthesis Settings -> More Settings" to "Off".


+----------------------------------------------------------------------------------------------------------------+
; Parameter Settings for Inferred Entity Instance: eco_nn_top:uut|neuron:hidden_layer[0].h_neuron|lpm_mult:Mult4 ;
+------------------------------------------------+---------------+-----------------------------------------------+
; Parameter Name                                 ; Value         ; Type                                          ;
+------------------------------------------------+---------------+-----------------------------------------------+
; AUTO_CARRY_CHAINS                              ; ON            ; AUTO_CARRY                                    ;
; IGNORE_CARRY_BUFFERS                           ; OFF           ; IGNORE_CARRY                                  ;
; AUTO_CASCADE_CHAINS                            ; ON            ; AUTO_CASCADE                                  ;
; IGNORE_CASCADE_BUFFERS                         ; OFF           ; IGNORE_CASCADE                                ;
; LPM_WIDTHA                                     ; 8             ; Untyped                                       ;
; LPM_WIDTHB                                     ; 1             ; Untyped                                       ;
; LPM_WIDTHP                                     ; 9             ; Untyped                                       ;
; LPM_WIDTHR                                     ; 9             ; Untyped                                       ;
; LPM_WIDTHS                                     ; 1             ; Untyped                                       ;
; LPM_REPRESENTATION                             ; SIGNED        ; Untyped                                       ;
; LPM_PIPELINE                                   ; 0             ; Untyped                                       ;
; LATENCY                                        ; 0             ; Untyped                                       ;
; INPUT_A_IS_CONSTANT                            ; NO            ; Untyped                                       ;
; INPUT_B_IS_CONSTANT                            ; YES           ; Untyped                                       ;
; USE_EAB                                        ; OFF           ; Untyped                                       ;
; MAXIMIZE_SPEED                                 ; 5             ; Untyped                                       ;
; DEVICE_FAMILY                                  ; Cyclone 10 LP ; Untyped                                       ;
; CARRY_CHAIN                                    ; MANUAL        ; Untyped                                       ;
; APEX20K_TECHNOLOGY_MAPPER                      ; LUT           ; TECH_MAPPER_APEX20K                           ;
; DEDICATED_MULTIPLIER_CIRCUITRY                 ; AUTO          ; Untyped                                       ;
; DEDICATED_MULTIPLIER_MIN_INPUT_WIDTH_FOR_AUTO  ; 0             ; Untyped                                       ;
; DEDICATED_MULTIPLIER_MIN_OUTPUT_WIDTH_FOR_AUTO ; 0             ; Untyped                                       ;
; CBXI_PARAMETER                                 ; NOTHING       ; Untyped                                       ;
; INPUT_A_FIXED_VALUE                            ; Bx            ; Untyped                                       ;
; INPUT_B_FIXED_VALUE                            ; Bx            ; Untyped                                       ;
; USE_AHDL_IMPLEMENTATION                        ; OFF           ; Untyped                                       ;
+------------------------------------------------+---------------+-----------------------------------------------+
Note: In order to hide this table in the UI and the text report file, please set the "Show Parameter Settings in Synthesis Report" option in "Analysis and Synthesis Settings -> More Settings" to "Off".


+----------------------------------------------------------------------------------------------------------------+
; Parameter Settings for Inferred Entity Instance: eco_nn_top:uut|neuron:hidden_layer[1].h_neuron|lpm_mult:Mult5 ;
+------------------------------------------------+---------------+-----------------------------------------------+
; Parameter Name                                 ; Value         ; Type                                          ;
+------------------------------------------------+---------------+-----------------------------------------------+
; AUTO_CARRY_CHAINS                              ; ON            ; AUTO_CARRY                                    ;
; IGNORE_CARRY_BUFFERS                           ; OFF           ; IGNORE_CARRY                                  ;
; AUTO_CASCADE_CHAINS                            ; ON            ; AUTO_CASCADE                                  ;
; IGNORE_CASCADE_BUFFERS                         ; OFF           ; IGNORE_CASCADE                                ;
; LPM_WIDTHA                                     ; 8             ; Untyped                                       ;
; LPM_WIDTHB                                     ; 4             ; Untyped                                       ;
; LPM_WIDTHP                                     ; 12            ; Untyped                                       ;
; LPM_WIDTHR                                     ; 12            ; Untyped                                       ;
; LPM_WIDTHS                                     ; 1             ; Untyped                                       ;
; LPM_REPRESENTATION                             ; SIGNED        ; Untyped                                       ;
; LPM_PIPELINE                                   ; 0             ; Untyped                                       ;
; LATENCY                                        ; 0             ; Untyped                                       ;
; INPUT_A_IS_CONSTANT                            ; NO            ; Untyped                                       ;
; INPUT_B_IS_CONSTANT                            ; YES           ; Untyped                                       ;
; USE_EAB                                        ; OFF           ; Untyped                                       ;
; MAXIMIZE_SPEED                                 ; 5             ; Untyped                                       ;
; DEVICE_FAMILY                                  ; Cyclone 10 LP ; Untyped                                       ;
; CARRY_CHAIN                                    ; MANUAL        ; Untyped                                       ;
; APEX20K_TECHNOLOGY_MAPPER                      ; LUT           ; TECH_MAPPER_APEX20K                           ;
; DEDICATED_MULTIPLIER_CIRCUITRY                 ; AUTO          ; Untyped                                       ;
; DEDICATED_MULTIPLIER_MIN_INPUT_WIDTH_FOR_AUTO  ; 0             ; Untyped                                       ;
; DEDICATED_MULTIPLIER_MIN_OUTPUT_WIDTH_FOR_AUTO ; 0             ; Untyped                                       ;
; CBXI_PARAMETER                                 ; NOTHING       ; Untyped                                       ;
; INPUT_A_FIXED_VALUE                            ; Bx            ; Untyped                                       ;
; INPUT_B_FIXED_VALUE                            ; Bx            ; Untyped                                       ;
; USE_AHDL_IMPLEMENTATION                        ; OFF           ; Untyped                                       ;
+------------------------------------------------+---------------+-----------------------------------------------+
Note: In order to hide this table in the UI and the text report file, please set the "Show Parameter Settings in Synthesis Report" option in "Analysis and Synthesis Settings -> More Settings" to "Off".


+------------------------------------------------------------------------------------------------------------+
; lpm_mult Parameter Settings by Entity Instance                                                             ;
+---------------------------------------+--------------------------------------------------------------------+
; Name                                  ; Value                                                              ;
+---------------------------------------+--------------------------------------------------------------------+
; Number of entity instances            ; 76                                                                 ;
; Entity Instance                       ; eco_nn_top:uut|neuron:output_layer[0].final_neuron|lpm_mult:Mult15 ;
;     -- LPM_WIDTHA                     ; 8                                                                  ;
;     -- LPM_WIDTHB                     ; 4                                                                  ;
;     -- LPM_WIDTHP                     ; 12                                                                 ;
;     -- LPM_REPRESENTATION             ; SIGNED                                                             ;
;     -- INPUT_A_IS_CONSTANT            ; NO                                                                 ;
;     -- INPUT_B_IS_CONSTANT            ; YES                                                                ;
;     -- USE_EAB                        ; OFF                                                                ;
;     -- DEDICATED_MULTIPLIER_CIRCUITRY ; AUTO                                                               ;
;     -- INPUT_A_FIXED_VALUE            ; Bx                                                                 ;
;     -- INPUT_B_FIXED_VALUE            ; Bx                                                                 ;
; Entity Instance                       ; eco_nn_top:uut|neuron:output_layer[0].final_neuron|lpm_mult:Mult2  ;
;     -- LPM_WIDTHA                     ; 8                                                                  ;
;     -- LPM_WIDTHB                     ; 4                                                                  ;
;     -- LPM_WIDTHP                     ; 12                                                                 ;
;     -- LPM_REPRESENTATION             ; SIGNED                                                             ;
;     -- INPUT_A_IS_CONSTANT            ; NO                                                                 ;
;     -- INPUT_B_IS_CONSTANT            ; YES                                                                ;
;     -- USE_EAB                        ; OFF                                                                ;
;     -- DEDICATED_MULTIPLIER_CIRCUITRY ; AUTO                                                               ;
;     -- INPUT_A_FIXED_VALUE            ; Bx                                                                 ;
;     -- INPUT_B_FIXED_VALUE            ; Bx                                                                 ;
; Entity Instance                       ; eco_nn_top:uut|neuron:output_layer[0].final_neuron|lpm_mult:Mult14 ;
;     -- LPM_WIDTHA                     ; 8                                                                  ;
;     -- LPM_WIDTHB                     ; 5                                                                  ;
;     -- LPM_WIDTHP                     ; 13                                                                 ;
;     -- LPM_REPRESENTATION             ; SIGNED                                                             ;
;     -- INPUT_A_IS_CONSTANT            ; NO                                                                 ;
;     -- INPUT_B_IS_CONSTANT            ; YES                                                                ;
;     -- USE_EAB                        ; OFF                                                                ;
;     -- DEDICATED_MULTIPLIER_CIRCUITRY ; AUTO                                                               ;
;     -- INPUT_A_FIXED_VALUE            ; Bx                                                                 ;
;     -- INPUT_B_FIXED_VALUE            ; Bx                                                                 ;
; Entity Instance                       ; eco_nn_top:uut|neuron:output_layer[0].final_neuron|lpm_mult:Mult11 ;
;     -- LPM_WIDTHA                     ; 8                                                                  ;
;     -- LPM_WIDTHB                     ; 2                                                                  ;
;     -- LPM_WIDTHP                     ; 10                                                                 ;
;     -- LPM_REPRESENTATION             ; SIGNED                                                             ;
;     -- INPUT_A_IS_CONSTANT            ; NO                                                                 ;
;     -- INPUT_B_IS_CONSTANT            ; YES                                                                ;
;     -- USE_EAB                        ; OFF                                                                ;
;     -- DEDICATED_MULTIPLIER_CIRCUITRY ; AUTO                                                               ;
;     -- INPUT_A_FIXED_VALUE            ; Bx                                                                 ;
;     -- INPUT_B_FIXED_VALUE            ; Bx                                                                 ;
; Entity Instance                       ; eco_nn_top:uut|neuron:output_layer[1].final_neuron|lpm_mult:Mult5  ;
;     -- LPM_WIDTHA                     ; 8                                                                  ;
;     -- LPM_WIDTHB                     ; 4                                                                  ;
;     -- LPM_WIDTHP                     ; 12                                                                 ;
;     -- LPM_REPRESENTATION             ; SIGNED                                                             ;
;     -- INPUT_A_IS_CONSTANT            ; NO                                                                 ;
;     -- INPUT_B_IS_CONSTANT            ; YES                                                                ;
;     -- USE_EAB                        ; OFF                                                                ;
;     -- DEDICATED_MULTIPLIER_CIRCUITRY ; AUTO                                                               ;
;     -- INPUT_A_FIXED_VALUE            ; Bx                                                                 ;
;     -- INPUT_B_FIXED_VALUE            ; Bx                                                                 ;
; Entity Instance                       ; eco_nn_top:uut|neuron:output_layer[1].final_neuron|lpm_mult:Mult7  ;
;     -- LPM_WIDTHA                     ; 8                                                                  ;
;     -- LPM_WIDTHB                     ; 4                                                                  ;
;     -- LPM_WIDTHP                     ; 12                                                                 ;
;     -- LPM_REPRESENTATION             ; SIGNED                                                             ;
;     -- INPUT_A_IS_CONSTANT            ; NO                                                                 ;
;     -- INPUT_B_IS_CONSTANT            ; YES                                                                ;
;     -- USE_EAB                        ; OFF                                                                ;
;     -- DEDICATED_MULTIPLIER_CIRCUITRY ; AUTO                                                               ;
;     -- INPUT_A_FIXED_VALUE            ; Bx                                                                 ;
;     -- INPUT_B_FIXED_VALUE            ; Bx                                                                 ;
; Entity Instance                       ; eco_nn_top:uut|neuron:output_layer[1].final_neuron|lpm_mult:Mult8  ;
;     -- LPM_WIDTHA                     ; 8                                                                  ;
;     -- LPM_WIDTHB                     ; 4                                                                  ;
;     -- LPM_WIDTHP                     ; 12                                                                 ;
;     -- LPM_REPRESENTATION             ; SIGNED                                                             ;
;     -- INPUT_A_IS_CONSTANT            ; NO                                                                 ;
;     -- INPUT_B_IS_CONSTANT            ; YES                                                                ;
;     -- USE_EAB                        ; OFF                                                                ;
;     -- DEDICATED_MULTIPLIER_CIRCUITRY ; AUTO                                                               ;
;     -- INPUT_A_FIXED_VALUE            ; Bx                                                                 ;
;     -- INPUT_B_FIXED_VALUE            ; Bx                                                                 ;
; Entity Instance                       ; eco_nn_top:uut|neuron:output_layer[1].final_neuron|lpm_mult:Mult10 ;
;     -- LPM_WIDTHA                     ; 8                                                                  ;
;     -- LPM_WIDTHB                     ; 4                                                                  ;
;     -- LPM_WIDTHP                     ; 12                                                                 ;
;     -- LPM_REPRESENTATION             ; SIGNED                                                             ;
;     -- INPUT_A_IS_CONSTANT            ; NO                                                                 ;
;     -- INPUT_B_IS_CONSTANT            ; YES                                                                ;
;     -- USE_EAB                        ; OFF                                                                ;
;     -- DEDICATED_MULTIPLIER_CIRCUITRY ; AUTO                                                               ;
;     -- INPUT_A_FIXED_VALUE            ; Bx                                                                 ;
;     -- INPUT_B_FIXED_VALUE            ; Bx                                                                 ;
; Entity Instance                       ; eco_nn_top:uut|neuron:output_layer[1].final_neuron|lpm_mult:Mult13 ;
;     -- LPM_WIDTHA                     ; 8                                                                  ;
;     -- LPM_WIDTHB                     ; 4                                                                  ;
;     -- LPM_WIDTHP                     ; 12                                                                 ;
;     -- LPM_REPRESENTATION             ; SIGNED                                                             ;
;     -- INPUT_A_IS_CONSTANT            ; NO                                                                 ;
;     -- INPUT_B_IS_CONSTANT            ; YES                                                                ;
;     -- USE_EAB                        ; OFF                                                                ;
;     -- DEDICATED_MULTIPLIER_CIRCUITRY ; AUTO                                                               ;
;     -- INPUT_A_FIXED_VALUE            ; Bx                                                                 ;
;     -- INPUT_B_FIXED_VALUE            ; Bx                                                                 ;
; Entity Instance                       ; eco_nn_top:uut|neuron:output_layer[1].final_neuron|lpm_mult:Mult14 ;
;     -- LPM_WIDTHA                     ; 8                                                                  ;
;     -- LPM_WIDTHB                     ; 4                                                                  ;
;     -- LPM_WIDTHP                     ; 12                                                                 ;
;     -- LPM_REPRESENTATION             ; SIGNED                                                             ;
;     -- INPUT_A_IS_CONSTANT            ; NO                                                                 ;
;     -- INPUT_B_IS_CONSTANT            ; YES                                                                ;
;     -- USE_EAB                        ; OFF                                                                ;
;     -- DEDICATED_MULTIPLIER_CIRCUITRY ; AUTO                                                               ;
;     -- INPUT_A_FIXED_VALUE            ; Bx                                                                 ;
;     -- INPUT_B_FIXED_VALUE            ; Bx                                                                 ;
; Entity Instance                       ; eco_nn_top:uut|neuron:output_layer[1].final_neuron|lpm_mult:Mult3  ;
;     -- LPM_WIDTHA                     ; 8                                                                  ;
;     -- LPM_WIDTHB                     ; 4                                                                  ;
;     -- LPM_WIDTHP                     ; 12                                                                 ;
;     -- LPM_REPRESENTATION             ; SIGNED                                                             ;
;     -- INPUT_A_IS_CONSTANT            ; NO                                                                 ;
;     -- INPUT_B_IS_CONSTANT            ; YES                                                                ;
;     -- USE_EAB                        ; OFF                                                                ;
;     -- DEDICATED_MULTIPLIER_CIRCUITRY ; AUTO                                                               ;
;     -- INPUT_A_FIXED_VALUE            ; Bx                                                                 ;
;     -- INPUT_B_FIXED_VALUE            ; Bx                                                                 ;
; Entity Instance                       ; eco_nn_top:uut|neuron:output_layer[1].final_neuron|lpm_mult:Mult4  ;
;     -- LPM_WIDTHA                     ; 8                                                                  ;
;     -- LPM_WIDTHB                     ; 3                                                                  ;
;     -- LPM_WIDTHP                     ; 11                                                                 ;
;     -- LPM_REPRESENTATION             ; SIGNED                                                             ;
;     -- INPUT_A_IS_CONSTANT            ; NO                                                                 ;
;     -- INPUT_B_IS_CONSTANT            ; YES                                                                ;
;     -- USE_EAB                        ; OFF                                                                ;
;     -- DEDICATED_MULTIPLIER_CIRCUITRY ; AUTO                                                               ;
;     -- INPUT_A_FIXED_VALUE            ; Bx                                                                 ;
;     -- INPUT_B_FIXED_VALUE            ; Bx                                                                 ;
; Entity Instance                       ; eco_nn_top:uut|neuron:output_layer[1].final_neuron|lpm_mult:Mult0  ;
;     -- LPM_WIDTHA                     ; 8                                                                  ;
;     -- LPM_WIDTHB                     ; 4                                                                  ;
;     -- LPM_WIDTHP                     ; 12                                                                 ;
;     -- LPM_REPRESENTATION             ; SIGNED                                                             ;
;     -- INPUT_A_IS_CONSTANT            ; NO                                                                 ;
;     -- INPUT_B_IS_CONSTANT            ; YES                                                                ;
;     -- USE_EAB                        ; OFF                                                                ;
;     -- DEDICATED_MULTIPLIER_CIRCUITRY ; AUTO                                                               ;
;     -- INPUT_A_FIXED_VALUE            ; Bx                                                                 ;
;     -- INPUT_B_FIXED_VALUE            ; Bx                                                                 ;
; Entity Instance                       ; eco_nn_top:uut|neuron:output_layer[1].final_neuron|lpm_mult:Mult1  ;
;     -- LPM_WIDTHA                     ; 8                                                                  ;
;     -- LPM_WIDTHB                     ; 4                                                                  ;
;     -- LPM_WIDTHP                     ; 12                                                                 ;
;     -- LPM_REPRESENTATION             ; SIGNED                                                             ;
;     -- INPUT_A_IS_CONSTANT            ; NO                                                                 ;
;     -- INPUT_B_IS_CONSTANT            ; YES                                                                ;
;     -- USE_EAB                        ; OFF                                                                ;
;     -- DEDICATED_MULTIPLIER_CIRCUITRY ; AUTO                                                               ;
;     -- INPUT_A_FIXED_VALUE            ; Bx                                                                 ;
;     -- INPUT_B_FIXED_VALUE            ; Bx                                                                 ;
; Entity Instance                       ; eco_nn_top:uut|neuron:output_layer[0].final_neuron|lpm_mult:Mult0  ;
;     -- LPM_WIDTHA                     ; 8                                                                  ;
;     -- LPM_WIDTHB                     ; 4                                                                  ;
;     -- LPM_WIDTHP                     ; 12                                                                 ;
;     -- LPM_REPRESENTATION             ; SIGNED                                                             ;
;     -- INPUT_A_IS_CONSTANT            ; NO                                                                 ;
;     -- INPUT_B_IS_CONSTANT            ; YES                                                                ;
;     -- USE_EAB                        ; OFF                                                                ;
;     -- DEDICATED_MULTIPLIER_CIRCUITRY ; AUTO                                                               ;
;     -- INPUT_A_FIXED_VALUE            ; Bx                                                                 ;
;     -- INPUT_B_FIXED_VALUE            ; Bx                                                                 ;
; Entity Instance                       ; eco_nn_top:uut|neuron:output_layer[0].final_neuron|lpm_mult:Mult1  ;
;     -- LPM_WIDTHA                     ; 8                                                                  ;
;     -- LPM_WIDTHB                     ; 5                                                                  ;
;     -- LPM_WIDTHP                     ; 13                                                                 ;
;     -- LPM_REPRESENTATION             ; SIGNED                                                             ;
;     -- INPUT_A_IS_CONSTANT            ; NO                                                                 ;
;     -- INPUT_B_IS_CONSTANT            ; YES                                                                ;
;     -- USE_EAB                        ; OFF                                                                ;
;     -- DEDICATED_MULTIPLIER_CIRCUITRY ; AUTO                                                               ;
;     -- INPUT_A_FIXED_VALUE            ; Bx                                                                 ;
;     -- INPUT_B_FIXED_VALUE            ; Bx                                                                 ;
; Entity Instance                       ; eco_nn_top:uut|neuron:output_layer[0].final_neuron|lpm_mult:Mult3  ;
;     -- LPM_WIDTHA                     ; 8                                                                  ;
;     -- LPM_WIDTHB                     ; 4                                                                  ;
;     -- LPM_WIDTHP                     ; 12                                                                 ;
;     -- LPM_REPRESENTATION             ; SIGNED                                                             ;
;     -- INPUT_A_IS_CONSTANT            ; NO                                                                 ;
;     -- INPUT_B_IS_CONSTANT            ; YES                                                                ;
;     -- USE_EAB                        ; OFF                                                                ;
;     -- DEDICATED_MULTIPLIER_CIRCUITRY ; AUTO                                                               ;
;     -- INPUT_A_FIXED_VALUE            ; Bx                                                                 ;
;     -- INPUT_B_FIXED_VALUE            ; Bx                                                                 ;
; Entity Instance                       ; eco_nn_top:uut|neuron:output_layer[0].final_neuron|lpm_mult:Mult7  ;
;     -- LPM_WIDTHA                     ; 8                                                                  ;
;     -- LPM_WIDTHB                     ; 4                                                                  ;
;     -- LPM_WIDTHP                     ; 12                                                                 ;
;     -- LPM_REPRESENTATION             ; SIGNED                                                             ;
;     -- INPUT_A_IS_CONSTANT            ; NO                                                                 ;
;     -- INPUT_B_IS_CONSTANT            ; YES                                                                ;
;     -- USE_EAB                        ; OFF                                                                ;
;     -- DEDICATED_MULTIPLIER_CIRCUITRY ; AUTO                                                               ;
;     -- INPUT_A_FIXED_VALUE            ; Bx                                                                 ;
;     -- INPUT_B_FIXED_VALUE            ; Bx                                                                 ;
; Entity Instance                       ; eco_nn_top:uut|neuron:output_layer[0].final_neuron|lpm_mult:Mult8  ;
;     -- LPM_WIDTHA                     ; 8                                                                  ;
;     -- LPM_WIDTHB                     ; 4                                                                  ;
;     -- LPM_WIDTHP                     ; 12                                                                 ;
;     -- LPM_REPRESENTATION             ; SIGNED                                                             ;
;     -- INPUT_A_IS_CONSTANT            ; NO                                                                 ;
;     -- INPUT_B_IS_CONSTANT            ; YES                                                                ;
;     -- USE_EAB                        ; OFF                                                                ;
;     -- DEDICATED_MULTIPLIER_CIRCUITRY ; AUTO                                                               ;
;     -- INPUT_A_FIXED_VALUE            ; Bx                                                                 ;
;     -- INPUT_B_FIXED_VALUE            ; Bx                                                                 ;
; Entity Instance                       ; eco_nn_top:uut|neuron:output_layer[0].final_neuron|lpm_mult:Mult9  ;
;     -- LPM_WIDTHA                     ; 8                                                                  ;
;     -- LPM_WIDTHB                     ; 2                                                                  ;
;     -- LPM_WIDTHP                     ; 10                                                                 ;
;     -- LPM_REPRESENTATION             ; SIGNED                                                             ;
;     -- INPUT_A_IS_CONSTANT            ; NO                                                                 ;
;     -- INPUT_B_IS_CONSTANT            ; YES                                                                ;
;     -- USE_EAB                        ; OFF                                                                ;
;     -- DEDICATED_MULTIPLIER_CIRCUITRY ; AUTO                                                               ;
;     -- INPUT_A_FIXED_VALUE            ; Bx                                                                 ;
;     -- INPUT_B_FIXED_VALUE            ; Bx                                                                 ;
; Entity Instance                       ; eco_nn_top:uut|neuron:hidden_layer[2].h_neuron|lpm_mult:Mult2      ;
;     -- LPM_WIDTHA                     ; 8                                                                  ;
;     -- LPM_WIDTHB                     ; 3                                                                  ;
;     -- LPM_WIDTHP                     ; 11                                                                 ;
;     -- LPM_REPRESENTATION             ; SIGNED                                                             ;
;     -- INPUT_A_IS_CONSTANT            ; NO                                                                 ;
;     -- INPUT_B_IS_CONSTANT            ; YES                                                                ;
;     -- USE_EAB                        ; OFF                                                                ;
;     -- DEDICATED_MULTIPLIER_CIRCUITRY ; AUTO                                                               ;
;     -- INPUT_A_FIXED_VALUE            ; Bx                                                                 ;
;     -- INPUT_B_FIXED_VALUE            ; Bx                                                                 ;
; Entity Instance                       ; eco_nn_top:uut|neuron:hidden_layer[0].h_neuron|lpm_mult:Mult6      ;
;     -- LPM_WIDTHA                     ; 8                                                                  ;
;     -- LPM_WIDTHB                     ; 1                                                                  ;
;     -- LPM_WIDTHP                     ; 9                                                                  ;
;     -- LPM_REPRESENTATION             ; SIGNED                                                             ;
;     -- INPUT_A_IS_CONSTANT            ; NO                                                                 ;
;     -- INPUT_B_IS_CONSTANT            ; YES                                                                ;
;     -- USE_EAB                        ; OFF                                                                ;
;     -- DEDICATED_MULTIPLIER_CIRCUITRY ; AUTO                                                               ;
;     -- INPUT_A_FIXED_VALUE            ; Bx                                                                 ;
;     -- INPUT_B_FIXED_VALUE            ; Bx                                                                 ;
; Entity Instance                       ; eco_nn_top:uut|neuron:hidden_layer[4].h_neuron|lpm_mult:Mult2      ;
;     -- LPM_WIDTHA                     ; 8                                                                  ;
;     -- LPM_WIDTHB                     ; 3                                                                  ;
;     -- LPM_WIDTHP                     ; 11                                                                 ;
;     -- LPM_REPRESENTATION             ; SIGNED                                                             ;
;     -- INPUT_A_IS_CONSTANT            ; NO                                                                 ;
;     -- INPUT_B_IS_CONSTANT            ; YES                                                                ;
;     -- USE_EAB                        ; OFF                                                                ;
;     -- DEDICATED_MULTIPLIER_CIRCUITRY ; AUTO                                                               ;
;     -- INPUT_A_FIXED_VALUE            ; Bx                                                                 ;
;     -- INPUT_B_FIXED_VALUE            ; Bx                                                                 ;
; Entity Instance                       ; eco_nn_top:uut|neuron:hidden_layer[15].h_neuron|lpm_mult:Mult3     ;
;     -- LPM_WIDTHA                     ; 8                                                                  ;
;     -- LPM_WIDTHB                     ; 3                                                                  ;
;     -- LPM_WIDTHP                     ; 11                                                                 ;
;     -- LPM_REPRESENTATION             ; SIGNED                                                             ;
;     -- INPUT_A_IS_CONSTANT            ; NO                                                                 ;
;     -- INPUT_B_IS_CONSTANT            ; YES                                                                ;
;     -- USE_EAB                        ; OFF                                                                ;
;     -- DEDICATED_MULTIPLIER_CIRCUITRY ; AUTO                                                               ;
;     -- INPUT_A_FIXED_VALUE            ; Bx                                                                 ;
;     -- INPUT_B_FIXED_VALUE            ; Bx                                                                 ;
; Entity Instance                       ; eco_nn_top:uut|neuron:hidden_layer[4].h_neuron|lpm_mult:Mult7      ;
;     -- LPM_WIDTHA                     ; 8                                                                  ;
;     -- LPM_WIDTHB                     ; 4                                                                  ;
;     -- LPM_WIDTHP                     ; 12                                                                 ;
;     -- LPM_REPRESENTATION             ; SIGNED                                                             ;
;     -- INPUT_A_IS_CONSTANT            ; NO                                                                 ;
;     -- INPUT_B_IS_CONSTANT            ; YES                                                                ;
;     -- USE_EAB                        ; OFF                                                                ;
;     -- DEDICATED_MULTIPLIER_CIRCUITRY ; AUTO                                                               ;
;     -- INPUT_A_FIXED_VALUE            ; Bx                                                                 ;
;     -- INPUT_B_FIXED_VALUE            ; Bx                                                                 ;
; Entity Instance                       ; eco_nn_top:uut|neuron:hidden_layer[14].h_neuron|lpm_mult:Mult6     ;
;     -- LPM_WIDTHA                     ; 8                                                                  ;
;     -- LPM_WIDTHB                     ; 2                                                                  ;
;     -- LPM_WIDTHP                     ; 10                                                                 ;
;     -- LPM_REPRESENTATION             ; SIGNED                                                             ;
;     -- INPUT_A_IS_CONSTANT            ; NO                                                                 ;
;     -- INPUT_B_IS_CONSTANT            ; YES                                                                ;
;     -- USE_EAB                        ; OFF                                                                ;
;     -- DEDICATED_MULTIPLIER_CIRCUITRY ; AUTO                                                               ;
;     -- INPUT_A_FIXED_VALUE            ; Bx                                                                 ;
;     -- INPUT_B_FIXED_VALUE            ; Bx                                                                 ;
; Entity Instance                       ; eco_nn_top:uut|neuron:hidden_layer[15].h_neuron|lpm_mult:Mult1     ;
;     -- LPM_WIDTHA                     ; 8                                                                  ;
;     -- LPM_WIDTHB                     ; 4                                                                  ;
;     -- LPM_WIDTHP                     ; 12                                                                 ;
;     -- LPM_REPRESENTATION             ; SIGNED                                                             ;
;     -- INPUT_A_IS_CONSTANT            ; NO                                                                 ;
;     -- INPUT_B_IS_CONSTANT            ; YES                                                                ;
;     -- USE_EAB                        ; OFF                                                                ;
;     -- DEDICATED_MULTIPLIER_CIRCUITRY ; AUTO                                                               ;
;     -- INPUT_A_FIXED_VALUE            ; Bx                                                                 ;
;     -- INPUT_B_FIXED_VALUE            ; Bx                                                                 ;
; Entity Instance                       ; eco_nn_top:uut|neuron:hidden_layer[0].h_neuron|lpm_mult:Mult5      ;
;     -- LPM_WIDTHA                     ; 8                                                                  ;
;     -- LPM_WIDTHB                     ; 1                                                                  ;
;     -- LPM_WIDTHP                     ; 9                                                                  ;
;     -- LPM_REPRESENTATION             ; SIGNED                                                             ;
;     -- INPUT_A_IS_CONSTANT            ; NO                                                                 ;
;     -- INPUT_B_IS_CONSTANT            ; YES                                                                ;
;     -- USE_EAB                        ; OFF                                                                ;
;     -- DEDICATED_MULTIPLIER_CIRCUITRY ; AUTO                                                               ;
;     -- INPUT_A_FIXED_VALUE            ; Bx                                                                 ;
;     -- INPUT_B_FIXED_VALUE            ; Bx                                                                 ;
; Entity Instance                       ; eco_nn_top:uut|neuron:hidden_layer[13].h_neuron|lpm_mult:Mult3     ;
;     -- LPM_WIDTHA                     ; 8                                                                  ;
;     -- LPM_WIDTHB                     ; 4                                                                  ;
;     -- LPM_WIDTHP                     ; 12                                                                 ;
;     -- LPM_REPRESENTATION             ; SIGNED                                                             ;
;     -- INPUT_A_IS_CONSTANT            ; NO                                                                 ;
;     -- INPUT_B_IS_CONSTANT            ; YES                                                                ;
;     -- USE_EAB                        ; OFF                                                                ;
;     -- DEDICATED_MULTIPLIER_CIRCUITRY ; AUTO                                                               ;
;     -- INPUT_A_FIXED_VALUE            ; Bx                                                                 ;
;     -- INPUT_B_FIXED_VALUE            ; Bx                                                                 ;
; Entity Instance                       ; eco_nn_top:uut|neuron:hidden_layer[1].h_neuron|lpm_mult:Mult3      ;
;     -- LPM_WIDTHA                     ; 8                                                                  ;
;     -- LPM_WIDTHB                     ; 4                                                                  ;
;     -- LPM_WIDTHP                     ; 12                                                                 ;
;     -- LPM_REPRESENTATION             ; SIGNED                                                             ;
;     -- INPUT_A_IS_CONSTANT            ; NO                                                                 ;
;     -- INPUT_B_IS_CONSTANT            ; YES                                                                ;
;     -- USE_EAB                        ; OFF                                                                ;
;     -- DEDICATED_MULTIPLIER_CIRCUITRY ; AUTO                                                               ;
;     -- INPUT_A_FIXED_VALUE            ; Bx                                                                 ;
;     -- INPUT_B_FIXED_VALUE            ; Bx                                                                 ;
; Entity Instance                       ; eco_nn_top:uut|neuron:hidden_layer[3].h_neuron|lpm_mult:Mult2      ;
;     -- LPM_WIDTHA                     ; 8                                                                  ;
;     -- LPM_WIDTHB                     ; 4                                                                  ;
;     -- LPM_WIDTHP                     ; 12                                                                 ;
;     -- LPM_REPRESENTATION             ; SIGNED                                                             ;
;     -- INPUT_A_IS_CONSTANT            ; NO                                                                 ;
;     -- INPUT_B_IS_CONSTANT            ; YES                                                                ;
;     -- USE_EAB                        ; OFF                                                                ;
;     -- DEDICATED_MULTIPLIER_CIRCUITRY ; AUTO                                                               ;
;     -- INPUT_A_FIXED_VALUE            ; Bx                                                                 ;
;     -- INPUT_B_FIXED_VALUE            ; Bx                                                                 ;
; Entity Instance                       ; eco_nn_top:uut|neuron:hidden_layer[11].h_neuron|lpm_mult:Mult7     ;
;     -- LPM_WIDTHA                     ; 8                                                                  ;
;     -- LPM_WIDTHB                     ; 3                                                                  ;
;     -- LPM_WIDTHP                     ; 11                                                                 ;
;     -- LPM_REPRESENTATION             ; SIGNED                                                             ;
;     -- INPUT_A_IS_CONSTANT            ; NO                                                                 ;
;     -- INPUT_B_IS_CONSTANT            ; YES                                                                ;
;     -- USE_EAB                        ; OFF                                                                ;
;     -- DEDICATED_MULTIPLIER_CIRCUITRY ; AUTO                                                               ;
;     -- INPUT_A_FIXED_VALUE            ; Bx                                                                 ;
;     -- INPUT_B_FIXED_VALUE            ; Bx                                                                 ;
; Entity Instance                       ; eco_nn_top:uut|neuron:hidden_layer[9].h_neuron|lpm_mult:Mult5      ;
;     -- LPM_WIDTHA                     ; 8                                                                  ;
;     -- LPM_WIDTHB                     ; 5                                                                  ;
;     -- LPM_WIDTHP                     ; 13                                                                 ;
;     -- LPM_REPRESENTATION             ; SIGNED                                                             ;
;     -- INPUT_A_IS_CONSTANT            ; NO                                                                 ;
;     -- INPUT_B_IS_CONSTANT            ; YES                                                                ;
;     -- USE_EAB                        ; OFF                                                                ;
;     -- DEDICATED_MULTIPLIER_CIRCUITRY ; AUTO                                                               ;
;     -- INPUT_A_FIXED_VALUE            ; Bx                                                                 ;
;     -- INPUT_B_FIXED_VALUE            ; Bx                                                                 ;
; Entity Instance                       ; eco_nn_top:uut|neuron:hidden_layer[1].h_neuron|lpm_mult:Mult6      ;
;     -- LPM_WIDTHA                     ; 8                                                                  ;
;     -- LPM_WIDTHB                     ; 3                                                                  ;
;     -- LPM_WIDTHP                     ; 11                                                                 ;
;     -- LPM_REPRESENTATION             ; SIGNED                                                             ;
;     -- INPUT_A_IS_CONSTANT            ; NO                                                                 ;
;     -- INPUT_B_IS_CONSTANT            ; YES                                                                ;
;     -- USE_EAB                        ; OFF                                                                ;
;     -- DEDICATED_MULTIPLIER_CIRCUITRY ; AUTO                                                               ;
;     -- INPUT_A_FIXED_VALUE            ; Bx                                                                 ;
;     -- INPUT_B_FIXED_VALUE            ; Bx                                                                 ;
; Entity Instance                       ; eco_nn_top:uut|neuron:hidden_layer[7].h_neuron|lpm_mult:Mult7      ;
;     -- LPM_WIDTHA                     ; 8                                                                  ;
;     -- LPM_WIDTHB                     ; 4                                                                  ;
;     -- LPM_WIDTHP                     ; 12                                                                 ;
;     -- LPM_REPRESENTATION             ; SIGNED                                                             ;
;     -- INPUT_A_IS_CONSTANT            ; NO                                                                 ;
;     -- INPUT_B_IS_CONSTANT            ; YES                                                                ;
;     -- USE_EAB                        ; OFF                                                                ;
;     -- DEDICATED_MULTIPLIER_CIRCUITRY ; AUTO                                                               ;
;     -- INPUT_A_FIXED_VALUE            ; Bx                                                                 ;
;     -- INPUT_B_FIXED_VALUE            ; Bx                                                                 ;
; Entity Instance                       ; eco_nn_top:uut|neuron:hidden_layer[9].h_neuron|lpm_mult:Mult6      ;
;     -- LPM_WIDTHA                     ; 8                                                                  ;
;     -- LPM_WIDTHB                     ; 4                                                                  ;
;     -- LPM_WIDTHP                     ; 12                                                                 ;
;     -- LPM_REPRESENTATION             ; SIGNED                                                             ;
;     -- INPUT_A_IS_CONSTANT            ; NO                                                                 ;
;     -- INPUT_B_IS_CONSTANT            ; YES                                                                ;
;     -- USE_EAB                        ; OFF                                                                ;
;     -- DEDICATED_MULTIPLIER_CIRCUITRY ; AUTO                                                               ;
;     -- INPUT_A_FIXED_VALUE            ; Bx                                                                 ;
;     -- INPUT_B_FIXED_VALUE            ; Bx                                                                 ;
; Entity Instance                       ; eco_nn_top:uut|neuron:hidden_layer[14].h_neuron|lpm_mult:Mult0     ;
;     -- LPM_WIDTHA                     ; 8                                                                  ;
;     -- LPM_WIDTHB                     ; 4                                                                  ;
;     -- LPM_WIDTHP                     ; 12                                                                 ;
;     -- LPM_REPRESENTATION             ; SIGNED                                                             ;
;     -- INPUT_A_IS_CONSTANT            ; NO                                                                 ;
;     -- INPUT_B_IS_CONSTANT            ; YES                                                                ;
;     -- USE_EAB                        ; OFF                                                                ;
;     -- DEDICATED_MULTIPLIER_CIRCUITRY ; AUTO                                                               ;
;     -- INPUT_A_FIXED_VALUE            ; Bx                                                                 ;
;     -- INPUT_B_FIXED_VALUE            ; Bx                                                                 ;
; Entity Instance                       ; eco_nn_top:uut|neuron:hidden_layer[0].h_neuron|lpm_mult:Mult1      ;
;     -- LPM_WIDTHA                     ; 8                                                                  ;
;     -- LPM_WIDTHB                     ; 3                                                                  ;
;     -- LPM_WIDTHP                     ; 11                                                                 ;
;     -- LPM_REPRESENTATION             ; SIGNED                                                             ;
;     -- INPUT_A_IS_CONSTANT            ; NO                                                                 ;
;     -- INPUT_B_IS_CONSTANT            ; YES                                                                ;
;     -- USE_EAB                        ; OFF                                                                ;
;     -- DEDICATED_MULTIPLIER_CIRCUITRY ; AUTO                                                               ;
;     -- INPUT_A_FIXED_VALUE            ; Bx                                                                 ;
;     -- INPUT_B_FIXED_VALUE            ; Bx                                                                 ;
; Entity Instance                       ; eco_nn_top:uut|neuron:hidden_layer[3].h_neuron|lpm_mult:Mult3      ;
;     -- LPM_WIDTHA                     ; 8                                                                  ;
;     -- LPM_WIDTHB                     ; 4                                                                  ;
;     -- LPM_WIDTHP                     ; 12                                                                 ;
;     -- LPM_REPRESENTATION             ; SIGNED                                                             ;
;     -- INPUT_A_IS_CONSTANT            ; NO                                                                 ;
;     -- INPUT_B_IS_CONSTANT            ; YES                                                                ;
;     -- USE_EAB                        ; OFF                                                                ;
;     -- DEDICATED_MULTIPLIER_CIRCUITRY ; AUTO                                                               ;
;     -- INPUT_A_FIXED_VALUE            ; Bx                                                                 ;
;     -- INPUT_B_FIXED_VALUE            ; Bx                                                                 ;
; Entity Instance                       ; eco_nn_top:uut|neuron:hidden_layer[0].h_neuron|lpm_mult:Mult2      ;
;     -- LPM_WIDTHA                     ; 8                                                                  ;
;     -- LPM_WIDTHB                     ; 5                                                                  ;
;     -- LPM_WIDTHP                     ; 13                                                                 ;
;     -- LPM_REPRESENTATION             ; SIGNED                                                             ;
;     -- INPUT_A_IS_CONSTANT            ; NO                                                                 ;
;     -- INPUT_B_IS_CONSTANT            ; YES                                                                ;
;     -- USE_EAB                        ; OFF                                                                ;
;     -- DEDICATED_MULTIPLIER_CIRCUITRY ; AUTO                                                               ;
;     -- INPUT_A_FIXED_VALUE            ; Bx                                                                 ;
;     -- INPUT_B_FIXED_VALUE            ; Bx                                                                 ;
; Entity Instance                       ; eco_nn_top:uut|neuron:hidden_layer[0].h_neuron|lpm_mult:Mult7      ;
;     -- LPM_WIDTHA                     ; 8                                                                  ;
;     -- LPM_WIDTHB                     ; 2                                                                  ;
;     -- LPM_WIDTHP                     ; 10                                                                 ;
;     -- LPM_REPRESENTATION             ; SIGNED                                                             ;
;     -- INPUT_A_IS_CONSTANT            ; NO                                                                 ;
;     -- INPUT_B_IS_CONSTANT            ; YES                                                                ;
;     -- USE_EAB                        ; OFF                                                                ;
;     -- DEDICATED_MULTIPLIER_CIRCUITRY ; AUTO                                                               ;
;     -- INPUT_A_FIXED_VALUE            ; Bx                                                                 ;
;     -- INPUT_B_FIXED_VALUE            ; Bx                                                                 ;
; Entity Instance                       ; eco_nn_top:uut|neuron:hidden_layer[1].h_neuron|lpm_mult:Mult7      ;
;     -- LPM_WIDTHA                     ; 8                                                                  ;
;     -- LPM_WIDTHB                     ; 3                                                                  ;
;     -- LPM_WIDTHP                     ; 11                                                                 ;
;     -- LPM_REPRESENTATION             ; SIGNED                                                             ;
;     -- INPUT_A_IS_CONSTANT            ; NO                                                                 ;
;     -- INPUT_B_IS_CONSTANT            ; YES                                                                ;
;     -- USE_EAB                        ; OFF                                                                ;
;     -- DEDICATED_MULTIPLIER_CIRCUITRY ; AUTO                                                               ;
;     -- INPUT_A_FIXED_VALUE            ; Bx                                                                 ;
;     -- INPUT_B_FIXED_VALUE            ; Bx                                                                 ;
; Entity Instance                       ; eco_nn_top:uut|neuron:hidden_layer[1].h_neuron|lpm_mult:Mult2      ;
;     -- LPM_WIDTHA                     ; 8                                                                  ;
;     -- LPM_WIDTHB                     ; 2                                                                  ;
;     -- LPM_WIDTHP                     ; 10                                                                 ;
;     -- LPM_REPRESENTATION             ; SIGNED                                                             ;
;     -- INPUT_A_IS_CONSTANT            ; NO                                                                 ;
;     -- INPUT_B_IS_CONSTANT            ; YES                                                                ;
;     -- USE_EAB                        ; OFF                                                                ;
;     -- DEDICATED_MULTIPLIER_CIRCUITRY ; AUTO                                                               ;
;     -- INPUT_A_FIXED_VALUE            ; Bx                                                                 ;
;     -- INPUT_B_FIXED_VALUE            ; Bx                                                                 ;
; Entity Instance                       ; eco_nn_top:uut|neuron:hidden_layer[2].h_neuron|lpm_mult:Mult0      ;
;     -- LPM_WIDTHA                     ; 8                                                                  ;
;     -- LPM_WIDTHB                     ; 4                                                                  ;
;     -- LPM_WIDTHP                     ; 12                                                                 ;
;     -- LPM_REPRESENTATION             ; SIGNED                                                             ;
;     -- INPUT_A_IS_CONSTANT            ; NO                                                                 ;
;     -- INPUT_B_IS_CONSTANT            ; YES                                                                ;
;     -- USE_EAB                        ; OFF                                                                ;
;     -- DEDICATED_MULTIPLIER_CIRCUITRY ; AUTO                                                               ;
;     -- INPUT_A_FIXED_VALUE            ; Bx                                                                 ;
;     -- INPUT_B_FIXED_VALUE            ; Bx                                                                 ;
; Entity Instance                       ; eco_nn_top:uut|neuron:hidden_layer[3].h_neuron|lpm_mult:Mult1      ;
;     -- LPM_WIDTHA                     ; 8                                                                  ;
;     -- LPM_WIDTHB                     ; 4                                                                  ;
;     -- LPM_WIDTHP                     ; 12                                                                 ;
;     -- LPM_REPRESENTATION             ; SIGNED                                                             ;
;     -- INPUT_A_IS_CONSTANT            ; NO                                                                 ;
;     -- INPUT_B_IS_CONSTANT            ; YES                                                                ;
;     -- USE_EAB                        ; OFF                                                                ;
;     -- DEDICATED_MULTIPLIER_CIRCUITRY ; AUTO                                                               ;
;     -- INPUT_A_FIXED_VALUE            ; Bx                                                                 ;
;     -- INPUT_B_FIXED_VALUE            ; Bx                                                                 ;
; Entity Instance                       ; eco_nn_top:uut|neuron:hidden_layer[8].h_neuron|lpm_mult:Mult4      ;
;     -- LPM_WIDTHA                     ; 8                                                                  ;
;     -- LPM_WIDTHB                     ; 2                                                                  ;
;     -- LPM_WIDTHP                     ; 10                                                                 ;
;     -- LPM_REPRESENTATION             ; SIGNED                                                             ;
;     -- INPUT_A_IS_CONSTANT            ; NO                                                                 ;
;     -- INPUT_B_IS_CONSTANT            ; YES                                                                ;
;     -- USE_EAB                        ; OFF                                                                ;
;     -- DEDICATED_MULTIPLIER_CIRCUITRY ; AUTO                                                               ;
;     -- INPUT_A_FIXED_VALUE            ; Bx                                                                 ;
;     -- INPUT_B_FIXED_VALUE            ; Bx                                                                 ;
; Entity Instance                       ; eco_nn_top:uut|neuron:hidden_layer[5].h_neuron|lpm_mult:Mult2      ;
;     -- LPM_WIDTHA                     ; 8                                                                  ;
;     -- LPM_WIDTHB                     ; 3                                                                  ;
;     -- LPM_WIDTHP                     ; 11                                                                 ;
;     -- LPM_REPRESENTATION             ; SIGNED                                                             ;
;     -- INPUT_A_IS_CONSTANT            ; NO                                                                 ;
;     -- INPUT_B_IS_CONSTANT            ; YES                                                                ;
;     -- USE_EAB                        ; OFF                                                                ;
;     -- DEDICATED_MULTIPLIER_CIRCUITRY ; AUTO                                                               ;
;     -- INPUT_A_FIXED_VALUE            ; Bx                                                                 ;
;     -- INPUT_B_FIXED_VALUE            ; Bx                                                                 ;
; Entity Instance                       ; eco_nn_top:uut|neuron:hidden_layer[14].h_neuron|lpm_mult:Mult5     ;
;     -- LPM_WIDTHA                     ; 8                                                                  ;
;     -- LPM_WIDTHB                     ; 4                                                                  ;
;     -- LPM_WIDTHP                     ; 12                                                                 ;
;     -- LPM_REPRESENTATION             ; SIGNED                                                             ;
;     -- INPUT_A_IS_CONSTANT            ; NO                                                                 ;
;     -- INPUT_B_IS_CONSTANT            ; YES                                                                ;
;     -- USE_EAB                        ; OFF                                                                ;
;     -- DEDICATED_MULTIPLIER_CIRCUITRY ; AUTO                                                               ;
;     -- INPUT_A_FIXED_VALUE            ; Bx                                                                 ;
;     -- INPUT_B_FIXED_VALUE            ; Bx                                                                 ;
; Entity Instance                       ; eco_nn_top:uut|neuron:hidden_layer[1].h_neuron|lpm_mult:Mult4      ;
;     -- LPM_WIDTHA                     ; 8                                                                  ;
;     -- LPM_WIDTHB                     ; 4                                                                  ;
;     -- LPM_WIDTHP                     ; 12                                                                 ;
;     -- LPM_REPRESENTATION             ; SIGNED                                                             ;
;     -- INPUT_A_IS_CONSTANT            ; NO                                                                 ;
;     -- INPUT_B_IS_CONSTANT            ; YES                                                                ;
;     -- USE_EAB                        ; OFF                                                                ;
;     -- DEDICATED_MULTIPLIER_CIRCUITRY ; AUTO                                                               ;
;     -- INPUT_A_FIXED_VALUE            ; Bx                                                                 ;
;     -- INPUT_B_FIXED_VALUE            ; Bx                                                                 ;
; Entity Instance                       ; eco_nn_top:uut|neuron:hidden_layer[13].h_neuron|lpm_mult:Mult7     ;
;     -- LPM_WIDTHA                     ; 8                                                                  ;
;     -- LPM_WIDTHB                     ; 4                                                                  ;
;     -- LPM_WIDTHP                     ; 12                                                                 ;
;     -- LPM_REPRESENTATION             ; SIGNED                                                             ;
;     -- INPUT_A_IS_CONSTANT            ; NO                                                                 ;
;     -- INPUT_B_IS_CONSTANT            ; YES                                                                ;
;     -- USE_EAB                        ; OFF                                                                ;
;     -- DEDICATED_MULTIPLIER_CIRCUITRY ; AUTO                                                               ;
;     -- INPUT_A_FIXED_VALUE            ; Bx                                                                 ;
;     -- INPUT_B_FIXED_VALUE            ; Bx                                                                 ;
; Entity Instance                       ; eco_nn_top:uut|neuron:hidden_layer[13].h_neuron|lpm_mult:Mult1     ;
;     -- LPM_WIDTHA                     ; 8                                                                  ;
;     -- LPM_WIDTHB                     ; 4                                                                  ;
;     -- LPM_WIDTHP                     ; 12                                                                 ;
;     -- LPM_REPRESENTATION             ; SIGNED                                                             ;
;     -- INPUT_A_IS_CONSTANT            ; NO                                                                 ;
;     -- INPUT_B_IS_CONSTANT            ; YES                                                                ;
;     -- USE_EAB                        ; OFF                                                                ;
;     -- DEDICATED_MULTIPLIER_CIRCUITRY ; AUTO                                                               ;
;     -- INPUT_A_FIXED_VALUE            ; Bx                                                                 ;
;     -- INPUT_B_FIXED_VALUE            ; Bx                                                                 ;
; Entity Instance                       ; eco_nn_top:uut|neuron:hidden_layer[13].h_neuron|lpm_mult:Mult2     ;
;     -- LPM_WIDTHA                     ; 8                                                                  ;
;     -- LPM_WIDTHB                     ; 4                                                                  ;
;     -- LPM_WIDTHP                     ; 12                                                                 ;
;     -- LPM_REPRESENTATION             ; SIGNED                                                             ;
;     -- INPUT_A_IS_CONSTANT            ; NO                                                                 ;
;     -- INPUT_B_IS_CONSTANT            ; YES                                                                ;
;     -- USE_EAB                        ; OFF                                                                ;
;     -- DEDICATED_MULTIPLIER_CIRCUITRY ; AUTO                                                               ;
;     -- INPUT_A_FIXED_VALUE            ; Bx                                                                 ;
;     -- INPUT_B_FIXED_VALUE            ; Bx                                                                 ;
; Entity Instance                       ; eco_nn_top:uut|neuron:hidden_layer[14].h_neuron|lpm_mult:Mult4     ;
;     -- LPM_WIDTHA                     ; 8                                                                  ;
;     -- LPM_WIDTHB                     ; 3                                                                  ;
;     -- LPM_WIDTHP                     ; 11                                                                 ;
;     -- LPM_REPRESENTATION             ; SIGNED                                                             ;
;     -- INPUT_A_IS_CONSTANT            ; NO                                                                 ;
;     -- INPUT_B_IS_CONSTANT            ; YES                                                                ;
;     -- USE_EAB                        ; OFF                                                                ;
;     -- DEDICATED_MULTIPLIER_CIRCUITRY ; AUTO                                                               ;
;     -- INPUT_A_FIXED_VALUE            ; Bx                                                                 ;
;     -- INPUT_B_FIXED_VALUE            ; Bx                                                                 ;
; Entity Instance                       ; eco_nn_top:uut|neuron:hidden_layer[8].h_neuron|lpm_mult:Mult5      ;
;     -- LPM_WIDTHA                     ; 8                                                                  ;
;     -- LPM_WIDTHB                     ; 3                                                                  ;
;     -- LPM_WIDTHP                     ; 11                                                                 ;
;     -- LPM_REPRESENTATION             ; SIGNED                                                             ;
;     -- INPUT_A_IS_CONSTANT            ; NO                                                                 ;
;     -- INPUT_B_IS_CONSTANT            ; YES                                                                ;
;     -- USE_EAB                        ; OFF                                                                ;
;     -- DEDICATED_MULTIPLIER_CIRCUITRY ; AUTO                                                               ;
;     -- INPUT_A_FIXED_VALUE            ; Bx                                                                 ;
;     -- INPUT_B_FIXED_VALUE            ; Bx                                                                 ;
; Entity Instance                       ; eco_nn_top:uut|neuron:hidden_layer[7].h_neuron|lpm_mult:Mult3      ;
;     -- LPM_WIDTHA                     ; 8                                                                  ;
;     -- LPM_WIDTHB                     ; 1                                                                  ;
;     -- LPM_WIDTHP                     ; 9                                                                  ;
;     -- LPM_REPRESENTATION             ; SIGNED                                                             ;
;     -- INPUT_A_IS_CONSTANT            ; NO                                                                 ;
;     -- INPUT_B_IS_CONSTANT            ; YES                                                                ;
;     -- USE_EAB                        ; OFF                                                                ;
;     -- DEDICATED_MULTIPLIER_CIRCUITRY ; AUTO                                                               ;
;     -- INPUT_A_FIXED_VALUE            ; Bx                                                                 ;
;     -- INPUT_B_FIXED_VALUE            ; Bx                                                                 ;
; Entity Instance                       ; eco_nn_top:uut|neuron:hidden_layer[4].h_neuron|lpm_mult:Mult4      ;
;     -- LPM_WIDTHA                     ; 8                                                                  ;
;     -- LPM_WIDTHB                     ; 3                                                                  ;
;     -- LPM_WIDTHP                     ; 11                                                                 ;
;     -- LPM_REPRESENTATION             ; SIGNED                                                             ;
;     -- INPUT_A_IS_CONSTANT            ; NO                                                                 ;
;     -- INPUT_B_IS_CONSTANT            ; YES                                                                ;
;     -- USE_EAB                        ; OFF                                                                ;
;     -- DEDICATED_MULTIPLIER_CIRCUITRY ; AUTO                                                               ;
;     -- INPUT_A_FIXED_VALUE            ; Bx                                                                 ;
;     -- INPUT_B_FIXED_VALUE            ; Bx                                                                 ;
; Entity Instance                       ; eco_nn_top:uut|neuron:hidden_layer[8].h_neuron|lpm_mult:Mult6      ;
;     -- LPM_WIDTHA                     ; 8                                                                  ;
;     -- LPM_WIDTHB                     ; 4                                                                  ;
;     -- LPM_WIDTHP                     ; 12                                                                 ;
;     -- LPM_REPRESENTATION             ; SIGNED                                                             ;
;     -- INPUT_A_IS_CONSTANT            ; NO                                                                 ;
;     -- INPUT_B_IS_CONSTANT            ; YES                                                                ;
;     -- USE_EAB                        ; OFF                                                                ;
;     -- DEDICATED_MULTIPLIER_CIRCUITRY ; AUTO                                                               ;
;     -- INPUT_A_FIXED_VALUE            ; Bx                                                                 ;
;     -- INPUT_B_FIXED_VALUE            ; Bx                                                                 ;
; Entity Instance                       ; eco_nn_top:uut|neuron:hidden_layer[9].h_neuron|lpm_mult:Mult3      ;
;     -- LPM_WIDTHA                     ; 8                                                                  ;
;     -- LPM_WIDTHB                     ; 3                                                                  ;
;     -- LPM_WIDTHP                     ; 11                                                                 ;
;     -- LPM_REPRESENTATION             ; SIGNED                                                             ;
;     -- INPUT_A_IS_CONSTANT            ; NO                                                                 ;
;     -- INPUT_B_IS_CONSTANT            ; YES                                                                ;
;     -- USE_EAB                        ; OFF                                                                ;
;     -- DEDICATED_MULTIPLIER_CIRCUITRY ; AUTO                                                               ;
;     -- INPUT_A_FIXED_VALUE            ; Bx                                                                 ;
;     -- INPUT_B_FIXED_VALUE            ; Bx                                                                 ;
; Entity Instance                       ; eco_nn_top:uut|neuron:hidden_layer[4].h_neuron|lpm_mult:Mult5      ;
;     -- LPM_WIDTHA                     ; 8                                                                  ;
;     -- LPM_WIDTHB                     ; 4                                                                  ;
;     -- LPM_WIDTHP                     ; 12                                                                 ;
;     -- LPM_REPRESENTATION             ; SIGNED                                                             ;
;     -- INPUT_A_IS_CONSTANT            ; NO                                                                 ;
;     -- INPUT_B_IS_CONSTANT            ; YES                                                                ;
;     -- USE_EAB                        ; OFF                                                                ;
;     -- DEDICATED_MULTIPLIER_CIRCUITRY ; AUTO                                                               ;
;     -- INPUT_A_FIXED_VALUE            ; Bx                                                                 ;
;     -- INPUT_B_FIXED_VALUE            ; Bx                                                                 ;
; Entity Instance                       ; eco_nn_top:uut|neuron:hidden_layer[12].h_neuron|lpm_mult:Mult3     ;
;     -- LPM_WIDTHA                     ; 8                                                                  ;
;     -- LPM_WIDTHB                     ; 4                                                                  ;
;     -- LPM_WIDTHP                     ; 12                                                                 ;
;     -- LPM_REPRESENTATION             ; SIGNED                                                             ;
;     -- INPUT_A_IS_CONSTANT            ; NO                                                                 ;
;     -- INPUT_B_IS_CONSTANT            ; YES                                                                ;
;     -- USE_EAB                        ; OFF                                                                ;
;     -- DEDICATED_MULTIPLIER_CIRCUITRY ; AUTO                                                               ;
;     -- INPUT_A_FIXED_VALUE            ; Bx                                                                 ;
;     -- INPUT_B_FIXED_VALUE            ; Bx                                                                 ;
; Entity Instance                       ; eco_nn_top:uut|neuron:hidden_layer[12].h_neuron|lpm_mult:Mult4     ;
;     -- LPM_WIDTHA                     ; 8                                                                  ;
;     -- LPM_WIDTHB                     ; 4                                                                  ;
;     -- LPM_WIDTHP                     ; 12                                                                 ;
;     -- LPM_REPRESENTATION             ; SIGNED                                                             ;
;     -- INPUT_A_IS_CONSTANT            ; NO                                                                 ;
;     -- INPUT_B_IS_CONSTANT            ; YES                                                                ;
;     -- USE_EAB                        ; OFF                                                                ;
;     -- DEDICATED_MULTIPLIER_CIRCUITRY ; AUTO                                                               ;
;     -- INPUT_A_FIXED_VALUE            ; Bx                                                                 ;
;     -- INPUT_B_FIXED_VALUE            ; Bx                                                                 ;
; Entity Instance                       ; eco_nn_top:uut|neuron:hidden_layer[3].h_neuron|lpm_mult:Mult4      ;
;     -- LPM_WIDTHA                     ; 8                                                                  ;
;     -- LPM_WIDTHB                     ; 4                                                                  ;
;     -- LPM_WIDTHP                     ; 12                                                                 ;
;     -- LPM_REPRESENTATION             ; SIGNED                                                             ;
;     -- INPUT_A_IS_CONSTANT            ; NO                                                                 ;
;     -- INPUT_B_IS_CONSTANT            ; YES                                                                ;
;     -- USE_EAB                        ; OFF                                                                ;
;     -- DEDICATED_MULTIPLIER_CIRCUITRY ; AUTO                                                               ;
;     -- INPUT_A_FIXED_VALUE            ; Bx                                                                 ;
;     -- INPUT_B_FIXED_VALUE            ; Bx                                                                 ;
; Entity Instance                       ; eco_nn_top:uut|neuron:hidden_layer[3].h_neuron|lpm_mult:Mult7      ;
;     -- LPM_WIDTHA                     ; 8                                                                  ;
;     -- LPM_WIDTHB                     ; 1                                                                  ;
;     -- LPM_WIDTHP                     ; 9                                                                  ;
;     -- LPM_REPRESENTATION             ; SIGNED                                                             ;
;     -- INPUT_A_IS_CONSTANT            ; NO                                                                 ;
;     -- INPUT_B_IS_CONSTANT            ; YES                                                                ;
;     -- USE_EAB                        ; OFF                                                                ;
;     -- DEDICATED_MULTIPLIER_CIRCUITRY ; AUTO                                                               ;
;     -- INPUT_A_FIXED_VALUE            ; Bx                                                                 ;
;     -- INPUT_B_FIXED_VALUE            ; Bx                                                                 ;
; Entity Instance                       ; eco_nn_top:uut|neuron:hidden_layer[4].h_neuron|lpm_mult:Mult1      ;
;     -- LPM_WIDTHA                     ; 8                                                                  ;
;     -- LPM_WIDTHB                     ; 3                                                                  ;
;     -- LPM_WIDTHP                     ; 11                                                                 ;
;     -- LPM_REPRESENTATION             ; SIGNED                                                             ;
;     -- INPUT_A_IS_CONSTANT            ; NO                                                                 ;
;     -- INPUT_B_IS_CONSTANT            ; YES                                                                ;
;     -- USE_EAB                        ; OFF                                                                ;
;     -- DEDICATED_MULTIPLIER_CIRCUITRY ; AUTO                                                               ;
;     -- INPUT_A_FIXED_VALUE            ; Bx                                                                 ;
;     -- INPUT_B_FIXED_VALUE            ; Bx                                                                 ;
; Entity Instance                       ; eco_nn_top:uut|neuron:hidden_layer[5].h_neuron|lpm_mult:Mult1      ;
;     -- LPM_WIDTHA                     ; 8                                                                  ;
;     -- LPM_WIDTHB                     ; 4                                                                  ;
;     -- LPM_WIDTHP                     ; 12                                                                 ;
;     -- LPM_REPRESENTATION             ; SIGNED                                                             ;
;     -- INPUT_A_IS_CONSTANT            ; NO                                                                 ;
;     -- INPUT_B_IS_CONSTANT            ; YES                                                                ;
;     -- USE_EAB                        ; OFF                                                                ;
;     -- DEDICATED_MULTIPLIER_CIRCUITRY ; AUTO                                                               ;
;     -- INPUT_A_FIXED_VALUE            ; Bx                                                                 ;
;     -- INPUT_B_FIXED_VALUE            ; Bx                                                                 ;
; Entity Instance                       ; eco_nn_top:uut|neuron:hidden_layer[14].h_neuron|lpm_mult:Mult1     ;
;     -- LPM_WIDTHA                     ; 8                                                                  ;
;     -- LPM_WIDTHB                     ; 4                                                                  ;
;     -- LPM_WIDTHP                     ; 12                                                                 ;
;     -- LPM_REPRESENTATION             ; SIGNED                                                             ;
;     -- INPUT_A_IS_CONSTANT            ; NO                                                                 ;
;     -- INPUT_B_IS_CONSTANT            ; YES                                                                ;
;     -- USE_EAB                        ; OFF                                                                ;
;     -- DEDICATED_MULTIPLIER_CIRCUITRY ; AUTO                                                               ;
;     -- INPUT_A_FIXED_VALUE            ; Bx                                                                 ;
;     -- INPUT_B_FIXED_VALUE            ; Bx                                                                 ;
; Entity Instance                       ; eco_nn_top:uut|neuron:hidden_layer[11].h_neuron|lpm_mult:Mult1     ;
;     -- LPM_WIDTHA                     ; 8                                                                  ;
;     -- LPM_WIDTHB                     ; 4                                                                  ;
;     -- LPM_WIDTHP                     ; 12                                                                 ;
;     -- LPM_REPRESENTATION             ; SIGNED                                                             ;
;     -- INPUT_A_IS_CONSTANT            ; NO                                                                 ;
;     -- INPUT_B_IS_CONSTANT            ; YES                                                                ;
;     -- USE_EAB                        ; OFF                                                                ;
;     -- DEDICATED_MULTIPLIER_CIRCUITRY ; AUTO                                                               ;
;     -- INPUT_A_FIXED_VALUE            ; Bx                                                                 ;
;     -- INPUT_B_FIXED_VALUE            ; Bx                                                                 ;
; Entity Instance                       ; eco_nn_top:uut|neuron:hidden_layer[11].h_neuron|lpm_mult:Mult3     ;
;     -- LPM_WIDTHA                     ; 8                                                                  ;
;     -- LPM_WIDTHB                     ; 4                                                                  ;
;     -- LPM_WIDTHP                     ; 12                                                                 ;
;     -- LPM_REPRESENTATION             ; SIGNED                                                             ;
;     -- INPUT_A_IS_CONSTANT            ; NO                                                                 ;
;     -- INPUT_B_IS_CONSTANT            ; YES                                                                ;
;     -- USE_EAB                        ; OFF                                                                ;
;     -- DEDICATED_MULTIPLIER_CIRCUITRY ; AUTO                                                               ;
;     -- INPUT_A_FIXED_VALUE            ; Bx                                                                 ;
;     -- INPUT_B_FIXED_VALUE            ; Bx                                                                 ;
; Entity Instance                       ; eco_nn_top:uut|neuron:hidden_layer[6].h_neuron|lpm_mult:Mult0      ;
;     -- LPM_WIDTHA                     ; 8                                                                  ;
;     -- LPM_WIDTHB                     ; 4                                                                  ;
;     -- LPM_WIDTHP                     ; 12                                                                 ;
;     -- LPM_REPRESENTATION             ; SIGNED                                                             ;
;     -- INPUT_A_IS_CONSTANT            ; NO                                                                 ;
;     -- INPUT_B_IS_CONSTANT            ; YES                                                                ;
;     -- USE_EAB                        ; OFF                                                                ;
;     -- DEDICATED_MULTIPLIER_CIRCUITRY ; AUTO                                                               ;
;     -- INPUT_A_FIXED_VALUE            ; Bx                                                                 ;
;     -- INPUT_B_FIXED_VALUE            ; Bx                                                                 ;
; Entity Instance                       ; eco_nn_top:uut|neuron:hidden_layer[1].h_neuron|lpm_mult:Mult0      ;
;     -- LPM_WIDTHA                     ; 8                                                                  ;
;     -- LPM_WIDTHB                     ; 3                                                                  ;
;     -- LPM_WIDTHP                     ; 11                                                                 ;
;     -- LPM_REPRESENTATION             ; SIGNED                                                             ;
;     -- INPUT_A_IS_CONSTANT            ; NO                                                                 ;
;     -- INPUT_B_IS_CONSTANT            ; YES                                                                ;
;     -- USE_EAB                        ; OFF                                                                ;
;     -- DEDICATED_MULTIPLIER_CIRCUITRY ; AUTO                                                               ;
;     -- INPUT_A_FIXED_VALUE            ; Bx                                                                 ;
;     -- INPUT_B_FIXED_VALUE            ; Bx                                                                 ;
; Entity Instance                       ; eco_nn_top:uut|neuron:hidden_layer[10].h_neuron|lpm_mult:Mult1     ;
;     -- LPM_WIDTHA                     ; 8                                                                  ;
;     -- LPM_WIDTHB                     ; 1                                                                  ;
;     -- LPM_WIDTHP                     ; 9                                                                  ;
;     -- LPM_REPRESENTATION             ; SIGNED                                                             ;
;     -- INPUT_A_IS_CONSTANT            ; NO                                                                 ;
;     -- INPUT_B_IS_CONSTANT            ; YES                                                                ;
;     -- USE_EAB                        ; OFF                                                                ;
;     -- DEDICATED_MULTIPLIER_CIRCUITRY ; AUTO                                                               ;
;     -- INPUT_A_FIXED_VALUE            ; Bx                                                                 ;
;     -- INPUT_B_FIXED_VALUE            ; Bx                                                                 ;
; Entity Instance                       ; eco_nn_top:uut|neuron:hidden_layer[4].h_neuron|lpm_mult:Mult6      ;
;     -- LPM_WIDTHA                     ; 8                                                                  ;
;     -- LPM_WIDTHB                     ; 4                                                                  ;
;     -- LPM_WIDTHP                     ; 12                                                                 ;
;     -- LPM_REPRESENTATION             ; SIGNED                                                             ;
;     -- INPUT_A_IS_CONSTANT            ; NO                                                                 ;
;     -- INPUT_B_IS_CONSTANT            ; YES                                                                ;
;     -- USE_EAB                        ; OFF                                                                ;
;     -- DEDICATED_MULTIPLIER_CIRCUITRY ; AUTO                                                               ;
;     -- INPUT_A_FIXED_VALUE            ; Bx                                                                 ;
;     -- INPUT_B_FIXED_VALUE            ; Bx                                                                 ;
; Entity Instance                       ; eco_nn_top:uut|neuron:hidden_layer[4].h_neuron|lpm_mult:Mult3      ;
;     -- LPM_WIDTHA                     ; 8                                                                  ;
;     -- LPM_WIDTHB                     ; 2                                                                  ;
;     -- LPM_WIDTHP                     ; 10                                                                 ;
;     -- LPM_REPRESENTATION             ; SIGNED                                                             ;
;     -- INPUT_A_IS_CONSTANT            ; NO                                                                 ;
;     -- INPUT_B_IS_CONSTANT            ; YES                                                                ;
;     -- USE_EAB                        ; OFF                                                                ;
;     -- DEDICATED_MULTIPLIER_CIRCUITRY ; AUTO                                                               ;
;     -- INPUT_A_FIXED_VALUE            ; Bx                                                                 ;
;     -- INPUT_B_FIXED_VALUE            ; Bx                                                                 ;
; Entity Instance                       ; eco_nn_top:uut|neuron:hidden_layer[0].h_neuron|lpm_mult:Mult0      ;
;     -- LPM_WIDTHA                     ; 8                                                                  ;
;     -- LPM_WIDTHB                     ; 4                                                                  ;
;     -- LPM_WIDTHP                     ; 12                                                                 ;
;     -- LPM_REPRESENTATION             ; SIGNED                                                             ;
;     -- INPUT_A_IS_CONSTANT            ; NO                                                                 ;
;     -- INPUT_B_IS_CONSTANT            ; YES                                                                ;
;     -- USE_EAB                        ; OFF                                                                ;
;     -- DEDICATED_MULTIPLIER_CIRCUITRY ; AUTO                                                               ;
;     -- INPUT_A_FIXED_VALUE            ; Bx                                                                 ;
;     -- INPUT_B_FIXED_VALUE            ; Bx                                                                 ;
; Entity Instance                       ; eco_nn_top:uut|neuron:hidden_layer[0].h_neuron|lpm_mult:Mult4      ;
;     -- LPM_WIDTHA                     ; 8                                                                  ;
;     -- LPM_WIDTHB                     ; 1                                                                  ;
;     -- LPM_WIDTHP                     ; 9                                                                  ;
;     -- LPM_REPRESENTATION             ; SIGNED                                                             ;
;     -- INPUT_A_IS_CONSTANT            ; NO                                                                 ;
;     -- INPUT_B_IS_CONSTANT            ; YES                                                                ;
;     -- USE_EAB                        ; OFF                                                                ;
;     -- DEDICATED_MULTIPLIER_CIRCUITRY ; AUTO                                                               ;
;     -- INPUT_A_FIXED_VALUE            ; Bx                                                                 ;
;     -- INPUT_B_FIXED_VALUE            ; Bx                                                                 ;
; Entity Instance                       ; eco_nn_top:uut|neuron:hidden_layer[1].h_neuron|lpm_mult:Mult5      ;
;     -- LPM_WIDTHA                     ; 8                                                                  ;
;     -- LPM_WIDTHB                     ; 4                                                                  ;
;     -- LPM_WIDTHP                     ; 12                                                                 ;
;     -- LPM_REPRESENTATION             ; SIGNED                                                             ;
;     -- INPUT_A_IS_CONSTANT            ; NO                                                                 ;
;     -- INPUT_B_IS_CONSTANT            ; YES                                                                ;
;     -- USE_EAB                        ; OFF                                                                ;
;     -- DEDICATED_MULTIPLIER_CIRCUITRY ; AUTO                                                               ;
;     -- INPUT_A_FIXED_VALUE            ; Bx                                                                 ;
;     -- INPUT_B_FIXED_VALUE            ; Bx                                                                 ;
+---------------------------------------+--------------------------------------------------------------------+


+---------------------------------------------------------------------------------------------------------------------------------------------------------------------------------------+
; Port Connectivity Checks: "jtag_interface:interfacejtag|sld_virtual_jtag:jtag"                                                                                                        ;
+--------------------+--------+----------+----------------------------------------------------------------------------------------------------------------------------------------------+
; Port               ; Type   ; Severity ; Details                                                                                                                                      ;
+--------------------+--------+----------+----------------------------------------------------------------------------------------------------------------------------------------------+
; ir_out             ; Input  ; Warning  ; Declared by entity but not connected by instance. If a default value exists, it will be used.  Otherwise, the port will be connected to GND. ;
; virtual_state_e1dr ; Output ; Warning  ; Declared by entity but not connected by instance. Logic that only feeds a dangling port will be removed.                                     ;
; virtual_state_pdr  ; Output ; Warning  ; Declared by entity but not connected by instance. Logic that only feeds a dangling port will be removed.                                     ;
; virtual_state_e2dr ; Output ; Warning  ; Declared by entity but not connected by instance. Logic that only feeds a dangling port will be removed.                                     ;
; virtual_state_cir  ; Output ; Warning  ; Declared by entity but not connected by instance. Logic that only feeds a dangling port will be removed.                                     ;
; virtual_state_uir  ; Output ; Warning  ; Declared by entity but not connected by instance. Logic that only feeds a dangling port will be removed.                                     ;
; tms                ; Output ; Warning  ; Declared by entity but not connected by instance. Logic that only feeds a dangling port will be removed.                                     ;
; jtag_state_tlr     ; Output ; Warning  ; Declared by entity but not connected by instance. Logic that only feeds a dangling port will be removed.                                     ;
; jtag_state_rti     ; Output ; Warning  ; Declared by entity but not connected by instance. Logic that only feeds a dangling port will be removed.                                     ;
; jtag_state_sdrs    ; Output ; Warning  ; Declared by entity but not connected by instance. Logic that only feeds a dangling port will be removed.                                     ;
; jtag_state_cdr     ; Output ; Warning  ; Declared by entity but not connected by instance. Logic that only feeds a dangling port will be removed.                                     ;
; jtag_state_sdr     ; Output ; Warning  ; Declared by entity but not connected by instance. Logic that only feeds a dangling port will be removed.                                     ;
; jtag_state_e1dr    ; Output ; Warning  ; Declared by entity but not connected by instance. Logic that only feeds a dangling port will be removed.                                     ;
; jtag_state_pdr     ; Output ; Warning  ; Declared by entity but not connected by instance. Logic that only feeds a dangling port will be removed.                                     ;
; jtag_state_e2dr    ; Output ; Warning  ; Declared by entity but not connected by instance. Logic that only feeds a dangling port will be removed.                                     ;
; jtag_state_udr     ; Output ; Warning  ; Declared by entity but not connected by instance. Logic that only feeds a dangling port will be removed.                                     ;
; jtag_state_sirs    ; Output ; Warning  ; Declared by entity but not connected by instance. Logic that only feeds a dangling port will be removed.                                     ;
; jtag_state_cir     ; Output ; Warning  ; Declared by entity but not connected by instance. Logic that only feeds a dangling port will be removed.                                     ;
; jtag_state_sir     ; Output ; Warning  ; Declared by entity but not connected by instance. Logic that only feeds a dangling port will be removed.                                     ;
; jtag_state_e1ir    ; Output ; Warning  ; Declared by entity but not connected by instance. Logic that only feeds a dangling port will be removed.                                     ;
; jtag_state_pir     ; Output ; Warning  ; Declared by entity but not connected by instance. Logic that only feeds a dangling port will be removed.                                     ;
; jtag_state_e2ir    ; Output ; Warning  ; Declared by entity but not connected by instance. Logic that only feeds a dangling port will be removed.                                     ;
; jtag_state_uir     ; Output ; Warning  ; Declared by entity but not connected by instance. Logic that only feeds a dangling port will be removed.                                     ;
+--------------------+--------+----------+----------------------------------------------------------------------------------------------------------------------------------------------+


+---------------------------------------------------------------------------------------------------------------------------+
; Port Connectivity Checks: "jtag_interface:interfacejtag"                                                                  ;
+-----------------+--------+----------+-------------------------------------------------------------------------------------+
; Port            ; Type   ; Severity ; Details                                                                             ;
+-----------------+--------+----------+-------------------------------------------------------------------------------------+
; iDATA[3..2]     ; Input  ; Info     ; Stuck at GND                                                                        ;
; iDATA[1][31..8] ; Input  ; Info     ; Stuck at GND                                                                        ;
; iDATA[0][31..8] ; Input  ; Info     ; Stuck at GND                                                                        ;
; oDATA[3][31..1] ; Output ; Info     ; Connected to dangling logic. Logic that only feeds a dangling port will be removed. ;
; oDATA[2][31..1] ; Output ; Info     ; Connected to dangling logic. Logic that only feeds a dangling port will be removed. ;
; oDATA[1][31..8] ; Output ; Info     ; Connected to dangling logic. Logic that only feeds a dangling port will be removed. ;
; oDATA[0][31..8] ; Output ; Info     ; Connected to dangling logic. Logic that only feeds a dangling port will be removed. ;
+-----------------+--------+----------+-------------------------------------------------------------------------------------+


+--------------------------------------------------------------------------------+
; Port Connectivity Checks: "eco_nn_top:uut|neuron:output_layer[1].final_neuron" ;
+-------------------+-------+----------+-----------------------------------------+
; Port              ; Type  ; Severity ; Details                                 ;
+-------------------+-------+----------+-----------------------------------------+
; weights[0][7..3]  ; Input ; Info     ; Stuck at VCC                            ;
; weights[0][2..0]  ; Input ; Info     ; Stuck at GND                            ;
; weights[1][2..0]  ; Input ; Info     ; Stuck at VCC                            ;
; weights[1][7..3]  ; Input ; Info     ; Stuck at GND                            ;
; weights[2]        ; Input ; Info     ; Stuck at GND                            ;
; weights[3][7..3]  ; Input ; Info     ; Stuck at VCC                            ;
; weights[3][2..0]  ; Input ; Info     ; Stuck at GND                            ;
; weights[4][7..2]  ; Input ; Info     ; Stuck at VCC                            ;
; weights[4][1]     ; Input ; Info     ; Stuck at GND                            ;
; weights[4][0]     ; Input ; Info     ; Stuck at VCC                            ;
; weights[5][7..3]  ; Input ; Info     ; Stuck at VCC                            ;
; weights[5][2..1]  ; Input ; Info     ; Stuck at GND                            ;
; weights[5][0]     ; Input ; Info     ; Stuck at VCC                            ;
; weights[6][7..3]  ; Input ; Info     ; Stuck at GND                            ;
; weights[6][1..0]  ; Input ; Info     ; Stuck at GND                            ;
; weights[6][2]     ; Input ; Info     ; Stuck at VCC                            ;
; weights[7][2..0]  ; Input ; Info     ; Stuck at VCC                            ;
; weights[7][7..3]  ; Input ; Info     ; Stuck at GND                            ;
; weights[8][7..3]  ; Input ; Info     ; Stuck at VCC                            ;
; weights[8][1..0]  ; Input ; Info     ; Stuck at VCC                            ;
; weights[8][2]     ; Input ; Info     ; Stuck at GND                            ;
; weights[9][7..3]  ; Input ; Info     ; Stuck at GND                            ;
; weights[9][1..0]  ; Input ; Info     ; Stuck at GND                            ;
; weights[9][2]     ; Input ; Info     ; Stuck at VCC                            ;
; weights[10][7..3] ; Input ; Info     ; Stuck at GND                            ;
; weights[10][2]    ; Input ; Info     ; Stuck at VCC                            ;
; weights[10][1]    ; Input ; Info     ; Stuck at GND                            ;
; weights[10][0]    ; Input ; Info     ; Stuck at VCC                            ;
; weights[11]       ; Input ; Info     ; Stuck at GND                            ;
; weights[12][7..1] ; Input ; Info     ; Stuck at GND                            ;
; weights[12][0]    ; Input ; Info     ; Stuck at VCC                            ;
; weights[13][2..1] ; Input ; Info     ; Stuck at VCC                            ;
; weights[13][7..3] ; Input ; Info     ; Stuck at GND                            ;
; weights[13][0]    ; Input ; Info     ; Stuck at GND                            ;
; weights[14][7..3] ; Input ; Info     ; Stuck at VCC                            ;
; weights[14][2..0] ; Input ; Info     ; Stuck at GND                            ;
; weights[15][7..3] ; Input ; Info     ; Stuck at GND                            ;
; weights[15][1..0] ; Input ; Info     ; Stuck at GND                            ;
; weights[15][2]    ; Input ; Info     ; Stuck at VCC                            ;
; bias[7..1]        ; Input ; Info     ; Stuck at GND                            ;
; bias[0]           ; Input ; Info     ; Stuck at VCC                            ;
+-------------------+-------+----------+-----------------------------------------+


+--------------------------------------------------------------------------------+
; Port Connectivity Checks: "eco_nn_top:uut|neuron:output_layer[0].final_neuron" ;
+-------------------+-------+----------+-----------------------------------------+
; Port              ; Type  ; Severity ; Details                                 ;
+-------------------+-------+----------+-----------------------------------------+
; weights[0][7..3]  ; Input ; Info     ; Stuck at GND                            ;
; weights[0][2]     ; Input ; Info     ; Stuck at VCC                            ;
; weights[0][1]     ; Input ; Info     ; Stuck at GND                            ;
; weights[0][0]     ; Input ; Info     ; Stuck at VCC                            ;
; weights[1][7..4]  ; Input ; Info     ; Stuck at VCC                            ;
; weights[1][2..0]  ; Input ; Info     ; Stuck at VCC                            ;
; weights[1][3]     ; Input ; Info     ; Stuck at GND                            ;
; weights[2][2..1]  ; Input ; Info     ; Stuck at VCC                            ;
; weights[2][7..3]  ; Input ; Info     ; Stuck at GND                            ;
; weights[2][0]     ; Input ; Info     ; Stuck at GND                            ;
; weights[3][7..3]  ; Input ; Info     ; Stuck at GND                            ;
; weights[3][2]     ; Input ; Info     ; Stuck at VCC                            ;
; weights[3][1]     ; Input ; Info     ; Stuck at GND                            ;
; weights[3][0]     ; Input ; Info     ; Stuck at VCC                            ;
; weights[4][7..3]  ; Input ; Info     ; Stuck at GND                            ;
; weights[4][1..0]  ; Input ; Info     ; Stuck at GND                            ;
; weights[4][2]     ; Input ; Info     ; Stuck at VCC                            ;
; weights[5][7..3]  ; Input ; Info     ; Stuck at GND                            ;
; weights[5][1..0]  ; Input ; Info     ; Stuck at GND                            ;
; weights[5][2]     ; Input ; Info     ; Stuck at VCC                            ;
; weights[6]        ; Input ; Info     ; Stuck at GND                            ;
; weights[7][7..3]  ; Input ; Info     ; Stuck at VCC                            ;
; weights[7][2..0]  ; Input ; Info     ; Stuck at GND                            ;
; weights[8][2..1]  ; Input ; Info     ; Stuck at VCC                            ;
; weights[8][7..3]  ; Input ; Info     ; Stuck at GND                            ;
; weights[8][0]     ; Input ; Info     ; Stuck at GND                            ;
; weights[9][7..1]  ; Input ; Info     ; Stuck at VCC                            ;
; weights[9][0]     ; Input ; Info     ; Stuck at GND                            ;
; weights[10][7..2] ; Input ; Info     ; Stuck at GND                            ;
; weights[10][1]    ; Input ; Info     ; Stuck at VCC                            ;
; weights[10][0]    ; Input ; Info     ; Stuck at GND                            ;
; weights[11][7..1] ; Input ; Info     ; Stuck at VCC                            ;
; weights[11][0]    ; Input ; Info     ; Stuck at GND                            ;
; weights[12][7..3] ; Input ; Info     ; Stuck at GND                            ;
; weights[12][1..0] ; Input ; Info     ; Stuck at GND                            ;
; weights[12][2]    ; Input ; Info     ; Stuck at VCC                            ;
; weights[13][7..1] ; Input ; Info     ; Stuck at GND                            ;
; weights[13][0]    ; Input ; Info     ; Stuck at VCC                            ;
; weights[14][7..4] ; Input ; Info     ; Stuck at VCC                            ;
; weights[14][2..0] ; Input ; Info     ; Stuck at VCC                            ;
; weights[14][3]    ; Input ; Info     ; Stuck at GND                            ;
; weights[15][2..0] ; Input ; Info     ; Stuck at VCC                            ;
; weights[15][7..3] ; Input ; Info     ; Stuck at GND                            ;
; bias              ; Input ; Info     ; Stuck at VCC                            ;
+-------------------+-------+----------+-----------------------------------------+


+-----------------------------------------------------------------------------+
; Port Connectivity Checks: "eco_nn_top:uut|neuron:hidden_layer[15].h_neuron" ;
+------------------+-------+----------+---------------------------------------+
; Port             ; Type  ; Severity ; Details                               ;
+------------------+-------+----------+---------------------------------------+
; weights[0][7..1] ; Input ; Info     ; Stuck at GND                          ;
; weights[0][0]    ; Input ; Info     ; Stuck at VCC                          ;
; weights[1][2..0] ; Input ; Info     ; Stuck at VCC                          ;
; weights[1][7..3] ; Input ; Info     ; Stuck at GND                          ;
; weights[2][7..2] ; Input ; Info     ; Stuck at VCC                          ;
; weights[2][1]    ; Input ; Info     ; Stuck at GND                          ;
; weights[2][0]    ; Input ; Info     ; Stuck at VCC                          ;
; weights[3][1..0] ; Input ; Info     ; Stuck at VCC                          ;
; weights[3][7..2] ; Input ; Info     ; Stuck at GND                          ;
; weights[4][7..1] ; Input ; Info     ; Stuck at GND                          ;
; weights[4][0]    ; Input ; Info     ; Stuck at VCC                          ;
; weights[5][7..3] ; Input ; Info     ; Stuck at GND                          ;
; weights[5][1..0] ; Input ; Info     ; Stuck at GND                          ;
; weights[5][2]    ; Input ; Info     ; Stuck at VCC                          ;
; weights[6]       ; Input ; Info     ; Stuck at VCC                          ;
; weights[7][7..4] ; Input ; Info     ; Stuck at GND                          ;
; weights[7][2..0] ; Input ; Info     ; Stuck at GND                          ;
; weights[7][3]    ; Input ; Info     ; Stuck at VCC                          ;
; bias[7..1]       ; Input ; Info     ; Stuck at GND                          ;
; bias[0]          ; Input ; Info     ; Stuck at VCC                          ;
+------------------+-------+----------+---------------------------------------+


+-----------------------------------------------------------------------------+
; Port Connectivity Checks: "eco_nn_top:uut|neuron:hidden_layer[14].h_neuron" ;
+------------------+-------+----------+---------------------------------------+
; Port             ; Type  ; Severity ; Details                               ;
+------------------+-------+----------+---------------------------------------+
; weights[0][7..3] ; Input ; Info     ; Stuck at VCC                          ;
; weights[0][2..1] ; Input ; Info     ; Stuck at GND                          ;
; weights[0][0]    ; Input ; Info     ; Stuck at VCC                          ;
; weights[1][7..3] ; Input ; Info     ; Stuck at VCC                          ;
; weights[1][2]    ; Input ; Info     ; Stuck at GND                          ;
; weights[1][1]    ; Input ; Info     ; Stuck at VCC                          ;
; weights[1][0]    ; Input ; Info     ; Stuck at GND                          ;
; weights[2][7..3] ; Input ; Info     ; Stuck at GND                          ;
; weights[2][1..0] ; Input ; Info     ; Stuck at GND                          ;
; weights[2][2]    ; Input ; Info     ; Stuck at VCC                          ;
; weights[3][7..3] ; Input ; Info     ; Stuck at GND                          ;
; weights[3][2]    ; Input ; Info     ; Stuck at VCC                          ;
; weights[3][1]    ; Input ; Info     ; Stuck at GND                          ;
; weights[3][0]    ; Input ; Info     ; Stuck at VCC                          ;
; weights[4][7..2] ; Input ; Info     ; Stuck at VCC                          ;
; weights[4][1..0] ; Input ; Info     ; Stuck at GND                          ;
; weights[5][2..1] ; Input ; Info     ; Stuck at VCC                          ;
; weights[5][7..3] ; Input ; Info     ; Stuck at GND                          ;
; weights[5][0]    ; Input ; Info     ; Stuck at GND                          ;
; weights[6][7..1] ; Input ; Info     ; Stuck at VCC                          ;
; weights[6][0]    ; Input ; Info     ; Stuck at GND                          ;
; weights[7][7..1] ; Input ; Info     ; Stuck at GND                          ;
; weights[7][0]    ; Input ; Info     ; Stuck at VCC                          ;
; bias             ; Input ; Info     ; Stuck at GND                          ;
+------------------+-------+----------+---------------------------------------+


+-----------------------------------------------------------------------------+
; Port Connectivity Checks: "eco_nn_top:uut|neuron:hidden_layer[13].h_neuron" ;
+------------------+-------+----------+---------------------------------------+
; Port             ; Type  ; Severity ; Details                               ;
+------------------+-------+----------+---------------------------------------+
; weights[0]       ; Input ; Info     ; Stuck at GND                          ;
; weights[1][2..1] ; Input ; Info     ; Stuck at VCC                          ;
; weights[1][7..3] ; Input ; Info     ; Stuck at GND                          ;
; weights[1][0]    ; Input ; Info     ; Stuck at GND                          ;
; weights[2][7..3] ; Input ; Info     ; Stuck at VCC                          ;
; weights[2][2]    ; Input ; Info     ; Stuck at GND                          ;
; weights[2][1]    ; Input ; Info     ; Stuck at VCC                          ;
; weights[2][0]    ; Input ; Info     ; Stuck at GND                          ;
; weights[3][7..3] ; Input ; Info     ; Stuck at VCC                          ;
; weights[3][1..0] ; Input ; Info     ; Stuck at VCC                          ;
; weights[3][2]    ; Input ; Info     ; Stuck at GND                          ;
; weights[4]       ; Input ; Info     ; Stuck at GND                          ;
; weights[5]       ; Input ; Info     ; Stuck at VCC                          ;
; weights[6][7..1] ; Input ; Info     ; Stuck at VCC                          ;
; weights[6][0]    ; Input ; Info     ; Stuck at GND                          ;
; weights[7][7..3] ; Input ; Info     ; Stuck at VCC                          ;
; weights[7][2]    ; Input ; Info     ; Stuck at GND                          ;
; weights[7][1]    ; Input ; Info     ; Stuck at VCC                          ;
; weights[7][0]    ; Input ; Info     ; Stuck at GND                          ;
; bias             ; Input ; Info     ; Stuck at GND                          ;
+------------------+-------+----------+---------------------------------------+


+-----------------------------------------------------------------------------+
; Port Connectivity Checks: "eco_nn_top:uut|neuron:hidden_layer[12].h_neuron" ;
+------------------+-------+----------+---------------------------------------+
; Port             ; Type  ; Severity ; Details                               ;
+------------------+-------+----------+---------------------------------------+
; weights[0][7..3] ; Input ; Info     ; Stuck at VCC                          ;
; weights[0][2..1] ; Input ; Info     ; Stuck at GND                          ;
; weights[0][0]    ; Input ; Info     ; Stuck at VCC                          ;
; weights[1][7..2] ; Input ; Info     ; Stuck at VCC                          ;
; weights[1][1]    ; Input ; Info     ; Stuck at GND                          ;
; weights[1][0]    ; Input ; Info     ; Stuck at VCC                          ;
; weights[2][7..2] ; Input ; Info     ; Stuck at GND                          ;
; weights[2][1]    ; Input ; Info     ; Stuck at VCC                          ;
; weights[2][0]    ; Input ; Info     ; Stuck at GND                          ;
; weights[3][7..3] ; Input ; Info     ; Stuck at VCC                          ;
; weights[3][2..0] ; Input ; Info     ; Stuck at GND                          ;
; weights[4][7..3] ; Input ; Info     ; Stuck at GND                          ;
; weights[4][2]    ; Input ; Info     ; Stuck at VCC                          ;
; weights[4][1]    ; Input ; Info     ; Stuck at GND                          ;
; weights[4][0]    ; Input ; Info     ; Stuck at VCC                          ;
; weights[5][2..1] ; Input ; Info     ; Stuck at VCC                          ;
; weights[5][7..3] ; Input ; Info     ; Stuck at GND                          ;
; weights[5][0]    ; Input ; Info     ; Stuck at GND                          ;
; weights[6][7..1] ; Input ; Info     ; Stuck at GND                          ;
; weights[6][0]    ; Input ; Info     ; Stuck at VCC                          ;
; weights[7][7..3] ; Input ; Info     ; Stuck at VCC                          ;
; weights[7][2..1] ; Input ; Info     ; Stuck at GND                          ;
; weights[7][0]    ; Input ; Info     ; Stuck at VCC                          ;
; bias[7..1]       ; Input ; Info     ; Stuck at VCC                          ;
; bias[0]          ; Input ; Info     ; Stuck at GND                          ;
+------------------+-------+----------+---------------------------------------+


+-----------------------------------------------------------------------------+
; Port Connectivity Checks: "eco_nn_top:uut|neuron:hidden_layer[11].h_neuron" ;
+------------------+-------+----------+---------------------------------------+
; Port             ; Type  ; Severity ; Details                               ;
+------------------+-------+----------+---------------------------------------+
; weights[0][7..3] ; Input ; Info     ; Stuck at VCC                          ;
; weights[0][2..1] ; Input ; Info     ; Stuck at GND                          ;
; weights[0][0]    ; Input ; Info     ; Stuck at VCC                          ;
; weights[1][7..3] ; Input ; Info     ; Stuck at VCC                          ;
; weights[1][1..0] ; Input ; Info     ; Stuck at VCC                          ;
; weights[1][2]    ; Input ; Info     ; Stuck at GND                          ;
; weights[2][7..3] ; Input ; Info     ; Stuck at GND                          ;
; weights[2][2]    ; Input ; Info     ; Stuck at VCC                          ;
; weights[2][1]    ; Input ; Info     ; Stuck at GND                          ;
; weights[2][0]    ; Input ; Info     ; Stuck at VCC                          ;
; weights[3][7..3] ; Input ; Info     ; Stuck at VCC                          ;
; weights[3][2]    ; Input ; Info     ; Stuck at GND                          ;
; weights[3][1]    ; Input ; Info     ; Stuck at VCC                          ;
; weights[3][0]    ; Input ; Info     ; Stuck at GND                          ;
; weights[4][1..0] ; Input ; Info     ; Stuck at VCC                          ;
; weights[4][7..2] ; Input ; Info     ; Stuck at GND                          ;
; weights[5][7..2] ; Input ; Info     ; Stuck at GND                          ;
; weights[5][1]    ; Input ; Info     ; Stuck at VCC                          ;
; weights[5][0]    ; Input ; Info     ; Stuck at GND                          ;
; weights[6][7..2] ; Input ; Info     ; Stuck at GND                          ;
; weights[6][1]    ; Input ; Info     ; Stuck at VCC                          ;
; weights[6][0]    ; Input ; Info     ; Stuck at GND                          ;
; weights[7][7..2] ; Input ; Info     ; Stuck at VCC                          ;
; weights[7][1]    ; Input ; Info     ; Stuck at GND                          ;
; weights[7][0]    ; Input ; Info     ; Stuck at VCC                          ;
; bias             ; Input ; Info     ; Stuck at VCC                          ;
+------------------+-------+----------+---------------------------------------+


+-----------------------------------------------------------------------------+
; Port Connectivity Checks: "eco_nn_top:uut|neuron:hidden_layer[10].h_neuron" ;
+------------------+-------+----------+---------------------------------------+
; Port             ; Type  ; Severity ; Details                               ;
+------------------+-------+----------+---------------------------------------+
; weights[0][7..2] ; Input ; Info     ; Stuck at GND                          ;
; weights[0][1]    ; Input ; Info     ; Stuck at VCC                          ;
; weights[0][0]    ; Input ; Info     ; Stuck at GND                          ;
; weights[1]       ; Input ; Info     ; Stuck at VCC                          ;
; weights[2][7..3] ; Input ; Info     ; Stuck at VCC                          ;
; weights[2][2]    ; Input ; Info     ; Stuck at GND                          ;
; weights[2][1]    ; Input ; Info     ; Stuck at VCC                          ;
; weights[2][0]    ; Input ; Info     ; Stuck at GND                          ;
; weights[3][7..4] ; Input ; Info     ; Stuck at GND                          ;
; weights[3][2..0] ; Input ; Info     ; Stuck at GND                          ;
; weights[3][3]    ; Input ; Info     ; Stuck at VCC                          ;
; weights[4]       ; Input ; Info     ; Stuck at GND                          ;
; weights[5][7..3] ; Input ; Info     ; Stuck at VCC                          ;
; weights[5][2]    ; Input ; Info     ; Stuck at GND                          ;
; weights[5][1]    ; Input ; Info     ; Stuck at VCC                          ;
; weights[5][0]    ; Input ; Info     ; Stuck at GND                          ;
; weights[6][7..3] ; Input ; Info     ; Stuck at GND                          ;
; weights[6][1..0] ; Input ; Info     ; Stuck at GND                          ;
; weights[6][2]    ; Input ; Info     ; Stuck at VCC                          ;
; weights[7][7..4] ; Input ; Info     ; Stuck at GND                          ;
; weights[7][2..0] ; Input ; Info     ; Stuck at GND                          ;
; weights[7][3]    ; Input ; Info     ; Stuck at VCC                          ;
; bias[7..1]       ; Input ; Info     ; Stuck at GND                          ;
; bias[0]          ; Input ; Info     ; Stuck at VCC                          ;
+------------------+-------+----------+---------------------------------------+


+----------------------------------------------------------------------------+
; Port Connectivity Checks: "eco_nn_top:uut|neuron:hidden_layer[9].h_neuron" ;
+------------------+-------+----------+--------------------------------------+
; Port             ; Type  ; Severity ; Details                              ;
+------------------+-------+----------+--------------------------------------+
; weights[0][7..2] ; Input ; Info     ; Stuck at GND                         ;
; weights[0][1]    ; Input ; Info     ; Stuck at VCC                         ;
; weights[0][0]    ; Input ; Info     ; Stuck at GND                         ;
; weights[1][7..2] ; Input ; Info     ; Stuck at GND                         ;
; weights[1][1]    ; Input ; Info     ; Stuck at VCC                         ;
; weights[1][0]    ; Input ; Info     ; Stuck at GND                         ;
; weights[2]       ; Input ; Info     ; Stuck at GND                         ;
; weights[3][7..2] ; Input ; Info     ; Stuck at VCC                         ;
; weights[3][1..0] ; Input ; Info     ; Stuck at GND                         ;
; weights[4][7..2] ; Input ; Info     ; Stuck at VCC                         ;
; weights[4][1..0] ; Input ; Info     ; Stuck at GND                         ;
; weights[5][7..4] ; Input ; Info     ; Stuck at GND                         ;
; weights[5][2..1] ; Input ; Info     ; Stuck at GND                         ;
; weights[5][3]    ; Input ; Info     ; Stuck at VCC                         ;
; weights[5][0]    ; Input ; Info     ; Stuck at VCC                         ;
; weights[6][2..1] ; Input ; Info     ; Stuck at VCC                         ;
; weights[6][7..3] ; Input ; Info     ; Stuck at GND                         ;
; weights[6][0]    ; Input ; Info     ; Stuck at GND                         ;
; weights[7]       ; Input ; Info     ; Stuck at GND                         ;
; bias[7..1]       ; Input ; Info     ; Stuck at GND                         ;
; bias[0]          ; Input ; Info     ; Stuck at VCC                         ;
+------------------+-------+----------+--------------------------------------+


+----------------------------------------------------------------------------+
; Port Connectivity Checks: "eco_nn_top:uut|neuron:hidden_layer[8].h_neuron" ;
+------------------+-------+----------+--------------------------------------+
; Port             ; Type  ; Severity ; Details                              ;
+------------------+-------+----------+--------------------------------------+
; weights[0]       ; Input ; Info     ; Stuck at GND                         ;
; weights[1][7..2] ; Input ; Info     ; Stuck at GND                         ;
; weights[1][1]    ; Input ; Info     ; Stuck at VCC                         ;
; weights[1][0]    ; Input ; Info     ; Stuck at GND                         ;
; weights[2]       ; Input ; Info     ; Stuck at GND                         ;
; weights[3][7..1] ; Input ; Info     ; Stuck at GND                         ;
; weights[3][0]    ; Input ; Info     ; Stuck at VCC                         ;
; weights[4][7..1] ; Input ; Info     ; Stuck at VCC                         ;
; weights[4][0]    ; Input ; Info     ; Stuck at GND                         ;
; weights[5][1..0] ; Input ; Info     ; Stuck at VCC                         ;
; weights[5][7..2] ; Input ; Info     ; Stuck at GND                         ;
; weights[6][7..3] ; Input ; Info     ; Stuck at GND                         ;
; weights[6][2]    ; Input ; Info     ; Stuck at VCC                         ;
; weights[6][1]    ; Input ; Info     ; Stuck at GND                         ;
; weights[6][0]    ; Input ; Info     ; Stuck at VCC                         ;
; weights[7]       ; Input ; Info     ; Stuck at GND                         ;
; bias             ; Input ; Info     ; Stuck at VCC                         ;
+------------------+-------+----------+--------------------------------------+


+----------------------------------------------------------------------------+
; Port Connectivity Checks: "eco_nn_top:uut|neuron:hidden_layer[7].h_neuron" ;
+------------------+-------+----------+--------------------------------------+
; Port             ; Type  ; Severity ; Details                              ;
+------------------+-------+----------+--------------------------------------+
; weights[0][7..2] ; Input ; Info     ; Stuck at VCC                         ;
; weights[0][1]    ; Input ; Info     ; Stuck at GND                         ;
; weights[0][0]    ; Input ; Info     ; Stuck at VCC                         ;
; weights[1][7..3] ; Input ; Info     ; Stuck at GND                         ;
; weights[1][2]    ; Input ; Info     ; Stuck at VCC                         ;
; weights[1][1]    ; Input ; Info     ; Stuck at GND                         ;
; weights[1][0]    ; Input ; Info     ; Stuck at VCC                         ;
; weights[2][7..3] ; Input ; Info     ; Stuck at VCC                         ;
; weights[2][2]    ; Input ; Info     ; Stuck at GND                         ;
; weights[2][1]    ; Input ; Info     ; Stuck at VCC                         ;
; weights[2][0]    ; Input ; Info     ; Stuck at GND                         ;
; weights[3]       ; Input ; Info     ; Stuck at VCC                         ;
; weights[4][1..0] ; Input ; Info     ; Stuck at VCC                         ;
; weights[4][7..2] ; Input ; Info     ; Stuck at GND                         ;
; weights[5][1..0] ; Input ; Info     ; Stuck at VCC                         ;
; weights[5][7..2] ; Input ; Info     ; Stuck at GND                         ;
; weights[6]       ; Input ; Info     ; Stuck at VCC                         ;
; weights[7][7..3] ; Input ; Info     ; Stuck at GND                         ;
; weights[7][2]    ; Input ; Info     ; Stuck at VCC                         ;
; weights[7][1]    ; Input ; Info     ; Stuck at GND                         ;
; weights[7][0]    ; Input ; Info     ; Stuck at VCC                         ;
; bias[7..1]       ; Input ; Info     ; Stuck at GND                         ;
; bias[0]          ; Input ; Info     ; Stuck at VCC                         ;
+------------------+-------+----------+--------------------------------------+


+----------------------------------------------------------------------------+
; Port Connectivity Checks: "eco_nn_top:uut|neuron:hidden_layer[6].h_neuron" ;
+------------------+-------+----------+--------------------------------------+
; Port             ; Type  ; Severity ; Details                              ;
+------------------+-------+----------+--------------------------------------+
; weights[0][7..3] ; Input ; Info     ; Stuck at GND                         ;
; weights[0][2]    ; Input ; Info     ; Stuck at VCC                         ;
; weights[0][1]    ; Input ; Info     ; Stuck at GND                         ;
; weights[0][0]    ; Input ; Info     ; Stuck at VCC                         ;
; weights[1][7..2] ; Input ; Info     ; Stuck at GND                         ;
; weights[1][1]    ; Input ; Info     ; Stuck at VCC                         ;
; weights[1][0]    ; Input ; Info     ; Stuck at GND                         ;
; weights[2][7..2] ; Input ; Info     ; Stuck at VCC                         ;
; weights[2][1]    ; Input ; Info     ; Stuck at GND                         ;
; weights[2][0]    ; Input ; Info     ; Stuck at VCC                         ;
; weights[3][7..4] ; Input ; Info     ; Stuck at GND                         ;
; weights[3][2..0] ; Input ; Info     ; Stuck at GND                         ;
; weights[3][3]    ; Input ; Info     ; Stuck at VCC                         ;
; weights[4]       ; Input ; Info     ; Stuck at GND                         ;
; weights[5][7..4] ; Input ; Info     ; Stuck at GND                         ;
; weights[5][2..1] ; Input ; Info     ; Stuck at GND                         ;
; weights[5][3]    ; Input ; Info     ; Stuck at VCC                         ;
; weights[5][0]    ; Input ; Info     ; Stuck at VCC                         ;
; weights[6][1..0] ; Input ; Info     ; Stuck at VCC                         ;
; weights[6][7..2] ; Input ; Info     ; Stuck at GND                         ;
; weights[7]       ; Input ; Info     ; Stuck at GND                         ;
; bias[7..1]       ; Input ; Info     ; Stuck at GND                         ;
; bias[0]          ; Input ; Info     ; Stuck at VCC                         ;
+------------------+-------+----------+--------------------------------------+


+----------------------------------------------------------------------------+
; Port Connectivity Checks: "eco_nn_top:uut|neuron:hidden_layer[5].h_neuron" ;
+------------------+-------+----------+--------------------------------------+
; Port             ; Type  ; Severity ; Details                              ;
+------------------+-------+----------+--------------------------------------+
; weights[0][7..2] ; Input ; Info     ; Stuck at GND                         ;
; weights[0][1]    ; Input ; Info     ; Stuck at VCC                         ;
; weights[0][0]    ; Input ; Info     ; Stuck at GND                         ;
; weights[1][7..3] ; Input ; Info     ; Stuck at VCC                         ;
; weights[1][2..1] ; Input ; Info     ; Stuck at GND                         ;
; weights[1][0]    ; Input ; Info     ; Stuck at VCC                         ;
; weights[2][7..2] ; Input ; Info     ; Stuck at VCC                         ;
; weights[2][1..0] ; Input ; Info     ; Stuck at GND                         ;
; weights[3][7..2] ; Input ; Info     ; Stuck at GND                         ;
; weights[3][1]    ; Input ; Info     ; Stuck at VCC                         ;
; weights[3][0]    ; Input ; Info     ; Stuck at GND                         ;
; weights[4][7..3] ; Input ; Info     ; Stuck at VCC                         ;
; weights[4][2..1] ; Input ; Info     ; Stuck at GND                         ;
; weights[4][0]    ; Input ; Info     ; Stuck at VCC                         ;
; weights[5][2..1] ; Input ; Info     ; Stuck at VCC                         ;
; weights[5][7..3] ; Input ; Info     ; Stuck at GND                         ;
; weights[5][0]    ; Input ; Info     ; Stuck at GND                         ;
; weights[6][2..1] ; Input ; Info     ; Stuck at VCC                         ;
; weights[6][7..3] ; Input ; Info     ; Stuck at GND                         ;
; weights[6][0]    ; Input ; Info     ; Stuck at GND                         ;
; weights[7][7..3] ; Input ; Info     ; Stuck at VCC                         ;
; weights[7][2..1] ; Input ; Info     ; Stuck at GND                         ;
; weights[7][0]    ; Input ; Info     ; Stuck at VCC                         ;
; bias             ; Input ; Info     ; Stuck at GND                         ;
+------------------+-------+----------+--------------------------------------+


+----------------------------------------------------------------------------+
; Port Connectivity Checks: "eco_nn_top:uut|neuron:hidden_layer[4].h_neuron" ;
+------------------+-------+----------+--------------------------------------+
; Port             ; Type  ; Severity ; Details                              ;
+------------------+-------+----------+--------------------------------------+
; weights[0][7..4] ; Input ; Info     ; Stuck at GND                         ;
; weights[0][2..0] ; Input ; Info     ; Stuck at GND                         ;
; weights[0][3]    ; Input ; Info     ; Stuck at VCC                         ;
; weights[1][1..0] ; Input ; Info     ; Stuck at VCC                         ;
; weights[1][7..2] ; Input ; Info     ; Stuck at GND                         ;
; weights[2][7..2] ; Input ; Info     ; Stuck at VCC                         ;
; weights[2][1]    ; Input ; Info     ; Stuck at GND                         ;
; weights[2][0]    ; Input ; Info     ; Stuck at VCC                         ;
; weights[3][7..1] ; Input ; Info     ; Stuck at VCC                         ;
; weights[3][0]    ; Input ; Info     ; Stuck at GND                         ;
; weights[4][1..0] ; Input ; Info     ; Stuck at VCC                         ;
; weights[4][7..2] ; Input ; Info     ; Stuck at GND                         ;
; weights[5][7..3] ; Input ; Info     ; Stuck at VCC                         ;
; weights[5][2]    ; Input ; Info     ; Stuck at GND                         ;
; weights[5][1]    ; Input ; Info     ; Stuck at VCC                         ;
; weights[5][0]    ; Input ; Info     ; Stuck at GND                         ;
; weights[6][2..0] ; Input ; Info     ; Stuck at VCC                         ;
; weights[6][7..3] ; Input ; Info     ; Stuck at GND                         ;
; weights[7][7..3] ; Input ; Info     ; Stuck at VCC                         ;
; weights[7][2..1] ; Input ; Info     ; Stuck at GND                         ;
; weights[7][0]    ; Input ; Info     ; Stuck at VCC                         ;
; bias[7..2]       ; Input ; Info     ; Stuck at GND                         ;
; bias[1]          ; Input ; Info     ; Stuck at VCC                         ;
; bias[0]          ; Input ; Info     ; Stuck at GND                         ;
+------------------+-------+----------+--------------------------------------+


+----------------------------------------------------------------------------+
; Port Connectivity Checks: "eco_nn_top:uut|neuron:hidden_layer[3].h_neuron" ;
+------------------+-------+----------+--------------------------------------+
; Port             ; Type  ; Severity ; Details                              ;
+------------------+-------+----------+--------------------------------------+
; weights[0][7..2] ; Input ; Info     ; Stuck at VCC                         ;
; weights[0][1]    ; Input ; Info     ; Stuck at GND                         ;
; weights[0][0]    ; Input ; Info     ; Stuck at VCC                         ;
; weights[1][7..3] ; Input ; Info     ; Stuck at GND                         ;
; weights[1][2]    ; Input ; Info     ; Stuck at VCC                         ;
; weights[1][1]    ; Input ; Info     ; Stuck at GND                         ;
; weights[1][0]    ; Input ; Info     ; Stuck at VCC                         ;
; weights[2][7..3] ; Input ; Info     ; Stuck at GND                         ;
; weights[2][2]    ; Input ; Info     ; Stuck at VCC                         ;
; weights[2][1]    ; Input ; Info     ; Stuck at GND                         ;
; weights[2][0]    ; Input ; Info     ; Stuck at VCC                         ;
; weights[3][7..3] ; Input ; Info     ; Stuck at VCC                         ;
; weights[3][2..1] ; Input ; Info     ; Stuck at GND                         ;
; weights[3][0]    ; Input ; Info     ; Stuck at VCC                         ;
; weights[4][7..3] ; Input ; Info     ; Stuck at VCC                         ;
; weights[4][1..0] ; Input ; Info     ; Stuck at VCC                         ;
; weights[4][2]    ; Input ; Info     ; Stuck at GND                         ;
; weights[5][7..1] ; Input ; Info     ; Stuck at GND                         ;
; weights[5][0]    ; Input ; Info     ; Stuck at VCC                         ;
; weights[6][7..2] ; Input ; Info     ; Stuck at GND                         ;
; weights[6][1]    ; Input ; Info     ; Stuck at VCC                         ;
; weights[6][0]    ; Input ; Info     ; Stuck at GND                         ;
; weights[7]       ; Input ; Info     ; Stuck at VCC                         ;
; bias             ; Input ; Info     ; Stuck at GND                         ;
+------------------+-------+----------+--------------------------------------+


+----------------------------------------------------------------------------+
; Port Connectivity Checks: "eco_nn_top:uut|neuron:hidden_layer[2].h_neuron" ;
+------------------+-------+----------+--------------------------------------+
; Port             ; Type  ; Severity ; Details                              ;
+------------------+-------+----------+--------------------------------------+
; weights[0][2..0] ; Input ; Info     ; Stuck at VCC                         ;
; weights[0][7..3] ; Input ; Info     ; Stuck at GND                         ;
; weights[1][7..3] ; Input ; Info     ; Stuck at GND                         ;
; weights[1][2]    ; Input ; Info     ; Stuck at VCC                         ;
; weights[1][1]    ; Input ; Info     ; Stuck at GND                         ;
; weights[1][0]    ; Input ; Info     ; Stuck at VCC                         ;
; weights[2][1..0] ; Input ; Info     ; Stuck at VCC                         ;
; weights[2][7..2] ; Input ; Info     ; Stuck at GND                         ;
; weights[3][7..2] ; Input ; Info     ; Stuck at GND                         ;
; weights[3][1]    ; Input ; Info     ; Stuck at VCC                         ;
; weights[3][0]    ; Input ; Info     ; Stuck at GND                         ;
; weights[4][7..1] ; Input ; Info     ; Stuck at VCC                         ;
; weights[4][0]    ; Input ; Info     ; Stuck at GND                         ;
; weights[5]       ; Input ; Info     ; Stuck at GND                         ;
; weights[6][7..1] ; Input ; Info     ; Stuck at VCC                         ;
; weights[6][0]    ; Input ; Info     ; Stuck at GND                         ;
; weights[7][7..3] ; Input ; Info     ; Stuck at GND                         ;
; weights[7][1..0] ; Input ; Info     ; Stuck at GND                         ;
; weights[7][2]    ; Input ; Info     ; Stuck at VCC                         ;
; bias             ; Input ; Info     ; Stuck at VCC                         ;
+------------------+-------+----------+--------------------------------------+


+----------------------------------------------------------------------------+
; Port Connectivity Checks: "eco_nn_top:uut|neuron:hidden_layer[1].h_neuron" ;
+------------------+-------+----------+--------------------------------------+
; Port             ; Type  ; Severity ; Details                              ;
+------------------+-------+----------+--------------------------------------+
; weights[0][7..2] ; Input ; Info     ; Stuck at VCC                         ;
; weights[0][1]    ; Input ; Info     ; Stuck at GND                         ;
; weights[0][0]    ; Input ; Info     ; Stuck at VCC                         ;
; weights[1][7..2] ; Input ; Info     ; Stuck at GND                         ;
; weights[1][1]    ; Input ; Info     ; Stuck at VCC                         ;
; weights[1][0]    ; Input ; Info     ; Stuck at GND                         ;
; weights[2][7..1] ; Input ; Info     ; Stuck at VCC                         ;
; weights[2][0]    ; Input ; Info     ; Stuck at GND                         ;
; weights[3][7..3] ; Input ; Info     ; Stuck at GND                         ;
; weights[3][2]    ; Input ; Info     ; Stuck at VCC                         ;
; weights[3][1]    ; Input ; Info     ; Stuck at GND                         ;
; weights[3][0]    ; Input ; Info     ; Stuck at VCC                         ;
; weights[4][7..3] ; Input ; Info     ; Stuck at VCC                         ;
; weights[4][2..1] ; Input ; Info     ; Stuck at GND                         ;
; weights[4][0]    ; Input ; Info     ; Stuck at VCC                         ;
; weights[5][7..3] ; Input ; Info     ; Stuck at VCC                         ;
; weights[5][1..0] ; Input ; Info     ; Stuck at VCC                         ;
; weights[5][2]    ; Input ; Info     ; Stuck at GND                         ;
; weights[6][1..0] ; Input ; Info     ; Stuck at VCC                         ;
; weights[6][7..2] ; Input ; Info     ; Stuck at GND                         ;
; weights[7][7..2] ; Input ; Info     ; Stuck at VCC                         ;
; weights[7][1..0] ; Input ; Info     ; Stuck at GND                         ;
; bias             ; Input ; Info     ; Stuck at VCC                         ;
+------------------+-------+----------+--------------------------------------+


+----------------------------------------------------------------------------+
; Port Connectivity Checks: "eco_nn_top:uut|neuron:hidden_layer[0].h_neuron" ;
+------------------+-------+----------+--------------------------------------+
; Port             ; Type  ; Severity ; Details                              ;
+------------------+-------+----------+--------------------------------------+
; weights[4..6]    ; Input ; Info     ; Stuck at VCC                         ;
; weights[0][7..3] ; Input ; Info     ; Stuck at VCC                         ;
; weights[0][1..0] ; Input ; Info     ; Stuck at VCC                         ;
; weights[0][2]    ; Input ; Info     ; Stuck at GND                         ;
; weights[1][7..2] ; Input ; Info     ; Stuck at VCC                         ;
; weights[1][1]    ; Input ; Info     ; Stuck at GND                         ;
; weights[1][0]    ; Input ; Info     ; Stuck at VCC                         ;
; weights[2][7..4] ; Input ; Info     ; Stuck at GND                         ;
; weights[2][2..1] ; Input ; Info     ; Stuck at GND                         ;
; weights[2][3]    ; Input ; Info     ; Stuck at VCC                         ;
; weights[2][0]    ; Input ; Info     ; Stuck at VCC                         ;
; weights[3][7..3] ; Input ; Info     ; Stuck at GND                         ;
; weights[3][2]    ; Input ; Info     ; Stuck at VCC                         ;
; weights[3][1]    ; Input ; Info     ; Stuck at GND                         ;
; weights[3][0]    ; Input ; Info     ; Stuck at VCC                         ;
; weights[7][7..1] ; Input ; Info     ; Stuck at VCC                         ;
; weights[7][0]    ; Input ; Info     ; Stuck at GND                         ;
; bias[1..0]       ; Input ; Info     ; Stuck at VCC                         ;
; bias[7..2]       ; Input ; Info     ; Stuck at GND                         ;
+------------------+-------+----------+--------------------------------------+


+------------------------------------------------------------------------------------+
; Port Connectivity Checks: "SYSTEM_PLL:PLL_inst|SYSTEM_PLL_altpll:altpll_component" ;
+----------+-------+----------+------------------------------------------------------+
; Port     ; Type  ; Severity ; Details                                              ;
+----------+-------+----------+------------------------------------------------------+
; inclk[1] ; Input ; Info     ; Stuck at GND                                         ;
+----------+-------+----------+------------------------------------------------------+


+------------------------------------------------------------------------------------------------------------------+
; Port Connectivity Checks: "SYSTEM_PLL:PLL_inst"                                                                  ;
+--------+--------+----------+-------------------------------------------------------------------------------------+
; Port   ; Type   ; Severity ; Details                                                                             ;
+--------+--------+----------+-------------------------------------------------------------------------------------+
; areset ; Input  ; Info     ; Stuck at GND                                                                        ;
; c2     ; Output ; Info     ; Connected to dangling logic. Logic that only feeds a dangling port will be removed. ;
; c4     ; Output ; Info     ; Connected to dangling logic. Logic that only feeds a dangling port will be removed. ;
; locked ; Output ; Info     ; Explicitly unconnected                                                              ;
+--------+--------+----------+-------------------------------------------------------------------------------------+


+----------------------------------------------------------------------------------------------------------------------------------------------------------------------+
; Virtual JTAG Settings                                                                                                                                                ;
+----------------+------------+------------------+----------+---------+-----------------+-------------------------+----------------------------------------------------+
; Instance Index ; Auto Index ; Index Reassigned ; IR Width ; Address ; USER1 DR length ; VIR capture instruction ; Hierarchy Location                                 ;
+----------------+------------+------------------+----------+---------+-----------------+-------------------------+----------------------------------------------------+
; 0              ; NO         ; NO               ; 7        ; 0x80    ; 8               ; 0x0B                    ; jtag_interface:interfacejtag|sld_virtual_jtag:jtag ;
+----------------+------------+------------------+----------+---------+-----------------+-------------------------+----------------------------------------------------+


+-----------------------------------------------------+
; Post-Synthesis Netlist Statistics for Top Partition ;
+-----------------------+-----------------------------+
; Type                  ; Count                       ;
+-----------------------+-----------------------------+
; boundary_port         ; 168                         ;
; cycloneiii_ff         ; 291                         ;
;     ENA               ; 149                         ;
;     ENA SCLR          ; 109                         ;
;     ENA SLD           ; 8                           ;
;     SCLR              ; 2                           ;
;     plain             ; 23                          ;
; cycloneiii_io_obuf    ; 87                          ;
; cycloneiii_lcell_comb ; 2592                        ;
;     arith             ; 1699                        ;
;         2 data inputs ; 219                         ;
;         3 data inputs ; 1480                        ;
;     normal            ; 893                         ;
;         0 data inputs ; 1                           ;
;         1 data inputs ; 44                          ;
;         2 data inputs ; 432                         ;
;         3 data inputs ; 99                          ;
;         4 data inputs ; 317                         ;
; cycloneiii_pll        ; 1                           ;
;                       ;                             ;
; Max LUT depth         ; 9.30                        ;
; Average LUT depth     ; 7.20                        ;
+-----------------------+-----------------------------+


+-------------------------------+
; Elapsed Time Per Partition    ;
+----------------+--------------+
; Partition Name ; Elapsed Time ;
+----------------+--------------+
; Top            ; 00:00:11     ;
+----------------+--------------+


+-------------------------------+
; Analysis & Synthesis Messages ;
+-------------------------------+
Info: *******************************************************************
Info: Running Quartus Prime Analysis & Synthesis
    Info: Version 25.1std.0 Build 1129 10/21/2025 SC Lite Edition
    Info: Processing started: Tue Sep  8 15:44:11 2026
Info: Command: quartus_map --read_settings_files=on --write_settings_files=off MKRVIDOR4000 -c MKRVIDOR4000
Info (16303): Aggressive Performance optimization mode selected -- timing performance will be prioritized at the potential cost of increased logic area and compilation time
Info (20030): Parallel compilation is enabled and will use 2 of the 2 processors detected
Info (12021): Found 1 design units, including 1 entities, in source file q_multiplier.v
    Info (12023): Found entity 1: q_multiplier File: C:/Users/PC/OneDrive/Escritorio/DEEPCEL/QuartusProject/ANeural_Network_power25_lowpower_light_q4_4/q_multiplier.v Line: 1
Info (12021): Found 1 design units, including 1 entities, in source file system_pll.v
    Info (12023): Found entity 1: SYSTEM_PLL File: C:/Users/PC/OneDrive/Escritorio/DEEPCEL/QuartusProject/ANeural_Network_power25_lowpower_light_q4_4/SYSTEM_PLL.v Line: 1
Info (12021): Found 1 design units, including 1 entities, in source file system_pll_altpll.v
    Info (12023): Found entity 1: SYSTEM_PLL_altpll File: C:/Users/PC/OneDrive/Escritorio/DEEPCEL/QuartusProject/ANeural_Network_power25_lowpower_light_q4_4/SYSTEM_PLL_altpll.v Line: 30
Info (12021): Found 1 design units, including 1 entities, in source file jtag_synchronizer.bdf
    Info (12023): Found entity 1: jtag_synchronizer
Info (12021): Found 1 design units, including 1 entities, in source file mkrvidor4000_top.v
    Info (12023): Found entity 1: MKRVIDOR4000_top File: C:/Users/PC/OneDrive/Escritorio/DEEPCEL/QuartusProject/ANeural_Network_power25_lowpower_light_q4_4/MKRVIDOR4000_top.v Line: 21
Info (12021): Found 1 design units, including 1 entities, in source file jtag_synchronizer_basic.v
    Info (12023): Found entity 1: synchronizer_basic File: C:/Users/PC/OneDrive/Escritorio/DEEPCEL/QuartusProject/ANeural_Network_power25_lowpower_light_q4_4/jtag_synchronizer_basic.v Line: 2
Info (12021): Found 1 design units, including 1 entities, in source file jtag_memory.v
    Info (12023): Found entity 1: jtag_memory File: C:/Users/PC/OneDrive/Escritorio/DEEPCEL/QuartusProject/ANeural_Network_power25_lowpower_light_q4_4/jtag_memory.v Line: 36
Info (12021): Found 1 design units, including 1 entities, in source file jtag_interface.v
    Info (12023): Found entity 1: jtag_interface File: C:/Users/PC/OneDrive/Escritorio/DEEPCEL/QuartusProject/ANeural_Network_power25_lowpower_light_q4_4/jtag_interface.v Line: 2
Info (12021): Found 1 design units, including 1 entities, in source file q_multiplier_tb.v
    Info (12023): Found entity 1: q_multiplier_tb File: C:/Users/PC/OneDrive/Escritorio/DEEPCEL/QuartusProject/ANeural_Network_power25_lowpower_light_q4_4/q_multiplier_tb.v Line: 1
Info (12021): Found 1 design units, including 1 entities, in source file neuron.v
    Info (12023): Found entity 1: neuron File: C:/Users/PC/OneDrive/Escritorio/DEEPCEL/QuartusProject/ANeural_Network_power25_lowpower_light_q4_4/neuron.v Line: 1
Info (12021): Found 1 design units, including 1 entities, in source file eco_nn_top.v
    Info (12023): Found entity 1: eco_nn_top File: C:/Users/PC/OneDrive/Escritorio/DEEPCEL/QuartusProject/ANeural_Network_power25_lowpower_light_q4_4/eco_nn_top.v Line: 1
Info (12021): Found 1 design units, including 1 entities, in source file eco_nn_top_tb .v
    Info (12023): Found entity 1: eco_nn_top_tb File: C:/Users/PC/OneDrive/Escritorio/DEEPCEL/QuartusProject/ANeural_Network_power25_lowpower_light_q4_4/eco_nn_top_Tb .v Line: 3
Warning (10236): Verilog HDL Implicit Net warning at MKRVIDOR4000_top.v(162): created implicit net for "wFLASH_CLK" File: C:/Users/PC/OneDrive/Escritorio/DEEPCEL/QuartusProject/ANeural_Network_power25_lowpower_light_q4_4/MKRVIDOR4000_top.v Line: 162
Info (12127): Elaborating entity "MKRVIDOR4000_top" for the top level hierarchy
Warning (10036): Verilog HDL or VHDL warning at MKRVIDOR4000_top.v(136): object "wVID_CLK" assigned a value but never read File: C:/Users/PC/OneDrive/Escritorio/DEEPCEL/QuartusProject/ANeural_Network_power25_lowpower_light_q4_4/MKRVIDOR4000_top.v Line: 136
Warning (10036): Verilog HDL or VHDL warning at MKRVIDOR4000_top.v(136): object "wVID_CLKx5" assigned a value but never read File: C:/Users/PC/OneDrive/Escritorio/DEEPCEL/QuartusProject/ANeural_Network_power25_lowpower_light_q4_4/MKRVIDOR4000_top.v Line: 136
Warning (10034): Output port "oSDRAM_ADDR" at MKRVIDOR4000_top.v(31) has no driver File: C:/Users/PC/OneDrive/Escritorio/DEEPCEL/QuartusProject/ANeural_Network_power25_lowpower_light_q4_4/MKRVIDOR4000_top.v Line: 31
Warning (10034): Output port "oSDRAM_BA" at MKRVIDOR4000_top.v(32) has no driver File: C:/Users/PC/OneDrive/Escritorio/DEEPCEL/QuartusProject/ANeural_Network_power25_lowpower_light_q4_4/MKRVIDOR4000_top.v Line: 32
Warning (10034): Output port "oSDRAM_DQM" at MKRVIDOR4000_top.v(37) has no driver File: C:/Users/PC/OneDrive/Escritorio/DEEPCEL/QuartusProject/ANeural_Network_power25_lowpower_light_q4_4/MKRVIDOR4000_top.v Line: 37
Warning (10034): Output port "oHDMI_TX" at MKRVIDOR4000_top.v(97) has no driver File: C:/Users/PC/OneDrive/Escritorio/DEEPCEL/QuartusProject/ANeural_Network_power25_lowpower_light_q4_4/MKRVIDOR4000_top.v Line: 97
Warning (10034): Output port "oSAM_INT" at MKRVIDOR4000_top.v(27) has no driver File: C:/Users/PC/OneDrive/Escritorio/DEEPCEL/QuartusProject/ANeural_Network_power25_lowpower_light_q4_4/MKRVIDOR4000_top.v Line: 27
Warning (10034): Output port "oSDRAM_CASn" at MKRVIDOR4000_top.v(33) has no driver File: C:/Users/PC/OneDrive/Escritorio/DEEPCEL/QuartusProject/ANeural_Network_power25_lowpower_light_q4_4/MKRVIDOR4000_top.v Line: 33
Warning (10034): Output port "oSDRAM_CKE" at MKRVIDOR4000_top.v(34) has no driver File: C:/Users/PC/OneDrive/Escritorio/DEEPCEL/QuartusProject/ANeural_Network_power25_lowpower_light_q4_4/MKRVIDOR4000_top.v Line: 34
Warning (10034): Output port "oSDRAM_CSn" at MKRVIDOR4000_top.v(35) has no driver File: C:/Users/PC/OneDrive/Escritorio/DEEPCEL/QuartusProject/ANeural_Network_power25_lowpower_light_q4_4/MKRVIDOR4000_top.v Line: 35
Warning (10034): Output port "oSDRAM_RASn" at MKRVIDOR4000_top.v(38) has no driver File: C:/Users/PC/OneDrive/Escritorio/DEEPCEL/QuartusProject/ANeural_Network_power25_lowpower_light_q4_4/MKRVIDOR4000_top.v Line: 38
Warning (10034): Output port "oSDRAM_WEn" at MKRVIDOR4000_top.v(39) has no driver File: C:/Users/PC/OneDrive/Escritorio/DEEPCEL/QuartusProject/ANeural_Network_power25_lowpower_light_q4_4/MKRVIDOR4000_top.v Line: 39
Warning (10034): Output port "oHDMI_CLK" at MKRVIDOR4000_top.v(98) has no driver File: C:/Users/PC/OneDrive/Escritorio/DEEPCEL/QuartusProject/ANeural_Network_power25_lowpower_light_q4_4/MKRVIDOR4000_top.v Line: 98
Warning (10034): Output port "oFLASH_SCK" at MKRVIDOR4000_top.v(113) has no driver File: C:/Users/PC/OneDrive/Escritorio/DEEPCEL/QuartusProject/ANeural_Network_power25_lowpower_light_q4_4/MKRVIDOR4000_top.v Line: 113
Warning (10034): Output port "oFLASH_CS" at MKRVIDOR4000_top.v(114) has no driver File: C:/Users/PC/OneDrive/Escritorio/DEEPCEL/QuartusProject/ANeural_Network_power25_lowpower_light_q4_4/MKRVIDOR4000_top.v Line: 114
Info (12128): Elaborating entity "SYSTEM_PLL" for hierarchy "SYSTEM_PLL:PLL_inst" File: C:/Users/PC/OneDrive/Escritorio/DEEPCEL/QuartusProject/ANeural_Network_power25_lowpower_light_q4_4/MKRVIDOR4000_top.v Line: 165
Info (12128): Elaborating entity "SYSTEM_PLL_altpll" for hierarchy "SYSTEM_PLL:PLL_inst|SYSTEM_PLL_altpll:altpll_component" File: C:/Users/PC/OneDrive/Escritorio/DEEPCEL/QuartusProject/ANeural_Network_power25_lowpower_light_q4_4/SYSTEM_PLL.v Line: 19
Info (12128): Elaborating entity "eco_nn_top" for hierarchy "eco_nn_top:uut" File: C:/Users/PC/OneDrive/Escritorio/DEEPCEL/QuartusProject/ANeural_Network_power25_lowpower_light_q4_4/MKRVIDOR4000_top.v Line: 190
Info (10008): Verilog HDL or VHDL information: EDA Netlist Writer cannot regroup multidimensional array "w_hidden_layer" into its bus
Info (10008): Verilog HDL or VHDL information: EDA Netlist Writer cannot regroup multidimensional array "w_output_layer" into its bus
Info (12128): Elaborating entity "neuron" for hierarchy "eco_nn_top:uut|neuron:hidden_layer[0].h_neuron" File: C:/Users/PC/OneDrive/Escritorio/DEEPCEL/QuartusProject/ANeural_Network_power25_lowpower_light_q4_4/eco_nn_top.v Line: 143
Info (12128): Elaborating entity "neuron" for hierarchy "eco_nn_top:uut|neuron:output_layer[0].final_neuron" File: C:/Users/PC/OneDrive/Escritorio/DEEPCEL/QuartusProject/ANeural_Network_power25_lowpower_light_q4_4/eco_nn_top.v Line: 168
Info (12128): Elaborating entity "jtag_interface" for hierarchy "jtag_interface:interfacejtag" File: C:/Users/PC/OneDrive/Escritorio/DEEPCEL/QuartusProject/ANeural_Network_power25_lowpower_light_q4_4/MKRVIDOR4000_top.v Line: 202
Info (12128): Elaborating entity "sld_virtual_jtag" for hierarchy "jtag_interface:interfacejtag|sld_virtual_jtag:jtag" File: C:/Users/PC/OneDrive/Escritorio/DEEPCEL/QuartusProject/ANeural_Network_power25_lowpower_light_q4_4/jtag_interface.v Line: 43
Info (12130): Elaborated megafunction instantiation "jtag_interface:interfacejtag|sld_virtual_jtag:jtag" File: C:/Users/PC/OneDrive/Escritorio/DEEPCEL/QuartusProject/ANeural_Network_power25_lowpower_light_q4_4/jtag_interface.v Line: 43
Info (12133): Instantiated megafunction "jtag_interface:interfacejtag|sld_virtual_jtag:jtag" with the following parameter: File: C:/Users/PC/OneDrive/Escritorio/DEEPCEL/QuartusProject/ANeural_Network_power25_lowpower_light_q4_4/jtag_interface.v Line: 43
    Info (12134): Parameter "sld_ir_width" = "7"
Info (12128): Elaborating entity "sld_virtual_jtag_basic" for hierarchy "jtag_interface:interfacejtag|sld_virtual_jtag:jtag|sld_virtual_jtag_basic:sld_virtual_jtag_basic_inst" File: c:/altera_lite/25.1std/quartus/libraries/megafunctions/sld_virtual_jtag.v Line: 152
Info (12131): Elaborated megafunction instantiation "jtag_interface:interfacejtag|sld_virtual_jtag:jtag|sld_virtual_jtag_basic:sld_virtual_jtag_basic_inst", which is child of megafunction instantiation "jtag_interface:interfacejtag|sld_virtual_jtag:jtag" File: c:/altera_lite/25.1std/quartus/libraries/megafunctions/sld_virtual_jtag.v Line: 152
Info (12128): Elaborating entity "sld_virtual_jtag_impl" for hierarchy "jtag_interface:interfacejtag|sld_virtual_jtag:jtag|sld_virtual_jtag_basic:sld_virtual_jtag_basic_inst|sld_virtual_jtag_impl:sld_virtual_jtag_impl_inst" File: c:/altera_lite/25.1std/quartus/libraries/megafunctions/sld_virtual_jtag_basic.v Line: 152
Info (12131): Elaborated megafunction instantiation "jtag_interface:interfacejtag|sld_virtual_jtag:jtag|sld_virtual_jtag_basic:sld_virtual_jtag_basic_inst|sld_virtual_jtag_impl:sld_virtual_jtag_impl_inst", which is child of megafunction instantiation "jtag_interface:interfacejtag|sld_virtual_jtag:jtag" File: c:/altera_lite/25.1std/quartus/libraries/megafunctions/sld_virtual_jtag_basic.v Line: 152
Info (12128): Elaborating entity "sld_jtag_endpoint_adapter" for hierarchy "jtag_interface:interfacejtag|sld_virtual_jtag:jtag|sld_virtual_jtag_basic:sld_virtual_jtag_basic_inst|sld_virtual_jtag_impl:sld_virtual_jtag_impl_inst|sld_jtag_endpoint_adapter:jtag_signal_adapter" File: c:/altera_lite/25.1std/quartus/libraries/megafunctions/sld_virtual_jtag_basic.v Line: 415
Info (12128): Elaborating entity "sld_jtag_endpoint_adapter_impl" for hierarchy "jtag_interface:interfacejtag|sld_virtual_jtag:jtag|sld_virtual_jtag_basic:sld_virtual_jtag_basic_inst|sld_virtual_jtag_impl:sld_virtual_jtag_impl_inst|sld_jtag_endpoint_adapter:jtag_signal_adapter|sld_jtag_endpoint_adapter_impl:sld_jtag_endpoint_adapter_impl_inst" File: c:/altera_lite/25.1std/quartus/libraries/megafunctions/sld_jtag_endpoint_adapter.vhd Line: 232
Info (12128): Elaborating entity "jtag_synchronizer" for hierarchy "jtag_interface:interfacejtag|jtag_synchronizer:jtag_sync" File: C:/Users/PC/OneDrive/Escritorio/DEEPCEL/QuartusProject/ANeural_Network_power25_lowpower_light_q4_4/jtag_interface.v Line: 63
Info (12128): Elaborating entity "synchronizer_basic" for hierarchy "jtag_interface:interfacejtag|jtag_synchronizer:jtag_sync|synchronizer_basic:inst6"
Info (12128): Elaborating entity "jtag_memory" for hierarchy "jtag_interface:interfacejtag|jtag_memory:memory" File: C:/Users/PC/OneDrive/Escritorio/DEEPCEL/QuartusProject/ANeural_Network_power25_lowpower_light_q4_4/jtag_interface.v Line: 83
Warning (10230): Verilog HDL assignment warning at jtag_memory.v(57): truncated value with size 32 to match size of target (3) File: C:/Users/PC/OneDrive/Escritorio/DEEPCEL/QuartusProject/ANeural_Network_power25_lowpower_light_q4_4/jtag_memory.v Line: 57
Info (11170): Starting IP generation for the debug fabric: alt_sld_fab.
Info (11172): 2026.09.08.15:44:42 Progress: Loading slda46de5ad/alt_sld_fab_wrapper_hw.tcl
Info (11172): Alt_sld_fab.alt_sld_fab: SLD fabric agents which did not specify prefer_host were connected to JTAG
Info (11172): Alt_sld_fab: Generating "alt_sld_fab" for QUARTUS_SYNTH
Info (11172): Alt_sld_fab: "alt_sld_fab" instantiated alt_sld_fab "alt_sld_fab"
Info (11172): Presplit: "alt_sld_fab" instantiated altera_super_splitter "presplit"
Info (11172): Splitter: "alt_sld_fab" instantiated altera_sld_splitter "splitter"
Info (11172): Sldfabric: "alt_sld_fab" instantiated altera_sld_jtag_hub "sldfabric"
Info (11172): Ident: "alt_sld_fab" instantiated altera_connection_identification_hub "ident"
Info (11172): Alt_sld_fab: Done "alt_sld_fab" with 6 modules, 6 files
Info (11171): Finished IP generation for the debug fabric: alt_sld_fab.
Info (12021): Found 1 design units, including 1 entities, in source file db/ip/slda46de5ad/alt_sld_fab.v
    Info (12023): Found entity 1: alt_sld_fab File: C:/Users/PC/OneDrive/Escritorio/DEEPCEL/QuartusProject/ANeural_Network_power25_lowpower_light_q4_4/db/ip/slda46de5ad/alt_sld_fab.v Line: 9
Info (12021): Found 1 design units, including 1 entities, in source file db/ip/slda46de5ad/submodules/alt_sld_fab_alt_sld_fab.v
    Info (12023): Found entity 1: alt_sld_fab_alt_sld_fab File: C:/Users/PC/OneDrive/Escritorio/DEEPCEL/QuartusProject/ANeural_Network_power25_lowpower_light_q4_4/db/ip/slda46de5ad/submodules/alt_sld_fab_alt_sld_fab.v Line: 9
Info (12021): Found 1 design units, including 1 entities, in source file db/ip/slda46de5ad/submodules/alt_sld_fab_alt_sld_fab_ident.sv
    Info (12023): Found entity 1: alt_sld_fab_alt_sld_fab_ident File: C:/Users/PC/OneDrive/Escritorio/DEEPCEL/QuartusProject/ANeural_Network_power25_lowpower_light_q4_4/db/ip/slda46de5ad/submodules/alt_sld_fab_alt_sld_fab_ident.sv Line: 33
Info (12021): Found 1 design units, including 1 entities, in source file db/ip/slda46de5ad/submodules/alt_sld_fab_alt_sld_fab_presplit.sv
    Info (12023): Found entity 1: alt_sld_fab_alt_sld_fab_presplit File: C:/Users/PC/OneDrive/Escritorio/DEEPCEL/QuartusProject/ANeural_Network_power25_lowpower_light_q4_4/db/ip/slda46de5ad/submodules/alt_sld_fab_alt_sld_fab_presplit.sv Line: 3
Info (12021): Found 2 design units, including 1 entities, in source file db/ip/slda46de5ad/submodules/alt_sld_fab_alt_sld_fab_sldfabric.vhd
    Info (12022): Found design unit 1: alt_sld_fab_alt_sld_fab_sldfabric-rtl File: C:/Users/PC/OneDrive/Escritorio/DEEPCEL/QuartusProject/ANeural_Network_power25_lowpower_light_q4_4/db/ip/slda46de5ad/submodules/alt_sld_fab_alt_sld_fab_sldfabric.vhd Line: 102
    Info (12023): Found entity 1: alt_sld_fab_alt_sld_fab_sldfabric File: C:/Users/PC/OneDrive/Escritorio/DEEPCEL/QuartusProject/ANeural_Network_power25_lowpower_light_q4_4/db/ip/slda46de5ad/submodules/alt_sld_fab_alt_sld_fab_sldfabric.vhd Line: 11
Info (12021): Found 1 design units, including 1 entities, in source file db/ip/slda46de5ad/submodules/alt_sld_fab_alt_sld_fab_splitter.sv
    Info (12023): Found entity 1: alt_sld_fab_alt_sld_fab_splitter File: C:/Users/PC/OneDrive/Escritorio/DEEPCEL/QuartusProject/ANeural_Network_power25_lowpower_light_q4_4/db/ip/slda46de5ad/submodules/alt_sld_fab_alt_sld_fab_splitter.sv Line: 3
Info (278001): Inferred 76 megafunctions from design logic
    Info (278003): Inferred multiplier megafunction ("lpm_mult") from the following logic: "eco_nn_top:uut|neuron:output_layer[0].final_neuron|Mult15" File: C:/Users/PC/OneDrive/Escritorio/DEEPCEL/QuartusProject/ANeural_Network_power25_lowpower_light_q4_4/neuron.v Line: 22
    Info (278003): Inferred multiplier megafunction ("lpm_mult") from the following logic: "eco_nn_top:uut|neuron:output_layer[0].final_neuron|Mult2" File: C:/Users/PC/OneDrive/Escritorio/DEEPCEL/QuartusProject/ANeural_Network_power25_lowpower_light_q4_4/neuron.v Line: 22
    Info (278003): Inferred multiplier megafunction ("lpm_mult") from the following logic: "eco_nn_top:uut|neuron:output_layer[0].final_neuron|Mult14" File: C:/Users/PC/OneDrive/Escritorio/DEEPCEL/QuartusProject/ANeural_Network_power25_lowpower_light_q4_4/neuron.v Line: 22
    Info (278003): Inferred multiplier megafunction ("lpm_mult") from the following logic: "eco_nn_top:uut|neuron:output_layer[0].final_neuron|Mult11" File: C:/Users/PC/OneDrive/Escritorio/DEEPCEL/QuartusProject/ANeural_Network_power25_lowpower_light_q4_4/neuron.v Line: 22
    Info (278003): Inferred multiplier megafunction ("lpm_mult") from the following logic: "eco_nn_top:uut|neuron:output_layer[1].final_neuron|Mult5" File: C:/Users/PC/OneDrive/Escritorio/DEEPCEL/QuartusProject/ANeural_Network_power25_lowpower_light_q4_4/neuron.v Line: 22
    Info (278003): Inferred multiplier megafunction ("lpm_mult") from the following logic: "eco_nn_top:uut|neuron:output_layer[1].final_neuron|Mult7" File: C:/Users/PC/OneDrive/Escritorio/DEEPCEL/QuartusProject/ANeural_Network_power25_lowpower_light_q4_4/neuron.v Line: 22
    Info (278003): Inferred multiplier megafunction ("lpm_mult") from the following logic: "eco_nn_top:uut|neuron:output_layer[1].final_neuron|Mult8" File: C:/Users/PC/OneDrive/Escritorio/DEEPCEL/QuartusProject/ANeural_Network_power25_lowpower_light_q4_4/neuron.v Line: 22
    Info (278003): Inferred multiplier megafunction ("lpm_mult") from the following logic: "eco_nn_top:uut|neuron:output_layer[1].final_neuron|Mult10" File: C:/Users/PC/OneDrive/Escritorio/DEEPCEL/QuartusProject/ANeural_Network_power25_lowpower_light_q4_4/neuron.v Line: 22
    Info (278003): Inferred multiplier megafunction ("lpm_mult") from the following logic: "eco_nn_top:uut|neuron:output_layer[1].final_neuron|Mult13" File: C:/Users/PC/OneDrive/Escritorio/DEEPCEL/QuartusProject/ANeural_Network_power25_lowpower_light_q4_4/neuron.v Line: 22
    Info (278003): Inferred multiplier megafunction ("lpm_mult") from the following logic: "eco_nn_top:uut|neuron:output_layer[1].final_neuron|Mult14" File: C:/Users/PC/OneDrive/Escritorio/DEEPCEL/QuartusProject/ANeural_Network_power25_lowpower_light_q4_4/neuron.v Line: 22
    Info (278003): Inferred multiplier megafunction ("lpm_mult") from the following logic: "eco_nn_top:uut|neuron:output_layer[1].final_neuron|Mult3" File: C:/Users/PC/OneDrive/Escritorio/DEEPCEL/QuartusProject/ANeural_Network_power25_lowpower_light_q4_4/neuron.v Line: 22
    Info (278003): Inferred multiplier megafunction ("lpm_mult") from the following logic: "eco_nn_top:uut|neuron:output_layer[1].final_neuron|Mult4" File: C:/Users/PC/OneDrive/Escritorio/DEEPCEL/QuartusProject/ANeural_Network_power25_lowpower_light_q4_4/neuron.v Line: 22
    Info (278003): Inferred multiplier megafunction ("lpm_mult") from the following logic: "eco_nn_top:uut|neuron:output_layer[1].final_neuron|Mult0" File: C:/Users/PC/OneDrive/Escritorio/DEEPCEL/QuartusProject/ANeural_Network_power25_lowpower_light_q4_4/neuron.v Line: 22
    Info (278003): Inferred multiplier megafunction ("lpm_mult") from the following logic: "eco_nn_top:uut|neuron:output_layer[1].final_neuron|Mult1" File: C:/Users/PC/OneDrive/Escritorio/DEEPCEL/QuartusProject/ANeural_Network_power25_lowpower_light_q4_4/neuron.v Line: 22
    Info (278003): Inferred multiplier megafunction ("lpm_mult") from the following logic: "eco_nn_top:uut|neuron:output_layer[0].final_neuron|Mult0" File: C:/Users/PC/OneDrive/Escritorio/DEEPCEL/QuartusProject/ANeural_Network_power25_lowpower_light_q4_4/neuron.v Line: 22
    Info (278003): Inferred multiplier megafunction ("lpm_mult") from the following logic: "eco_nn_top:uut|neuron:output_layer[0].final_neuron|Mult1" File: C:/Users/PC/OneDrive/Escritorio/DEEPCEL/QuartusProject/ANeural_Network_power25_lowpower_light_q4_4/neuron.v Line: 22
    Info (278003): Inferred multiplier megafunction ("lpm_mult") from the following logic: "eco_nn_top:uut|neuron:output_layer[0].final_neuron|Mult3" File: C:/Users/PC/OneDrive/Escritorio/DEEPCEL/QuartusProject/ANeural_Network_power25_lowpower_light_q4_4/neuron.v Line: 22
    Info (278003): Inferred multiplier megafunction ("lpm_mult") from the following logic: "eco_nn_top:uut|neuron:output_layer[0].final_neuron|Mult7" File: C:/Users/PC/OneDrive/Escritorio/DEEPCEL/QuartusProject/ANeural_Network_power25_lowpower_light_q4_4/neuron.v Line: 22
    Info (278003): Inferred multiplier megafunction ("lpm_mult") from the following logic: "eco_nn_top:uut|neuron:output_layer[0].final_neuron|Mult8" File: C:/Users/PC/OneDrive/Escritorio/DEEPCEL/QuartusProject/ANeural_Network_power25_lowpower_light_q4_4/neuron.v Line: 22
    Info (278003): Inferred multiplier megafunction ("lpm_mult") from the following logic: "eco_nn_top:uut|neuron:output_layer[0].final_neuron|Mult9" File: C:/Users/PC/OneDrive/Escritorio/DEEPCEL/QuartusProject/ANeural_Network_power25_lowpower_light_q4_4/neuron.v Line: 22
    Info (278003): Inferred multiplier megafunction ("lpm_mult") from the following logic: "eco_nn_top:uut|neuron:hidden_layer[2].h_neuron|Mult2" File: C:/Users/PC/OneDrive/Escritorio/DEEPCEL/QuartusProject/ANeural_Network_power25_lowpower_light_q4_4/neuron.v Line: 22
    Info (278003): Inferred multiplier megafunction ("lpm_mult") from the following logic: "eco_nn_top:uut|neuron:hidden_layer[0].h_neuron|Mult6" File: C:/Users/PC/OneDrive/Escritorio/DEEPCEL/QuartusProject/ANeural_Network_power25_lowpower_light_q4_4/neuron.v Line: 22
    Info (278003): Inferred multiplier megafunction ("lpm_mult") from the following logic: "eco_nn_top:uut|neuron:hidden_layer[4].h_neuron|Mult2" File: C:/Users/PC/OneDrive/Escritorio/DEEPCEL/QuartusProject/ANeural_Network_power25_lowpower_light_q4_4/neuron.v Line: 22
    Info (278003): Inferred multiplier megafunction ("lpm_mult") from the following logic: "eco_nn_top:uut|neuron:hidden_layer[15].h_neuron|Mult3" File: C:/Users/PC/OneDrive/Escritorio/DEEPCEL/QuartusProject/ANeural_Network_power25_lowpower_light_q4_4/neuron.v Line: 22
    Info (278003): Inferred multiplier megafunction ("lpm_mult") from the following logic: "eco_nn_top:uut|neuron:hidden_layer[4].h_neuron|Mult7" File: C:/Users/PC/OneDrive/Escritorio/DEEPCEL/QuartusProject/ANeural_Network_power25_lowpower_light_q4_4/neuron.v Line: 22
    Info (278003): Inferred multiplier megafunction ("lpm_mult") from the following logic: "eco_nn_top:uut|neuron:hidden_layer[14].h_neuron|Mult6" File: C:/Users/PC/OneDrive/Escritorio/DEEPCEL/QuartusProject/ANeural_Network_power25_lowpower_light_q4_4/neuron.v Line: 22
    Info (278003): Inferred multiplier megafunction ("lpm_mult") from the following logic: "eco_nn_top:uut|neuron:hidden_layer[15].h_neuron|Mult1" File: C:/Users/PC/OneDrive/Escritorio/DEEPCEL/QuartusProject/ANeural_Network_power25_lowpower_light_q4_4/neuron.v Line: 22
    Info (278003): Inferred multiplier megafunction ("lpm_mult") from the following logic: "eco_nn_top:uut|neuron:hidden_layer[0].h_neuron|Mult5" File: C:/Users/PC/OneDrive/Escritorio/DEEPCEL/QuartusProject/ANeural_Network_power25_lowpower_light_q4_4/neuron.v Line: 22
    Info (278003): Inferred multiplier megafunction ("lpm_mult") from the following logic: "eco_nn_top:uut|neuron:hidden_layer[13].h_neuron|Mult3" File: C:/Users/PC/OneDrive/Escritorio/DEEPCEL/QuartusProject/ANeural_Network_power25_lowpower_light_q4_4/neuron.v Line: 22
    Info (278003): Inferred multiplier megafunction ("lpm_mult") from the following logic: "eco_nn_top:uut|neuron:hidden_layer[1].h_neuron|Mult3" File: C:/Users/PC/OneDrive/Escritorio/DEEPCEL/QuartusProject/ANeural_Network_power25_lowpower_light_q4_4/neuron.v Line: 22
    Info (278003): Inferred multiplier megafunction ("lpm_mult") from the following logic: "eco_nn_top:uut|neuron:hidden_layer[3].h_neuron|Mult2" File: C:/Users/PC/OneDrive/Escritorio/DEEPCEL/QuartusProject/ANeural_Network_power25_lowpower_light_q4_4/neuron.v Line: 22
    Info (278003): Inferred multiplier megafunction ("lpm_mult") from the following logic: "eco_nn_top:uut|neuron:hidden_layer[11].h_neuron|Mult7" File: C:/Users/PC/OneDrive/Escritorio/DEEPCEL/QuartusProject/ANeural_Network_power25_lowpower_light_q4_4/neuron.v Line: 22
    Info (278003): Inferred multiplier megafunction ("lpm_mult") from the following logic: "eco_nn_top:uut|neuron:hidden_layer[9].h_neuron|Mult5" File: C:/Users/PC/OneDrive/Escritorio/DEEPCEL/QuartusProject/ANeural_Network_power25_lowpower_light_q4_4/neuron.v Line: 22
    Info (278003): Inferred multiplier megafunction ("lpm_mult") from the following logic: "eco_nn_top:uut|neuron:hidden_layer[1].h_neuron|Mult6" File: C:/Users/PC/OneDrive/Escritorio/DEEPCEL/QuartusProject/ANeural_Network_power25_lowpower_light_q4_4/neuron.v Line: 22
    Info (278003): Inferred multiplier megafunction ("lpm_mult") from the following logic: "eco_nn_top:uut|neuron:hidden_layer[7].h_neuron|Mult7" File: C:/Users/PC/OneDrive/Escritorio/DEEPCEL/QuartusProject/ANeural_Network_power25_lowpower_light_q4_4/neuron.v Line: 22
    Info (278003): Inferred multiplier megafunction ("lpm_mult") from the following logic: "eco_nn_top:uut|neuron:hidden_layer[9].h_neuron|Mult6" File: C:/Users/PC/OneDrive/Escritorio/DEEPCEL/QuartusProject/ANeural_Network_power25_lowpower_light_q4_4/neuron.v Line: 22
    Info (278003): Inferred multiplier megafunction ("lpm_mult") from the following logic: "eco_nn_top:uut|neuron:hidden_layer[14].h_neuron|Mult0" File: C:/Users/PC/OneDrive/Escritorio/DEEPCEL/QuartusProject/ANeural_Network_power25_lowpower_light_q4_4/neuron.v Line: 22
    Info (278003): Inferred multiplier megafunction ("lpm_mult") from the following logic: "eco_nn_top:uut|neuron:hidden_layer[0].h_neuron|Mult1" File: C:/Users/PC/OneDrive/Escritorio/DEEPCEL/QuartusProject/ANeural_Network_power25_lowpower_light_q4_4/neuron.v Line: 22
    Info (278003): Inferred multiplier megafunction ("lpm_mult") from the following logic: "eco_nn_top:uut|neuron:hidden_layer[3].h_neuron|Mult3" File: C:/Users/PC/OneDrive/Escritorio/DEEPCEL/QuartusProject/ANeural_Network_power25_lowpower_light_q4_4/neuron.v Line: 22
    Info (278003): Inferred multiplier megafunction ("lpm_mult") from the following logic: "eco_nn_top:uut|neuron:hidden_layer[0].h_neuron|Mult2" File: C:/Users/PC/OneDrive/Escritorio/DEEPCEL/QuartusProject/ANeural_Network_power25_lowpower_light_q4_4/neuron.v Line: 22
    Info (278003): Inferred multiplier megafunction ("lpm_mult") from the following logic: "eco_nn_top:uut|neuron:hidden_layer[0].h_neuron|Mult7" File: C:/Users/PC/OneDrive/Escritorio/DEEPCEL/QuartusProject/ANeural_Network_power25_lowpower_light_q4_4/neuron.v Line: 22
    Info (278003): Inferred multiplier megafunction ("lpm_mult") from the following logic: "eco_nn_top:uut|neuron:hidden_layer[1].h_neuron|Mult7" File: C:/Users/PC/OneDrive/Escritorio/DEEPCEL/QuartusProject/ANeural_Network_power25_lowpower_light_q4_4/neuron.v Line: 22
    Info (278003): Inferred multiplier megafunction ("lpm_mult") from the following logic: "eco_nn_top:uut|neuron:hidden_layer[1].h_neuron|Mult2" File: C:/Users/PC/OneDrive/Escritorio/DEEPCEL/QuartusProject/ANeural_Network_power25_lowpower_light_q4_4/neuron.v Line: 22
    Info (278003): Inferred multiplier megafunction ("lpm_mult") from the following logic: "eco_nn_top:uut|neuron:hidden_layer[2].h_neuron|Mult0" File: C:/Users/PC/OneDrive/Escritorio/DEEPCEL/QuartusProject/ANeural_Network_power25_lowpower_light_q4_4/neuron.v Line: 22
    Info (278003): Inferred multiplier megafunction ("lpm_mult") from the following logic: "eco_nn_top:uut|neuron:hidden_layer[3].h_neuron|Mult1" File: C:/Users/PC/OneDrive/Escritorio/DEEPCEL/QuartusProject/ANeural_Network_power25_lowpower_light_q4_4/neuron.v Line: 22
    Info (278003): Inferred multiplier megafunction ("lpm_mult") from the following logic: "eco_nn_top:uut|neuron:hidden_layer[8].h_neuron|Mult4" File: C:/Users/PC/OneDrive/Escritorio/DEEPCEL/QuartusProject/ANeural_Network_power25_lowpower_light_q4_4/neuron.v Line: 22
    Info (278003): Inferred multiplier megafunction ("lpm_mult") from the following logic: "eco_nn_top:uut|neuron:hidden_layer[5].h_neuron|Mult2" File: C:/Users/PC/OneDrive/Escritorio/DEEPCEL/QuartusProject/ANeural_Network_power25_lowpower_light_q4_4/neuron.v Line: 22
    Info (278003): Inferred multiplier megafunction ("lpm_mult") from the following logic: "eco_nn_top:uut|neuron:hidden_layer[14].h_neuron|Mult5" File: C:/Users/PC/OneDrive/Escritorio/DEEPCEL/QuartusProject/ANeural_Network_power25_lowpower_light_q4_4/neuron.v Line: 22
    Info (278003): Inferred multiplier megafunction ("lpm_mult") from the following logic: "eco_nn_top:uut|neuron:hidden_layer[1].h_neuron|Mult4" File: C:/Users/PC/OneDrive/Escritorio/DEEPCEL/QuartusProject/ANeural_Network_power25_lowpower_light_q4_4/neuron.v Line: 22
    Info (278003): Inferred multiplier megafunction ("lpm_mult") from the following logic: "eco_nn_top:uut|neuron:hidden_layer[13].h_neuron|Mult7" File: C:/Users/PC/OneDrive/Escritorio/DEEPCEL/QuartusProject/ANeural_Network_power25_lowpower_light_q4_4/neuron.v Line: 22
    Info (278003): Inferred multiplier megafunction ("lpm_mult") from the following logic: "eco_nn_top:uut|neuron:hidden_layer[13].h_neuron|Mult1" File: C:/Users/PC/OneDrive/Escritorio/DEEPCEL/QuartusProject/ANeural_Network_power25_lowpower_light_q4_4/neuron.v Line: 22
    Info (278003): Inferred multiplier megafunction ("lpm_mult") from the following logic: "eco_nn_top:uut|neuron:hidden_layer[13].h_neuron|Mult2" File: C:/Users/PC/OneDrive/Escritorio/DEEPCEL/QuartusProject/ANeural_Network_power25_lowpower_light_q4_4/neuron.v Line: 22
    Info (278003): Inferred multiplier megafunction ("lpm_mult") from the following logic: "eco_nn_top:uut|neuron:hidden_layer[14].h_neuron|Mult4" File: C:/Users/PC/OneDrive/Escritorio/DEEPCEL/QuartusProject/ANeural_Network_power25_lowpower_light_q4_4/neuron.v Line: 22
    Info (278003): Inferred multiplier megafunction ("lpm_mult") from the following logic: "eco_nn_top:uut|neuron:hidden_layer[8].h_neuron|Mult5" File: C:/Users/PC/OneDrive/Escritorio/DEEPCEL/QuartusProject/ANeural_Network_power25_lowpower_light_q4_4/neuron.v Line: 22
    Info (278003): Inferred multiplier megafunction ("lpm_mult") from the following logic: "eco_nn_top:uut|neuron:hidden_layer[7].h_neuron|Mult3" File: C:/Users/PC/OneDrive/Escritorio/DEEPCEL/QuartusProject/ANeural_Network_power25_lowpower_light_q4_4/neuron.v Line: 22
    Info (278003): Inferred multiplier megafunction ("lpm_mult") from the following logic: "eco_nn_top:uut|neuron:hidden_layer[4].h_neuron|Mult4" File: C:/Users/PC/OneDrive/Escritorio/DEEPCEL/QuartusProject/ANeural_Network_power25_lowpower_light_q4_4/neuron.v Line: 22
    Info (278003): Inferred multiplier megafunction ("lpm_mult") from the following logic: "eco_nn_top:uut|neuron:hidden_layer[8].h_neuron|Mult6" File: C:/Users/PC/OneDrive/Escritorio/DEEPCEL/QuartusProject/ANeural_Network_power25_lowpower_light_q4_4/neuron.v Line: 22
    Info (278003): Inferred multiplier megafunction ("lpm_mult") from the following logic: "eco_nn_top:uut|neuron:hidden_layer[9].h_neuron|Mult3" File: C:/Users/PC/OneDrive/Escritorio/DEEPCEL/QuartusProject/ANeural_Network_power25_lowpower_light_q4_4/neuron.v Line: 22
    Info (278003): Inferred multiplier megafunction ("lpm_mult") from the following logic: "eco_nn_top:uut|neuron:hidden_layer[4].h_neuron|Mult5" File: C:/Users/PC/OneDrive/Escritorio/DEEPCEL/QuartusProject/ANeural_Network_power25_lowpower_light_q4_4/neuron.v Line: 22
    Info (278003): Inferred multiplier megafunction ("lpm_mult") from the following logic: "eco_nn_top:uut|neuron:hidden_layer[12].h_neuron|Mult3" File: C:/Users/PC/OneDrive/Escritorio/DEEPCEL/QuartusProject/ANeural_Network_power25_lowpower_light_q4_4/neuron.v Line: 22
    Info (278003): Inferred multiplier megafunction ("lpm_mult") from the following logic: "eco_nn_top:uut|neuron:hidden_layer[12].h_neuron|Mult4" File: C:/Users/PC/OneDrive/Escritorio/DEEPCEL/QuartusProject/ANeural_Network_power25_lowpower_light_q4_4/neuron.v Line: 22
    Info (278003): Inferred multiplier megafunction ("lpm_mult") from the following logic: "eco_nn_top:uut|neuron:hidden_layer[3].h_neuron|Mult4" File: C:/Users/PC/OneDrive/Escritorio/DEEPCEL/QuartusProject/ANeural_Network_power25_lowpower_light_q4_4/neuron.v Line: 22
    Info (278003): Inferred multiplier megafunction ("lpm_mult") from the following logic: "eco_nn_top:uut|neuron:hidden_layer[3].h_neuron|Mult7" File: C:/Users/PC/OneDrive/Escritorio/DEEPCEL/QuartusProject/ANeural_Network_power25_lowpower_light_q4_4/neuron.v Line: 22
    Info (278003): Inferred multiplier megafunction ("lpm_mult") from the following logic: "eco_nn_top:uut|neuron:hidden_layer[4].h_neuron|Mult1" File: C:/Users/PC/OneDrive/Escritorio/DEEPCEL/QuartusProject/ANeural_Network_power25_lowpower_light_q4_4/neuron.v Line: 22
    Info (278003): Inferred multiplier megafunction ("lpm_mult") from the following logic: "eco_nn_top:uut|neuron:hidden_layer[5].h_neuron|Mult1" File: C:/Users/PC/OneDrive/Escritorio/DEEPCEL/QuartusProject/ANeural_Network_power25_lowpower_light_q4_4/neuron.v Line: 22
    Info (278003): Inferred multiplier megafunction ("lpm_mult") from the following logic: "eco_nn_top:uut|neuron:hidden_layer[14].h_neuron|Mult1" File: C:/Users/PC/OneDrive/Escritorio/DEEPCEL/QuartusProject/ANeural_Network_power25_lowpower_light_q4_4/neuron.v Line: 22
    Info (278003): Inferred multiplier megafunction ("lpm_mult") from the following logic: "eco_nn_top:uut|neuron:hidden_layer[11].h_neuron|Mult1" File: C:/Users/PC/OneDrive/Escritorio/DEEPCEL/QuartusProject/ANeural_Network_power25_lowpower_light_q4_4/neuron.v Line: 22
    Info (278003): Inferred multiplier megafunction ("lpm_mult") from the following logic: "eco_nn_top:uut|neuron:hidden_layer[11].h_neuron|Mult3" File: C:/Users/PC/OneDrive/Escritorio/DEEPCEL/QuartusProject/ANeural_Network_power25_lowpower_light_q4_4/neuron.v Line: 22
    Info (278003): Inferred multiplier megafunction ("lpm_mult") from the following logic: "eco_nn_top:uut|neuron:hidden_layer[6].h_neuron|Mult0" File: C:/Users/PC/OneDrive/Escritorio/DEEPCEL/QuartusProject/ANeural_Network_power25_lowpower_light_q4_4/neuron.v Line: 22
    Info (278003): Inferred multiplier megafunction ("lpm_mult") from the following logic: "eco_nn_top:uut|neuron:hidden_layer[1].h_neuron|Mult0" File: C:/Users/PC/OneDrive/Escritorio/DEEPCEL/QuartusProject/ANeural_Network_power25_lowpower_light_q4_4/neuron.v Line: 22
    Info (278003): Inferred multiplier megafunction ("lpm_mult") from the following logic: "eco_nn_top:uut|neuron:hidden_layer[10].h_neuron|Mult1" File: C:/Users/PC/OneDrive/Escritorio/DEEPCEL/QuartusProject/ANeural_Network_power25_lowpower_light_q4_4/neuron.v Line: 22
    Info (278003): Inferred multiplier megafunction ("lpm_mult") from the following logic: "eco_nn_top:uut|neuron:hidden_layer[4].h_neuron|Mult6" File: C:/Users/PC/OneDrive/Escritorio/DEEPCEL/QuartusProject/ANeural_Network_power25_lowpower_light_q4_4/neuron.v Line: 22
    Info (278003): Inferred multiplier megafunction ("lpm_mult") from the following logic: "eco_nn_top:uut|neuron:hidden_layer[4].h_neuron|Mult3" File: C:/Users/PC/OneDrive/Escritorio/DEEPCEL/QuartusProject/ANeural_Network_power25_lowpower_light_q4_4/neuron.v Line: 22
    Info (278003): Inferred multiplier megafunction ("lpm_mult") from the following logic: "eco_nn_top:uut|neuron:hidden_layer[0].h_neuron|Mult0" File: C:/Users/PC/OneDrive/Escritorio/DEEPCEL/QuartusProject/ANeural_Network_power25_lowpower_light_q4_4/neuron.v Line: 22
    Info (278003): Inferred multiplier megafunction ("lpm_mult") from the following logic: "eco_nn_top:uut|neuron:hidden_layer[0].h_neuron|Mult4" File: C:/Users/PC/OneDrive/Escritorio/DEEPCEL/QuartusProject/ANeural_Network_power25_lowpower_light_q4_4/neuron.v Line: 22
    Info (278003): Inferred multiplier megafunction ("lpm_mult") from the following logic: "eco_nn_top:uut|neuron:hidden_layer[1].h_neuron|Mult5" File: C:/Users/PC/OneDrive/Escritorio/DEEPCEL/QuartusProject/ANeural_Network_power25_lowpower_light_q4_4/neuron.v Line: 22
Info (12130): Elaborated megafunction instantiation "eco_nn_top:uut|neuron:output_layer[0].final_neuron|lpm_mult:Mult15" File: C:/Users/PC/OneDrive/Escritorio/DEEPCEL/QuartusProject/ANeural_Network_power25_lowpower_light_q4_4/neuron.v Line: 22
Info (12133): Instantiated megafunction "eco_nn_top:uut|neuron:output_layer[0].final_neuron|lpm_mult:Mult15" with the following parameter: File: C:/Users/PC/OneDrive/Escritorio/DEEPCEL/QuartusProject/ANeural_Network_power25_lowpower_light_q4_4/neuron.v Line: 22
    Info (12134): Parameter "LPM_WIDTHA" = "8"
    Info (12134): Parameter "LPM_WIDTHB" = "4"
    Info (12134): Parameter "LPM_WIDTHP" = "12"
    Info (12134): Parameter "LPM_WIDTHR" = "12"
    Info (12134): Parameter "LPM_WIDTHS" = "1"
    Info (12134): Parameter "LPM_REPRESENTATION" = "SIGNED"
    Info (12134): Parameter "INPUT_A_IS_CONSTANT" = "NO"
    Info (12134): Parameter "INPUT_B_IS_CONSTANT" = "YES"
    Info (12134): Parameter "MAXIMIZE_SPEED" = "5"
Info (12131): Elaborated megafunction instantiation "eco_nn_top:uut|neuron:output_layer[0].final_neuron|lpm_mult:Mult15|multcore:mult_core", which is child of megafunction instantiation "eco_nn_top:uut|neuron:output_layer[0].final_neuron|lpm_mult:Mult15" File: c:/altera_lite/25.1std/quartus/libraries/megafunctions/lpm_mult.tdf Line: 309
Info (12131): Elaborated megafunction instantiation "eco_nn_top:uut|neuron:output_layer[0].final_neuron|lpm_mult:Mult15|multcore:mult_core|mpar_add:padder", which is child of megafunction instantiation "eco_nn_top:uut|neuron:output_layer[0].final_neuron|lpm_mult:Mult15" File: c:/altera_lite/25.1std/quartus/libraries/megafunctions/multcore.tdf Line: 229
Info (12131): Elaborated megafunction instantiation "eco_nn_top:uut|neuron:output_layer[0].final_neuron|lpm_mult:Mult15|multcore:mult_core|mpar_add:padder|lpm_add_sub:adder[0]", which is child of megafunction instantiation "eco_nn_top:uut|neuron:output_layer[0].final_neuron|lpm_mult:Mult15" File: c:/altera_lite/25.1std/quartus/libraries/megafunctions/mpar_add.tdf Line: 115
Info (12021): Found 1 design units, including 1 entities, in source file db/add_sub_qih.tdf
    Info (12023): Found entity 1: add_sub_qih File: C:/Users/PC/OneDrive/Escritorio/DEEPCEL/QuartusProject/ANeural_Network_power25_lowpower_light_q4_4/db/add_sub_qih.tdf Line: 23
Info (12131): Elaborated megafunction instantiation "eco_nn_top:uut|neuron:output_layer[0].final_neuron|lpm_mult:Mult15|altshift:external_latency_ffs", which is child of megafunction instantiation "eco_nn_top:uut|neuron:output_layer[0].final_neuron|lpm_mult:Mult15" File: c:/altera_lite/25.1std/quartus/libraries/megafunctions/lpm_mult.tdf Line: 352
Info (12130): Elaborated megafunction instantiation "eco_nn_top:uut|neuron:output_layer[0].final_neuron|lpm_mult:Mult2" File: C:/Users/PC/OneDrive/Escritorio/DEEPCEL/QuartusProject/ANeural_Network_power25_lowpower_light_q4_4/neuron.v Line: 22
Info (12133): Instantiated megafunction "eco_nn_top:uut|neuron:output_layer[0].final_neuron|lpm_mult:Mult2" with the following parameter: File: C:/Users/PC/OneDrive/Escritorio/DEEPCEL/QuartusProject/ANeural_Network_power25_lowpower_light_q4_4/neuron.v Line: 22
    Info (12134): Parameter "LPM_WIDTHA" = "8"
    Info (12134): Parameter "LPM_WIDTHB" = "4"
    Info (12134): Parameter "LPM_WIDTHP" = "12"
    Info (12134): Parameter "LPM_WIDTHR" = "12"
    Info (12134): Parameter "LPM_WIDTHS" = "1"
    Info (12134): Parameter "LPM_REPRESENTATION" = "SIGNED"
    Info (12134): Parameter "INPUT_A_IS_CONSTANT" = "NO"
    Info (12134): Parameter "INPUT_B_IS_CONSTANT" = "YES"
    Info (12134): Parameter "MAXIMIZE_SPEED" = "5"
Info (12130): Elaborated megafunction instantiation "eco_nn_top:uut|neuron:output_layer[0].final_neuron|lpm_mult:Mult14" File: C:/Users/PC/OneDrive/Escritorio/DEEPCEL/QuartusProject/ANeural_Network_power25_lowpower_light_q4_4/neuron.v Line: 22
Info (12133): Instantiated megafunction "eco_nn_top:uut|neuron:output_layer[0].final_neuron|lpm_mult:Mult14" with the following parameter: File: C:/Users/PC/OneDrive/Escritorio/DEEPCEL/QuartusProject/ANeural_Network_power25_lowpower_light_q4_4/neuron.v Line: 22
    Info (12134): Parameter "LPM_WIDTHA" = "8"
    Info (12134): Parameter "LPM_WIDTHB" = "5"
    Info (12134): Parameter "LPM_WIDTHP" = "13"
    Info (12134): Parameter "LPM_WIDTHR" = "13"
    Info (12134): Parameter "LPM_WIDTHS" = "1"
    Info (12134): Parameter "LPM_REPRESENTATION" = "SIGNED"
    Info (12134): Parameter "INPUT_A_IS_CONSTANT" = "NO"
    Info (12134): Parameter "INPUT_B_IS_CONSTANT" = "YES"
    Info (12134): Parameter "MAXIMIZE_SPEED" = "5"
Info (12131): Elaborated megafunction instantiation "eco_nn_top:uut|neuron:output_layer[0].final_neuron|lpm_mult:Mult14|multcore:mult_core", which is child of megafunction instantiation "eco_nn_top:uut|neuron:output_layer[0].final_neuron|lpm_mult:Mult14" File: c:/altera_lite/25.1std/quartus/libraries/megafunctions/lpm_mult.tdf Line: 309
Info (12131): Elaborated megafunction instantiation "eco_nn_top:uut|neuron:output_layer[0].final_neuron|lpm_mult:Mult14|multcore:mult_core|mpar_add:padder", which is child of megafunction instantiation "eco_nn_top:uut|neuron:output_layer[0].final_neuron|lpm_mult:Mult14" File: c:/altera_lite/25.1std/quartus/libraries/megafunctions/multcore.tdf Line: 229
Info (12131): Elaborated megafunction instantiation "eco_nn_top:uut|neuron:output_layer[0].final_neuron|lpm_mult:Mult14|multcore:mult_core|mpar_add:padder|lpm_add_sub:adder[0]", which is child of megafunction instantiation "eco_nn_top:uut|neuron:output_layer[0].final_neuron|lpm_mult:Mult14" File: c:/altera_lite/25.1std/quartus/libraries/megafunctions/mpar_add.tdf Line: 115
Info (12021): Found 1 design units, including 1 entities, in source file db/add_sub_rih.tdf
    Info (12023): Found entity 1: add_sub_rih File: C:/Users/PC/OneDrive/Escritorio/DEEPCEL/QuartusProject/ANeural_Network_power25_lowpower_light_q4_4/db/add_sub_rih.tdf Line: 23
Info (12131): Elaborated megafunction instantiation "eco_nn_top:uut|neuron:output_layer[0].final_neuron|lpm_mult:Mult14|altshift:external_latency_ffs", which is child of megafunction instantiation "eco_nn_top:uut|neuron:output_layer[0].final_neuron|lpm_mult:Mult14" File: c:/altera_lite/25.1std/quartus/libraries/megafunctions/lpm_mult.tdf Line: 352
Info (12130): Elaborated megafunction instantiation "eco_nn_top:uut|neuron:output_layer[0].final_neuron|lpm_mult:Mult11" File: C:/Users/PC/OneDrive/Escritorio/DEEPCEL/QuartusProject/ANeural_Network_power25_lowpower_light_q4_4/neuron.v Line: 22
Info (12133): Instantiated megafunction "eco_nn_top:uut|neuron:output_layer[0].final_neuron|lpm_mult:Mult11" with the following parameter: File: C:/Users/PC/OneDrive/Escritorio/DEEPCEL/QuartusProject/ANeural_Network_power25_lowpower_light_q4_4/neuron.v Line: 22
    Info (12134): Parameter "LPM_WIDTHA" = "8"
    Info (12134): Parameter "LPM_WIDTHB" = "2"
    Info (12134): Parameter "LPM_WIDTHP" = "10"
    Info (12134): Parameter "LPM_WIDTHR" = "10"
    Info (12134): Parameter "LPM_WIDTHS" = "1"
    Info (12134): Parameter "LPM_REPRESENTATION" = "SIGNED"
    Info (12134): Parameter "INPUT_A_IS_CONSTANT" = "NO"
    Info (12134): Parameter "INPUT_B_IS_CONSTANT" = "YES"
    Info (12134): Parameter "MAXIMIZE_SPEED" = "5"
Info (12131): Elaborated megafunction instantiation "eco_nn_top:uut|neuron:output_layer[0].final_neuron|lpm_mult:Mult11|multcore:mult_core", which is child of megafunction instantiation "eco_nn_top:uut|neuron:output_layer[0].final_neuron|lpm_mult:Mult11" File: c:/altera_lite/25.1std/quartus/libraries/megafunctions/lpm_mult.tdf Line: 309
Info (12131): Elaborated megafunction instantiation "eco_nn_top:uut|neuron:output_layer[0].final_neuron|lpm_mult:Mult11|multcore:mult_core|mpar_add:padder", which is child of megafunction instantiation "eco_nn_top:uut|neuron:output_layer[0].final_neuron|lpm_mult:Mult11" File: c:/altera_lite/25.1std/quartus/libraries/megafunctions/multcore.tdf Line: 229
Info (12131): Elaborated megafunction instantiation "eco_nn_top:uut|neuron:output_layer[0].final_neuron|lpm_mult:Mult11|multcore:mult_core|mpar_add:padder|lpm_add_sub:adder[0]", which is child of megafunction instantiation "eco_nn_top:uut|neuron:output_layer[0].final_neuron|lpm_mult:Mult11" File: c:/altera_lite/25.1std/quartus/libraries/megafunctions/mpar_add.tdf Line: 115
Info (12021): Found 1 design units, including 1 entities, in source file db/add_sub_oih.tdf
    Info (12023): Found entity 1: add_sub_oih File: C:/Users/PC/OneDrive/Escritorio/DEEPCEL/QuartusProject/ANeural_Network_power25_lowpower_light_q4_4/db/add_sub_oih.tdf Line: 23
Info (12131): Elaborated megafunction instantiation "eco_nn_top:uut|neuron:output_layer[0].final_neuron|lpm_mult:Mult11|altshift:external_latency_ffs", which is child of megafunction instantiation "eco_nn_top:uut|neuron:output_layer[0].final_neuron|lpm_mult:Mult11" File: c:/altera_lite/25.1std/quartus/libraries/megafunctions/lpm_mult.tdf Line: 352
Info (12130): Elaborated megafunction instantiation "eco_nn_top:uut|neuron:output_layer[1].final_neuron|lpm_mult:Mult5" File: C:/Users/PC/OneDrive/Escritorio/DEEPCEL/QuartusProject/ANeural_Network_power25_lowpower_light_q4_4/neuron.v Line: 22
Info (12133): Instantiated megafunction "eco_nn_top:uut|neuron:output_layer[1].final_neuron|lpm_mult:Mult5" with the following parameter: File: C:/Users/PC/OneDrive/Escritorio/DEEPCEL/QuartusProject/ANeural_Network_power25_lowpower_light_q4_4/neuron.v Line: 22
    Info (12134): Parameter "LPM_WIDTHA" = "8"
    Info (12134): Parameter "LPM_WIDTHB" = "4"
    Info (12134): Parameter "LPM_WIDTHP" = "12"
    Info (12134): Parameter "LPM_WIDTHR" = "12"
    Info (12134): Parameter "LPM_WIDTHS" = "1"
    Info (12134): Parameter "LPM_REPRESENTATION" = "SIGNED"
    Info (12134): Parameter "INPUT_A_IS_CONSTANT" = "NO"
    Info (12134): Parameter "INPUT_B_IS_CONSTANT" = "YES"
    Info (12134): Parameter "MAXIMIZE_SPEED" = "5"
Info (12130): Elaborated megafunction instantiation "eco_nn_top:uut|neuron:output_layer[1].final_neuron|lpm_mult:Mult8" File: C:/Users/PC/OneDrive/Escritorio/DEEPCEL/QuartusProject/ANeural_Network_power25_lowpower_light_q4_4/neuron.v Line: 22
Info (12133): Instantiated megafunction "eco_nn_top:uut|neuron:output_layer[1].final_neuron|lpm_mult:Mult8" with the following parameter: File: C:/Users/PC/OneDrive/Escritorio/DEEPCEL/QuartusProject/ANeural_Network_power25_lowpower_light_q4_4/neuron.v Line: 22
    Info (12134): Parameter "LPM_WIDTHA" = "8"
    Info (12134): Parameter "LPM_WIDTHB" = "4"
    Info (12134): Parameter "LPM_WIDTHP" = "12"
    Info (12134): Parameter "LPM_WIDTHR" = "12"
    Info (12134): Parameter "LPM_WIDTHS" = "1"
    Info (12134): Parameter "LPM_REPRESENTATION" = "SIGNED"
    Info (12134): Parameter "INPUT_A_IS_CONSTANT" = "NO"
    Info (12134): Parameter "INPUT_B_IS_CONSTANT" = "YES"
    Info (12134): Parameter "MAXIMIZE_SPEED" = "5"
Info (12130): Elaborated megafunction instantiation "eco_nn_top:uut|neuron:output_layer[1].final_neuron|lpm_mult:Mult10" File: C:/Users/PC/OneDrive/Escritorio/DEEPCEL/QuartusProject/ANeural_Network_power25_lowpower_light_q4_4/neuron.v Line: 22
Info (12133): Instantiated megafunction "eco_nn_top:uut|neuron:output_layer[1].final_neuron|lpm_mult:Mult10" with the following parameter: File: C:/Users/PC/OneDrive/Escritorio/DEEPCEL/QuartusProject/ANeural_Network_power25_lowpower_light_q4_4/neuron.v Line: 22
    Info (12134): Parameter "LPM_WIDTHA" = "8"
    Info (12134): Parameter "LPM_WIDTHB" = "4"
    Info (12134): Parameter "LPM_WIDTHP" = "12"
    Info (12134): Parameter "LPM_WIDTHR" = "12"
    Info (12134): Parameter "LPM_WIDTHS" = "1"
    Info (12134): Parameter "LPM_REPRESENTATION" = "SIGNED"
    Info (12134): Parameter "INPUT_A_IS_CONSTANT" = "NO"
    Info (12134): Parameter "INPUT_B_IS_CONSTANT" = "YES"
    Info (12134): Parameter "MAXIMIZE_SPEED" = "5"
Info (12130): Elaborated megafunction instantiation "eco_nn_top:uut|neuron:output_layer[1].final_neuron|lpm_mult:Mult14" File: C:/Users/PC/OneDrive/Escritorio/DEEPCEL/QuartusProject/ANeural_Network_power25_lowpower_light_q4_4/neuron.v Line: 22
Info (12133): Instantiated megafunction "eco_nn_top:uut|neuron:output_layer[1].final_neuron|lpm_mult:Mult14" with the following parameter: File: C:/Users/PC/OneDrive/Escritorio/DEEPCEL/QuartusProject/ANeural_Network_power25_lowpower_light_q4_4/neuron.v Line: 22
    Info (12134): Parameter "LPM_WIDTHA" = "8"
    Info (12134): Parameter "LPM_WIDTHB" = "4"
    Info (12134): Parameter "LPM_WIDTHP" = "12"
    Info (12134): Parameter "LPM_WIDTHR" = "12"
    Info (12134): Parameter "LPM_WIDTHS" = "1"
    Info (12134): Parameter "LPM_REPRESENTATION" = "SIGNED"
    Info (12134): Parameter "INPUT_A_IS_CONSTANT" = "NO"
    Info (12134): Parameter "INPUT_B_IS_CONSTANT" = "YES"
    Info (12134): Parameter "MAXIMIZE_SPEED" = "5"
Info (12130): Elaborated megafunction instantiation "eco_nn_top:uut|neuron:output_layer[1].final_neuron|lpm_mult:Mult4" File: C:/Users/PC/OneDrive/Escritorio/DEEPCEL/QuartusProject/ANeural_Network_power25_lowpower_light_q4_4/neuron.v Line: 22
Info (12133): Instantiated megafunction "eco_nn_top:uut|neuron:output_layer[1].final_neuron|lpm_mult:Mult4" with the following parameter: File: C:/Users/PC/OneDrive/Escritorio/DEEPCEL/QuartusProject/ANeural_Network_power25_lowpower_light_q4_4/neuron.v Line: 22
    Info (12134): Parameter "LPM_WIDTHA" = "8"
    Info (12134): Parameter "LPM_WIDTHB" = "3"
    Info (12134): Parameter "LPM_WIDTHP" = "11"
    Info (12134): Parameter "LPM_WIDTHR" = "11"
    Info (12134): Parameter "LPM_WIDTHS" = "1"
    Info (12134): Parameter "LPM_REPRESENTATION" = "SIGNED"
    Info (12134): Parameter "INPUT_A_IS_CONSTANT" = "NO"
    Info (12134): Parameter "INPUT_B_IS_CONSTANT" = "YES"
    Info (12134): Parameter "MAXIMIZE_SPEED" = "5"
Info (12131): Elaborated megafunction instantiation "eco_nn_top:uut|neuron:output_layer[1].final_neuron|lpm_mult:Mult4|multcore:mult_core", which is child of megafunction instantiation "eco_nn_top:uut|neuron:output_layer[1].final_neuron|lpm_mult:Mult4" File: c:/altera_lite/25.1std/quartus/libraries/megafunctions/lpm_mult.tdf Line: 309
Info (12131): Elaborated megafunction instantiation "eco_nn_top:uut|neuron:output_layer[1].final_neuron|lpm_mult:Mult4|multcore:mult_core|mpar_add:padder", which is child of megafunction instantiation "eco_nn_top:uut|neuron:output_layer[1].final_neuron|lpm_mult:Mult4" File: c:/altera_lite/25.1std/quartus/libraries/megafunctions/multcore.tdf Line: 229
Info (12131): Elaborated megafunction instantiation "eco_nn_top:uut|neuron:output_layer[1].final_neuron|lpm_mult:Mult4|multcore:mult_core|mpar_add:padder|lpm_add_sub:adder[0]", which is child of megafunction instantiation "eco_nn_top:uut|neuron:output_layer[1].final_neuron|lpm_mult:Mult4" File: c:/altera_lite/25.1std/quartus/libraries/megafunctions/mpar_add.tdf Line: 115
Info (12021): Found 1 design units, including 1 entities, in source file db/add_sub_pih.tdf
    Info (12023): Found entity 1: add_sub_pih File: C:/Users/PC/OneDrive/Escritorio/DEEPCEL/QuartusProject/ANeural_Network_power25_lowpower_light_q4_4/db/add_sub_pih.tdf Line: 23
Info (12131): Elaborated megafunction instantiation "eco_nn_top:uut|neuron:output_layer[1].final_neuron|lpm_mult:Mult4|altshift:external_latency_ffs", which is child of megafunction instantiation "eco_nn_top:uut|neuron:output_layer[1].final_neuron|lpm_mult:Mult4" File: c:/altera_lite/25.1std/quartus/libraries/megafunctions/lpm_mult.tdf Line: 352
Info (12130): Elaborated megafunction instantiation "eco_nn_top:uut|neuron:hidden_layer[2].h_neuron|lpm_mult:Mult2" File: C:/Users/PC/OneDrive/Escritorio/DEEPCEL/QuartusProject/ANeural_Network_power25_lowpower_light_q4_4/neuron.v Line: 22
Info (12133): Instantiated megafunction "eco_nn_top:uut|neuron:hidden_layer[2].h_neuron|lpm_mult:Mult2" with the following parameter: File: C:/Users/PC/OneDrive/Escritorio/DEEPCEL/QuartusProject/ANeural_Network_power25_lowpower_light_q4_4/neuron.v Line: 22
    Info (12134): Parameter "LPM_WIDTHA" = "8"
    Info (12134): Parameter "LPM_WIDTHB" = "3"
    Info (12134): Parameter "LPM_WIDTHP" = "11"
    Info (12134): Parameter "LPM_WIDTHR" = "11"
    Info (12134): Parameter "LPM_WIDTHS" = "1"
    Info (12134): Parameter "LPM_REPRESENTATION" = "SIGNED"
    Info (12134): Parameter "INPUT_A_IS_CONSTANT" = "NO"
    Info (12134): Parameter "INPUT_B_IS_CONSTANT" = "YES"
    Info (12134): Parameter "MAXIMIZE_SPEED" = "5"
Info (12130): Elaborated megafunction instantiation "eco_nn_top:uut|neuron:hidden_layer[0].h_neuron|lpm_mult:Mult6" File: C:/Users/PC/OneDrive/Escritorio/DEEPCEL/QuartusProject/ANeural_Network_power25_lowpower_light_q4_4/neuron.v Line: 22
Info (12133): Instantiated megafunction "eco_nn_top:uut|neuron:hidden_layer[0].h_neuron|lpm_mult:Mult6" with the following parameter: File: C:/Users/PC/OneDrive/Escritorio/DEEPCEL/QuartusProject/ANeural_Network_power25_lowpower_light_q4_4/neuron.v Line: 22
    Info (12134): Parameter "LPM_WIDTHA" = "8"
    Info (12134): Parameter "LPM_WIDTHB" = "1"
    Info (12134): Parameter "LPM_WIDTHP" = "9"
    Info (12134): Parameter "LPM_WIDTHR" = "9"
    Info (12134): Parameter "LPM_WIDTHS" = "1"
    Info (12134): Parameter "LPM_REPRESENTATION" = "SIGNED"
    Info (12134): Parameter "INPUT_A_IS_CONSTANT" = "NO"
    Info (12134): Parameter "INPUT_B_IS_CONSTANT" = "YES"
    Info (12134): Parameter "MAXIMIZE_SPEED" = "5"
Info (12131): Elaborated megafunction instantiation "eco_nn_top:uut|neuron:hidden_layer[0].h_neuron|lpm_mult:Mult6|multcore:mult_core", which is child of megafunction instantiation "eco_nn_top:uut|neuron:hidden_layer[0].h_neuron|lpm_mult:Mult6" File: c:/altera_lite/25.1std/quartus/libraries/megafunctions/lpm_mult.tdf Line: 309
Info (12131): Elaborated megafunction instantiation "eco_nn_top:uut|neuron:hidden_layer[0].h_neuron|lpm_mult:Mult6|multcore:mult_core|lpm_add_sub:adder", which is child of megafunction instantiation "eco_nn_top:uut|neuron:hidden_layer[0].h_neuron|lpm_mult:Mult6" File: c:/altera_lite/25.1std/quartus/libraries/megafunctions/multcore.tdf Line: 440
Info (12021): Found 1 design units, including 1 entities, in source file db/add_sub_18h.tdf
    Info (12023): Found entity 1: add_sub_18h File: C:/Users/PC/OneDrive/Escritorio/DEEPCEL/QuartusProject/ANeural_Network_power25_lowpower_light_q4_4/db/add_sub_18h.tdf Line: 23
Info (12131): Elaborated megafunction instantiation "eco_nn_top:uut|neuron:hidden_layer[0].h_neuron|lpm_mult:Mult6|altshift:external_latency_ffs", which is child of megafunction instantiation "eco_nn_top:uut|neuron:hidden_layer[0].h_neuron|lpm_mult:Mult6" File: c:/altera_lite/25.1std/quartus/libraries/megafunctions/lpm_mult.tdf Line: 352
Info (12130): Elaborated megafunction instantiation "eco_nn_top:uut|neuron:hidden_layer[9].h_neuron|lpm_mult:Mult5" File: C:/Users/PC/OneDrive/Escritorio/DEEPCEL/QuartusProject/ANeural_Network_power25_lowpower_light_q4_4/neuron.v Line: 22
Info (12133): Instantiated megafunction "eco_nn_top:uut|neuron:hidden_layer[9].h_neuron|lpm_mult:Mult5" with the following parameter: File: C:/Users/PC/OneDrive/Escritorio/DEEPCEL/QuartusProject/ANeural_Network_power25_lowpower_light_q4_4/neuron.v Line: 22
    Info (12134): Parameter "LPM_WIDTHA" = "8"
    Info (12134): Parameter "LPM_WIDTHB" = "5"
    Info (12134): Parameter "LPM_WIDTHP" = "13"
    Info (12134): Parameter "LPM_WIDTHR" = "13"
    Info (12134): Parameter "LPM_WIDTHS" = "1"
    Info (12134): Parameter "LPM_REPRESENTATION" = "SIGNED"
    Info (12134): Parameter "INPUT_A_IS_CONSTANT" = "NO"
    Info (12134): Parameter "INPUT_B_IS_CONSTANT" = "YES"
    Info (12134): Parameter "MAXIMIZE_SPEED" = "5"
Info (12130): Elaborated megafunction instantiation "eco_nn_top:uut|neuron:hidden_layer[1].h_neuron|lpm_mult:Mult7" File: C:/Users/PC/OneDrive/Escritorio/DEEPCEL/QuartusProject/ANeural_Network_power25_lowpower_light_q4_4/neuron.v Line: 22
Info (12133): Instantiated megafunction "eco_nn_top:uut|neuron:hidden_layer[1].h_neuron|lpm_mult:Mult7" with the following parameter: File: C:/Users/PC/OneDrive/Escritorio/DEEPCEL/QuartusProject/ANeural_Network_power25_lowpower_light_q4_4/neuron.v Line: 22
    Info (12134): Parameter "LPM_WIDTHA" = "8"
    Info (12134): Parameter "LPM_WIDTHB" = "3"
    Info (12134): Parameter "LPM_WIDTHP" = "11"
    Info (12134): Parameter "LPM_WIDTHR" = "11"
    Info (12134): Parameter "LPM_WIDTHS" = "1"
    Info (12134): Parameter "LPM_REPRESENTATION" = "SIGNED"
    Info (12134): Parameter "INPUT_A_IS_CONSTANT" = "NO"
    Info (12134): Parameter "INPUT_B_IS_CONSTANT" = "YES"
    Info (12134): Parameter "MAXIMIZE_SPEED" = "5"
Info (12130): Elaborated megafunction instantiation "eco_nn_top:uut|neuron:hidden_layer[13].h_neuron|lpm_mult:Mult7" File: C:/Users/PC/OneDrive/Escritorio/DEEPCEL/QuartusProject/ANeural_Network_power25_lowpower_light_q4_4/neuron.v Line: 22
Info (12133): Instantiated megafunction "eco_nn_top:uut|neuron:hidden_layer[13].h_neuron|lpm_mult:Mult7" with the following parameter: File: C:/Users/PC/OneDrive/Escritorio/DEEPCEL/QuartusProject/ANeural_Network_power25_lowpower_light_q4_4/neuron.v Line: 22
    Info (12134): Parameter "LPM_WIDTHA" = "8"
    Info (12134): Parameter "LPM_WIDTHB" = "4"
    Info (12134): Parameter "LPM_WIDTHP" = "12"
    Info (12134): Parameter "LPM_WIDTHR" = "12"
    Info (12134): Parameter "LPM_WIDTHS" = "1"
    Info (12134): Parameter "LPM_REPRESENTATION" = "SIGNED"
    Info (12134): Parameter "INPUT_A_IS_CONSTANT" = "NO"
    Info (12134): Parameter "INPUT_B_IS_CONSTANT" = "YES"
    Info (12134): Parameter "MAXIMIZE_SPEED" = "5"
Warning (12241): 1 hierarchies have connectivity warnings - see the Connectivity Checks report folder
Warning (13039): The following bidirectional pins have no drivers
    Warning (13040): bidirectional pin "bSDRAM_DQ[0]" has no driver File: C:/Users/PC/OneDrive/Escritorio/DEEPCEL/QuartusProject/ANeural_Network_power25_lowpower_light_q4_4/MKRVIDOR4000_top.v Line: 36
    Warning (13040): bidirectional pin "bSDRAM_DQ[1]" has no driver File: C:/Users/PC/OneDrive/Escritorio/DEEPCEL/QuartusProject/ANeural_Network_power25_lowpower_light_q4_4/MKRVIDOR4000_top.v Line: 36
    Warning (13040): bidirectional pin "bSDRAM_DQ[2]" has no driver File: C:/Users/PC/OneDrive/Escritorio/DEEPCEL/QuartusProject/ANeural_Network_power25_lowpower_light_q4_4/MKRVIDOR4000_top.v Line: 36
    Warning (13040): bidirectional pin "bSDRAM_DQ[3]" has no driver File: C:/Users/PC/OneDrive/Escritorio/DEEPCEL/QuartusProject/ANeural_Network_power25_lowpower_light_q4_4/MKRVIDOR4000_top.v Line: 36
    Warning (13040): bidirectional pin "bSDRAM_DQ[4]" has no driver File: C:/Users/PC/OneDrive/Escritorio/DEEPCEL/QuartusProject/ANeural_Network_power25_lowpower_light_q4_4/MKRVIDOR4000_top.v Line: 36
    Warning (13040): bidirectional pin "bSDRAM_DQ[5]" has no driver File: C:/Users/PC/OneDrive/Escritorio/DEEPCEL/QuartusProject/ANeural_Network_power25_lowpower_light_q4_4/MKRVIDOR4000_top.v Line: 36
    Warning (13040): bidirectional pin "bSDRAM_DQ[6]" has no driver File: C:/Users/PC/OneDrive/Escritorio/DEEPCEL/QuartusProject/ANeural_Network_power25_lowpower_light_q4_4/MKRVIDOR4000_top.v Line: 36
    Warning (13040): bidirectional pin "bSDRAM_DQ[7]" has no driver File: C:/Users/PC/OneDrive/Escritorio/DEEPCEL/QuartusProject/ANeural_Network_power25_lowpower_light_q4_4/MKRVIDOR4000_top.v Line: 36
    Warning (13040): bidirectional pin "bSDRAM_DQ[8]" has no driver File: C:/Users/PC/OneDrive/Escritorio/DEEPCEL/QuartusProject/ANeural_Network_power25_lowpower_light_q4_4/MKRVIDOR4000_top.v Line: 36
    Warning (13040): bidirectional pin "bSDRAM_DQ[9]" has no driver File: C:/Users/PC/OneDrive/Escritorio/DEEPCEL/QuartusProject/ANeural_Network_power25_lowpower_light_q4_4/MKRVIDOR4000_top.v Line: 36
    Warning (13040): bidirectional pin "bSDRAM_DQ[10]" has no driver File: C:/Users/PC/OneDrive/Escritorio/DEEPCEL/QuartusProject/ANeural_Network_power25_lowpower_light_q4_4/MKRVIDOR4000_top.v Line: 36
    Warning (13040): bidirectional pin "bSDRAM_DQ[11]" has no driver File: C:/Users/PC/OneDrive/Escritorio/DEEPCEL/QuartusProject/ANeural_Network_power25_lowpower_light_q4_4/MKRVIDOR4000_top.v Line: 36
    Warning (13040): bidirectional pin "bSDRAM_DQ[12]" has no driver File: C:/Users/PC/OneDrive/Escritorio/DEEPCEL/QuartusProject/ANeural_Network_power25_lowpower_light_q4_4/MKRVIDOR4000_top.v Line: 36
    Warning (13040): bidirectional pin "bSDRAM_DQ[13]" has no driver File: C:/Users/PC/OneDrive/Escritorio/DEEPCEL/QuartusProject/ANeural_Network_power25_lowpower_light_q4_4/MKRVIDOR4000_top.v Line: 36
    Warning (13040): bidirectional pin "bSDRAM_DQ[14]" has no driver File: C:/Users/PC/OneDrive/Escritorio/DEEPCEL/QuartusProject/ANeural_Network_power25_lowpower_light_q4_4/MKRVIDOR4000_top.v Line: 36
    Warning (13040): bidirectional pin "bSDRAM_DQ[15]" has no driver File: C:/Users/PC/OneDrive/Escritorio/DEEPCEL/QuartusProject/ANeural_Network_power25_lowpower_light_q4_4/MKRVIDOR4000_top.v Line: 36
    Warning (13040): bidirectional pin "bMKR_AREF" has no driver File: C:/Users/PC/OneDrive/Escritorio/DEEPCEL/QuartusProject/ANeural_Network_power25_lowpower_light_q4_4/MKRVIDOR4000_top.v Line: 42
    Warning (13040): bidirectional pin "bMKR_A[0]" has no driver File: C:/Users/PC/OneDrive/Escritorio/DEEPCEL/QuartusProject/ANeural_Network_power25_lowpower_light_q4_4/MKRVIDOR4000_top.v Line: 43
    Warning (13040): bidirectional pin "bMKR_A[1]" has no driver File: C:/Users/PC/OneDrive/Escritorio/DEEPCEL/QuartusProject/ANeural_Network_power25_lowpower_light_q4_4/MKRVIDOR4000_top.v Line: 43
    Warning (13040): bidirectional pin "bMKR_A[2]" has no driver File: C:/Users/PC/OneDrive/Escritorio/DEEPCEL/QuartusProject/ANeural_Network_power25_lowpower_light_q4_4/MKRVIDOR4000_top.v Line: 43
    Warning (13040): bidirectional pin "bMKR_A[3]" has no driver File: C:/Users/PC/OneDrive/Escritorio/DEEPCEL/QuartusProject/ANeural_Network_power25_lowpower_light_q4_4/MKRVIDOR4000_top.v Line: 43
    Warning (13040): bidirectional pin "bMKR_A[4]" has no driver File: C:/Users/PC/OneDrive/Escritorio/DEEPCEL/QuartusProject/ANeural_Network_power25_lowpower_light_q4_4/MKRVIDOR4000_top.v Line: 43
    Warning (13040): bidirectional pin "bMKR_A[5]" has no driver File: C:/Users/PC/OneDrive/Escritorio/DEEPCEL/QuartusProject/ANeural_Network_power25_lowpower_light_q4_4/MKRVIDOR4000_top.v Line: 43
    Warning (13040): bidirectional pin "bMKR_A[6]" has no driver File: C:/Users/PC/OneDrive/Escritorio/DEEPCEL/QuartusProject/ANeural_Network_power25_lowpower_light_q4_4/MKRVIDOR4000_top.v Line: 43
    Warning (13040): bidirectional pin "bMKR_D[0]" has no driver File: C:/Users/PC/OneDrive/Escritorio/DEEPCEL/QuartusProject/ANeural_Network_power25_lowpower_light_q4_4/MKRVIDOR4000_top.v Line: 44
    Warning (13040): bidirectional pin "bMKR_D[1]" has no driver File: C:/Users/PC/OneDrive/Escritorio/DEEPCEL/QuartusProject/ANeural_Network_power25_lowpower_light_q4_4/MKRVIDOR4000_top.v Line: 44
    Warning (13040): bidirectional pin "bMKR_D[2]" has no driver File: C:/Users/PC/OneDrive/Escritorio/DEEPCEL/QuartusProject/ANeural_Network_power25_lowpower_light_q4_4/MKRVIDOR4000_top.v Line: 44
    Warning (13040): bidirectional pin "bMKR_D[3]" has no driver File: C:/Users/PC/OneDrive/Escritorio/DEEPCEL/QuartusProject/ANeural_Network_power25_lowpower_light_q4_4/MKRVIDOR4000_top.v Line: 44
    Warning (13040): bidirectional pin "bMKR_D[4]" has no driver File: C:/Users/PC/OneDrive/Escritorio/DEEPCEL/QuartusProject/ANeural_Network_power25_lowpower_light_q4_4/MKRVIDOR4000_top.v Line: 44
    Warning (13040): bidirectional pin "bMKR_D[5]" has no driver File: C:/Users/PC/OneDrive/Escritorio/DEEPCEL/QuartusProject/ANeural_Network_power25_lowpower_light_q4_4/MKRVIDOR4000_top.v Line: 44
    Warning (13040): bidirectional pin "bMKR_D[6]" has no driver File: C:/Users/PC/OneDrive/Escritorio/DEEPCEL/QuartusProject/ANeural_Network_power25_lowpower_light_q4_4/MKRVIDOR4000_top.v Line: 44
    Warning (13040): bidirectional pin "bMKR_D[7]" has no driver File: C:/Users/PC/OneDrive/Escritorio/DEEPCEL/QuartusProject/ANeural_Network_power25_lowpower_light_q4_4/MKRVIDOR4000_top.v Line: 44
    Warning (13040): bidirectional pin "bMKR_D[8]" has no driver File: C:/Users/PC/OneDrive/Escritorio/DEEPCEL/QuartusProject/ANeural_Network_power25_lowpower_light_q4_4/MKRVIDOR4000_top.v Line: 44
    Warning (13040): bidirectional pin "bMKR_D[9]" has no driver File: C:/Users/PC/OneDrive/Escritorio/DEEPCEL/QuartusProject/ANeural_Network_power25_lowpower_light_q4_4/MKRVIDOR4000_top.v Line: 44
    Warning (13040): bidirectional pin "bMKR_D[10]" has no driver File: C:/Users/PC/OneDrive/Escritorio/DEEPCEL/QuartusProject/ANeural_Network_power25_lowpower_light_q4_4/MKRVIDOR4000_top.v Line: 44
    Warning (13040): bidirectional pin "bMKR_D[11]" has no driver File: C:/Users/PC/OneDrive/Escritorio/DEEPCEL/QuartusProject/ANeural_Network_power25_lowpower_light_q4_4/MKRVIDOR4000_top.v Line: 44
    Warning (13040): bidirectional pin "bMKR_D[12]" has no driver File: C:/Users/PC/OneDrive/Escritorio/DEEPCEL/QuartusProject/ANeural_Network_power25_lowpower_light_q4_4/MKRVIDOR4000_top.v Line: 44
    Warning (13040): bidirectional pin "bMKR_D[13]" has no driver File: C:/Users/PC/OneDrive/Escritorio/DEEPCEL/QuartusProject/ANeural_Network_power25_lowpower_light_q4_4/MKRVIDOR4000_top.v Line: 44
    Warning (13040): bidirectional pin "bMKR_D[14]" has no driver File: C:/Users/PC/OneDrive/Escritorio/DEEPCEL/QuartusProject/ANeural_Network_power25_lowpower_light_q4_4/MKRVIDOR4000_top.v Line: 44
    Warning (13040): bidirectional pin "bPEX_RST" has no driver File: C:/Users/PC/OneDrive/Escritorio/DEEPCEL/QuartusProject/ANeural_Network_power25_lowpower_light_q4_4/MKRVIDOR4000_top.v Line: 47
    Warning (13040): bidirectional pin "bPEX_PIN6" has no driver File: C:/Users/PC/OneDrive/Escritorio/DEEPCEL/QuartusProject/ANeural_Network_power25_lowpower_light_q4_4/MKRVIDOR4000_top.v Line: 48
    Warning (13040): bidirectional pin "bPEX_PIN8" has no driver File: C:/Users/PC/OneDrive/Escritorio/DEEPCEL/QuartusProject/ANeural_Network_power25_lowpower_light_q4_4/MKRVIDOR4000_top.v Line: 49
    Warning (13040): bidirectional pin "bPEX_PIN10" has no driver File: C:/Users/PC/OneDrive/Escritorio/DEEPCEL/QuartusProject/ANeural_Network_power25_lowpower_light_q4_4/MKRVIDOR4000_top.v Line: 50
    Warning (13040): bidirectional pin "bPEX_PIN12" has no driver File: C:/Users/PC/OneDrive/Escritorio/DEEPCEL/QuartusProject/ANeural_Network_power25_lowpower_light_q4_4/MKRVIDOR4000_top.v Line: 52
    Warning (13040): bidirectional pin "bPEX_PIN14" has no driver File: C:/Users/PC/OneDrive/Escritorio/DEEPCEL/QuartusProject/ANeural_Network_power25_lowpower_light_q4_4/MKRVIDOR4000_top.v Line: 54
    Warning (13040): bidirectional pin "bPEX_PIN16" has no driver File: C:/Users/PC/OneDrive/Escritorio/DEEPCEL/QuartusProject/ANeural_Network_power25_lowpower_light_q4_4/MKRVIDOR4000_top.v Line: 55
    Warning (13040): bidirectional pin "bPEX_PIN20" has no driver File: C:/Users/PC/OneDrive/Escritorio/DEEPCEL/QuartusProject/ANeural_Network_power25_lowpower_light_q4_4/MKRVIDOR4000_top.v Line: 56
    Warning (13040): bidirectional pin "bPEX_PIN28" has no driver File: C:/Users/PC/OneDrive/Escritorio/DEEPCEL/QuartusProject/ANeural_Network_power25_lowpower_light_q4_4/MKRVIDOR4000_top.v Line: 59
    Warning (13040): bidirectional pin "bPEX_PIN30" has no driver File: C:/Users/PC/OneDrive/Escritorio/DEEPCEL/QuartusProject/ANeural_Network_power25_lowpower_light_q4_4/MKRVIDOR4000_top.v Line: 60
    Warning (13040): bidirectional pin "bPEX_PIN32" has no driver File: C:/Users/PC/OneDrive/Escritorio/DEEPCEL/QuartusProject/ANeural_Network_power25_lowpower_light_q4_4/MKRVIDOR4000_top.v Line: 62
    Warning (13040): bidirectional pin "bPEX_PIN42" has no driver File: C:/Users/PC/OneDrive/Escritorio/DEEPCEL/QuartusProject/ANeural_Network_power25_lowpower_light_q4_4/MKRVIDOR4000_top.v Line: 64
    Warning (13040): bidirectional pin "bPEX_PIN44" has no driver File: C:/Users/PC/OneDrive/Escritorio/DEEPCEL/QuartusProject/ANeural_Network_power25_lowpower_light_q4_4/MKRVIDOR4000_top.v Line: 65
    Warning (13040): bidirectional pin "bPEX_PIN45" has no driver File: C:/Users/PC/OneDrive/Escritorio/DEEPCEL/QuartusProject/ANeural_Network_power25_lowpower_light_q4_4/MKRVIDOR4000_top.v Line: 66
    Warning (13040): bidirectional pin "bPEX_PIN46" has no driver File: C:/Users/PC/OneDrive/Escritorio/DEEPCEL/QuartusProject/ANeural_Network_power25_lowpower_light_q4_4/MKRVIDOR4000_top.v Line: 67
    Warning (13040): bidirectional pin "bPEX_PIN47" has no driver File: C:/Users/PC/OneDrive/Escritorio/DEEPCEL/QuartusProject/ANeural_Network_power25_lowpower_light_q4_4/MKRVIDOR4000_top.v Line: 68
    Warning (13040): bidirectional pin "bPEX_PIN48" has no driver File: C:/Users/PC/OneDrive/Escritorio/DEEPCEL/QuartusProject/ANeural_Network_power25_lowpower_light_q4_4/MKRVIDOR4000_top.v Line: 69
    Warning (13040): bidirectional pin "bPEX_PIN49" has no driver File: C:/Users/PC/OneDrive/Escritorio/DEEPCEL/QuartusProject/ANeural_Network_power25_lowpower_light_q4_4/MKRVIDOR4000_top.v Line: 70
    Warning (13040): bidirectional pin "bPEX_PIN51" has no driver File: C:/Users/PC/OneDrive/Escritorio/DEEPCEL/QuartusProject/ANeural_Network_power25_lowpower_light_q4_4/MKRVIDOR4000_top.v Line: 71
    Warning (13040): bidirectional pin "bWM_PIO1" has no driver File: C:/Users/PC/OneDrive/Escritorio/DEEPCEL/QuartusProject/ANeural_Network_power25_lowpower_light_q4_4/MKRVIDOR4000_top.v Line: 74
    Warning (13040): bidirectional pin "bWM_PIO2" has no driver File: C:/Users/PC/OneDrive/Escritorio/DEEPCEL/QuartusProject/ANeural_Network_power25_lowpower_light_q4_4/MKRVIDOR4000_top.v Line: 75
    Warning (13040): bidirectional pin "bWM_PIO3" has no driver File: C:/Users/PC/OneDrive/Escritorio/DEEPCEL/QuartusProject/ANeural_Network_power25_lowpower_light_q4_4/MKRVIDOR4000_top.v Line: 76
    Warning (13040): bidirectional pin "bWM_PIO4" has no driver File: C:/Users/PC/OneDrive/Escritorio/DEEPCEL/QuartusProject/ANeural_Network_power25_lowpower_light_q4_4/MKRVIDOR4000_top.v Line: 77
    Warning (13040): bidirectional pin "bWM_PIO5" has no driver File: C:/Users/PC/OneDrive/Escritorio/DEEPCEL/QuartusProject/ANeural_Network_power25_lowpower_light_q4_4/MKRVIDOR4000_top.v Line: 78
    Warning (13040): bidirectional pin "bWM_PIO7" has no driver File: C:/Users/PC/OneDrive/Escritorio/DEEPCEL/QuartusProject/ANeural_Network_power25_lowpower_light_q4_4/MKRVIDOR4000_top.v Line: 79
    Warning (13040): bidirectional pin "bWM_PIO8" has no driver File: C:/Users/PC/OneDrive/Escritorio/DEEPCEL/QuartusProject/ANeural_Network_power25_lowpower_light_q4_4/MKRVIDOR4000_top.v Line: 80
    Warning (13040): bidirectional pin "bWM_PIO18" has no driver File: C:/Users/PC/OneDrive/Escritorio/DEEPCEL/QuartusProject/ANeural_Network_power25_lowpower_light_q4_4/MKRVIDOR4000_top.v Line: 81
    Warning (13040): bidirectional pin "bWM_PIO20" has no driver File: C:/Users/PC/OneDrive/Escritorio/DEEPCEL/QuartusProject/ANeural_Network_power25_lowpower_light_q4_4/MKRVIDOR4000_top.v Line: 82
    Warning (13040): bidirectional pin "bWM_PIO21" has no driver File: C:/Users/PC/OneDrive/Escritorio/DEEPCEL/QuartusProject/ANeural_Network_power25_lowpower_light_q4_4/MKRVIDOR4000_top.v Line: 83
    Warning (13040): bidirectional pin "bWM_PIO27" has no driver File: C:/Users/PC/OneDrive/Escritorio/DEEPCEL/QuartusProject/ANeural_Network_power25_lowpower_light_q4_4/MKRVIDOR4000_top.v Line: 84
    Warning (13040): bidirectional pin "bWM_PIO28" has no driver File: C:/Users/PC/OneDrive/Escritorio/DEEPCEL/QuartusProject/ANeural_Network_power25_lowpower_light_q4_4/MKRVIDOR4000_top.v Line: 85
    Warning (13040): bidirectional pin "bWM_PIO29" has no driver File: C:/Users/PC/OneDrive/Escritorio/DEEPCEL/QuartusProject/ANeural_Network_power25_lowpower_light_q4_4/MKRVIDOR4000_top.v Line: 86
    Warning (13040): bidirectional pin "bWM_PIO31" has no driver File: C:/Users/PC/OneDrive/Escritorio/DEEPCEL/QuartusProject/ANeural_Network_power25_lowpower_light_q4_4/MKRVIDOR4000_top.v Line: 87
    Warning (13040): bidirectional pin "bWM_PIO34" has no driver File: C:/Users/PC/OneDrive/Escritorio/DEEPCEL/QuartusProject/ANeural_Network_power25_lowpower_light_q4_4/MKRVIDOR4000_top.v Line: 89
    Warning (13040): bidirectional pin "bWM_PIO35" has no driver File: C:/Users/PC/OneDrive/Escritorio/DEEPCEL/QuartusProject/ANeural_Network_power25_lowpower_light_q4_4/MKRVIDOR4000_top.v Line: 90
    Warning (13040): bidirectional pin "bWM_PIO36" has no driver File: C:/Users/PC/OneDrive/Escritorio/DEEPCEL/QuartusProject/ANeural_Network_power25_lowpower_light_q4_4/MKRVIDOR4000_top.v Line: 91
    Warning (13040): bidirectional pin "oWM_RX" has no driver File: C:/Users/PC/OneDrive/Escritorio/DEEPCEL/QuartusProject/ANeural_Network_power25_lowpower_light_q4_4/MKRVIDOR4000_top.v Line: 93
    Warning (13040): bidirectional pin "oWM_RESET" has no driver File: C:/Users/PC/OneDrive/Escritorio/DEEPCEL/QuartusProject/ANeural_Network_power25_lowpower_light_q4_4/MKRVIDOR4000_top.v Line: 94
    Warning (13040): bidirectional pin "bHDMI_SDA" has no driver File: C:/Users/PC/OneDrive/Escritorio/DEEPCEL/QuartusProject/ANeural_Network_power25_lowpower_light_q4_4/MKRVIDOR4000_top.v Line: 100
    Warning (13040): bidirectional pin "bHDMI_SCL" has no driver File: C:/Users/PC/OneDrive/Escritorio/DEEPCEL/QuartusProject/ANeural_Network_power25_lowpower_light_q4_4/MKRVIDOR4000_top.v Line: 101
    Warning (13040): bidirectional pin "bMIPI_SDA" has no driver File: C:/Users/PC/OneDrive/Escritorio/DEEPCEL/QuartusProject/ANeural_Network_power25_lowpower_light_q4_4/MKRVIDOR4000_top.v Line: 108
    Warning (13040): bidirectional pin "bMIPI_SCL" has no driver File: C:/Users/PC/OneDrive/Escritorio/DEEPCEL/QuartusProject/ANeural_Network_power25_lowpower_light_q4_4/MKRVIDOR4000_top.v Line: 109
    Warning (13040): bidirectional pin "bMIPI_GP[0]" has no driver File: C:/Users/PC/OneDrive/Escritorio/DEEPCEL/QuartusProject/ANeural_Network_power25_lowpower_light_q4_4/MKRVIDOR4000_top.v Line: 110
    Warning (13040): bidirectional pin "bMIPI_GP[1]" has no driver File: C:/Users/PC/OneDrive/Escritorio/DEEPCEL/QuartusProject/ANeural_Network_power25_lowpower_light_q4_4/MKRVIDOR4000_top.v Line: 110
    Warning (13040): bidirectional pin "oFLASH_MOSI" has no driver File: C:/Users/PC/OneDrive/Escritorio/DEEPCEL/QuartusProject/ANeural_Network_power25_lowpower_light_q4_4/MKRVIDOR4000_top.v Line: 115
    Warning (13040): bidirectional pin "iFLASH_MISO" has no driver File: C:/Users/PC/OneDrive/Escritorio/DEEPCEL/QuartusProject/ANeural_Network_power25_lowpower_light_q4_4/MKRVIDOR4000_top.v Line: 116
    Warning (13040): bidirectional pin "oFLASH_HOLD" has no driver File: C:/Users/PC/OneDrive/Escritorio/DEEPCEL/QuartusProject/ANeural_Network_power25_lowpower_light_q4_4/MKRVIDOR4000_top.v Line: 117
    Warning (13040): bidirectional pin "oFLASH_WP" has no driver File: C:/Users/PC/OneDrive/Escritorio/DEEPCEL/QuartusProject/ANeural_Network_power25_lowpower_light_q4_4/MKRVIDOR4000_top.v Line: 120
Warning (13024): Output pins are stuck at VCC or GND
    Warning (13410): Pin "oSAM_INT" is stuck at GND File: C:/Users/PC/OneDrive/Escritorio/DEEPCEL/QuartusProject/ANeural_Network_power25_lowpower_light_q4_4/MKRVIDOR4000_top.v Line: 27
    Warning (13410): Pin "oSDRAM_ADDR[0]" is stuck at GND File: C:/Users/PC/OneDrive/Escritorio/DEEPCEL/QuartusProject/ANeural_Network_power25_lowpower_light_q4_4/MKRVIDOR4000_top.v Line: 31
    Warning (13410): Pin "oSDRAM_ADDR[1]" is stuck at GND File: C:/Users/PC/OneDrive/Escritorio/DEEPCEL/QuartusProject/ANeural_Network_power25_lowpower_light_q4_4/MKRVIDOR4000_top.v Line: 31
    Warning (13410): Pin "oSDRAM_ADDR[2]" is stuck at GND File: C:/Users/PC/OneDrive/Escritorio/DEEPCEL/QuartusProject/ANeural_Network_power25_lowpower_light_q4_4/MKRVIDOR4000_top.v Line: 31
    Warning (13410): Pin "oSDRAM_ADDR[3]" is stuck at GND File: C:/Users/PC/OneDrive/Escritorio/DEEPCEL/QuartusProject/ANeural_Network_power25_lowpower_light_q4_4/MKRVIDOR4000_top.v Line: 31
    Warning (13410): Pin "oSDRAM_ADDR[4]" is stuck at GND File: C:/Users/PC/OneDrive/Escritorio/DEEPCEL/QuartusProject/ANeural_Network_power25_lowpower_light_q4_4/MKRVIDOR4000_top.v Line: 31
    Warning (13410): Pin "oSDRAM_ADDR[5]" is stuck at GND File: C:/Users/PC/OneDrive/Escritorio/DEEPCEL/QuartusProject/ANeural_Network_power25_lowpower_light_q4_4/MKRVIDOR4000_top.v Line: 31
    Warning (13410): Pin "oSDRAM_ADDR[6]" is stuck at GND File: C:/Users/PC/OneDrive/Escritorio/DEEPCEL/QuartusProject/ANeural_Network_power25_lowpower_light_q4_4/MKRVIDOR4000_top.v Line: 31
    Warning (13410): Pin "oSDRAM_ADDR[7]" is stuck at GND File: C:/Users/PC/OneDrive/Escritorio/DEEPCEL/QuartusProject/ANeural_Network_power25_lowpower_light_q4_4/MKRVIDOR4000_top.v Line: 31
    Warning (13410): Pin "oSDRAM_ADDR[8]" is stuck at GND File: C:/Users/PC/OneDrive/Escritorio/DEEPCEL/QuartusProject/ANeural_Network_power25_lowpower_light_q4_4/MKRVIDOR4000_top.v Line: 31
    Warning (13410): Pin "oSDRAM_ADDR[9]" is stuck at GND File: C:/Users/PC/OneDrive/Escritorio/DEEPCEL/QuartusProject/ANeural_Network_power25_lowpower_light_q4_4/MKRVIDOR4000_top.v Line: 31
    Warning (13410): Pin "oSDRAM_ADDR[10]" is stuck at GND File: C:/Users/PC/OneDrive/Escritorio/DEEPCEL/QuartusProject/ANeural_Network_power25_lowpower_light_q4_4/MKRVIDOR4000_top.v Line: 31
    Warning (13410): Pin "oSDRAM_ADDR[11]" is stuck at GND File: C:/Users/PC/OneDrive/Escritorio/DEEPCEL/QuartusProject/ANeural_Network_power25_lowpower_light_q4_4/MKRVIDOR4000_top.v Line: 31
    Warning (13410): Pin "oSDRAM_BA[0]" is stuck at GND File: C:/Users/PC/OneDrive/Escritorio/DEEPCEL/QuartusProject/ANeural_Network_power25_lowpower_light_q4_4/MKRVIDOR4000_top.v Line: 32
    Warning (13410): Pin "oSDRAM_BA[1]" is stuck at GND File: C:/Users/PC/OneDrive/Escritorio/DEEPCEL/QuartusProject/ANeural_Network_power25_lowpower_light_q4_4/MKRVIDOR4000_top.v Line: 32
    Warning (13410): Pin "oSDRAM_CASn" is stuck at GND File: C:/Users/PC/OneDrive/Escritorio/DEEPCEL/QuartusProject/ANeural_Network_power25_lowpower_light_q4_4/MKRVIDOR4000_top.v Line: 33
    Warning (13410): Pin "oSDRAM_CKE" is stuck at GND File: C:/Users/PC/OneDrive/Escritorio/DEEPCEL/QuartusProject/ANeural_Network_power25_lowpower_light_q4_4/MKRVIDOR4000_top.v Line: 34
    Warning (13410): Pin "oSDRAM_CSn" is stuck at GND File: C:/Users/PC/OneDrive/Escritorio/DEEPCEL/QuartusProject/ANeural_Network_power25_lowpower_light_q4_4/MKRVIDOR4000_top.v Line: 35
    Warning (13410): Pin "oSDRAM_DQM[0]" is stuck at GND File: C:/Users/PC/OneDrive/Escritorio/DEEPCEL/QuartusProject/ANeural_Network_power25_lowpower_light_q4_4/MKRVIDOR4000_top.v Line: 37
    Warning (13410): Pin "oSDRAM_DQM[1]" is stuck at GND File: C:/Users/PC/OneDrive/Escritorio/DEEPCEL/QuartusProject/ANeural_Network_power25_lowpower_light_q4_4/MKRVIDOR4000_top.v Line: 37
    Warning (13410): Pin "oSDRAM_RASn" is stuck at GND File: C:/Users/PC/OneDrive/Escritorio/DEEPCEL/QuartusProject/ANeural_Network_power25_lowpower_light_q4_4/MKRVIDOR4000_top.v Line: 38
    Warning (13410): Pin "oSDRAM_WEn" is stuck at GND File: C:/Users/PC/OneDrive/Escritorio/DEEPCEL/QuartusProject/ANeural_Network_power25_lowpower_light_q4_4/MKRVIDOR4000_top.v Line: 39
    Warning (13410): Pin "oHDMI_TX[0]" is stuck at GND File: C:/Users/PC/OneDrive/Escritorio/DEEPCEL/QuartusProject/ANeural_Network_power25_lowpower_light_q4_4/MKRVIDOR4000_top.v Line: 97
    Warning (13410): Pin "oHDMI_TX[1]" is stuck at GND File: C:/Users/PC/OneDrive/Escritorio/DEEPCEL/QuartusProject/ANeural_Network_power25_lowpower_light_q4_4/MKRVIDOR4000_top.v Line: 97
    Warning (13410): Pin "oHDMI_TX[2]" is stuck at GND File: C:/Users/PC/OneDrive/Escritorio/DEEPCEL/QuartusProject/ANeural_Network_power25_lowpower_light_q4_4/MKRVIDOR4000_top.v Line: 97
    Warning (13410): Pin "oHDMI_CLK" is stuck at GND File: C:/Users/PC/OneDrive/Escritorio/DEEPCEL/QuartusProject/ANeural_Network_power25_lowpower_light_q4_4/MKRVIDOR4000_top.v Line: 98
    Warning (13410): Pin "oFLASH_SCK" is stuck at GND File: C:/Users/PC/OneDrive/Escritorio/DEEPCEL/QuartusProject/ANeural_Network_power25_lowpower_light_q4_4/MKRVIDOR4000_top.v Line: 113
    Warning (13410): Pin "oFLASH_CS" is stuck at GND File: C:/Users/PC/OneDrive/Escritorio/DEEPCEL/QuartusProject/ANeural_Network_power25_lowpower_light_q4_4/MKRVIDOR4000_top.v Line: 114
Info (286031): Timing-Driven Synthesis is running on partition "Top"
Info (17049): 4 registers lost all their fanouts during netlist optimizations.
Warning (15899): PLL "SYSTEM_PLL:PLL_inst|SYSTEM_PLL_altpll:altpll_component|pll1" has parameters clk2_multiply_by and clk2_divide_by specified but port CLK[2] is not connected File: C:/Users/PC/OneDrive/Escritorio/DEEPCEL/QuartusProject/ANeural_Network_power25_lowpower_light_q4_4/SYSTEM_PLL_altpll.v Line: 50
Info (128000): Starting physical synthesis optimizations for speed
Info (332129): Detected timing requirements -- optimizing circuit to achieve only the specified requirements
Info (332111): Found 5 clocks
    Info (332111):   Period   Clock Name
    Info (332111): ======== ============
    Info (332111):   20.833         iCLK
    Info (332111):    9.999   oSDRAM_CLK
    Info (332111):   41.666 PLL_inst|altpll_component|pll1|clk[0]
    Info (332111):    8.333 PLL_inst|altpll_component|pll1|clk[1]
    Info (332111):    9.999 PLL_inst|altpll_component|pll1|clk[3]
Info (128002): Starting physical synthesis algorithm register retiming
Info (128003): Physical synthesis algorithm register retiming complete: estimated slack improvement of 0 ps
Info (128002): Starting physical synthesis algorithm combinational resynthesis using boolean division
Info (128003): Physical synthesis algorithm combinational resynthesis using boolean division complete: estimated slack improvement of 0 ps
Info (128001): Physical synthesis optimizations for speed complete: elapsed time is 00:00:01
Info (144001): Generated suppressed messages file C:/Users/PC/OneDrive/Escritorio/DEEPCEL/QuartusProject/ANeural_Network_power25_lowpower_light_q4_4/output_files/MKRVIDOR4000.map.smsg
Info (16010): Generating hard_block partition "hard_block:auto_generated_inst"
    Info (16011): Adding 1 node(s), including 0 DDIO, 1 PLL, 0 transceiver and 0 LCELL
Warning (21074): Design contains 13 input pin(s) that do not drive logic
    Warning (15610): No output dependent on input pin "iSAM_INT" File: C:/Users/PC/OneDrive/Escritorio/DEEPCEL/QuartusProject/ANeural_Network_power25_lowpower_light_q4_4/MKRVIDOR4000_top.v Line: 26
    Warning (15610): No output dependent on input pin "iPEX_PIN11" File: C:/Users/PC/OneDrive/Escritorio/DEEPCEL/QuartusProject/ANeural_Network_power25_lowpower_light_q4_4/MKRVIDOR4000_top.v Line: 51
    Warning (15610): No output dependent on input pin "iPEX_PIN13" File: C:/Users/PC/OneDrive/Escritorio/DEEPCEL/QuartusProject/ANeural_Network_power25_lowpower_light_q4_4/MKRVIDOR4000_top.v Line: 53
    Warning (15610): No output dependent on input pin "iPEX_PIN23" File: C:/Users/PC/OneDrive/Escritorio/DEEPCEL/QuartusProject/ANeural_Network_power25_lowpower_light_q4_4/MKRVIDOR4000_top.v Line: 57
    Warning (15610): No output dependent on input pin "iPEX_PIN25" File: C:/Users/PC/OneDrive/Escritorio/DEEPCEL/QuartusProject/ANeural_Network_power25_lowpower_light_q4_4/MKRVIDOR4000_top.v Line: 58
    Warning (15610): No output dependent on input pin "iPEX_PIN31" File: C:/Users/PC/OneDrive/Escritorio/DEEPCEL/QuartusProject/ANeural_Network_power25_lowpower_light_q4_4/MKRVIDOR4000_top.v Line: 61
    Warning (15610): No output dependent on input pin "iPEX_PIN33" File: C:/Users/PC/OneDrive/Escritorio/DEEPCEL/QuartusProject/ANeural_Network_power25_lowpower_light_q4_4/MKRVIDOR4000_top.v Line: 63
    Warning (15610): No output dependent on input pin "iWM_PIO32" File: C:/Users/PC/OneDrive/Escritorio/DEEPCEL/QuartusProject/ANeural_Network_power25_lowpower_light_q4_4/MKRVIDOR4000_top.v Line: 88
    Warning (15610): No output dependent on input pin "iWM_TX" File: C:/Users/PC/OneDrive/Escritorio/DEEPCEL/QuartusProject/ANeural_Network_power25_lowpower_light_q4_4/MKRVIDOR4000_top.v Line: 92
    Warning (15610): No output dependent on input pin "iHDMI_HPD" File: C:/Users/PC/OneDrive/Escritorio/DEEPCEL/QuartusProject/ANeural_Network_power25_lowpower_light_q4_4/MKRVIDOR4000_top.v Line: 103
    Warning (15610): No output dependent on input pin "iMIPI_D[0]" File: C:/Users/PC/OneDrive/Escritorio/DEEPCEL/QuartusProject/ANeural_Network_power25_lowpower_light_q4_4/MKRVIDOR4000_top.v Line: 106
    Warning (15610): No output dependent on input pin "iMIPI_D[1]" File: C:/Users/PC/OneDrive/Escritorio/DEEPCEL/QuartusProject/ANeural_Network_power25_lowpower_light_q4_4/MKRVIDOR4000_top.v Line: 106
    Warning (15610): No output dependent on input pin "iMIPI_CLK" File: C:/Users/PC/OneDrive/Escritorio/DEEPCEL/QuartusProject/ANeural_Network_power25_lowpower_light_q4_4/MKRVIDOR4000_top.v Line: 107
Info (21057): Implemented 2911 device resources after synthesis - the final resource count might be different
    Info (21058): Implemented 18 input pins
    Info (21059): Implemented 30 output pins
    Info (21060): Implemented 87 bidirectional pins
    Info (21061): Implemented 2774 logic cells
    Info (21065): Implemented 1 PLLs
Info: Quartus Prime Analysis & Synthesis was successful. 0 errors, 150 warnings
    Info: Peak virtual memory: 4873 megabytes
    Info: Processing ended: Tue Sep  8 15:45:15 2026
    Info: Elapsed time: 00:01:04
    Info: Total CPU time (on all processors): 00:01:29


+------------------------------------------+
; Analysis & Synthesis Suppressed Messages ;
+------------------------------------------+
The suppressed messages can be found in C:/Users/PC/OneDrive/Escritorio/DEEPCEL/QuartusProject/ANeural_Network_power25_lowpower_light_q4_4/output_files/MKRVIDOR4000.map.smsg.


